Date,Close,High,Low,Open,Volume
2021-05-24,3219.010986328125,3242.6024266129516,3198.331182931374,3206.0799639692136,611909
2021-05-25,3158.35400390625,3224.834855589517,3129.728288934687,3224.094535374735,622276
2021-05-26,3142.511474609375,3178.4415874630927,3137.0824594755095,3163.6351825525503,260821
2021-05-27,3157.712890625,3181.995493150719,3112.898930992623,3145.374218811054,1084157
2021-05-28,3108.703857421875,3165.6097168020005,3099.4744342869603,3157.712966650951,555829
2021-05-31,3127.853271484375,3145.176814724379,3084.6679205960304,3104.409795287845,635444
2021-06-01,3197.986572265625,3207.067787115226,3120.055564202332,3148.829252353823,706976
2021-06-02,3231.349853515625,3258.3961229998567,3178.44153773388,3202.427961511605,843219
2021-06-03,3381.437255859375,3390.6666778558074,3224.8843480200035,3228.783319728194,1098294
2021-06-04,3336.5244140625,3384.398454787684,3331.4409782988832,3381.141238622848,380548
2021-06-07,3272.51171875,3336.5245991721263,3265.3058867029335,3336.5245991721263,526855
2021-06-08,3246.995361328125,3269.7479195777637,3213.582383785264,3256.42215447156,766456
2021-06-09,3263.232666015625,3288.6011645618983,3209.0413232704373,3247.5379740263734,587528
2021-06-10,3282.77783203125,3301.8287907407885,3254.497690802399,3279.5697771523537,749909
2021-06-11,3293.487548828125,3302.8155361402096,3259.0872368212313,3299.2127405136907,277612
2021-06-14,3306.961181640625,3316.6347478531297,3242.6027222314083,3301.8283427287856,317756
2021-06-15,3255.731201171875,3313.6241503212627,3252.4737437616755,3311.699365802859,461588
2021-06-16,3251.683837890625,3282.086370361378,3235.6929690359693,3267.279965683056,419575
2021-06-17,3198.776123046875,3240.579399032175,3183.5747346061135,3214.9643642542455,356502
2021-06-18,3179.922607421875,3211.01606144447,3121.7334773775287,3193.2483734315583,520516
2021-06-21,3196.208984375,3210.028294375386,3139.9446508019996,3153.7639608023856,200280
2021-06-22,3216.148681640625,3260.3211252169176,3188.4114929496527,3196.2094368722787,567861
2021-06-23,3202.92138671875,3232.682162597422,3170.5446681856733,3232.682162597422,504942
2021-06-24,3161.908203125,3239.2962603621504,3101.201934650111,3188.2141564015733,1754163
2021-06-25,3394.615478515625,3420.2799165619776,3180.6629036484364,3211.262810549857,3717669
2021-06-28,3409.56982421875,3444.9572320093343,3358.290351441649,3403.351326305154,1213113
2021-06-29,3544.801513671875,3558.4234551961645,3375.860520009382,3375.860520009382,2268589
2021-06-30,3573.131103515625,3612.614850158384,3536.361864454556,3570.317790171463,1291906
2021-07-01,3630.974365234375,3649.2355966357795,3548.601453408129,3573.130825497226,876022
2021-07-02,3685.0185546875,3696.567504039587,3619.672992816058,3653.2341822776743,573795
2021-07-05,3670.113037109375,3714.384043208404,3654.9116501372146,3711.4721651065856,444545
2021-07-06,3658.415771484375,3702.341438082973,3648.298061762226,3669.9153158946624,344090
2021-07-07,3667.645263671875,3709.3005675191166,3649.877577965403,3667.052911085795,466002
2021-07-08,3624.015869140625,3671.9887214130235,3609.8018156471576,3652.2468465667166,459811
2021-07-09,3677.812744140625,3695.679238564823,3625.5955777907575,3625.5955777907575,469932
2021-07-12,3699.034912109375,3739.900736735235,3681.958383535066,3696.6659835758514,464757
2021-07-13,3701.897705078125,3721.2940006929434,3672.975810268827,3719.369216095926,246112
2021-07-14,3706.339599609375,3726.2788448327956,3661.0318526373344,3705.5498764244544,395272
2021-07-15,3713.791748046875,3748.981538923958,3702.1439952256424,3726.1304181986784,399845
2021-07-16,3730.32568359375,3738.1236269795445,3694.0991540948276,3713.791865069349,226565
2021-07-19,3833.625,3869.357742275193,3716.4076279369165,3730.32574493143,1044561
2021-07-20,3832.835693359375,3857.5624404141126,3768.0330839688672,3839.7947526128196,357815
2021-07-22,3933.8642578125,3952.3228603359184,3839.7941874891917,3839.7941874891917,760359
2021-07-23,3868.321533203125,3948.1281578985404,3862.497776575283,3933.8647016570403,335985
2021-07-26,4047.429443359375,4105.124776577198,3879.2779478743537,3886.187603252247,1982531
2021-07-27,4025.61474609375,4135.576884164835,3998.1734939624125,4067.7141945813264,859687
2021-07-28,3976.408447265625,4047.08445760405,3934.0622209221806,4047.08445760405,455244
2021-07-29,3986.625,4002.2211299063874,3941.6628301678925,3987.8588672237697,449417
2021-07-30,3982.9228515625,4033.708771323153,3955.7777763659774,3978.97447698846,627367
2021-08-02,3995.9033203125,4040.1251668796986,3982.97253725815,4007.254898018896,344295
2021-08-03,4039.87841796875,4170.470965268465,4011.5982792983627,4037.805665751417,981680
2021-08-04,4013.917724609375,4075.3151455307925,4000.345186236657,4057.7445884861386,305863
2021-08-05,4021.173095703125,4058.6334956705514,3983.9103072740872,4032.080529653137,270458
2021-08-06,4035.28857421875,4124.126768997192,4020.6301359211375,4037.0159882475746,717143
2021-08-09,3952.027099609375,4057.942304527276,3938.503963771304,4055.968117076764,431991
2021-08-10,4010.364501953125,4034.0547517537857,3948.3749667767925,3972.0652165774536,364246
2021-08-11,3974.385009765625,4030.451741875935,3864.472024499255,4012.5360867406057,831738
2021-08-12,4079.757568359375,4089.4805388930317,3924.043518081801,3975.0268175454235,556973
2021-08-13,4011.647705078125,4092.2438113467806,3986.0818330010197,4091.4543291583445,553736
2021-08-16,4289.0205078125,4318.040963324686,4071.9090771917113,4092.490075195828,3709012
2021-08-17,4856.9951171875,4909.804636295219,4276.337180456366,4288.922626598859,8069431
2021-08-18,4728.9892578125,4901.934912013204,4703.457221507821,4790.325271663115,2941548
2021-08-20,4688.0986328125,4873.983195825157,4639.4054174004295,4660.93699531069,2331020
2021-08-23,4684.88916015625,4780.102960299687,4662.12295974004,4721.186988994228,699991
2021-08-24,4781.18896484375,4828.796100500712,4692.19746711191,4760.694274760496,1576663
2021-08-25,4712.939453125,4819.956409616982,4691.555931491938,4805.140969833323,469002
2021-08-26,4642.5654296875,4721.18611500289,4589.2298543297275,4717.67998768038,800419
2021-08-27,4706.4697265625,4772.546484371997,4618.811717355543,4659.060324399864,937887
2021-08-30,4699.01220703125,4768.595572703009,4663.504830521476,4731.26086241265,632354
2021-08-31,4908.404296875,4983.913846415053,4707.4578418765595,4707.4578418765595,2883159
2021-09-01,4977.04931640625,5009.396360279617,4884.452816768751,4923.664540724618,841956
2021-09-02,4981.4443359375,5058.978465088108,4951.319610598728,4977.048896216419,900686
2021-09-03,4952.8505859375,5010.8777236183,4905.885835923939,4991.815384489549,567961
2021-09-06,4934.03466796875,4977.98713373286,4910.823815261861,4967.122479274316,439776
2021-09-07,4817.04150390625,4961.195895696101,4800.20148379117,4958.627790217184,479021
2021-09-08,4752.19970703125,4841.142007515505,4733.137370072515,4839.709655626433,642506
2021-09-09,4661.48046875,4760.694724962801,4627.355764823802,4756.447825067749,838279
2021-09-13,4687.45703125,4736.989887855354,4623.75064097338,4676.740433485217,1151299
2021-09-14,4674.22216796875,4714.273048200908,4638.912035667643,4714.273048200908,528943
2021-09-15,4733.087890625,4759.904219822419,4628.885974365179,4691.555471413732,659281
2021-09-16,4820.69677734375,4829.832964444181,4733.087957860529,4759.706555348979,779552
2021-09-17,4847.8583984375,4884.650070691724,4804.597510951284,4815.017509781044,814867
2021-09-20,4818.0791015625,4891.612766387677,4722.865320463944,4804.152493971932,434640
2021-09-21,4831.41357421875,4858.427154731174,4731.211627830123,4798.226894058763,462221
2021-09-22,4844.54931640625,4948.356247514369,4809.979961383695,4864.402099602448,562041
2021-09-23,5021.6435546875,5070.8306162953895,4844.648261185993,4870.723335800698,696944
2021-09-24,4673.57958984375,5134.043643169769,4653.578746485884,5092.659278553116,1949974
2021-09-27,4509.375,4712.297323514269,4409.173536383428,4690.370280765875,1885178
2021-09-28,4356.77587890625,4572.933226654124,4322.157329947541,4523.6472968829385,1051440
2021-09-29,4369.072265625,4451.643728962507,4345.861414886402,4365.615330408613,571896
2021-09-30,4426.45751953125,4445.272931296499,4329.71252463371,4390.307757402583,808446
2021-10-01,4404.53125,4464.385721391929,4380.431565126815,4426.458293133902,534563
2021-10-04,4492.28759765625,4508.831502951856,4386.209161051332,4405.024573866245,535335
2021-10-05,4427.24853515625,4520.536616976849,4414.062696859689,4514.758498816171,425555
2021-10-06,4324.87353515625,4453.52092949347,4302.403452843991,4439.693186532079,480575
2021-10-07,4373.814453125,4413.026181261811,4327.0966204359875,4355.739807377929,276775
2021-10-08,4325.3662109375,4404.134939674673,4311.884261658456,4404.134939674673,269607
2021-10-11,4323.29248046875,4368.529236488698,4306.353594321898,4346.947987273496,331320
2021-10-12,4297.76123046875,4352.825280144325,4240.474864886986,4295.489722674012,612692
2021-10-13,4323.63818359375,4354.750599991969,4286.599592643489,4331.045901783802,302343
2021-10-14,4275.142578125,4375.245647980617,4259.29025279966,4349.763288213647,436160
2021-10-18,4277.1181640625,4394.2589924812755,4268.475825068521,4394.2589924812755,345049
2021-10-19,4248.12939453125,4333.663958679252,4174.6449136604915,4298.4526951654925,285362
2021-10-20,4095.7275390625,4264.228538191325,4084.1221134680018,4248.128807364316,510321
2021-10-21,4083.974609375,4182.793394183736,4025.107835539023,4135.482855628953,698306
2021-10-22,3978.83447265625,4137.903202928692,3953.1051847480944,4104.3707307964705,347114
2021-10-25,4112.765625,4198.596300114129,3906.3371870497117,3995.624797727601,1151030
2021-10-26,4215.4375,4255.48838144775,4084.6661586970336,4112.766303898905,790450
2021-10-27,4223.93017578125,4271.8830950455,4163.2857516205595,4226.152491276112,623848
2021-10-28,4236.72119140625,4260.9197388335615,4173.014811444552,4225.164957480603,537955
2021-10-29,4209.6083984375,4295.488735178455,4109.851129581895,4236.720839169459,705546
2021-11-01,4283.2421875,4296.477216263235,4205.609192379047,4228.523930441809,239375
2021-11-02,4237.11669921875,4340.923638542794,4218.004686403249,4286.600362065011,389193
2021-11-03,4383.9873046875,4395.197750084065,4247.141742557119,4263.883381683656,667752
2021-11-04,4383.9375,4422.902296661771,4365.467875798254,4393.27141928351,69818
2021-11-08,4351.146484375,4419.939411384661,4324.132903473083,4383.987374973556,285968
2021-11-09,4477.126953125,4499.49817032669,4365.616174886321,4399.197837770062,547476
2021-11-10,4496.8310546875,4527.597683327869,4424.877317039453,4466.459407924339,359967
2021-11-11,4511.0546875,4669.925690185874,4471.349114233183,4489.177316916949,1110123
2021-11-12,4612.0458984375,4630.318272165115,4514.9059124633195,4556.142215335098,423439
2021-11-15,5018.43359375,5084.213753792992,4741.730206082132,4741.730206082132,3044498
2021-11-16,5034.1376953125,5140.956905158086,4977.987089720798,5017.494923766201,1118231
2021-11-17,5663.39892578125,5772.4896452411085,5012.704597366308,5017.495018789709,6482125
2021-11-18,5519.83740234375,5771.89710662086,5477.909518485858,5663.399097841297,2165157
2021-11-22,5352.81787109375,5570.604814645032,5247.628258902315,5528.133891412809,1204625
2021-11-23,5387.1396484375,5471.834560635055,5284.172364512192,5308.370910854351,763056
2021-11-24,5330.79248046875,5414.005859670351,5239.825592032264,5398.745765174471,697909
2021-11-25,5630.9033203125,5679.251225831317,5259.5296749364,5333.557672954628,1575738
2021-11-26,5617.61865234375,5862.369475354896,5558.208847234185,5638.75524572241,2613669
2021-11-29,5657.02783203125,5785.922137064873,5481.711823269042,5699.004904551778,1189390
2021-11-30,5617.76708984375,5758.217633098274,5560.332672426609,5684.189635980973,1352746
2021-12-01,5502.4541015625,5694.067114612783,5463.637843890028,5648.336985335404,835169
2021-12-02,5524.13330078125,5737.524780952444,5510.206693840884,5556.529529427305,1236317
2021-12-03,5365.55908203125,5585.074494633138,5353.311749391379,5524.133947292843,844674
2021-12-06,5234.5908203125,5400.721472564467,5211.133041421973,5399.733776611182,489242
2021-12-07,5249.25732421875,5368.373532728438,5171.525955052651,5234.589945309547,595254
2021-12-08,5267.87548828125,5300.963297197988,5213.058372016207,5247.627724615783,557196
2021-12-09,5168.41552734375,5319.7307501305895,5146.883947072132,5303.9276138509595,689987
2021-12-10,5180.7607421875,5262.838362083451,5166.143036818491,5200.218542940323,416165
2021-12-13,5142.63671875,5263.4317410653075,5111.326564085751,5221.652395103017,480443
2021-12-14,5147.87060546875,5185.403046567716,5002.728512046434,5062.928765086878,1007056
2021-12-15,5128.66015625,5205.058530623518,5106.436998484339,5165.649560640423,377883
2021-12-16,5140.26513671875,5177.501461850862,5079.719576173023,5165.599920190322,265216
2021-12-17,4727.80419921875,5136.018725386768,4671.801648284502,5136.018725386768,1133941
2021-12-20,4647.0595703125,4764.644562980023,4586.01968020385,4721.185947563124,994682
2021-12-21,4787.955078125,4810.079371386755,4637.2817686161725,4701.432814743523,1004676
2021-12-22,4716.791015625,4839.956888655859,4691.5555780042505,4839.907696769658,779992
2021-12-23,4817.53662109375,4838.7228940351915,4727.656281563804,4743.904074311293,582129
2021-12-24,4782.91748046875,4845.586979343157,4764.398182015722,4819.956077374806,348742
2021-12-27,4780.49755859375,4800.202285576623,4696.494211505523,4794.621899950336,315490
2021-12-28,4784.59619140625,4833.783249379443,4751.014534177214,4795.06538107663,348173
2021-12-29,4915.36767578125,4929.886516629822,4773.534443372043,4805.140713222633,861183
2021-12-30,4909.58935546875,4948.010629215297,4879.217706787834,4938.430268426324,617460
2021-12-31,4951.7138671875,4994.579767067074,4892.057139250736,4918.724924988626,504012
2022-01-03,4929.09619140625,5005.642620588494,4917.589631087078,4976.456400822547,310798
2022-01-04,4903.51416015625,4967.022800646606,4860.549397280889,4953.293926895114,369814
2022-01-05,4912.05859375,5075.423397794242,4861.439179296737,4900.947014967576,966342
2022-01-06,4903.36767578125,4976.012524792976,4844.648954765691,4908.849195756469,585391
2022-01-07,4960.060546875,4996.852217629435,4896.996069811718,4898.971461530077,549876
2022-01-10,5002.9267578125,5022.433752228728,4901.93485001203,4960.060851347469,542304
2022-01-11,4996.8017578125,5078.237461506848,4958.528549287091,4987.863304601689,742409
2022-01-12,4952.7021484375,5036.261316748804,4944.059809445236,5012.556615512882,360219
2022-01-13,4922.03369140625,4988.851212156575,4892.205086973043,4963.072256735908,457570
2022-01-14,4912.8486328125,4953.29497310946,4869.34082102286,4936.405276646772,207639
2022-01-17,4851.3154296875,4923.368039881067,4839.710002640352,4912.79950063941,337077
2022-01-18,4559.0068359375,4849.488315290893,4449.5703160785,4839.7102217058045,3507266
2022-01-19,4460.3857421875,4558.216833649307,4345.862203262611,4558.216833649307,2404880
2022-01-20,4587.64990234375,4666.863309522683,4434.754763969703,4469.324121818019,2747887
2022-01-21,4633.92333984375,4675.505433392875,4488.929775663677,4592.736710470525,1008450
2022-01-24,4442.8037109375,4652.8371237348465,4407.345528614141,4632.293244260254,737762
2022-01-25,4430.80322265625,4479.200315369169,4197.805887050146,4360.676823010999,917284
2022-01-27,4239.43798828125,4372.530019015922,4098.9382378396385,4372.530019015922,1244330
2022-01-28,4423.49462890625,4508.831451936198,4281.908335598337,4292.526065742545,932049
2022-01-31,4402.505859375,4527.597432830452,4304.427379548511,4527.597432830452,934551
2022-02-01,4456.53271484375,4476.484363241529,4389.320207456639,4423.691828953126,548762
2022-02-02,4608.884765625,4625.379478562524,4465.026967342827,4474.26201962166,676206
2022-02-03,4585.673828125,4646.861775321204,4546.165996462776,4610.5147631012915,777217
2022-02-04,4630.22021484375,4735.014862169572,4545.130296618445,4582.909670518734,829635
2022-02-07,4420.08740234375,4666.418674044399,4395.296137722674,4629.7258662209315,597040
2022-02-08,4345.36767578125,4473.96586195953,4326.107607664933,4442.161864263251,628869
2022-02-09,4520.93115234375,4530.561187569126,4375.54211992923,4459.150965422622,842211
2022-02-10,4534.16650390625,4566.11856566469,4472.386312588427,4519.746045985264,487802
2022-02-11,4459.34814453125,4556.6858653221525,4421.371526352281,4553.278121540927,572726
2022-02-14,4431.14892578125,4620.440719870223,4348.5774646021,4423.988131591626,1094132
2022-02-15,4606.02099609375,4617.478365069242,4446.5081071186305,4474.262458559073,791080
2022-02-16,4528.38818359375,4665.875652285969,4499.004229178951,4637.232469831209,584166
2022-02-17,4508.53515625,4610.070090343847,4494.015835257526,4527.597492048462,520450
2022-02-18,4416.53125,4536.289373570744,4407.641987219491,4448.582173712405,388145
2022-02-21,4372.18408203125,4469.274881091149,4336.627028632971,4415.988492880755,392246
2022-02-22,4519.74560546875,4548.882634358765,4247.092346680182,4273.760135833756,833525
2022-02-23,4554.0673828125,4676.739388184881,4534.017351945659,4538.461982832002,755051
2022-02-24,4328.03369140625,4479.200336764118,4297.513506159581,4370.553801583512,814710
2022-02-25,4576.439453125,4689.184836076304,4410.802668920151,4513.769959573439,1187316
2022-02-28,4743.70556640625,4766.620303668087,4514.955587050992,4558.2164735657325,1617666
2022-03-02,4801.43701171875,4843.611822349978,4721.384446633815,4767.608424904378,1194676
2022-03-03,4857.291015625,4907.861241857594,4815.067013192033,4819.956301119955,930907
2022-03-04,4688.84033203125,4829.241236829539,4673.9756985681,4819.956989902049,738388
2022-03-07,4606.95947265625,4674.566967721129,4527.449952619326,4563.155062988683,643012
2022-03-08,4664.1474609375,4681.679065031235,4538.858126212936,4602.663384608767,670238
2022-03-09,4652.986328125,4755.657030547258,4636.244689224511,4720.198843162321,447387
2022-03-10,4711.0126953125,4759.705903742558,4686.616416945099,4746.470876912277,363906
2022-03-11,4794.37451171875,4803.1649083103375,4676.986763741831,4689.579885802485,436703
2022-03-14,4862.9208984375,4954.825811570509,4804.202182645615,4829.833084870392,626924
2022-03-15,4753.7314453125,4937.492085054543,4642.170994150101,4889.0457913121945,686998
2022-03-16,4882.822265625,4896.156158980734,4772.743857618888,4833.388283537707,477521
2022-03-17,4780.34912109375,4936.503933822399,4765.533683117093,4886.131444701761,852493
2022-03-21,4708.74072265625,4854.425848892533,4696.542583428581,4815.01688408057,509842
2022-03-22,4620.04638671875,4768.59575196574,4416.827957562381,4738.964875296525,1255679
2022-03-23,4551.5009765625,4658.023606133047,4539.055910298768,4639.702037934669,896055
2022-03-24,4571.59912109375,4627.354740924143,4502.510090473193,4543.351407533454,719101
2022-03-25,4625.57763671875,4705.383272614442,4565.525436570721,4612.5398579155,968364
2022-03-28,4601.2802734375,4661.924705997277,4543.450388409026,4654.813102519449,524802
2022-03-29,4556.98193359375,4639.701464764376,4542.462611034149,4628.244095932633,778391
2022-03-30,4558.0185546875,4635.948142028547,4523.3011424791675,4619.45342864489,4839707
2022-03-31,4460.53369140625,4577.674525302807,4445.47132845525,4568.093681860678,1225845
2022-04-01,4451.44677734375,4501.918136806509,4400.284320080545,4501.918136806509,827880
2022-04-04,4508.7822265625,4526.906059041399,4443.6434943220775,4500.929851883909,619577
2022-04-05,4498.21337890625,4548.338938324265,4486.26216385143,4548.338938324265,487075
2022-04-06,4456.2373046875,4552.29073802952,4442.804543004522,4510.807507177439,653418
2022-04-07,4480.6826171875,4527.302058312723,4434.754756127383,4475.250289535228,413722
2022-04-08,4549.474609375,4571.549705487791,4458.458543928246,4517.720287976916,685882
2022-04-11,4604.7861328125,4628.984681254109,4519.20238345226,4550.314802877185,652187
2022-04-12,4569.37744140625,4624.392297055029,4538.018095948861,4611.552250096099,574409
2022-04-13,4686.07373046875,4705.382991270433,4572.0440526009315,4572.0440526009315,812061
2022-04-18,4498.46142578125,4686.074473631265,4462.410521831087,4666.36974554913,579482
2022-04-19,4757.08935546875,4810.079145286061,4527.005397283335,4537.475070522416,1713344
2022-04-20,4722.125,4790.3252103430505,4673.1843778168895,4746.866589878083,777140
2022-04-21,4825.1416015625,4843.315110444034,4711.408510274503,4780.448360178599,771623
2022-04-22,4754.47216796875,4800.202297357254,4729.088189248258,4790.276146009737,381911
2022-04-25,4618.515625,4706.964089959654,4551.648896074591,4706.964089959654,421185
2022-04-26,4567.15478515625,4682.666007289927,4544.38858880847,4674.764440519558,548203
2022-04-27,4467.29931640625,4601.625957380742,4444.631502832451,4563.15500957465,476441
2022-04-28,4482.015625,4546.3639119614245,4449.618912365872,4523.646907839088,552600
2022-04-29,4399.54296875,4539.449985086339,4376.480174916791,4489.077498306661,465103
2022-05-02,4251.78369140625,4385.369554525524,4237.215177683445,4385.369554525524,568610
2022-05-04,3963.919921875,4272.130469335327,3946.8821679516896,4249.561522031512,1729814
2022-05-05,3900.509765625,4004.2670214372224,3881.6446784936784,3992.2666133515136,1122769
2022-05-06,3780.2578125,3850.680333780376,3744.40440487453,3850.680333780376,891448
2022-05-09,3720.008544921875,3761.096549630179,3693.636871514405,3758.1828949560413,521295
2022-05-10,3641.5361328125,3736.1574538608556,3616.745108937036,3723.6137634156826,836241
2022-05-11,3634.375244140625,3688.9454444498638,3575.1134881486914,3664.2530461198917,524764
2022-05-12,3536.791015625,3605.0900917300837,3497.875651870607,3605.0900917300837,717916
2022-05-13,3504.1474609375,3667.215904630945,3486.5664261984534,3557.5816629006254,957908
2022-05-16,3641.387451171875,3662.2771206607313,3509.3325723708826,3536.9386214542574,600622
2022-05-17,3766.232421875,3785.7888483887746,3632.794854107636,3666.327080770427,843357
2022-05-18,3689.044189453125,3794.727650837726,3679.167230445218,3774.9737328219126,427461
2022-05-19,3587.1142578125,3672.105543920453,3565.187455593014,3565.187455593014,572640
2022-05-20,3622.86865234375,3649.5364423146552,3541.8775865061853,3649.5364423146552,692428
2022-05-23,3671.21630859375,3718.3293558399478,3620.8932496014518,3622.868641445206,401917
2022-05-24,3586.965576171875,3693.982519136837,3569.0389927542674,3693.982519136837,471324
2022-05-25,3480.9365234375,3628.7451105555087,3443.255782174818,3605.336767197997,370431
2022-05-26,3617.732421875,3663.3639220976256,3320.1890458890443,3344.3381612894477,1730687
2022-05-27,3814.234375,3832.2598239140284,3529.0372038259857,3654.4745743510066,1733752
2022-05-30,3844.06298828125,3867.3727078455777,3773.4427318261664,3842.1370295143593,666686
2022-05-31,3930.33837890625,3950.586145040725,3791.814027669169,3807.5677291903603,1361696
2022-06-01,3791.764892578125,3940.660062558889,3743.417222261134,3891.0777722586413,794887
2022-06-02,3600.398193359375,3797.690433706,3579.16273319691,3797.690433706,1891062
2022-06-03,3544.64306640625,3648.4991930237734,3502.715424006723,3643.610146584375,1305662
2022-06-06,3588.990234375,3604.990858349046,3498.5174424121587,3536.049883378361,561188
2022-06-07,3564.890869140625,3588.9905527070823,3481.628056332068,3588.9905527070823,490554
2022-06-08,3591.459716796875,3600.151488783141,3513.234251193863,3555.7051741068058,342056
2022-06-09,3624.893310546875,3635.36274218687,3517.1850266671768,3580.200072002452,483671
2022-06-10,3654.968505859375,3669.2900957350566,3551.260441242368,3575.9528375797504,624657
2022-06-13,3606.966796875,3632.795191032798,3547.8039050467496,3604.1025750321796,523342
2022-06-14,3660.5986328125,3711.613272631241,3578.1754551122667,3583.5583497405914,655865
2022-06-15,3676.8955078125,3709.8846958156905,3601.040413864619,3691.957870406748,466405
2022-06-16,3618.572265625,3728.5523089953494,3602.12722408107,3698.921429718565,678602
2022-06-17,3655.70947265625,3678.1795545212767,3512.345508332528,3555.7052621580547,768620
2022-06-20,3764.80029296875,3777.9366962444665,3637.5850169044747,3654.474712707066,673219
2022-06-21,3761.34326171875,3821.3952172106,3747.3674619926187,3802.579563170945,596024
2022-06-22,3741.14501953125,3760.8989368675643,3667.5616774534788,3742.429072385448,359601
2022-06-23,3803.123046875,3809.543070197864,3677.3398780869816,3715.514469142642,646244
2022-06-24,3791.171875,3873.743349324002,3715.7120041195553,3853.989431173446,1024811
2022-06-27,3747.81201171875,3822.383050560433,3728.5519420841433,3801.6414371077794,708737
2022-06-28,3790.135009765625,3799.320388850949,3677.093019566878,3712.798371518546,463753
2022-06-29,3667.31494140625,3770.9735797128683,3649.536414892565,3720.8480119034507,567477
2022-06-30,3638.177978515625,3719.1690452288817,3611.411322208148,3668.302704549214,534241
2022-07-01,3690.179931640625,3698.9211367897187,3590.4720789977578,3634.7209034408984,316894
2022-07-04,3723.712646484375,3736.256336986875,3654.5244960503064,3686.0813338401654,300790
2022-07-05,3770.4306640625,3827.075126870115,3714.7247053767346,3714.7247053767346,468762
2022-07-06,3835.717041015625,3841.692649458786,3736.9474506714605,3762.232562254245,390568
2022-07-07,3867.076171875,3881.644685644276,3820.654466983071,3846.13706810853,398354
2022-07-08,3887.718994140625,3897.447894894517,3861.8908436486468,3869.7924105921734,268377
2022-07-11,3884.854736328125,3919.3252253429364,3847.124802752186,3886.5832040808928,199806
2022-07-12,3881.34814453125,4048.268976190403,3852.013627441911,3852.013627441911,1125104
2022-07-13,3820.7041015625,3910.238638521682,3813.691364211646,3902.5345622675572,385514
2022-07-14,3850.08837890625,3930.338677611413,3832.309851193106,3878.682129417547,656393
2022-07-15,3883.323974609375,3895.472682571916,3827.3216645451757,3850.0881035771004,318645
2022-07-18,3898.534423828125,3921.9427674729855,3842.284951715332,3891.6205528110204,291155
2022-07-19,3970.735107421875,3983.3282304591685,3875.126093703553,3895.867708117919,412946
2022-07-20,4059.677001953125,4090.740230374046,3980.4638403862555,4039.676160328029,753440
2022-07-21,4098.98681640625,4118.543482870401,4045.9478406047183,4061.405183625667,542974
2022-07-22,4074.54150390625,4118.296719498406,4039.626600232399,4099.135516431051,378496
2022-07-25,4138.34716796875,4200.572012871654,4087.135036463027,4093.012020279889,1127478
2022-07-26,4059.6279296875,4137.408982743624,4037.700887535654,4133.507390982561,363638
2022-07-27,4074.837890625,4086.048334414318,3972.512509247885,4061.4051312847596,440198
2022-07-28,4138.93896484375,4154.248248689371,4084.121851719104,4097.9495919667625,364711
2022-07-29,4160.470703125,4200.4723818490675,4135.4821930289245,4154.248412677253,333278
2022-08-01,4235.3388671875,4240.91925254403,4138.445803355921,4187.830598145371,311325
2022-08-02,4272.67333984375,4294.748438332974,4218.399742773821,4257.956768275387,440869
2022-08-03,4257.0185546875,4332.775023728382,4227.43735161165,4272.723305440911,367949
2022-08-04,4341.7138671875,4354.751647246717,4256.969743622896,4269.760599683063,358472
2022-08-05,4320.28125,4367.591792820778,4281.662239230681,4341.713964232543,207510
2022-08-08,4372.875,4419.493951366313,4326.156700327873,4334.947578572379,445755
2022-08-10,4461.57080078125,4569.032412797703,4342.99809126029,4384.283590325827,867000
2022-08-11,4375.1474609375,4496.486010187697,4363.640899068478,4483.7448283268595,446510
2022-08-12,4259.68505859375,4340.725306020074,4223.486104002691,4296.525918999711,1412625
2022-08-16,4295.884765625,4327.639094680929,4155.138089567072,4296.477479663086,596342
2022-08-17,4252.77099609375,4316.279640216027,4233.115947028524,4295.488837487481,502434
2022-08-18,4225.6845703125,4296.943951119908,4209.194528466661,4273.570444784386,580509
2022-08-19,4095.644775390625,4268.073261134782,4080.442060799861,4249.800214294224,719126
2022-08-22,3986.255126953125,4093.3173096065207,3957.2366421490037,4093.3173096065207,723542
2022-08-23,4031.863037109375,4054.1470050832004,3949.561060470629,3986.156239517228,497236
2022-08-24,4170.32080078125,4179.481987602417,4038.7958216272523,4039.835788490582,956039
2022-08-25,4128.77294921875,4199.141050683731,4116.7895146034825,4174.529551980147,414795
2022-08-26,4174.77783203125,4195.081003979923,4116.294986269991,4166.607043320199,342452
2022-08-29,4210.67919921875,4230.982368355287,4046.7682483847616,4060.6338273072743,914112
2022-08-30,4281.39404296875,4295.853959354587,4192.555578045835,4210.679679123003,848217
2022-09-01,4236.08251953125,4287.385448014369,4203.250908517201,4256.732423375808,390072
2022-09-02,4270.9462890625,4355.773848117229,4242.868386842704,4268.420482009677,735146
2022-09-05,4241.43115234375,4267.231324942887,4192.357097217975,4240.886626573912,522750
2022-09-06,4373.10498046875,4379.542571313059,4250.543154779019,4257.624407989147,1078704
2022-09-07,4334.47900390625,4367.657353416328,4293.377466453466,4337.153273274119,396347
2022-09-08,4372.4111328125,4402.222224575074,4319.127886603012,4357.753428354335,562760
2022-09-09,4417.52490234375,4431.935009874332,4372.610224945338,4394.299859580352,476210
2022-09-12,4438.57080078125,4458.576563870226,4404.352236387312,4430.053275453441,331303
2022-09-13,4446.98828125,4476.601098880186,4423.416507431952,4476.601098880186,309270
2022-09-14,4385.0888671875,4436.985656269902,4363.052498693749,4363.052498693749,362669
2022-09-15,4300.16259765625,4416.336169171732,4286.494805741243,4407.026518315284,427750
2022-09-16,4238.65869140625,4321.406306524882,4216.127121751599,4300.311008373372,458526
2022-09-19,4266.8349609375,4289.415853034627,4186.1174841371485,4254.652769375014,266140
2022-09-20,4515.57421875,4550.881834194391,4275.05580789991,4275.05580789991,1173769
2022-09-21,4560.5869140625,4623.675493259729,4512.255659696118,4512.255659696118,1177984
2022-09-22,4564.64697265625,4586.7331465688985,4478.779723721395,4525.674699891335,511789
2022-09-23,4376.0263671875,4673.69043758052,4340.768084501984,4565.737003018901,1205497
2022-09-26,4241.58056640625,4378.0079828436565,4150.859951751758,4376.027185508812,843901
2022-09-27,4202.21142578125,4312.294120157298,4164.625610013485,4293.377412463367,651304
2022-09-28,4227.96142578125,4253.761110558276,4142.935626771288,4188.394816426297,395837
2022-09-29,4349.533203125,4362.35857330015,4243.808165261718,4256.188146276154,631907
2022-09-30,4341.31298828125,4441.8384429802245,4310.412843101041,4310.412843101041,761064
2022-10-03,4323.28759765625,4446.889133360104,4309.174419449038,4342.897293938543,454169
2022-10-04,4362.11181640625,4401.876226388194,4323.288478600415,4387.466119140672,307009
2022-10-06,4348.345703125,4407.27442863142,4319.425866245939,4383.950731553109,272050
2022-10-07,4351.91015625,4390.436561275957,4311.7492068206175,4337.549377964752,501530
2022-10-10,4298.923828125,4377.561372348586,4253.761559782167,4332.993439824675,207878
2022-10-11,4234.4970703125,4320.463929095309,4222.71142778382,4320.463929095309,258216
2022-10-12,4245.8876953125,4308.233474314791,4204.241631831331,4238.905579325818,621343
2022-10-13,4225.08935546875,4276.491424833578,4195.32807378386,4229.100759576127,277038
2022-10-14,4255.8916015625,4282.483902904848,4223.109308454852,4259.704733208546,254366
2022-10-17,4249.6513671875,4259.257942180457,4180.521263899399,4248.809431770297,254734
2022-10-18,4324.08056640625,4334.974951708694,4217.117510709531,4283.474221188051,387469
2022-10-19,4346.611328125,4363.596565334588,4299.4189372821875,4337.945341426944,249672
2022-10-20,4280.99755859375,4351.117579650107,4253.959872713525,4341.907066946212,370651
2022-10-21,4346.90869140625,4387.46570666923,4281.196132538595,4302.439891910539,364601
2022-10-24,4367.80615234375,4392.417653501937,4278.5218180672755,4367.855962428031,30919
2022-10-25,4361.7646484375,4407.174519795353,4330.022567563103,4395.19060032571,474364
2022-10-27,4389.29833984375,4455.803512262366,4360.576779084557,4402.321985331456,421237
2022-10-28,4523.150390625,4539.987166767024,4372.609803943371,4411.482948859515,691801
2022-10-31,4474.12548828125,4580.593333326127,4448.375125758768,4538.105331882642,433481
2022-11-01,4468.03466796875,4602.382136743858,4427.081590541218,4533.054237115695,866656
2022-11-02,4341.015625,4489.27798561277,4328.041308341063,4468.67789090043,643118
2022-11-03,4352.8017578125,4382.513715203711,4307.590159367484,4328.041793319823,457168
2022-11-04,4320.712890625,4367.65768604208,4298.3791127548275,4367.65768604208,669679
2022-11-07,4321.900390625,4377.560974736441,4294.813380970184,4342.3525046777295,356178
2022-11-09,4319.326171875,4392.417388418693,4302.291124079098,4305.262319606777,378028
2022-11-10,4244.3037109375,4335.420378641014,4209.193888477568,4332.498509445911,527721
2022-11-11,4378.94775390625,4496.409110652016,4288.47475580922,4343.887744343556,1685313
2022-11-14,4512.94970703125,4524.141018302161,4382.712284985118,4387.466005052227,886587
2022-11-15,4567.66943359375,4584.555537827701,4483.534871407648,4516.218028190607,492794
2022-11-16,4436.2421875,4565.736782804041,4418.167416071329,4560.784790631802,499585
2022-11-17,4358.05078125,4472.590766611507,4328.735369462831,4446.8897294151875,430622
2022-11-18,4356.912109375,4406.283578625531,4278.522153216969,4387.466004340549,385705
2022-11-21,4376.4228515625,4397.369684761164,4299.320225573922,4361.666009474143,336664
2022-11-22,4426.88330078125,4436.985559554956,4337.94570331489,4378.502717882417,310657
2022-11-23,4560.9833984375,4571.827971934678,4405.292559680643,4439.263035037735,799422
2022-11-24,4768.818359375,4786.596206839274,4569.698923723652,4585.545300572282,1822610
2022-11-25,4743.46435546875,4838.096740027368,4705.432665663511,4768.7688440597285,1069669
2022-11-28,4676.513671875,4723.0624055349745,4638.284189639899,4715.287679896558,598162
2022-11-29,4673.88916015625,4795.50991203033,4662.449766430827,4679.633278468259,910558
2022-11-30,4681.01904296875,4714.395663497909,4598.023847969544,4673.888464428334,1113421
2022-12-01,4729.84716796875,4747.97127036959,4655.913519656408,4719.249708658968,611403
2022-12-02,4824.67724609375,4836.066829504347,4697.50968444361,4725.191517561366,996306
2022-12-05,4732.47119140625,4854.884553646097,4721.180744217564,4838.097104136179,684834
2022-12-06,4742.07763671875,4753.913092960318,4669.729215272479,4724.5478723442875,354855
2022-12-07,4682.01025390625,4768.769268151355,4665.66867697489,4758.568355989007,354913
2022-12-08,4659.330078125,4731.975910039799,4636.4517744120885,4692.5084302595915,336491
2022-12-09,4640.1162109375,4690.478072486746,4630.360688779724,4682.604210801676,271785
2022-12-12,4696.76708984375,4710.335744108202,4585.545520441752,4632.094254666539,445259
2022-12-13,4633.92626953125,4715.634148445309,4616.5444851337115,4700.431434256026,363818
2022-12-14,4621.34765625,4666.757522151675,4611.889544437507,4666.757522151675,356293
2022-12-15,4598.3212890625,4641.601898739271,4583.217711312998,4635.015845160555,316614
2022-12-16,4521.3173828125,4593.468006542005,4507.996813829013,4593.468006542005,342890
2022-12-19,4566.18310546875,4575.6412180124935,4477.641089830186,4555.833247371746,308464
2022-12-20,4552.51611328125,4572.126297807586,4496.657723005216,4566.08476898493,282355
2022-12-21,4720.4375,4742.4738665123205,4558.012146830536,4566.529187012572,877375
2022-12-22,4735.7890625,4802.244420049948,4679.63326982488,4748.961170118581,902304
2022-12-23,4655.0224609375,4758.865863757046,4641.355151998091,4719.943387382506,473498
2022-12-26,4639.076171875,4694.489164628882,4607.829290809256,4678.345861571701,247357
2022-12-27,4599.212890625,4667.4517420095335,4581.237252498072,4640.017506962303,226485
2022-12-28,4544.59228515625,4634.669228210791,4538.006231408063,4607.334131058557,313366
2022-12-29,4481.00927734375,4565.7376867484545,4435.500266833613,4544.592579267999,530411
2022-12-30,4434.60888671875,4538.452277083851,4425.200099979202,4506.313648941536,348965
2023-01-02,4411.58203125,4473.333479707481,4403.312106351444,4444.908846897274,246577
2023-01-03,4447.78125,4465.658235987044,4382.613211542945,4424.11081872054,430096
2023-01-04,4390.73388671875,4470.7583831490565,4382.513771838177,4451.841673313583,414977
2023-01-05,4386.52490234375,4412.721139804738,4314.176475140712,4412.721139804738,468816
2023-01-06,4345.32421875,4431.339944104413,4327.051172455884,4399.3995915496635,299640
2023-01-09,4365.3798828125,4409.402808209624,4338.9853745773,4381.869921953433,407803
2023-01-10,4423.76416015625,4445.899667337108,4363.6965770299175,4367.658171743517,557940
2023-01-11,4318.732421875,4439.4125933127625,4294.417845019476,4431.043531337352,462687
2023-01-12,4317.89013671875,4340.322567460816,4283.721386281959,4328.982794065883,207917
2023-01-13,4293.92236328125,4328.041787745436,4227.070459237128,4323.089794853278,366497
2023-01-16,4253.41552734375,4322.347371104559,4243.858276950917,4322.347371104559,210854
2023-01-17,4281.3447265625,4294.8142443727265,4233.954056370823,4274.758672526759,294500
2023-01-18,4298.1318359375,4310.214892815071,4263.666156610497,4295.358913175313,331806
2023-01-19,4276.689453125,4298.131485270398,4244.501499864942,4298.131485270398,162244
2023-01-20,4244.10546875,4280.9484889622045,4223.257772305139,4260.694644784435,242706
2023-01-23,4293.8232421875,4311.699741142079,4245.739106290927,4253.167094819368,161350
2023-01-24,4263.66552734375,4308.184133197705,4249.6016752565365,4308.184133197705,178860
2023-01-25,4183.7900390625,4276.540762730584,4153.731347589641,4273.520240714729,423714
2023-01-27,4203.400390625,4244.205008995043,4151.850333631355,4187.405548929426,421866
2023-01-30,4197.01220703125,4219.097901670852,4083.413297790826,4195.823535311869,623069
2023-01-31,4215.037109375,4262.4277769039145,4087.4241589697062,4198.794669807527,671038
2023-02-01,4221.72216796875,4310.214372730431,4171.063380228449,4233.953686448206,321331
2023-02-02,4190.87158203125,4221.078738654659,4129.962069495525,4221.078738654659,479256
2023-02-03,4210.7783203125,4218.899297781461,4118.076924852626,4204.241593554449,413966
2023-02-06,4279.2158203125,4294.021990596327,4149.423781620053,4170.5688904047265,257669
2023-02-07,4274.16455078125,4318.1381545354225,4230.339410107353,4263.666228274082,319090
2023-02-08,4349.087890625,4362.012399031815,4261.239340592625,4278.521989752348,250175
2023-02-09,4347.15625,4362.161175210412,4283.473815384225,4305.609320143029,284239
2023-02-10,4373.84765625,4382.810569812851,4308.481351056114,4343.293763846066,359807
2023-02-13,4316.80078125,4396.973741730133,4286.445160737421,4387.861881130524,272935
2023-02-14,4227.86376953125,4338.3923659361835,4210.234381755151,4338.3923659361835,339582
2023-02-15,4444.8095703125,4470.659069270355,4129.961966959986,4129.961966959986,2724361
2023-02-16,4598.5693359375,4623.180838792361,4456.9423308074,4466.6485276085305,1419679
2023-02-17,4570.39306640625,4624.122195788132,4532.064443345432,4595.598423121697,408098
2023-02-20,4566.33203125,4605.304314153454,4531.420479457992,4548.900918601189,232327
2023-02-21,4458.82373046875,4595.44940791944,4447.880019604785,4566.727849119943,490637
2023-02-22,4406.38232421875,4492.39853576022,4397.369600615995,4461.745506931319,333978
2023-02-23,4405.34228515625,4474.917786582986,4358.744224613008,4428.4188626180385,443522
2023-02-24,4433.70654296875,4448.929794598909,4360.565978467709,4418.235357221638,358946
2023-02-27,4403.0615234375,4457.607023474453,4378.565441540578,4447.937593922447,215703
2023-02-28,4365.2763671875,4436.433452892778,4325.259707157645,4412.2351819203095,312308
2023-03-01,4377.326171875,4409.260279428135,4301.408939934699,4365.276670794652,287008
2023-03-02,4365.822265625,4413.425613826461,4345.144464400731,4392.40060800563,313250
2023-03-03,4371.87109375,4408.268010958554,4357.59018736915,4380.2514594828335,168868
2023-03-06,4384.5654296875,4451.80495677488,4375.589925672026,4379.50747773489,242661
2023-03-08,4339.8876953125,4404.499706427038,4323.97052046663,4378.41674966637,246734
2023-03-09,4381.6396484375,4500.747275227774,4348.912350452039,4362.647995092156,684685
2023-03-10,4281.57421875,4363.343083323723,4256.18566860292,4363.343083323723,328154
2023-03-13,4309.09423828125,4399.292848774149,4286.284303303007,4291.242984820016,496455
2023-03-14,4264.06982421875,4318.763988571566,4239.673012490601,4309.094558893956,279237
2023-03-15,4293.02734375,4331.854202245424,4273.688488413592,4298.928367666504,279479
2023-03-16,4283.3583984375,4333.887555743575,4230.746982334575,4295.160447599554,300181
2023-03-17,4310.58203125,4340.036794447671,4261.193754879197,4304.135744995973,368653
2023-03-20,4277.359375,4317.921299583033,4160.334472090192,4286.285003188036,563835
2023-03-21,4238.68115234375,4317.920789718238,4230.747261557894,4284.301024362424,239304
2023-03-22,4249.689453125,4259.5075459626005,4176.300964556611,4239.7222124405935,302705
2023-03-23,4237.73828125,4263.821234507296,4208.4820626213905,4240.6640968113425,233054
2023-03-24,4247.95361328125,4318.664215039962,4225.78821098364,4242.151859301225,354933
2023-03-27,4282.41650390625,4371.47422766074,4241.656046173735,4269.127334676766,495895
2023-03-28,4297.78857421875,4307.606666848446,4209.970033331546,4298.978367244208,343628
2023-03-29,4326.9453125,4343.804828959432,4275.474297334862,4297.788363237051,250790
2023-03-31,4275.27587890625,4364.582022435221,4264.416657070377,4348.614971305044,465663
2023-04-03,4199.3583984375,4308.052785993478,4185.275550286137,4307.606310991911,493574
2023-04-05,4166.2353515625,4214.879829781813,4133.557442477788,4214.879829781813,622533
2023-04-06,4167.22705078125,4190.0863816024785,4148.582115505867,4182.15249022903,286725
2023-04-10,4201.98681640625,4208.581766129834,4152.697327268666,4180.168617217924,323560
2023-04-11,4236.00390625,4251.3758219546335,4186.268417771049,4227.772687022827,284178
2023-04-12,4284.49951171875,4293.177204657197,4231.24307678658,4252.26808080452,304498
2023-04-13,4361.953125,4444.069172723949,4284.597701573112,4293.22600019228,1257056
2023-04-17,4350.45068359375,4411.640534889825,4304.1363955012275,4373.557950267376,334963
2023-04-18,4302.796875,4347.871486402299,4258.416672750393,4343.805270464253,409038
2023-04-19,4284.5986328125,4319.012080053581,4186.66466199613,4319.012080053581,517278
2023-04-20,4312.46630859375,4322.8301472966,4198.168692636776,4284.59841991464,484517
2023-04-21,4325.259765625,4391.408777172982,4282.764248301647,4304.135974013267,485292
2023-04-24,4362.69775390625,4425.32629406154,4326.251441731013,4326.251441731013,571150
2023-04-25,4380.00341796875,4409.507573223946,4346.879522027292,4373.507738829549,252655
2023-04-26,4373.953125,4451.606357972611,4364.630901813551,4383.424496009493,438486
2023-04-27,4380.9951171875,4401.821579544248,4328.9783544122665,4383.3257943480985,400508
2023-04-28,4476.40087890625,4491.574252454929,4394.3346900366005,4406.235527093226,713399
2023-05-02,4453.68994140625,4535.508200100947,4439.9049013360445,4492.318270573366,384900
2023-05-03,4478.1357421875,4487.061368633679,4444.961970197376,4472.482651739762,287955
2023-05-04,4515.57470703125,4532.136415598947,4462.814132916902,4472.731497656718,391146
2023-05-05,4564.466796875,4591.739547969853,4484.136148195614,4512.400635693916,332169
2023-05-08,4586.87939453125,4621.490892564087,4547.110674336123,4572.89581665515,274255
2023-05-09,4555.09423828125,4609.491071415558,4544.4330730111615,4607.5075988071685,207566
2023-05-10,4563.27587890625,4595.705848445083,4539.176881383933,4555.094054726346,293523
2023-05-11,4557.326171875,4606.615665590712,4546.764275863433,4572.847234227151,409446
2023-05-12,4567.1943359375,4601.65717794908,4497.5248495687665,4557.02903721466,427837
2023-05-15,4587.6240234375,4650.252081622244,4553.161182781417,4571.855511180811,401847
2023-05-16,4517.4580078125,4603.887727419633,4503.474429471173,4586.7802766580435,310725
2023-05-17,4445.11083984375,4561.590464064341,4421.160504618853,4542.2017285041875,266803
2023-05-18,4405.29248046875,4492.466001141614,4396.3668541012985,4472.73054635616,167057
2023-05-19,4410.39990234375,4428.102491797382,4373.8049304477945,4418.185128993804,177405
2023-05-22,4567.24365234375,4586.781053991166,4415.161256037113,4422.945999726298,361967
2023-05-23,4512.796875,4578.896004191043,4495.540759799721,4566.945775177082,433331
2023-05-24,4498.96240234375,4568.929205706813,4485.970559760886,4503.425215763694,225979
2023-05-25,4530.40087890625,4559.954916392634,4493.508572604532,4531.243951758797,202680
2023-05-26,4571.8056640625,4581.822298837791,4513.6404193908,4552.070205988195,289579
2023-05-29,4602.103515625,4626.4504513111915,4542.7973864944925,4596.698358376715,332364
2023-05-30,4561.14501953125,4755.37671809891,4497.9716923641745,4633.393123453203,1298380
2023-05-31,4583.755859375,4691.904510934893,4487.606829841553,4561.987053540584,1655511
2023-06-01,4774.466796875,4806.946162840136,4647.276608019161,4650.251817115205,1692479
2023-06-02,4926.251953125,4960.863940369859,4766.2850678706345,4799.656900387556,1326161
2023-06-05,4909.29345703125,4967.805901485339,4893.276527635366,4926.89677718481,698352
2023-06-06,4899.27685546875,4928.38441428547,4853.061844558715,4927.937939228007,382992
2023-06-07,4984.9130859375,4998.350919015326,4909.144045720516,4923.425435743264,552840
2023-06-08,4885.9384765625,4986.99632793985,4879.343525760079,4978.517174657641,411502
2023-06-09,4885.98828125,4924.8146673665415,4866.50027213447,4885.938403878494,249400
2023-06-12,4884.05419921875,4953.723686501377,4874.434161724612,4908.103808707771,343835
2023-06-13,4910.1357421875,4948.764064202766,4876.119381296383,4884.301205651027,308751
2023-06-14,4967.60693359375,4981.044766237884,4910.135623544342,4923.970538090031,360156
2023-06-15,5175.62353515625,5216.334114366634,4976.53248372006,4998.3012880238975,1712253
2023-06-16,5157.07861328125,5250.252440678622,5120.384366907032,5175.624277444571,797312
2023-06-19,5102.4833984375,5218.46715548824,5092.863362374597,5176.863622904519,327818
2023-06-20,5119.392578125,5154.946424137839,5058.946536412785,5132.186364802643,334154
2023-06-21,5076.45068359375,5130.252383146367,5044.56645527035,5127.128510344182,410174
2023-06-22,5024.13623046875,5112.400763534624,5013.227130876338,5087.5080848881435,329800
2023-06-23,5003.7568359375,5042.384679890147,4959.673957295607,5042.384679890147,335552
2023-06-26,4995.32666015625,5013.227307784252,4958.731201016952,5008.2192328567835,430106
2023-06-27,5100.3017578125,5107.442453582043,4995.326847401441,4998.351449719125,556456
2023-06-28,5084.53271484375,5133.177670669446,5073.871549670702,5102.483238635525,362944
2023-06-30,5056.07080078125,5106.401424003064,5022.202614703918,5085.624352344013,411015
2023-07-03,5026.615234375,5100.003717623249,5018.1854761640525,5085.127673721577,150815
2023-07-04,5067.72314453125,5082.3512550851265,5010.301224858358,5077.59063025544,233404
2023-07-05,5035.689453125,5105.954063009934,5008.664640418965,5082.648261226747,279982
2023-07-06,5239.392578125,5266.120066700642,5028.301881492405,5047.938067703629,1251554
2023-07-07,5103.72314453125,5231.359805307951,5087.607428991074,5231.359805307951,559765
2023-07-10,5115.72265625,5160.499449987274,5068.515915061489,5137.0449851007215,271366
2023-07-11,5213.5576171875,5228.830259030414,5122.417150023139,5157.028649300932,503174
2023-07-12,5208.6484375,5244.748026194699,5162.830511016038,5218.169202823368,263391
2023-07-13,5139.177734375,5246.185989038496,5125.293425559629,5246.185989038496,338327
2023-07-14,5129.06201171875,5155.492173618725,5054.136521976433,5137.194443725862,508041
2023-07-17,5176.1689453125,5274.995852492297,5109.6238286710795,5109.6238286710795,469609
2023-07-18,5119.9384765625,5280.004635957327,5064.252574105033,5163.475608022506,511024
2023-07-19,5132.8310546875,5180.78160690647,5119.938481371962,5119.938481371962,265631
2023-07-20,5152.51708984375,5166.946660812185,5090.235753173326,5127.277204683109,276787
2023-07-21,5161.88818359375,5209.590796589189,5082.697942996616,5087.656624508693,313184
2023-07-24,5137.98681640625,5182.51616009446,5101.491117197872,5101.491117197872,249814
2023-07-25,5169.1279296875,5176.863278819431,5111.210144688405,5111.210144688405,547945
2023-07-26,5113.14453125,5211.574360998642,5100.549286288953,5153.061918125394,297720
2023-07-27,5172.40087890625,5221.491827713816,5101.690271595068,5104.219005562409,363050
2023-07-28,5302.76416015625,5319.673068960712,5134.218396347801,5134.218396347801,453505
2023-07-31,5130.6982421875,5295.822332508933,5115.920984245235,5295.822332508933,689230
2023-08-01,4990.814453125,5166.946944870422,4980.054015709164,5166.946944870422,1044095
2023-08-02,4955.45849609375,5002.020710383957,4934.879967291239,4991.408937977654,1016605
2023-08-03,4955.01220703125,4988.433916232149,4915.342752429006,4919.012370678222,412037
2023-08-04,4939.14453125,4994.830916740687,4922.979421850976,4983.475341418444,358846
2023-08-07,4972.96240234375,4983.375633486365,4915.392303868077,4939.144097688487,608113
2023-08-08,4981.8388671875,5013.227225668098,4938.995663370526,4975.541244545371,519420
2023-08-09,4940.18603515625,4984.466966973001,4917.0288942005855,4981.83896245686,268668
2023-08-10,4881.822265625,4940.285318146992,4863.078545141535,4940.235440780888,370166
2023-08-11,4865.6064453125,4970.581818598011,4771.391506612019,4889.259450456543,1066479
2023-08-14,4781.0126953125,4886.830682507443,4690.913343234309,4822.814289249142,832136
2023-08-16,4901.06201171875,4913.01272587045,4714.814109747772,4760.334713597288,667417
2023-08-17,4852.318359375,4919.012633488324,4832.285090032033,4899.673773336506,375779
2023-08-18,4817.14599609375,4863.4956585081845,4794.045633670805,4843.574894861282,336848
2023-08-21,4900.9033203125,4913.621230473063,4808.849713627914,4849.585837235092,243126
2023-08-22,4887.98681640625,4927.083655080973,4874.5737030076625,4916.054998147738,175172
2023-08-23,4913.77001953125,4954.903470463655,4879.3926094740345,4926.090115612353,597123
2023-08-24,4888.28515625,4951.425951299606,4868.562814788981,4923.109378687578,534065
2023-08-25,4834.185546875,4881.479289372109,4814.811049256243,4868.463504200493,249504
2023-08-28,4873.87841796875,4880.237130149768,4810.836591992205,4843.524748553189,204098
2023-08-29,4847.00244140625,4913.173899753207,4827.627943722693,4874.424904386094,591619
2023-08-30,4843.126953125,4858.477708556124,4813.816819753949,4850.529197811432,396122
2023-08-31,4783.1162109375,4880.18711578481,4774.869339237909,4855.994222207823,488260
2023-09-01,4809.19775390625,4818.736065630453,4770.299819124967,4808.8499094677045,206097
2023-09-04,4793.796875,4838.656188011022,4786.593536732427,4828.720549021266,354446
2023-09-05,4952.41943359375,4959.871163105628,4800.950417660199,4828.720723696584,800554
2023-09-06,5000.70703125,5011.188937322892,4922.116022359402,4947.948686182847,535407
2023-09-07,4996.68212890625,5012.430213092369,4954.902962708654,4997.576724489849,334709
2023-09-08,4953.0654296875,5017.299244638772,4945.912060039859,5007.562511588372,292671
2023-09-11,5063.15234375,5073.932124366053,4971.5455546137755,4971.793945598268,543287
2023-09-12,4947.154296875,5092.015740872038,4934.03905739913,5078.105844214046,483061
2023-09-13,4978.74853515625,4988.8830806502465,4913.173319965607,4942.980235961354,232238
2023-09-14,5051.8251953125,5067.1759518102,4963.348522993697,4968.813124510355,414391
2023-09-15,5059.0283203125,5117.2512601349035,5029.122435929873,5051.824982253432,658355
2023-09-18,5042.48583984375,5128.77696346523,5034.736235310473,5067.176000324036,371912
2023-09-20,4974.0791015625,5027.234773878494,4897.276800851115,5018.93890285225,509910
2023-09-21,4987.74072265625,5014.467982144869,4943.428156735782,4957.884318760066,422586
2023-09-22,4957.4365234375,4984.511139495397,4923.109085023209,4980.73579076112,348459
2023-09-25,5064.2451171875,5080.5399546572535,4940.8447612971795,4982.623932823328,386746
2023-09-26,5021.17431640625,5064.1954412849955,4997.875047777879,5064.1954412849955,267102
2023-09-27,5072.49169921875,5085.904812253033,4987.690920896497,5021.472094464322,460768
2023-09-28,4987.79052734375,5112.3833507681275,4962.8519749464185,5072.491854844086,407714
2023-09-29,5104.68310546875,5153.5666451111,4994.248571155355,5021.472125938215,410567
2023-10-03,5086.00439453125,5121.772696862222,5033.394989130652,5105.875673604012,268482
2023-10-04,5014.91455078125,5064.046481836777,4950.233441039576,5052.272652080012,442482
2023-10-05,5014.56689453125,5047.156084180074,4994.298286353532,5022.416438089389,363289
2023-10-06,5027.681640625,5051.278782854108,4996.433862438798,5017.497610820858,407753
2023-10-09,5014.8154296875,5033.395270715409,4954.953198131913,4967.8200461068,176296
2023-10-10,5034.0908203125,5051.825549275541,5000.607520072563,5036.326339271403,202645
2023-10-11,5060.072265625,5106.918708893836,5032.401412557836,5040.300440024911,336099
2023-10-12,4961.70947265625,5081.036601135263,4840.345732117168,5060.022335295826,1029595
2023-10-13,4985.0078125,4996.732157252938,4901.9957451902255,4956.840664887321,410013
2023-10-16,4989.3798828125,5016.951280220352,4954.306787098806,4997.626268882648,259806
2023-10-17,4996.43408203125,5035.381982025019,4979.941308953995,5017.497831339058,217907
2023-10-18,4945.21630859375,5007.512964058392,4906.666220309883,4988.68473262328,341459
2023-10-19,4964.88818359375,4987.641184515832,4903.3866765597795,4945.215812860479,231958
2023-10-20,4945.51416015625,4967.770381264202,4908.702809009045,4957.983679101618,252447
2023-10-23,4937.56591796875,4978.302043089333,4912.329488702272,4944.968164027842,363474
2023-10-25,4828.62109375,4939.353984303767,4800.403976057651,4928.076937026999,894230
2023-10-26,4729.662109375,4828.621172312789,4695.583061154196,4828.621172312789,836962
2023-10-27,4799.1123046875,4829.266579438962,4746.055606960507,4749.185721200427,333727
2023-10-30,4810.587890625,4837.066270859664,4752.265497121073,4808.849153844168,234759
2023-10-31,4788.87890625,4868.11563325915,4774.273806900162,4800.901127375672,276660
2023-11-01,4765.6787109375,4824.746278605614,4759.171061474648,4803.8814367912155,281746
2023-11-02,4855.54638671875,4863.494897276096,4779.240879423662,4806.662852735638,214035
2023-11-03,5120.0341796875,5132.254822786281,4905.274933780561,4918.88695458507,1262458
2023-11-06,5131.70849609375,5194.352511264611,5094.49933081662,5107.9619287519035,399720
2023-11-07,5103.78955078125,5148.599386143626,5088.0909478202675,5116.8548209176015,222204
2023-11-08,5078.0556640625,5120.48055197135,5054.706912158223,5101.950682062277,400498
2023-11-09,5263.50439453125,5278.805182089289,5089.083954809675,5114.37035098901,1032216
2023-11-10,5244.52734375,5303.644399154589,5185.062443932948,5265.888968812163,696409
2023-11-13,5187.04931640625,5245.023867433741,5166.731225582053,5216.210514117662,150128
2023-11-15,5191.322265625,5260.9212277554225,5173.487598285645,5249.843086503745,356675
2023-11-16,5304.3896484375,5333.4513945797235,5168.271384455119,5190.378182802622,449045
2023-11-17,5443.6875,5457.994724120591,5271.999355136937,5297.881987603034,735541
2023-11-20,5438.7197265625,5558.990451936328,5419.9409792841725,5439.762774683002,526567
2023-11-21,5431.615234375,5484.770905960027,5387.501091806931,5464.601751731823,382979
2023-11-22,5496.3955078125,5504.29453489165,5404.143002451371,5431.813854159605,302473
2023-11-23,5458.5908203125,5514.27988527864,5438.073336772575,5494.408606412771,234584
2023-11-24,5366.537109375,5457.647123422802,5360.277850148555,5457.647123422802,270183
2023-11-28,5332.2587890625,5389.935467186381,5306.625033322094,5366.536745184876,362746
2023-11-29,5387.05419921875,5400.02001458193,5329.973756803084,5337.524939775766,277119
2023-11-30,5493.365234375,5514.279560092517,5347.3608274626895,5347.3608274626895,775261
2023-12-01,5555.1650390625,5651.043961222111,5494.756544337605,5514.279979127868,546990
2023-12-04,5586.36279296875,5621.833220038902,5533.753872899893,5589.790782651679,936113
2023-12-05,5544.2861328125,5652.385704022926,5489.441204908888,5573.894146522871,787929
2023-12-06,5507.42431640625,5602.707000248144,5473.295298389246,5498.5317251789165,574427
2023-12-07,5426.25,5484.274037016,5406.47817463954,5454.914416670906,510609
2023-12-08,5519.59521484375,5536.684222549395,5404.043444159475,5459.633537472719,456382
2023-12-11,5511.646484375,5519.594995123155,5454.665500921444,5514.279331532607,238128
2023-12-12,5394.00927734375,5514.280001151235,5368.4250052663365,5514.280001151235,615205
2023-12-13,5391.82373046875,5416.911222834224,5334.842734939627,5368.177100037168,476781
2023-12-14,5480.3994140625,5497.339970861913,5417.010226728243,5459.435117233466,490550
2023-12-15,5515.47216796875,5552.035125779564,5464.601501751539,5494.408419033821,349758
2023-12-18,5463.259765625,5571.657678664907,5458.639790751192,5514.776148264378,428321
2023-12-19,5519.74462890625,5638.823367599793,5468.278209375655,5473.344997505827,682732
2023-12-20,5367.43115234375,5569.720376447778,5340.505473336532,5519.744305795906,437044
2023-12-21,5440.607421875,5517.26078597421,5250.836701521845,5309.605913964736,487514
2023-12-22,5505.73486328125,5513.286045900764,5427.541675933643,5474.5370540481545,220537
2023-12-26,5596.89453125,5608.668360797737,5490.583191195907,5505.735041063429,243281
2023-12-27,5650.84619140625,5678.218687612134,5579.458515602492,5598.733561626313,307177
2023-12-28,5723.4248046875,5732.863661669451,5638.226700876728,5638.475091849937,568149
2023-12-29,5667.38818359375,5721.885262888295,5640.7603788414535,5703.057032115314,325682
2024-01-01,5713.0419921875,5727.895966763875,5671.113886081183,5704.050432817243,127030
2024-01-02,5709.36669921875,5745.432879063151,5643.44362951177,5701.169796059688,166449
2024-01-03,5731.17529296875,5748.761570639908,5636.538317579284,5693.121984059225,198997
2024-01-04,5725.1142578125,5802.363853185293,5694.611651178978,5731.174609660099,220702
2024-01-05,5717.21533203125,5771.414051189904,5678.217947179666,5725.114359451551,144894
2024-01-08,5645.43017578125,5737.682682492414,5603.700491271779,5712.992522129917,157009
2024-01-09,5760.3359375,5811.355543358549,5638.177540934713,5665.500549558813,329437
2024-01-10,5763.5654296875,5781.846910637588,5684.477636625264,5762.671319096756,239740
2024-01-11,5832.12060546875,5854.078464558038,5764.906105054629,5766.644841869459,213210
2024-01-12,5758.39892578125,5883.88586180791,5705.888972658187,5832.2205350915965,250919
2024-01-15,5858.45068359375,5886.02208464562,5766.645466848772,5797.4459509067165,375458
2024-01-16,5866.5478515625,5929.043412390963,5791.484288880116,5844.143178451337,347797
2024-01-17,5887.76025390625,5941.8600026467875,5793.719527225188,5835.051882745101,378205
2024-01-18,5952.29296875,5990.147854065309,5800.426614773294,5920.647858416249,591170
2024-01-19,6055.42529296875,6080.61223971492,5912.699908258741,5948.468215551181,326813
2024-01-23,6114.14404296875,6387.324639967818,6094.173310919503,6386.628951160369,982889
2024-01-24,6173.361328125,6189.904072639708,6044.198000766547,6113.945906456892,435151
2024-01-25,6129.1474609375,6198.051222292808,6079.717651272083,6170.082007205352,337391
2024-01-29,6289.01171875,6308.137825718828,6138.03947514059,6159.152710106179,554591
2024-01-30,6269.18994140625,6346.737902791648,6243.357277372207,6290.253692289477,304312
2024-01-31,6312.06298828125,6330.642345117818,6215.289460737807,6239.582296057396,499281
2024-02-01,6247.48095703125,6335.957637305728,6227.460254290908,6249.169724750527,255111
2024-02-02,6279.87060546875,6318.12281861186,6250.808859119764,6279.3243393364555,239428
2024-02-05,6194.37451171875,6305.753128718198,6169.2375375736365,6279.870496464058,147909
2024-02-06,6157.41357421875,6257.366203008437,6115.4354980065955,6219.660742795732,326654
2024-02-07,6138.18896484375,6208.632556070029,6115.386476776578,6197.603898539902,323738
2024-02-08,6190.8974609375,6322.246819546968,6110.418774637398,6161.587322099808,794455
2024-02-09,6395.9189453125,6432.28348265297,6173.609013072724,6229.049687035052,933104
2024-02-12,6571.8798828125,6634.821776869036,6333.970778496477,6423.292088996084,709946
2024-02-13,6675.65673828125,6696.621034690577,6555.783344532211,6571.87927460577,521773
2024-02-14,6710.63037109375,6731.395760619074,6656.878464376059,6675.557272578849,452781
2024-02-15,6584.9443359375,6720.863686194144,6543.214651280277,6706.556462767966,446114
2024-02-16,6558.068359375,6617.583228301985,6483.104250164831,6588.372059957472,391508
2024-02-19,6614.30419921875,6632.983492693269,6469.144408075428,6577.393395244466,334607
2024-02-20,6722.0048828125,6747.4131492989345,6601.078412969933,6630.564063809969,559251
2024-02-21,6722.70068359375,6784.1586213302,6680.087962727034,6747.363590319611,537325
2024-02-22,6731.7001953125,6836.367131599488,6652.988281843264,6727.523268232535,564432
2024-02-23,6736.5234375,6749.2028060172925,6685.855977790408,6741.44621009606,352524
2024-02-26,6547.52587890625,6754.124982998408,6534.49835332598,6732.445945126825,453443
2024-02-27,6583.92431640625,6631.509341457518,6533.604525381649,6551.5048117525575,313760
2024-02-28,6327.10400390625,6593.271181564091,6310.148166007594,6593.271181564091,536602
2024-02-29,6067.798828125,6357.136749836006,6028.467633440517,6357.136749836006,1543361
2024-03-01,6051.6884765625,6073.168915675237,5908.933897934798,6068.196614286932,1749136
2024-03-04,5999.876953125,6137.5601717453865,5989.485134648651,6110.95835952127,551616
2024-03-05,6027.52294921875,6069.687965520066,5943.093373478652,6001.616969087564,724456
2024-03-06,6020.7607421875,6045.224562447615,5912.0664266728045,5991.623249908099,588776
2024-03-07,6015.291015625,6108.82029425535,5998.584277517605,6031.898696167612,738112
2024-03-11,6170.32763671875,6190.514985331968,6002.661543374261,6015.290897058803,521556
2024-03-12,6110.75927734375,6239.492353620114,6073.666103476088,6205.432089347652,482112
2024-03-13,5975.11474609375,6145.764218599238,5923.054655961718,6145.764218599238,356191
2024-03-14,5989.783203125,6061.235269744964,5946.8723401271345,5975.114914326191,439181
2024-03-15,5950.05517578125,5997.441112873581,5908.685529389258,5981.678819699755,764270
2024-03-18,6102.5546875,6110.908541834608,5945.529515396355,5964.523802771782,419258
2024-03-19,6079.33447265625,6091.765225532047,6000.622556985677,6043.334818097429,542392
2024-03-20,6139.8466796875,6166.349431943734,6039.804374047205,6113.941186230738,413963
2024-03-21,6148.25048828125,6179.9736731031,6071.776592262852,6155.609397007202,350032
2024-03-22,6340.57861328125,6355.495516095903,6134.526753747265,6134.973969485946,727548
2024-03-26,6287.4248046875,6427.643686620047,6274.546351442628,6362.556075208802,629120
2024-03-27,6196.9296875,6363.948999680619,6185.542923097537,6319.795060495956,603420
2024-03-28,6321.58447265625,6390.003626492861,6078.6380374316195,6196.9292737157075,818070
2024-04-01,6421.47802734375,6520.675430762782,6337.446141740661,6365.539641957079,440465
2024-04-02,6384.18603515625,6433.660431394269,6368.7223728741765,6433.660431394269,213898
2024-04-03,6339.73388671875,6373.496007843689,6276.0388992824965,6364.098163859047,289202
2024-04-04,6404.9208984375,6439.130234537388,6291.353341614829,6389.407221143277,547885
2024-04-05,6362.3076171875,6444.101967000118,6346.197168039496,6404.920333019721,239001
2024-04-08,6272.806640625,6362.308063106273,6245.210368693274,6362.308063106273,491584
2024-04-09,6469.01318359375,6503.769762103389,6295.878049794494,6312.634315842869,592624
2024-04-10,6453.89794921875,6479.803444495277,6415.263071399127,6469.013453669791,174947
2024-04-12,6371.05859375,6442.013423837351,6327.451903853237,6414.26808227115,450885
2024-04-15,6268.23193359375,6363.6505873796505,6248.193656972259,6290.060529984147,251305
2024-04-16,6299.6572265625,6312.43613821051,6167.642625066597,6265.050203225735,290190
2024-04-18,6040.5009765625,6299.309271455553,6019.667324476941,6271.166238998384,518459
2024-04-19,6135.3720703125,6164.659119044691,6016.484541090559,6105.985964015874,560178
2024-04-22,6203.98974609375,6223.3321920236685,6115.930485929301,6120.405557016566,197001
2024-04-23,6160.58203125,6268.878661084158,6146.7591301595985,6206.9239784648325,217146
2024-04-24,6248.5419921875,6275.541491219393,6151.880260369384,6195.387896886435,207837
2024-04-25,6348.73388671875,6366.733714664014,6134.676314279071,6245.2104758243,520353
2024-04-26,6223.92919921875,6344.656579973198,6216.42073276657,6344.656579973198,261065
2024-04-29,5935.28662109375,6165.653228893527,5701.240316330095,6165.653228893527,2785015
2024-04-30,5914.1552734375,5989.634717255267,5868.310553963694,5966.76212909374,1040838
2024-05-02,5925.54150390625,5966.762079502684,5906.547699747573,5914.155224283671,572406
2024-05-03,5976.30859375,5994.308421927078,5927.032795547145,5966.761677950019,563849
2024-05-06,6023.14794921875,6052.434513980144,5953.038497417164,6016.484870916297,419144
2024-05-07,5867.564453125,6046.318694123131,5823.957271348995,6046.318694123131,455928
2024-05-08,5814.111328125,5877.259548314162,5780.448754578204,5859.3592654258955,511587
2024-05-09,5774.23388671875,5859.35978106055,5757.924835767241,5827.437509985339,598157
2024-05-10,5810.08447265625,5848.420721002616,5721.378424265992,5787.709117066629,372227
2024-05-13,5797.8525390625,5810.034677565485,5758.124141984266,5787.758864275289,348407
2024-05-14,5830.3212890625,5861.994944757767,5708.201766067734,5822.564693436686,558136
2024-05-15,5816.39892578125,5850.857361962913,5787.758664763453,5837.432148565266,509306
2024-05-16,5898.83984375,5911.568740254666,5817.592250061367,5857.370658608796,378026
2024-05-17,5920.0712890625,5939.910964918684,5877.359513449748,5892.176873789252,267904
2024-05-21,5915.29833984375,6008.429447625117,5887.602524027249,5966.761659153953,606639
2024-05-22,5835.6416015625,5925.590722055189,5812.570415967607,5925.590722055189,735701
2024-05-23,5936.9775390625,5958.259378012659,5828.134150219865,5845.885363747769,308200
2024-05-24,5881.5859375,5938.767400521655,5834.498148661694,5905.402968578033,608807
2024-05-27,5906.3974609375,5926.485751851865,5885.2156522291025,5917.038379649063,189637
2024-05-28,5871.7900390625,5938.369341281015,5847.72390886023,5911.220287454715,314362
2024-05-29,5870.74658203125,5912.066211363753,5848.321211952713,5877.160559325219,337183
2024-05-30,5734.50537109375,5869.055645596963,5718.1463061265795,5867.315340199446,643549
2024-05-31,5806.85205078125,5926.336343747615,5711.184787671417,5823.509258720218,1382132
2024-06-03,5818.7861328125,5984.81098373604,5780.349854871317,5953.1373269844935,804820
2024-06-04,5813.31640625,5930.712243089998,5661.6612199877945,5718.494525461947,642000
2024-06-05,5901.7734375,5911.8175831606,5744.797789604321,5882.232390663183,487289
2024-06-06,5928.97216796875,5941.900151562107,5867.315630831202,5936.927850180046,490549
2024-06-07,5981.23095703125,5997.590023070682,5932.403345138668,5954.579615427206,436163
2024-06-10,6023.14794921875,6041.346378647357,5958.855701765173,6006.540267823873,443756
2024-06-11,6074.11376953125,6133.085069012259,6025.633831614942,6048.058716359043,521348
2024-06-12,6134.427734375,6154.565554894163,6041.34615574894,6083.411631047337,321285
2024-06-13,6171.81884765625,6176.144360897161,6125.874593970968,6173.559152938628,401804
2024-06-14,6173.21142578125,6185.493106746791,6140.791925142165,6175.598033219894,216573
2024-06-18,6201.80224609375,6215.177445043382,6132.040957021441,6190.515025197609,267887
2024-06-19,6139.35009765625,6234.271526081135,6094.102154692988,6230.293684941507,401714
2024-06-20,6141.63818359375,6159.38939834362,6081.871018140136,6131.544507936405,252844
2024-06-21,6135.81982421875,6204.537125524207,6110.958317637636,6118.118625763517,434583
2024-06-24,6224.87353515625,6260.127345654195,6122.046441240431,6135.819812976391,357273
2024-06-25,6260.4755859375,6280.016633215379,6207.6696482484085,6223.332397571155,348730
2024-06-26,6102.8037109375,6250.829222158528,6091.06927375084,6245.011532349152,538411
2024-06-27,6158.19482421875,6166.050962729064,6021.456545925641,6081.870003426051,440975
2024-06-28,6151.43310546875,6188.029049287853,6111.107450049263,6188.029049287853,334692
2024-07-01,6106.48388671875,6145.765071235546,6074.611626170472,6145.765071235546,374933
2024-07-02,6063.82080078125,6129.604247937101,6043.334822910365,6100.764901242284,436037
2024-07-03,6158.39453125,6183.305567684987,6045.373729011066,6098.279211521251,188203
2024-07-04,6190.564453125,6209.409668691468,6126.869469700214,6166.598350071698,222050
2024-07-05,6293.4912109375,6307.712283835749,6124.8806700476125,6166.648000481449,350300
2024-07-08,6282.453125,6352.562572897371,6257.93929128123,6344.656419648639,317731
2024-07-09,6285.28662109375,6315.2199702921735,6221.243481193849,6274.347558870664,176239
2024-07-10,6340.38037109375,6381.451384935202,6266.243068567219,6285.286885122135,295890
2024-07-11,6353.65625,6376.131149416012,6304.878167555664,6360.468400025002,354777
2024-07-12,6318.701171875,6384.38556571167,6284.9890649866165,6349.828070457194,211028
2024-07-15,6401.58935546875,6430.876404570304,6305.375324610604,6305.375324610604,359221
2024-07-16,6417.94775390625,6428.190499363783,6367.528429366692,6401.588689979812,298376
2024-07-18,6484.7265625,6503.472236322672,6394.379746877148,6396.368667482709,583444
2024-07-19,6346.59619140625,6489.10216008757,6329.739894863397,6489.10216008757,228785
2024-07-22,6366.68359375,6398.357249834364,6334.860865743363,6346.595788041587,222285
2024-07-23,6368.1259765625,6438.53357049252,6289.76221477814,6368.523663561139,284679
2024-07-24,6387.0205078125,6408.2523312953335,6314.872125227025,6364.545609015406,309594
2024-07-25,6350.423828125,6398.50607649474,6336.700471428688,6369.318572154684,412373
2024-07-26,6627.63037109375,6642.945448574478,6358.131622760722,6397.3632768500665,432671
2024-07-29,6644.63525390625,6739.457136167379,6579.746722382726,6739.457136167379,367708
2024-07-30,6604.21044921875,6675.960658369286,6547.625758717602,6644.635160831205,264929
2024-07-31,6578.65234375,6649.706719021232,6547.675005743929,6627.33136459973,352268
2024-08-01,6669.248046875,6697.6897068135495,6570.001109295568,6578.652622025413,361725
2024-08-02,6672.97802734375,6758.203473657495,6643.989605226516,6669.24880102739,587569
2024-08-05,6650.552734375,6719.070951259856,6563.487444615418,6651.944881666126,907845
2024-08-06,6620.818359375,6697.689944312309,6594.31560461612,6652.093843641484,334936
2024-08-07,6683.12060546875,6730.506536197739,6625.093756523246,6664.076790029601,358284
2024-08-08,6505.65966796875,6706.988347722022,6463.991878971871,6702.662348349294,509454
2024-08-09,6551.35498046875,6561.448654776042,6493.825358546158,6545.785906016914,115598
2024-08-12,6466.37841796875,6555.382612896779,6385.3799196286345,6513.714824341823,230114
2024-08-13,6552.896484375,6605.2051923177105,6474.234578962188,6474.234578962188,400126
2024-08-14,6479.75341796875,6826.969090396383,6424.461335212415,6563.437144445174,1723346
2024-08-16,6660.07763671875,6687.865627922434,6529.702795614472,6529.902187910338,611092
2024-08-19,6697.9248046875,6729.796445434941,6538.715902001771,6722.924220163302,398225
2024-08-20,6646.13330078125,6761.3693948673035,6623.32525543683,6747.8238504638375,146064
2024-08-21,6725.36474609375,6761.269947692598,6600.517453138968,6648.225219245503,291296
2024-08-22,6803.1513671875,6830.491455337014,6723.920649603409,6733.432148483273,344641
2024-08-23,6833.1806640625,6899.612826292235,6803.300999584239,6836.467232626043,468784
2024-08-26,6752.8037109375,6850.410608234237,6582.290242763536,6802.603148333795,385016
2024-08-27,6754.248046875,6823.269872145192,6706.988186552672,6752.803668670495,297297
2024-08-28,6749.2685546875,6821.029353798087,6719.4881002605225,6758.680357132553,250361
2024-08-29,6829.6943359375,6879.643075106448,6733.182635804537,6772.623888059406,659960
2024-08-30,6899.712890625,6961.962194943161,6823.519742139571,6837.463586306839,499581
2024-09-02,6852.45263671875,6970.925700525934,6837.5128045273095,6960.965812398308,248292
2024-09-03,6817.39404296875,6898.019044630054,6807.03585670109,6863.309223967324,361990
2024-09-04,6903.0986328125,6910.170250512118,6762.813513958948,6810.571371144691,389768
2024-09-05,6906.48486328125,7015.745027935887,6872.522034643088,6903.098598664039,387284
2024-09-06,6879.095703125,6934.522872559656,6830.391944856543,6906.485396931898,185503
2024-09-09,6833.1806640625,6900.210516846332,6793.0921142208335,6879.095359419296,304409
2024-09-10,6893.7861328125,6947.868616828162,6833.180602962473,6872.322768549933,354522
2024-09-11,6872.57177734375,6926.056570900872,6845.8794717992205,6872.322780141571,223028
2024-09-12,7033.47314453125,7067.98454369987,6887.2621908864585,6915.149875824249,831152
2024-09-13,6990.99462890625,7071.470815056651,6979.939056055574,7067.735857088359,238034
2024-09-16,7003.14599609375,7034.619339662762,6982.379532201105,6996.821369904109,226343
2024-09-17,6979.93896484375,7123.7601335215095,6971.821753563265,7003.195400086941,266003
2024-09-18,7007.67724609375,7039.648582676887,6932.828787757235,7001.701313510832,251334
2024-09-19,7002.05029296875,7096.0715388508,6983.325897972859,7039.648870339338,407897
2024-09-20,7054.23974609375,7091.4400238203125,6989.749473405215,7011.661226287806,493357
2024-09-23,7124.1083984375,7153.191465535991,7061.958795416672,7061.958795416672,254282
2024-09-24,7093.43212890625,7171.119254159646,7047.816037068572,7047.816037068572,333949
2024-09-25,7104.83642578125,7116.290296861779,7045.773998763713,7064.2994875150125,236185
2024-09-26,7139.09814453125,7165.093548482394,7065.942575437753,7079.488119864654,405696
2024-09-27,7204.98291015625,7250.698698373635,7081.480300139749,7130.582352980152,772592
2024-09-30,7170.2724609375,7287.600229913281,7131.777592216529,7131.777592216529,442794
2024-10-01,7124.65625,7214.892928368183,7106.3797591013445,7172.613011235926,310719
2024-10-03,6878.2490234375,7171.11933450731,6828.4495836145325,7064.897226629451,655420
2024-10-04,6746.4296875,6930.388523100485,6700.365206493092,6874.414245540814,429272
2024-10-07,6745.9814453125,6829.993197880158,6716.101781304275,6773.719830664667,260810
2024-10-08,6896.52490234375,6912.162120690509,6721.629661950389,6791.647478528614,345891
2024-10-09,6980.7861328125,7041.641148631688,6908.576941401496,6931.086386609324,391824
2024-10-10,6927.15185546875,7026.750737575965,6856.436649172628,7026.651527751991,237853
2024-10-11,6955.38818359375,6990.795877710645,6902.302174358209,6953.99389651925,75315
2024-10-14,7064.14990234375,7072.914408810763,6933.82467720022,6948.8642045829965,168515
2024-10-15,7111.50927734375,7121.668557553225,7011.761097069711,7086.460256484516,322659
2024-10-16,7042.935546875,7106.579621517922,7027.697112461229,7056.680484381746,223419
2024-10-17,6961.2646484375,7074.110476509149,6932.7296652575005,7060.564930935862,183572
2024-10-18,6954.89013671875,7013.404479076011,6922.1222022632155,6955.288434976651,236651
2024-10-21,6958.37646484375,7003.793654062962,6929.592484093153,6944.283319758317,222611
2024-10-22,6864.30517578125,7009.022153282737,6843.9866152886925,6991.791741644362,112233
2024-10-23,6879.0458984375,6931.036710246541,6827.254478924886,6857.383141237512,109466
2024-10-24,6926.25537109375,6950.0098010833935,6843.090306836017,6909.4232577480325,147408
2024-10-25,6916.99267578125,6952.997572391807,6848.4683569169665,6926.255176771926,175261
2024-10-28,6898.51708984375,6942.0419953046385,6766.996962209259,6895.230521304736,238427
2024-10-29,6959.42236328125,6969.631248815988,6828.300044403761,6929.990601482619,196146
2024-10-30,6954.49169921875,7006.781110491072,6911.962783521535,6952.599417789615,191699
2024-10-31,6994.53076171875,7021.7210615129925,6928.147718937242,6971.821925215581,224153
2024-11-01,7003.7431640625,7017.736611229132,6972.668121070444,6994.530268284205,18769
2024-11-04,6930.48876953125,7061.561000457308,6864.504507714565,7061.561000457308,273442
2024-11-05,6938.3564453125,6958.5252181125215,6786.916545804852,6892.2423593160765,246059
2024-11-06,6940.1494140625,7113.102765924989,6863.358582978836,6991.841133726807,459745
2024-11-07,7395.0673828125,7453.88032568172,7171.417810700819,7287.151901346388,2502817
2024-11-08,7391.630859375,7514.735166928777,7350.397022125166,7360.406514597787,1032481
2024-11-11,7126.74853515625,7424.250109680674,6954.591767007646,7370.317411293648,625620
2024-11-12,6991.39306640625,7203.837771667591,6972.917668484182,7132.52487550812,194183
2024-11-13,6831.337890625,6970.129027423095,6803.051905917854,6942.041948682719,299775
2024-11-14,6833.13037109375,6880.290537400829,6799.665050601561,6832.483075647031,192648
2024-11-18,6714.85693359375,6846.875543582557,6667.696765664991,6846.875543582557,268706
2024-11-19,6660.07763671875,6769.636408457248,6634.481015478905,6722.924629407823,290018
2024-11-21,6715.45458984375,6734.826766838141,6567.699551770419,6596.981525687408,258574
2024-11-22,6907.2822265625,6922.420964972547,6724.518276406601,6724.518276406601,498633
2024-11-25,7046.62060546875,7118.331797496136,6903.0985252716355,6952.001671543729,639047
2024-11-26,7048.16455078125,7083.52215419796,7014.251325695136,7066.540739198721,179222
2024-11-27,6954.69140625,7086.858832358551,6942.042153564508,7048.1645690013365,227250
2024-11-28,6813.65869140625,7001.800867816041,6788.659276676265,6954.6907947707405,412343
2024-11-29,6801.50732421875,6864.802699647354,6784.675211987885,6839.504196909796,410883
2024-12-02,7037.45751953125,7051.600755122849,6793.73935019793,6830.491239919844,579743
2024-12-03,7097.9638671875,7106.778465430232,7048.1644266326975,7075.902812286255,351470
2024-12-04,7203.33984375,7239.94243290613,7096.469951508705,7187.702624737906,604278
2024-12-05,7245.56982421875,7305.52854700212,7111.758626107617,7228.140019493662,510951
2024-12-06,7204.28564453125,7280.727785483219,7178.838325036564,7233.86670663391,189048
2024-12-09,7164.99365234375,7198.956965442383,7134.018305447531,7134.018305447531,203674
2024-12-10,7229.18505859375,7279.134284217463,7186.258331879629,7199.803390025749,333300
2024-12-11,7311.35400390625,7334.461137379791,7187.104407642246,7226.595750542978,391192
2024-12-12,7198.1103515625,7289.292926578768,7160.661077510382,7270.71783376115,396742
2024-12-13,7230.3310546875,7248.15915685913,7175.302673746279,7192.035090978529,314999
2024-12-16,7230.08203125,7240.938211815018,7137.305286244866,7222.562024079061,219812
2024-12-17,7189.79443359375,7277.690448660714,7172.115631696428,7198.011341517857,237831
2024-12-18,7208.369140625,7238.348500340199,7148.858810677242,7204.235884428723,253532
2024-12-19,7268.27783203125,7283.915050632362,7108.770323872915,7119.327902358066,292899
2024-12-20,7222.61181640625,7360.257169929414,7181.12849589053,7295.418205008448,349055
2024-12-23,7235.95849609375,7300.498377302682,7156.179694097524,7222.014652570108,179062
2024-12-24,7210.958984375,7250.549539572363,7181.477618334569,7230.87876057493,146814
2024-12-26,7232.02392578125,7268.775814972087,7195.770030986828,7243.029893735596,116439
2024-12-27,7217.2333984375,7265.738247200788,7126.299816137304,7232.023929282693,189089
2024-12-30,7284.91064453125,7348.803224963915,7191.088310655739,7210.958480555935,428884
2024-12-31,7267.0830078125,7336.403925840035,7223.707403601825,7276.295904250112,212227
2025-01-01,7340.0888671875,7415.136721600807,7271.11664180525,7290.63811982779,341399
2025-01-02,7391.88037109375,7415.087202526482,7303.63566387098,7375.29725441015,265991
2025-01-03,7269.0751953125,7407.716549048129,7250.798702965628,7398.155445311148,180636
2025-01-06,7399.35009765625,7443.024303809049,7261.505344974686,7269.074957120651,527272
2025-01-07,7406.919921875,7515.084405936943,7315.737339136088,7436.30159232181,398234
2025-01-08,7113.9990234375,7430.07615386966,7102.3958516413595,7418.871280313221,450295
2025-01-09,7063.1044921875,7134.965476340734,6963.057704600622,7111.360346208702,305521
2025-01-10,7008.5244140625,7110.364272141569,6988.704333568859,7061.560819370182,185381
2025-01-13,6812.16455078125,6971.921044303334,6728.949401380316,6971.921044303334,431086
2025-01-14,6679.947265625,6871.326407258088,6656.292532740179,6827.104603887412,362659
2025-01-15,6665.0078125,6732.834747695379,6581.494053554095,6722.52616625193,547360
2025-01-16,6762.41552734375,6780.4926275174685,6673.174830053455,6732.884555514939,579821
2025-01-17,6800.7109375,6817.5430502499685,6735.174585413292,6792.593726384755,166710
2025-01-20,6753.65087890625,6882.282737583675,6712.964638395654,6873.318838214897,120356
2025-01-21,6891.3955078125,6986.811522486259,6810.5711174807175,6810.5711174807175,799900
2025-01-22,6865.2509765625,6914.104518101654,6802.503683311314,6880.2905044316785,247081
2025-01-23,6893.08935546875,6935.169883317082,6795.831143990335,6864.603977814577,271085
2025-01-24,6717.994140625,6887.5116309255145,6701.461115406948,6887.5116309255145,317194
2025-01-27,6668.59326171875,6702.805087203042,6647.577801227298,6673.12481613199,191705
2025-01-28,6682.0390625,6720.434235108913,6608.435103234469,6672.128779695385,202194
2025-01-29,6757.08642578125,6771.478658053845,6670.385797779168,6713.960306518253,146288
2025-01-30,6797.27490234375,6867.342812056165,6743.192904748861,6759.029029487476,204648
2025-01-31,6783.18115234375,6852.4023681264225,6761.916695986277,6794.884019760245,187712
2025-02-01,6813.65869140625,6912.1618808880985,6782.932341400313,6782.981946308443,117096
2025-02-03,6771.37890625,6859.125613534109,6697.974826211083,6754.397492370044,250589
2025-02-04,6764.955078125,6789.257106704785,6679.399254229739,6757.783764494344,223642
2025-02-05,6916.79345703125,6979.889444177147,6769.188210065273,6798.768785351028,389639
2025-02-06,6846.67578125,6897.222211173037,6758.331383091911,6809.973497923129,334197
2025-02-07,6763.3115234375,6902.053054499303,6722.924372293009,6893.686845878313,259335
2025-02-10,6734.12890625,6806.935780818557,6659.18075314291,6789.854671095885,213808
2025-02-11,6292.009765625,6787.6634807121045,6257.299459658664,6772.623952991413,1728723
2025-02-12,6348.97998046875,6468.000637756282,6190.070167715582,6324.130352602719,1133586
2025-02-13,6346.6396484375,6399.227659420889,6319.000960881246,6346.6892533454875,636246
2025-02-14,6254.18115234375,6363.296343685195,6214.385088677594,6360.653337657951,320088
2025-02-17,6283.80419921875,6300.560283147624,6133.994893360438,6133.994893360438,482329
2025-02-18,6360.25439453125,6373.370074355719,6303.552248815046,6303.552248815046,220118
2025-02-19,6405.93505859375,6418.253015318179,6267.895339784502,6331.7287808070905,195067
2025-02-20,6374.3173828125,6452.613082083915,6361.301053975747,6367.634625140561,165304
2025-02-21,6301.1083984375,6378.955565730267,6276.5728094792485,6345.741936683745,220428
2025-02-24,6235.13037109375,6258.669048502964,6219.770547643742,6258.669048502964,458224
2025-02-25,6235.0810546875,6263.606721027249,6196.880437645116,6234.731868155043,421160
2025-02-27,6169.10302734375,6265.9002570202465,6129.456477904209,6244.705560778983,397857
2025-02-28,6036.84814453125,6129.057250262549,5985.731523175903,6129.057250262549,845516
2025-03-03,6154.54150390625,6178.877907058175,5985.382779702358,6009.918857171232,373515
2025-03-04,6172.04541015625,6204.311317561263,6096.392710320739,6117.039033936698,445246
2025-03-05,6198.22705078125,6218.823212166801,6114.69500848266,6183.8646238955935,345922
2025-03-06,6257.77197265625,6275.625291133245,6200.87015106991,6238.721582332875,284475
2025-03-07,6199.9228515625,6298.316019985903,6181.171485889195,6275.874575676994,299433
2025-03-10,6133.595703125,6195.83320911127,6117.936367724691,6190.247685764061,266043
2025-03-11,6118.833984375,6139.679981720381,6024.280896238241,6114.046671182188,526709
2025-03-12,6127.76123046875,6141.924470558438,6047.969426043521,6118.136441462062,250139
2025-03-13,6089.759765625,6183.864314326566,6066.271250009453,6139.081265323298,247628
2025-03-17,6140.62744140625,6188.053986440044,5986.380009896248,5986.380009896248,287639
2025-03-18,6140.62744140625,6140.62744140625,6140.62744140625,6140.62744140625,0
2025-03-19,6410.822265625,6418.153234834269,6210.894223988234,6258.918817404511,579880
2025-03-20,6457.50048828125,6467.773487546892,6347.188229313708,6448.174724417698,457285
2025-03-21,6594.34326171875,6616.834867602567,6453.211515139204,6477.099380124182,496635
2025-03-24,6598.58251953125,6682.513913010905,6583.272856740102,6632.095174628822,389998
2025-03-25,6627.4072265625,6649.798507770052,6544.97193527686,6579.3324732484025,223668
2025-03-26,6502.83251953125,6662.615805969646,6474.157339228611,6636.48379468094,281646
2025-03-27,6475.154296875,6542.877977275219,6413.515325686059,6483.133476938838,728926
2025-03-28,6598.9814453125,6632.443936182036,6416.208355902318,6475.154157748995,413873
2025-04-01,6615.0390625,6644.562125090072,6528.614668904192,6581.825921467723,319668
2025-04-02,6714.62939453125,6728.842308720632,6615.0391580547775,6615.0391580547775,292940
2025-04-03,6653.98779296875,6757.318269568567,6642.716909209037,6657.677871448089,312519
2025-04-04,6697.0751953125,6717.472169011471,6564.870351363548,6654.636126450561,279891
2025-04-07,6665.90673828125,6708.196783293852,6473.957875239059,6547.914804917633,744140
2025-04-08,6738.0185546875,6772.3289308082,6698.77086620627,6707.498094209889,578124
2025-04-09,6816.314453125,6833.619397408445,6647.654435974469,6647.654435974469,680834
2025-04-11,6763.302734375,6853.0685088699265,6747.892748282507,6804.944079765703,651996
2025-04-15,6887.02978515625,6946.873635570352,6817.211959673131,6946.873635570352,778401
2025-04-16,6987.2685546875,7016.193083712686,6847.134198548239,6852.121186311201,621996
2025-04-17,7055.09130859375,7073.543162585265,6981.782591384216,7019.683696880302,533349
2025-04-21,7123.91162109375,7170.290604696251,7039.6315326117865,7131.39210231996,244570
2025-04-22,7070.05224609375,7153.833636891786,7051.600392167992,7122.914314097273,305540
2025-04-23,7123.4130859375,7150.342818970307,7053.09656079628,7070.052318631751,287593
2025-04-24,7140.86767578125,7165.802614239876,7075.039438250478,7122.91452009104,277769
2025-04-25,6934.90478515625,7224.150058807237,6880.047922912097,7150.841342899142,550158
2025-04-28,7026.6650390625,7037.636411018452,6936.400569788524,6936.400569788524,379519
2025-04-29,6974.30224609375,7071.54850551372,6957.845186807293,7030.655206680707,174253
2025-04-30,6958.84228515625,7017.19003829967,6901.9906282472775,6973.803247500717,499567
2025-05-02,6909.9697265625,7079.527297797435,6899.995751783975,6903.985341695385,207912
2025-05-05,6955.85009765625,7012.701754605835,6931.912557888004,6941.88653279144,259097
2025-05-06,6990.7587890625,7055.589623887591,6931.912338990494,6981.283513203448,292595
2025-05-07,6964.82666015625,7037.636676795431,6931.912543045387,6951.8604928095465,338311
2025-05-08,6833.6689453125,6960.837126079828,6788.287359234748,6931.9125986896115,383274
2025-05-09,6704.50634765625,6826.188849056735,6660.122156571647,6717.9712146145,428193
2025-05-12,6907.97509765625,6922.437361432747,6740.911016100168,6782.303012426003,237009
2025-05-13,6899.49755859375,6994.749024708055,6882.043101452385,6890.022281859866,323598
2025-05-14,6898.49951171875,6974.800417183434,6844.640049037797,6911.964377388988,324593
2025-05-15,7054.09375,7078.031289766702,6852.120758218452,6923.933377518558,656146
2025-05-16,6996.74365234375,7086.509429779379,6974.8009067483745,7061.574491602816,270772
2025-05-19,6956.34912109375,7042.62400803541,6947.37254326167,6966.821795231177,307173
2025-05-20,6894.01171875,6988.764483981662,6873.066370646159,6967.320437113444,365507
2025-05-21,6965.82421875,7024.67067191527,6910.4686568741945,6910.4686568741945,449740
2025-05-22,6936.40087890625,6982.779862423274,6897.003677854154,6965.824105008448,229993
2025-05-23,7046.11474609375,7069.553587700829,6911.964780300048,6969.31513742375,321466
2025-05-26,7078.03173828125,7101.470580788065,7061.574678648806,7076.535641951028,228090
2025-05-27,7055.09130859375,7105.95858175955,7011.205818019335,7099.97419668122,218088
2025-05-28,6938.39599609375,7082.519940812437,6914.458455102411,7081.522543271131,278102
2025-05-29,6904.98291015625,6962.831965304172,6868.577901313161,6947.372304014641,308885
2025-05-30,6862.59326171875,6974.800476593157,6835.663530148892,6931.912385574496,911209
2025-06-02,6897.50244140625,7071.548305917188,6865.585721266709,6925.928270280529,1217905
2025-06-03,6794.7705078125,6932.411363603785,6781.804340237958,6931.912664850917,489548
2025-06-04,6837.15966796875,6850.125835099836,6754.375677824124,6794.770275424815,629518
2025-06-05,6858.10498046875,6901.491770266654,6824.193466603721,6850.6244994691115,488647
2025-06-06,6924.43212890625,6936.899597629524,6790.282165443824,6849.128617817677,269399
2025-06-09,6913.95947265625,6958.3436614233015,6868.079187638623,6958.3436614233015,239444
2025-06-10,6900.49462890625,6974.30204417532,6893.014147628979,6933.40874652624,559472
2025-06-11,6909.4716796875,6928.920932340536,6845.139536296689,6899.996402753969,526939
2025-06-12,6978.29150390625,7036.639256779617,6911.964571152764,6913.959366122794,552007
2025-06-13,6976.296875,7019.184967876546,6904.982953123883,6960.837213614268,367775
2025-06-16,7095.48583984375,7119.4233799275635,6963.829369382775,6992.255198232304,589027
2025-06-17,6988.265625,7115.932505753586,6981.283842458788,7101.470241918219,264117
2025-06-18,6915.45556640625,7011.704425158424,6898.998507655878,6988.265583907894,394355
2025-06-19,6991.2578125,7016.691448881875,6894.011555745774,6918.946493375062,462080
2025-06-20,7045.1171875,7058.582053647271,6956.348810677249,6986.769434195158,378436
2025-06-23,6989.2626953125,7031.153388598711,6977.293925802154,6981.7822143685335,137379
2025-06-24,6987.7666015625,7057.584423730553,6975.299133318205,7016.192429159492,238243
2025-06-25,7023.67333984375,7042.623892734553,6976.7956563770285,6976.7956563770285,378904
2025-06-26,7083.0185546875,7103.9639028038755,7002.229354810053,7036.140870807994,426516
2025-06-27,7289.4794921875,7304.939153147875,7098.976573256417,7111.44404177285,523582
2025-06-30,7223.15283203125,7317.406897569354,7184.753027552763,7317.406897569354,353888
2025-07-01,7476.49169921875,7564.761378431778,7385.229827490026,7455.5463516088785,1872535
2025-07-02,7421.634765625,7512.397937735183,7397.198526979951,7450.559293000772,910865
2025-07-03,7545.3125,7580.720113185724,7420.637805684071,7454.549322538004,894597
2025-07-04,7533.84228515625,7573.239487812459,7505.416455391644,7573.239487812459,349076
2025-07-07,7596.17919921875,7605.654475268196,7515.888702168184,7542.818434098188,449086
2025-07-08,7545.3125,7615.13032881692,7534.341126900198,7585.208402181097,481581
2025-07-09,7449.56201171875,7548.803064090689,7429.115362737596,7525.3642225757085,266815
2025-07-10,7339.84814453125,7435.598303775033,7328.8767721179,7435.598303775033,384661
2025-07-11,7170.78955078125,7364.78337060557,7140.368926078721,7335.8588421998875,578061
2025-07-14,7201.2099609375,7237.614969742793,7154.3322783663,7181.262010907202,670246
2025-07-15,7341.34423828125,7354.809104420343,7208.690371873885,7241.6044891027805,517978
2025-07-16,7333.365234375,7390.715591529242,7290.975839956648,7355.307979720971,527782
2025-07-17,7331.37060546875,7389.219662691686,7312.420052240547,7341.843279621178,378666
2025-07-18,7284.49267578125,7365.281873664221,7236.11889680194,7365.281873664221,192649
2025-07-21,7235.62060546875,7303.443639609198,7227.142726201195,7284.493085952308,217270
2025-07-22,7227.64111328125,7272.524001585625,7197.7191877449995,7251.079954951313,300768
2025-07-23,7354.31005859375,7370.76711643152,7225.1470895033735,7232.128871616366,508883
2025-07-24,7344.3369140625,7466.019416067745,7330.373348258619,7353.81219085799,454916
2025-07-25,7449.0634765625,7464.024439560216,7324.388784914871,7345.832831878263,434232
2025-07-28,7337.35498046875,7482.47632209292,7303.942162981399,7460.533576280331,240740
2025-07-29,7436.595703125,7449.561870525835,7291.474367984886,7337.354652633994,336770
2025-07-30,7430.611328125,7455.047566720847,7380.741453439597,7440.58530306208,266922
2025-07-31,7478.486328125,7505.416060168128,7335.858488044729,7358.798630155542,342605
2025-08-01,7332.36767578125,7518.382308377754,7312.419725904949,7518.382308377754,215243
2025-08-04,7288.98095703125,7368.772757327159,7276.014789483164,7367.775359823459,260996
2025-08-05,7255.06982421875,7322.892858044276,7216.670018302828,7292.9709313565445,282791
2025-08-06,7170.78955078125,7260.056629826374,7145.854612500489,7251.0800520453,296623
2025-08-07,7151.34033203125,7178.768764267074,7035.14351910494,7145.355946816161,407857
2025-08-08,7066.0625,7179.765813571882,7047.610646481756,7151.339985178912,327102
2025-08-11,7240.1083984375,7300.949645483193,7002.229096463765,7082.5195946142285,498598
2025-08-12,7217.6669921875,7266.040770826496,7186.248971009595,7240.1084358860035,342006
2025-08-13,7788.17822265625,7819.596243276558,7369.769979792154,7383.733544512291,2291645
2025-08-14,7801.14453125,7839.045636177124,7728.8332126390405,7809.622409983699,673142
2025-08-18,7802.14208984375,7896.894854117979,7785.685030785595,7829.570521607343,633876
2025-08-19,7813.12744140625,7854.07308275573,7789.658598193743,7820.118160661039,384598
2025-08-20,7872.54833984375,7907.501935162097,7802.141812131079,7819.618609790253,452843
2025-08-21,7915.99072265625,7936.463542919223,7842.5881719573,7882.535138324076,482016
2025-08-22,7911.99609375,7969.419858393815,7841.589564925845,7884.532554137741,843648
2025-08-25,7840.5908203125,7939.459562028324,7828.107393328179,7915.491382218428,402979
2025-08-26,7783.1669921875,7823.613295284131,7710.263779198511,7817.121913305659,671659
2025-08-28,7717.75390625,7817.621322221144,7704.271805093896,7744.718108562209,418353
2025-08-29,7599.91015625,7733.732490144546,7575.941977045007,7659.830604262484,481590
2025-09-01,7661.32861328125,7674.311377013591,7585.429379153716,7585.429379153716,255894
2025-09-02,7671.81494140625,7688.792402224254,7621.381896035121,7621.381896035121,195907
2025-09-03,7725.7431640625,7765.190792679417,7645.849232686466,7674.810782810278,321268
2025-09-04,7889.52587890625,7908.001350901157,7740.723428785107,7779.671721098694,386286
2025-09-05,7794.15234375,7904.505836476552,7785.164276469104,7889.525724341726,228324
2025-09-08,7776.17626953125,7839.09274098575,7730.237258627964,7824.11262873468,314960
2025-09-09,7815.12451171875,7837.594679952559,7744.717984586148,7744.717984586148,303494
2025-09-10,7918.4873046875,7928.474046148828,7794.651710567025,7794.651710567025,337313
2025-09-11,7869.05322265625,7930.971021984214,7849.579076093423,7865.058525925414,161041
2025-09-12,7864.0595703125,7904.50587326477,7831.103323462501,7864.558907385985,117761
2025-09-15,7806.13671875,7945.4517666954525,7785.663898084181,7889.526012681507,214626
2025-09-16,7842.0888671875,7851.576271738698,7795.151181513153,7795.151181513153,194911
2025-09-17,7877.54150390625,7900.511008798471,7849.578628385284,7858.566695517024,249447
2025-09-18,7840.09130859375,7875.544240439502,7810.630421566998,7864.558824938002,264065
2025-09-19,7796.14990234375,7866.05709419209,7788.160508989655,7840.091565791278,207129
2025-09-22,7728.7392578125,7786.163021518951,7601.408303506893,7601.408303506893,302818
2025-09-23,7673.81201171875,7738.72583014167,7654.337866191874,7714.7576510316685,443181
2025-09-24,7633.36572265625,7719.751035014432,7624.377655474474,7687.793462812561,201984
2025-09-25,7613.8916015625,7693.785532323911,7604.903534351841,7638.858454925441,374239
2025-09-26,7500.04296875,7620.3832054656295,7481.0681596413115,7539.989935294608,207170
2025-09-29,7434.13037109375,7584.930167713195,7416.154236397392,7539.989830972301,388214
2025-09-30,7399.1767578125,7468.085273980547,7390.188690486233,7434.1303529702045,369272
2025-10-01,7431.13427734375,7472.079917092587,7349.242997846077,7399.67604192696,220764
2025-10-03,7439.623046875,7474.077304894624,7394.183373254917,7431.134316638281,478143
2025-10-06,7651.84130859375,7719.751150538983,7539.989804213366,7539.989804213366,423558
2025-10-07,7689.791015625,7696.282397651177,7623.379184126421,7664.324824599229,210121
2025-10-08,7651.84130859375,7751.7087232190925,7633.3658368880615,7687.294240785746,188810
2025-10-09,7684.7978515625,7739.724931723116,7609.8972877071155,7679.804480638808,295802
2025-10-10,7670.81640625,7728.739508914041,7649.844248388882,7684.298507732147,273853
2025-10-13,7660.82958984375,7733.732804556121,7632.866712967772,7698.779208461148,191488
2025-10-14,7748.712890625,7838.094228904539,7664.8242602844275,7838.094228904539,413862
2025-10-15,7815.6240234375,7839.592203422486,7730.237382240988,7789.658495120432,212807
2025-10-16,7823.11376953125,7859.565375146606,7797.148242243599,7803.639624065512,178563
2025-10-17,7891.02392578125,8019.353556163189,7830.104801631069,7839.592206211834,610960
2025-10-20,7999.3798828125,8054.306960659527,7910.997221185919,7939.459434252107,498555
2025-10-21,8001.37744140625,8047.815790261142,7981.903295112264,8027.342969798233,31082
2025-10-23,7957.93505859375,8088.761373794325,7909.499361744682,7939.459586599775,456860
2025-10-24,7827.10888671875,7971.4173057466105,7814.126122377143,7964.426586485745,287555
2025-10-27,7835.09814453125,7892.52190889433,7823.613391658633,7827.10875122856,266541
2025-10-28,7870.0517578125,7890.524578196379,7818.120701229002,7853.57363408889,348079
2025-10-29,7848.0810546875,7894.519404123521,7835.597627419753,7880.038628492934,199897
2025-10-30,7779.671875,7827.108898628049,7754.705020458922,7756.702368822208,209452
2025-10-31,7670.81640625,7822.614882197142,7640.856180734117,7822.614882197142,347031
2025-11-03,7814.1259765625,7834.598796873003,7651.342088239963,7664.824189420051,332284
2025-11-04,7800.14453125,7873.047744972713,7770.184306432447,7814.125969498192,384562
2025-11-06,7771.68212890625,7840.091307244734,7689.790849727336,7722.247759158003,425649
2025-11-07,7631.86767578125,7880.537533314557,7615.389552691694,7778.672772397299,486385
2025-11-10,7519.51708984375,7642.354011558443,7505.03631451966,7621.38185419252,377719
2025-11-11,7491.0546875,7558.964528687842,7431.134239393081,7491.554024567558,306736
2025-11-12,7488.05859375,7529.004232899606,7448.111628725993,7510.029424513204,420561
2025-11-13,7430.63525390625,7499.044435398431,7415.155804079552,7470.082884109771,448567
2025-11-14,7410.66162109375,7457.099969639112,7365.221946710654,7430.135767257934,218565
2025-11-17,7477.57275390625,7494.550214582899,7415.15561906563,7465.089326938126,248470
2025-11-18,7375.7080078125,7464.090670962105,7363.224580813969,7440.122491124924,285148
2025-11-19,7449.1103515625,7472.079856601505,7322.278736781907,7409.163386277273,454714
2025-11-20,7413.158203125,7481.068045212094,7405.168809938283,7471.081303728698,228411
2025-11-21,7381.20068359375,7425.142346437496,7371.713279116123,7415.654941959869,138622
2025-11-24,7344.7490234375,7411.160854297327,7322.278855101469,7389.1900230354295,751685
2025-11-25,7320.78076171875,7399.676018546495,7304.801975525789,7399.176681477964,237415
2025-11-26,7383.1982421875,7392.186309843349,7298.810273640923,7331.766521712368,272489
2025-11-27,7312.79150390625,7386.194054338084,7300.30807696206,7380.202009404874,243681
2025-11-28,7325.7744140625,7349.243257185732,7290.321480833788,7320.2817060974885,299937
2025-12-01,7277.837890625,7371.713261015223,7272.345182783019,7365.221879020154,227568
2025-12-02,7232.3984375,7289.322865964167,7220.414347297017,7277.838112852975,329723
2025-12-03,7174.47509765625,7247.3783106474675,7141.019513612335,7190.453884065284,329160
2025-12-04,7191.45263671875,7217.917501997606,7148.5096477757,7174.475175973823,306183
2025-12-05,7179.9677734375,7209.927997820715,7137.524122227946,7191.452526117732,260117
2025-12-08,7086.591796875,7209.428717818577,7072.61035871882,7147.510920269782,287363
2025-12-09,7081.5986328125,7171.978646388798,7049.641058951267,7090.586700460971,560843
2025-12-10,7009.1943359375,7106.5650629808715,6996.2115723317165,7091.584951128046,266098
2025-12-11,7000.20654296875,7056.13229607614,6963.754936032683,7018.682014977441,350620
2025-12-12,7091.5849609375,7120.546510559692,6986.724177822665,7005.698986195826,306662
2025-12-15,7077.1044921875,7088.589245120564,7006.198626252933,7065.619739254436,205982
2025-12-16,7042.15087890625,7138.522935889084,7015.686013517182,7100.5733175953255,385236
2025-12-17,6912.3232421875,7099.574648372598,6902.336500524295,7099.574648372598,358023
2025-12-18,6909.3271484375,6940.286047274179,6871.876867586679,6912.323170905565,384579
2025-12-19,7003.20263671875,7014.687389705882,6892.849140625,6909.8266015624995,235742
2025-12-22,7044.6474609375,7094.5811684859655,7003.701820747759,7004.700494898728,358776
2025-12-23,7064.12158203125,7088.589098643926,7006.6978185525195,7060.126885441426,286197
2025-12-24,7162.4912109375,7199.941492645553,7035.16025313012,7060.626444691596,351381
2025-12-26,7146.51220703125,7192.451217864598,7122.044690391749,7172.477734893577,228172
2025-12-29,7075.10693359375,7170.480313812284,7060.626158586748,7158.496224151317,234376
2025-12-30,6980.732421875,7055.632984341471,6927.802691065362,7045.646242679274,433130
2025-12-31,7033.16259765625,7044.148013144247,6945.778610819911,6980.732205554446,226286
2026-01-01,7102.0712890625,7115.553390222923,7014.187962979747,7053.635592300983,81987
2026-01-02,7120.04736328125,7141.518857538989,7066.118959099023,7120.546700357012,353245
2026-01-05,7073.60888671875,7125.040604587734,7054.134741117872,7120.047233920843,349588
2026-01-06,7338.2578125,7350.2419025585195,7030.666167664671,7030.666167664671,581189
2026-01-07,7437.6259765625,7478.072280966768,7305.301647338662,7339.256569554591,567878
2026-01-08,7354.73583984375,7433.131761281422,7315.288210585304,7415.155626429472,778407
2026-01-09,7246.87890625,7350.74101694386,7215.420670799455,7338.257590177771,312461
2026-01-12,7258.86328125,7279.835439041325,7101.5720978150575,7193.450122424675,333583
2026-01-13,7301.80615234375,7311.792893986838,7230.400949595672,7289.3227252898905,275363
2026-01-14,7262.85791015625,7315.78764123061,7232.89768501982,7248.377134673642,383251
2026-01-15,7262.85791015625,7262.85791015625,7262.85791015625,7262.85791015625,0
2026-01-16,7225.90673828125,7289.322546156429,6940.785271377885,6940.785271377885,501597
2026-01-19,7123.54296875,7250.374590372214,7094.581417355951,7244.382545256204,364331
2026-01-20,6903.3349609375,7119.54791125113,6875.87142221406,7119.54791125113,499367
2026-01-21,6817.44921875,6902.336523165696,6729.066554740717,6870.878286823409,620592
2026-01-22,6787.98828125,6905.332495321925,6771.510157571815,6869.380225478612,714732
2026-01-23,6793.98046875,6826.936716797736,6687.621668232306,6800.971188032853,458099
2026-01-27,6784.49267578125,6832.928370897963,6699.605375061237,6792.981405853251,515312
2026-01-28,6868.38134765625,6880.864774315021,6775.504653314987,6789.486091172812,399249
2026-01-29,6791.98291015625,6889.8529770868945,6747.042573300342,6889.8529770868945,517720
2026-01-30,6951.271484375,6965.252922602318,6758.0280345902775,6778.001517772161,489138
2026-02-02,6924.30712890625,6940.78525216679,6821.9430298635025,6905.831657371706,343776
2026-02-03,7079.1015625,7154.002122165303,6993.215587417119,7060.6260911158915,438009
2026-02-04,7106.5654296875,7150.507093389896,7040.6529341339065,7070.61315938554,216137
2026-02-05,7112.55712890625,7123.542544297708,7033.661872913046,7106.5650841472725,234707
2026-02-06,7143.01708984375,7166.985270222114,6984.727231928303,7070.613211617441,668962
2026-02-09,7201.439453125,7270.347970981833,7154.002429962687,7189.455363062942,412161
2026-02-10,7209.4287109375,7270.847171350667,7175.473789733472,7240.387609682349,277132
2026-02-11,7497.046875,7629.870537498335,7395.182111279472,7395.182111279472,1496488
2026-02-12,7529.00439453125,7569.450697486352,7400.175429563146,7502.040192561181,434146
2026-02-13,7532.5,7587.9264169705,7475.076234670202,7508.032482598607,431623
2026-02-16,7618.0,7631.0,7478.0,7526.5,494924
2026-02-17,7601.5,7615.0,7554.5,7590.0,525344
2026-02-18,7647.5,7670.0,7590.0,7590.0,385965
2026-02-19,7592.5,7649.0,7551.5,7610.0,186713
2026-02-20,7615.5,7635.0,7540.0,7540.0,256304
2026-02-23,7693.0,7710.0,7615.5,7680.0,399710
2026-02-24,7720.5,7729.5,7658.0,7658.0,377143
2026-02-25,7783.0,7800.0,7714.0,7770.5,383833
2026-02-26,7775.0,7831.0,7729.0,7800.0,361759
2026-02-27,7821.5,7870.5,7731.5,7735.5,698131
2026-03-02,7791.5,7819.0,7605.0,7621.0,533503
2026-03-04,7666.0,7715.0,7476.0,7620.0,625428
2026-03-05,7775.0,7796.5,7635.0,7700.0,446578
2026-03-06,7724.5,7781.0,7669.0,7770.0,225749
2026-03-09,7779.0,7809.0,7556.0,7588.0,358612
2026-03-10,7803.0,7870.0,7770.0,7865.0,381453
2026-03-11,7684.0,7798.5,7659.0,7770.5,331690
2026-03-12,7574.5,7662.5,7542.5,7590.0,550020
2026-03-13,7550.0,7616.0,7485.5,7556.0,394082
2026-03-16,7490.0,7750.0,7410.0,7565.0,481339
2026-03-17,7500.0,7574.5,7470.0,7490.0,343558
2026-03-18,7471.0,7605.0,7455.5,7511.5,497712
2026-03-19,7252.0,7407.0,7229.0,7407.0,264884
2026-03-20,7364.5,7447.5,7202.5,7231.5,696455
2026-03-23,7145.0,7288.0,7080.0,7288.0,464969
2026-03-24,7413.0,7464.0,7199.0,7210.0,653790
2026-03-25,7580.5,7612.5,7437.5,7461.0,450043
2026-03-27,7549.0,7621.0,7510.0,7510.0,533512
2026-03-30,7419.0,7509.5,7360.5,7470.0,764508
2026-04-01,7305.5,7587.0,7250.5,7549.0,618068
2026-04-02,7317.5,7368.0,7150.5,7150.5,338111
2026-04-06,7373.0,7397.0,7243.0,7350.0,360086
2026-04-07,7326.5,7370.5,7220.5,7370.5,311560
2026-04-08,7401.5,7518.0,7332.5,7385.0,387242
2026-04-09,7481.5,7512.0,7364.0,7400.0,416753
2026-04-10,7511.5,7563.0,7461.5,7500.0,437163
2026-04-13,7516.5,7566.0,7403.5,7420.0,310575
2026-04-15,7642.0,7686.0,7500.0,7516.5,464570
2026-04-16,7553.0,7678.0,7510.0,7678.0,400487
2026-04-17,7699.0,7710.0,7515.0,7553.0,343875
2026-04-20,7657.0,7730.5,7622.0,7705.0,344019
2026-04-21,7744.0,7765.0,7667.5,7686.5,312758
2026-04-22,7662.0,7801.5,7615.0,7702.0,608446
2026-04-23,7781.0,7815.0,7601.0,7685.0,304110
2026-04-24,7732.5,7845.0,7684.5,7814.0,407458
2026-04-27,7825.0,7850.0,7735.0,7759.0,289661
2026-04-28,7753.0,7878.5,7711.0,7840.0,353826
2026-04-29,7709.0,7799.0,7681.0,7745.0,321242
2026-04-30,7636.5,7680.0,7561.5,7634.5,392016
2026-05-01,7636.5,7636.5,7636.5,7636.5,0
2026-05-04,7737.5,7790.0,7673.0,7699.5,328426
2026-05-05,7772.0,7780.5,7678.0,7724.5,254331
2026-05-06,7760.5,7815.0,7742.5,7810.5,437084
2026-05-07,7837.0,7855.0,7744.0,7760.5,405862
2026-05-08,8097.0,8115.0,7812.5,7837.0,922866
2026-05-11,8082.0,8144.0,8022.5,8046.0,466135
2026-05-12,8022.5,8078.0,7995.0,8050.0,390002
2026-05-13,8004.5,8112.0,7981.0,7981.0,329337
2026-05-14,8119.0,8180.0,8011.0,8011.0,431011
2026-05-15,8082.5,8170.0,8028.5,8170.0,300134
2026-05-18,8020.5,8099.0,8006.0,8062.5,323387
2026-05-19,8026.0,8093.5,7983.0,8030.0,396261
2026-05-20,8078.5,8140.0,7814.5,7924.0,492013
2026-05-21,8308.5,8388.0,8051.5,8198.5,1425124
2026-05-22,8362.5,8440.5,8255.0,8308.5,564868
