Date,Close,High,Low,Open,Volume
2021-05-24,48.94756317138672,49.93057058903248,48.74471974735758,49.41566228181925,74623869
2021-05-25,46.56026077270508,49.2596305410909,46.43543267034271,49.2596305410909,53594838
2021-05-26,46.731895446777344,48.120593381941234,46.497845875019486,46.809914351572,45070683
2021-05-27,46.357418060302734,47.10637597220059,44.37580002853259,47.05956677232817,360249207
2021-05-28,45.2027702331543,46.685082890623605,45.062339071669584,46.341811876668324,44625315
2021-05-31,45.37440872192383,45.624061349012365,44.843897335774805,45.42121791988176,29061186
2021-06-01,45.858116149902344,47.746115920433226,45.5616507196686,47.746115920433226,74882883
2021-06-02,46.91912841796875,47.12197182433981,45.56164040162492,45.63965929411378,24742749
2021-06-03,47.184391021728516,47.418440573282105,46.5602576938147,47.199990515765165,26792298
2021-06-04,47.68370056152344,47.8085250955906,47.0751702440068,47.3092198166958,23574183
2021-06-07,47.839725494384766,48.136187298569396,47.55886675508813,47.746107105056765,16889640
2021-06-08,47.73050308227539,47.99575875136066,46.26379001305013,47.9333464930612,31918326
2021-06-09,47.02836608886719,48.52628208624587,46.66948837229807,47.87094249815016,31016931
2021-06-10,47.449642181396484,47.730500902228655,46.84111197683311,47.106367633803075,17381064
2021-06-11,48.07377624511719,48.3702380567396,46.85671929675588,47.434039854721256,25835898
2021-06-14,47.356021881103516,47.85532708476025,46.04534661433273,47.746105633909565,26533281
2021-06-15,47.02836608886719,47.71491181382745,46.82552262793422,47.43404943941968,22951029
2021-06-16,46.71628952026367,47.2780069866293,46.26378993442393,46.80990790755376,19709055
2021-06-17,45.608455657958984,46.731890629539855,45.14035656269606,46.24819204050169,22419540
2021-06-18,45.62406539916992,45.87371804842072,43.84528714835894,45.73328687076762,34091544
2021-06-21,46.56026077270508,46.809913406116834,44.313383500686285,44.313383500686285,23199468
2021-06-22,47.246803283691406,47.43404006788633,46.49784186166077,46.80991031127778,28261329
2021-06-23,52.583133697509766,53.051232831738716,47.59007745617199,48.40145119353575,363893778
2021-06-24,53.41010665893555,54.143461440294935,52.05261855306674,52.723561073369005,169690515
2021-06-25,54.611568450927734,54.89242723767783,53.316495989847176,53.410114394992796,71399592
2021-06-28,54.22147750854492,55.266900752120215,53.987427955065414,54.97043893672957,38881053
2021-06-29,54.502342224121094,54.876819383351865,53.84700273132609,54.1278614935774,49605246
2021-06-30,55.54776382446289,55.82862259623068,54.549153270927185,54.87682124277077,43091670
2021-07-01,57.62300491333008,58.01308873054542,55.26690608568068,55.485352594763704,87835578
2021-07-02,56.37474060058594,57.872656429725666,56.24991249583444,57.872656429725666,40351092
2021-07-05,55.9222412109375,56.79602360717554,55.73500085056048,56.577580686600655,22985568
2021-07-06,56.49956130981445,56.858438961785225,55.67258811781978,55.70379424906718,41588856
2021-07-07,57.07688522338867,57.23291587900121,55.828618550611594,56.20309926670728,17834940
2021-07-08,56.37474060058594,58.481186744177265,55.89103839088584,57.35774808666595,44887437
2021-07-09,56.43715286254883,57.01447704359216,56.234309424415386,56.37474059583486,18512454
2021-07-12,57.373348236083984,57.71662282821135,56.483959195305566,56.483959195305566,18021216
2021-07-13,56.68680191040039,57.66980933413776,56.21870279706709,57.420156711780855,15530661
2021-07-14,57.46696472167969,57.62299894667165,56.42154505677792,56.51516344898546,18423249
2021-07-15,56.15629196166992,57.54498627127699,56.00025772948852,57.46696736952983,14669931
2021-07-16,56.062679290771484,56.54638513361602,55.76621741464584,56.327935029548485,21219636
2021-07-19,58.04429244995117,58.590406914284564,55.43854108764724,56.01586168464963,45407127
2021-07-20,56.5463752746582,58.278340594731496,56.249909878908305,58.247134462823695,21901098
2021-07-22,57.57619094848633,57.65420627694911,56.79602337860724,56.82723308130517,14278368
2021-07-23,56.998863220214844,57.79463380575374,56.67119528995991,57.48256894021035,12770211
2021-07-26,57.60739517211914,57.73221969352585,56.23430400876917,56.99886491632335,13753260
2021-07-27,57.123695373535156,57.81024098362798,56.73361158536726,57.60739755663319,14436747
2021-07-28,59.276947021484375,59.79185530515197,56.95205464122753,57.10808886134086,48274629
2021-07-29,58.9180793762207,59.82307152310141,58.65282367305101,59.58902195309133,27425199
2021-07-30,57.62300491333008,58.80885586064656,56.95206231909746,58.80885586064656,28756776
2021-08-02,57.357749938964844,58.35636052397358,57.24852846867902,57.73222712268654,21084204
2021-08-03,56.874046325683594,57.70101958017704,56.65559981912978,57.357748539199946,17656980
2021-08-04,54.751991271972656,57.669807309360216,54.549147853808314,56.952055598870146,38353227
2021-08-05,55.110870361328125,55.891037974762085,54.33070631920718,54.92362999125145,33065568
2021-08-06,54.736385345458984,56.10947643409037,54.61155725953226,55.20448441788729,23813595
2021-08-09,53.41010665893555,53.95622108581084,50.66392431666937,51.49090106092717,110821485
2021-08-10,52.81718826293945,54.36191698060442,52.33348958786225,53.410115555686744,32690748
2021-08-11,53.753379821777344,53.89381098610042,51.58452152124828,52.817181583124466,27235548
2021-08-12,54.25269317626953,54.37751771381711,53.05123557449513,53.64416284178561,17966661
2021-08-13,54.45552444458008,54.79879901121709,53.84699777757029,54.361906056213215,27821241
2021-08-16,54.408714294433594,54.78319498394659,53.8157907025693,54.34630203661894,12560913
2021-08-17,54.93923568725586,55.07966328392113,53.768987858480536,54.33070538776751,18039039
2021-08-18,54.33070373535156,56.74921465082625,54.06544804507171,54.95483708215364,34210602
2021-08-20,53.378902435302734,54.58035636013647,53.14485287666466,53.64415812558417,15542163
2021-08-23,54.65837860107422,55.204496687831025,52.785981895195555,53.80019915842203,26688300
2021-08-24,55.438541412353516,55.688194046480696,54.424324238105946,54.611564606529576,14925912
2021-08-25,56.15629196166992,56.34353232602503,55.32931517381526,55.32931517381526,16571559
2021-08-26,56.57757568359375,56.85843441366726,55.984648523382994,56.281110317832116,21301485
2021-08-27,57.825836181640625,58.04428264473518,56.577573229180544,56.63998548397546,28167945
2021-08-30,57.435760498046875,58.27834034114276,57.326539036844814,57.70101618942187,13619223
2021-08-31,58.247135162353516,58.48118472578579,57.31093690862442,57.38895223933088,21603702
2021-09-01,59.24574661254883,60.0259142171366,58.215929945773574,58.418773380113876,26940252
2021-09-02,59.3393669128418,60.05712227488852,59.21454237774712,59.526607286796896,25664589
2021-09-03,61.976318359375,62.272780172158896,59.46418912641308,59.91668516391559,52170660
2021-09-06,60.993324279785156,63.31821352901981,60.774874187468555,62.803308719151524,36365391
2021-09-07,60.63443374633789,61.789082017684805,60.33797193143139,60.99331496567912,15882570
2021-09-08,61.50821304321289,62.22596826162603,60.618827694703434,61.1649456403955,19285563
2021-09-09,61.49261474609375,62.17915670769872,61.008909046056814,61.398996361687374,11581218
2021-09-13,61.32097625732422,61.99191871290504,61.0557206021062,61.63304467513208,10518984
2021-09-14,63.55027770996094,64.05265096391028,61.13260507785834,61.36809276522565,29010315
2021-09-15,65.24578857421875,65.55977457129727,63.64447508079832,64.00555430620432,35238519
2021-09-16,64.53932189941406,65.62256670220536,64.28813886486184,65.27719002969604,12378501
2021-09-17,64.46082305908203,65.10449028765301,63.01649922418364,64.63351496787064,16039149
2021-09-20,63.2990837097168,64.66491652679254,63.1263917910915,63.581671792287906,12243591
2021-09-21,64.19393920898438,65.07309412052783,63.29908176599649,63.29908176599649,20777913
2021-09-22,64.66490173339844,64.94748256481004,63.98983674525853,64.1782239661996,9672642
2021-09-23,65.1358871459961,66.15632886524658,64.85329908393454,64.99459311496531,19379646
2021-09-24,64.52361297607422,66.09352817122883,63.92704620802721,65.30857416690773,17282355
2021-09-27,64.05264282226562,65.84235045607271,63.66016578871196,64.71200538847788,10315860
2021-09-28,66.04643249511719,66.70579498402694,64.09973571341851,64.3666212147879,29934006
2021-09-29,64.41372680664062,66.69011245673845,63.95845398852917,66.21913710658215,27378225
2021-09-30,63.72295379638672,65.16727744072413,63.33046962400956,64.68059965412083,34237251
2021-10-01,63.34617614746094,64.13113735520132,62.529817066331944,62.796702583391415,22069932
2021-10-04,64.6177978515625,64.71199145695535,63.346166212480426,63.42466447689685,16627587
2021-10-05,64.63351440429688,65.1986833458051,64.22533483917621,64.93179781268974,18733530
2021-10-06,62.5769157409668,65.46556313199464,62.16873621167837,64.64920407341779,15618651
2021-10-07,63.77005386352539,63.98984617351932,62.95370193265434,63.11069130656937,7587423
2021-10-08,62.84380340576172,63.94274335471574,62.608315760520675,63.738653583072654,9881742
2021-10-11,65.49697875976562,66.25054227757978,62.84381828667116,62.84381828667116,21749220
2021-10-12,66.01504516601562,66.47031796934743,64.22533745621872,65.52836729961362,18331041
2021-10-13,65.51268005371094,67.17678927649531,65.02600212714253,66.28193890422608,16863453
2021-10-14,66.1092300415039,66.7685925483995,65.63825476900354,65.71674585674536,15404877
2021-10-18,68.1815185546875,69.54735116062781,64.36662314877887,64.44511423673805,40084623
2021-10-19,64.9474868774414,68.82518518464852,64.60211028278248,68.82518518464852,15424062
2021-10-20,64.30381774902344,65.99933154424292,63.69155566578892,64.94748489005099,16082943
2021-10-21,64.17823028564453,64.99458936313067,63.75435540353348,64.63351022751662,15707487
2021-10-22,63.251983642578125,64.96319292522405,62.796703690646765,64.39802400775123,10288875
2021-10-25,63.20488357543945,63.58166525126803,60.83431174085329,63.58166525126803,13207770
2021-10-26,64.74339294433594,65.07308136140644,63.14208000361569,63.20487574405431,9505146
2021-10-27,65.0102767944336,65.85803364199214,64.69629810016129,64.82188957787021,9492999
2021-10-28,62.89088439941406,65.26146292113359,62.76529292943219,65.01027279465862,11429706
2021-10-29,64.9474868774414,68.71528903854635,57.60027697519416,62.105939913747996,95295024
2021-11-01,62.96938705444336,65.55975082934688,61.634959626512114,65.21436707628996,23954010
2021-11-02,62.985103607177734,63.92705428051932,61.93325677220941,63.42468106717136,19613109
2021-11-03,62.9066047668457,64.75910822049654,62.62401669273278,63.40897797575837,25307715
2021-11-04,63.37757873535156,63.51887276936711,63.2048868256118,63.48747489364289,1434759
2021-11-08,66.70580291748047,66.97268845059108,63.28338420670136,63.28338420670136,35893830
2021-11-09,69.32756805419922,70.3951102332264,66.7058058283452,66.7058058283452,51756600
2021-11-10,68.982177734375,69.51595596018134,68.74669008842115,69.35895940520369,15949584
2021-11-11,70.11253356933594,70.64630469102183,68.91939262529226,68.99789091489798,23431827
2021-11-12,70.20671844482422,71.58824648772325,69.73574313898393,70.80328524915183,23132022
2021-11-15,69.908447265625,70.9602942156459,69.31188035699218,70.56780993448085,8602539
2021-11-16,68.38560485839844,70.33230160007446,68.04022109201695,69.84563100791145,8030718
2021-11-17,67.64775085449219,68.38561167388208,66.89418750483273,68.35421379985567,18084606
2021-11-18,65.57545471191406,68.29141002165966,65.43416070215308,67.67914077037,28766142
2021-11-22,63.7386589050293,66.06213767784422,63.03219591031895,65.90514829674632,17243226
2021-11-23,66.25054168701172,66.45463150516234,63.644474465440105,63.89566469797711,17089326
2021-11-24,65.41846466064453,66.86278839878462,64.99458977584189,66.59590288122138,11478315
2021-11-25,66.45462799072266,66.75291143535715,64.57072649912472,65.4184764211327,9875469
2021-11-26,62.231529235839844,66.04643166573025,61.729156110952424,65.46556026971565,22881369
2021-11-29,61.93325424194336,63.20488616169966,59.28009424529378,61.6192683014862,14850591
2021-11-30,63.97413635253906,64.4608141359844,61.91754344930834,61.933245978166866,32274063
2021-12-01,64.63351440429688,64.77480124978918,63.267681676929584,64.0526429318934,14136084
2021-12-02,64.64920043945312,64.93178846277219,63.50316019056663,64.08403157932696,13228377
2021-12-03,64.88468933105469,65.87374024548286,64.555008088416,64.63350636009649,12481431
2021-12-06,65.26148223876953,66.31332907749623,64.88470053078395,64.88470053078395,14751723
2021-12-07,66.0621337890625,67.41226394656793,65.37137336638051,65.74815504534924,23275224
2021-12-08,65.60685729980469,66.86278657651603,65.40276753469944,66.26621981075252,9462426
2021-12-09,65.23008728027344,65.73246051789184,64.11544463810064,64.71201151030118,12294123
2021-12-10,64.53932189941406,66.20343824937828,64.39803503573539,65.18298920522504,18276354
2021-12-13,65.60685729980469,66.37611595808129,64.74339783723921,64.93179225930459,27024840
2021-12-14,65.87373352050781,66.84708180662703,65.5126544433615,65.74814204785021,19438713
2021-12-15,65.30859375,66.04645475975991,64.806220449451,65.77956916842184,14031681
2021-12-16,65.05738067626953,66.18771840921345,64.53930502320489,65.62254954274148,23209956
2021-12-17,63.20488357543945,65.35567029125804,62.89089764783018,65.23007879481942,12549333
2021-12-20,61.30527877807617,63.07928357901764,60.1749339029053,63.07928357901764,16835343
2021-12-21,62.63970947265625,63.25197874690945,61.352375181125744,61.352375181125744,10884186
2021-12-22,63.86424255371094,64.11542550430345,62.953689984790074,62.953689984790074,8943987
2021-12-23,65.59115600585938,65.85804152117656,64.17823015305812,64.17823015305812,8703837
2021-12-24,64.0683364868164,65.528362799237,63.55026796595085,65.37137342723423,9183225
2021-12-27,64.9788818359375,65.13587837661846,63.2676727227037,64.05263386657256,8676960
2021-12-28,65.0102767944336,65.6539438974593,64.52360622505569,65.55975028917761,10372101
2021-12-29,65.84236145019531,66.84710799815106,64.9632064241055,64.9632064241055,24965061
2021-12-30,65.92082977294922,66.69009554477117,64.36661726077757,65.87373656178409,42195855
2021-12-31,65.92082977294922,66.87848276245509,65.49695493990453,65.93653230101206,12683187
2022-01-03,66.32901763916016,66.62730103141023,65.77955125828377,65.8580423489732,8974341
2022-01-04,67.86753845214844,68.77808392227521,66.31331864284118,66.72149816338751,31336737
2022-01-05,66.97269439697266,68.1030395668433,66.75290925051965,67.74195318932861,11957511
2022-01-06,66.53311157226562,66.92559579631273,66.12493200370395,66.25053069238581,8820915
2022-01-07,65.32428741455078,67.17679115837626,65.15159547404403,66.53312381158362,12974964
2022-01-10,66.20341491699219,66.40750465389452,65.30856489200526,65.60684823366756,9408897
2022-01-11,66.07782745361328,66.61159843282073,65.48125354757688,66.2505193327413,10022118
2022-01-12,66.12492370605469,66.54880575245339,65.5597548307019,66.25052237897587,7794744
2022-01-13,65.79524230957031,66.65869455641368,65.07308407786805,66.53310307029366,12144687
2022-01-14,69.10777282714844,69.73573745491328,65.43416430372278,65.65394940816118,27463650
2022-01-17,67.97742462158203,69.95551921295235,67.75763952765729,69.70433624846694,28842888
2022-01-18,65.41846466064453,68.60540271444842,65.18297701652916,68.54259978104008,17939775
2022-01-19,65.35567474365234,66.06213773901688,64.36663086204994,65.6696606926521,30378717
2022-01-20,66.67440032958984,66.81569435160584,65.13588299022399,65.62255361587493,20278191
2022-01-21,64.9788818359375,66.45461051117381,64.3666197614225,66.37611224083334,17723898
2022-01-24,61.948951721191406,65.54406966310292,61.24248872070232,64.97889351350103,20025537
2022-01-25,64.11542510986328,64.52360458857649,60.975587941192714,61.63495755546462,29718342
2022-01-27,64.33523559570312,64.77480588101642,62.215846523631825,63.39328489700477,23800311
2022-01-28,65.02598571777344,66.250524305405,64.47651216898815,64.91608957071391,24666333
2022-01-31,65.84236145019531,68.9978951494188,65.19869412086119,67.4122770330619,53776260
2022-02-01,65.12018585205078,66.70580372554035,63.84855392164733,66.45462072028192,29395494
2022-02-02,66.17203521728516,66.62730802521624,65.46557220784794,65.79525350828264,30206025
2022-02-03,65.29287719726562,66.3918172088021,65.16728569572157,66.25053036282155,11555226
2022-02-04,64.30381774902344,65.81094431655724,64.16253092151521,65.76384391637978,17933076
2022-02-07,63.45608139038086,64.61781724525302,62.67112007016112,64.3352363442637,18325029
2022-02-08,62.63970947265625,64.02123737872292,61.666361082758385,63.4874663765059,26278878
2022-02-09,64.09498596191406,64.30062188980254,62.671355956973784,63.08262781275075,15305202
2022-02-10,64.15824890136719,64.77515660291945,63.430619746425286,64.20570612493108,12104241
2022-02-11,63.383174896240234,64.42716884984868,63.22499618840777,63.5413536040727,11505933
2022-02-14,61.97536849975586,63.08263397590333,61.01046024524535,62.32336166937186,31961610
2022-02-15,62.94025421142578,63.0826186394088,60.93135245455189,62.070260637460464,10746255
2022-02-16,62.95607376098633,63.69952437205615,62.180980174934035,63.19334538666724,13420629
2022-02-17,63.58879852294922,64.74352096890729,62.78207640778951,63.035162291311444,19166469
2022-02-18,63.27243423461914,63.77861324507493,62.95607687868161,63.27243423461914,10616886
2022-02-21,62.68716049194336,63.85769702251362,62.27588874740511,62.63970327489868,10470885
2022-02-22,62.434085845947266,63.304079568113906,61.168634507467466,61.69063508534155,20409699
2022-02-23,62.95607376098633,63.44643125888401,62.449894775597414,62.449894775597414,10145349
2022-02-24,59.42864227294922,62.24427017848061,59.159734864446605,61.91208404948619,24915339
2022-02-25,63.319889068603516,63.636253653556224,60.70990115537117,61.010444252646295,22461840
2022-02-28,66.57842254638672,66.91060138877818,62.070261459908764,62.339168831459524,35587689
2022-03-02,68.334228515625,69.4731294278366,65.66096915258095,65.66096915258095,51608091
2022-03-03,68.03369140625,69.58386424008015,67.2744192373361,68.96695650795712,28625697
2022-03-04,67.9862289428711,71.1023958594281,67.24277832018772,67.70150733217955,46128378
2022-03-07,67.78058624267578,69.09349443683416,65.34459872433843,67.32186451769617,38244033
2022-03-08,67.38513946533203,68.88786212527636,65.86660255937473,68.47659035556717,20461842
2022-03-09,70.37477111816406,71.29222195847109,67.4484184260349,67.82805450494746,30245265
2022-03-10,68.57150268554688,71.65603394821854,68.22350235575983,71.29221937123519,37328694
2022-03-11,67.95460510253906,69.22005642775054,67.73315492212934,69.04605623695025,29348391
2022-03-14,66.3727798461914,68.36585993731693,66.18295821215972,68.33422420513747,28491564
2022-03-15,65.02824401855469,66.48351684464603,64.30061484646488,65.80333765628268,23328489
2022-03-16,66.11970520019531,66.40443411022625,65.36044017504109,66.0880694591871,23656146
2022-03-17,66.24623107910156,67.0054958254484,65.48695909180041,66.49931691423241,36269526
2022-03-21,66.08804321289062,67.82803724114689,65.4553214030493,66.4360434667327,38413833
2022-03-22,66.3727798461914,66.64168719019425,64.85424297871268,66.21459394433917,19632078
2022-03-23,65.613525390625,67.66988473861453,65.43952519649073,67.66988473861453,33279774
2022-03-24,66.12339782714844,66.6173350641345,65.08773497473045,65.61353113068041,15609300
2022-03-25,65.6453857421875,66.34645688450223,65.31078692140422,66.31459067746131,22413369
2022-03-28,65.34264373779297,65.90031322142504,64.86464340716726,65.64537630802842,13461477
2022-03-29,66.09150695800781,66.47390866112504,65.4860418494006,65.64537285332202,12104067
2022-03-30,66.4261245727539,67.52552704621782,66.17119489410018,67.52552704621782,22181898
2022-03-31,67.17498016357422,67.66891727358012,65.88438064785217,66.98378293669195,21738033
2022-04-01,68.54524993896484,69.15072242123615,66.99972076256103,67.22278419750862,45845880
2022-04-04,69.93146514892578,70.21826103390485,68.7683302700189,69.31006312424273,29426580
2022-04-05,69.66061401367188,71.28581293310614,69.31007833915136,70.55288266133715,29299197
2022-04-06,70.10671997070312,70.42538200613882,69.21445168407026,69.4693813124188,27765654
2022-04-07,74.67960357666016,75.81087225042373,70.60066310919869,70.74406469908705,162897504
2022-04-08,76.35260009765625,77.1811287856526,74.87079592220208,76.06579693669501,86792331
2022-04-11,77.7387924194336,79.0931243678483,76.81465788589567,77.06959481991264,53098242
2022-04-12,77.24485778808594,78.5195204977372,75.66745520884349,77.73878758230656,34166946
2022-04-13,78.74259185791016,79.74638820295586,77.77065442247506,77.77065442247506,35185764
2022-04-18,81.24413299560547,81.67433774107528,77.83439770815512,78.39206728470899,58066713
2022-04-19,79.7623291015625,82.69406372150705,79.04532854906388,81.26006261650981,39192846
2022-04-20,80.71832275390625,81.45125269771269,79.85792070768056,80.52711824713046,31402827
2022-04-21,80.59086608886719,82.4391278830916,80.2721967411769,81.0847959193949,32102493
2022-04-22,80.1925277709961,81.7858672195191,79.93759812720482,80.44746470849427,14025423
2022-04-25,78.32833099365234,79.66673353493593,77.35639347045723,79.66673353493593,15988692
2022-04-26,79.82606506347656,80.75019963628691,78.7107332523084,78.72666270865133,16455561
2022-04-27,78.55140686035156,79.3321399761508,77.38827191603418,78.88600572516435,13818495
2022-04-28,78.59920501708984,79.6667412624164,77.59540119033386,79.6667412624164,9256521
2022-04-29,76.01799011230469,79.61892972322717,75.4443911132632,78.94973210662994,21932493
2022-05-02,75.89051818847656,76.28885666491692,74.47245392647484,74.88672185749726,13942155
2022-05-04,73.67578887939453,76.43225571562941,72.91098537521403,76.16138932742105,16041333
2022-05-05,74.8548583984375,75.97019012719917,73.930723893907,74.83892164956495,18857412
2022-05-06,72.70384979248047,74.64771722618734,72.41704669008688,74.01037861946956,16795458
2022-05-09,71.8593978881836,72.38520129580888,70.58473489576565,71.70006683755834,23472795
2022-05-10,71.0308609008789,73.10219349383375,70.77592395571008,71.700058529673,13234959
2022-05-11,69.7880630493164,71.76379719511318,68.75239301575044,71.66819856748582,17541396
2022-05-12,69.56498718261719,71.11052374373992,68.87986008807967,70.10672728680497,23454804
2022-05-13,69.7083969116211,71.92313136967688,69.18260078994552,70.23420032700473,12118287
2022-05-16,72.28960418701172,72.51266766258219,68.92766424524581,69.7243341025566,15258537
2022-05-17,74.16973114013672,74.53619616836073,72.06652500460518,72.91099043267172,17055900
2022-05-18,74.28125762939453,75.60373072272716,73.93072935905874,74.72739181261991,18878982
2022-05-19,72.4967269897461,73.54832637075451,71.44512031503068,73.13405840078305,11176905
2022-05-20,74.87078857421875,75.95425410937001,73.1499843647495,73.61205526831537,17729133
2022-05-23,73.73953247070312,76.54380268631803,73.38899687032429,75.28506916900263,15413691
2022-05-24,73.8191909790039,74.36092375931642,69.81992024314209,70.10672338269899,36815832
2022-05-25,72.1302490234375,75.03011729204957,71.85938264796698,73.93072233533734,12376107
2022-05-26,72.01872253417969,73.14998371900913,70.93524971488625,72.40111698294686,11313504
2022-05-27,73.58019256591797,74.13786210906106,72.40112106790806,73.29338941945421,11187723
2022-05-30,73.50052642822266,74.9823305897352,72.97473036301717,74.53619639560816,8326164
2022-05-31,74.80706024169922,75.18946200838542,73.18186185041668,73.73952410369813,13674072
2022-06-01,78.42393493652344,78.9338015639554,74.80706558510931,74.99826283525596,34360020
2022-06-02,78.3124008178711,79.52333863603312,77.80253418225227,79.09313387573405,26049855
2022-06-03,77.19706726074219,79.01347030208939,77.03773621981964,78.71073767748278,11056728
2022-06-06,77.56352233886719,78.18492425920883,75.93832404908744,76.7668599428763,13057254
2022-06-07,78.32833099365234,79.20466260455736,77.16519623329118,78.39206340604103,28241430
2022-06-08,78.16900634765625,79.81014178181955,77.77067505367,78.69480978243308,24623397
2022-06-09,78.24866485595703,78.8541300907604,77.46793183345639,78.13712948311198,6650814
2022-06-10,78.6151123046875,78.85411245378077,76.95804800803674,77.43604830622331,9887892
2022-06-13,75.04605865478516,77.43606052277195,74.8389246733125,77.43606052277195,13056528
2022-06-14,76.91027069091797,77.24487684611992,74.58400082535816,74.58400082535816,11702244
2022-06-15,76.52786254882812,77.64319432000646,76.11359458686584,77.46792654427573,9599067
2022-06-16,74.05818939208984,77.72286123992261,73.64392144206724,76.86245913554541,12906030
2022-06-17,74.79113006591797,76.04987084475852,72.9109945670124,73.29339636731157,20333781
2022-06-20,72.38518524169922,75.28505348217286,71.28578300194845,74.88672229710052,12914700
2022-06-21,73.3730697631836,74.05820423419017,72.73573825510859,73.24560492031021,12811437
2022-06-22,71.9709243774414,73.27746071225118,71.71598743423414,73.0225237690439,11056173
2022-06-23,72.3055191040039,72.75165325912977,71.71598338228283,72.27365289961682,9004842
2022-06-24,74.40872955322266,74.53619437846449,72.75165765025054,72.95879163812205,9668958
2022-06-27,76.49598693847656,76.89432543367238,74.7911194766619,74.88672538348116,14977953
2022-06-28,75.34878540039062,76.63938485012973,74.82298211278648,76.30478607333905,9497565
2022-06-29,75.23725891113281,75.74712551055185,74.6317936918928,74.85486443184891,20182623
2022-06-30,74.59992980957031,76.22512827828415,73.8669924473593,75.04606400967542,19573899
2022-07-01,73.22966003417969,75.04606301820247,72.41706081055844,74.249393251317,15324042
2022-07-04,73.19779968261719,74.13787110386411,72.32146797453423,72.8791302916289,13538427
2022-07-05,73.03845977783203,74.8548626869173,72.68792421961925,73.86698842400726,14922519
2022-07-06,73.62798309326172,73.83511706377242,71.42918586730276,73.22965190091337,21103464
2022-07-07,75.41252899169922,75.79493077633981,73.64392894315729,73.77139377346836,19351467
2022-07-08,75.20538330078125,77.26078619160515,74.39278419335028,75.87458814326448,21179418
2022-07-11,74.80706024169922,75.97019499794509,74.50432763707053,75.1416590524095,10090566
2022-07-12,74.01038360595703,75.4603213755391,73.35711550159527,74.40872208542037,12953874
2022-07-13,74.3927993774414,74.98233518684386,73.61206631327978,73.8988694891263,12866319
2022-07-14,75.65151977539062,75.826787542098,74.45651890575532,74.568054265243,16879224
2022-07-15,78.23272705078125,78.61512149908872,75.65152076246639,75.68338696649201,24300105
2022-07-18,81.08479309082031,83.10832988470655,79.39586238250453,79.58705960822482,114055476
2022-07-19,81.30786895751953,82.42320076551616,80.31999468102524,80.81393181927238,30352653
2022-07-20,81.22818756103516,82.37538540255329,80.62272243877314,82.2479205965415,16157313
2022-07-21,85.62580108642578,86.00820285209203,81.06886798554854,81.26006522152815,56209248
2022-07-22,85.02033996582031,86.07193940167396,84.57420576671463,85.99227023599914,28925541
2022-07-25,86.05598449707031,87.44218976010607,85.41865318724247,85.94445644110188,27481563
2022-07-26,85.05220031738281,86.35873661721453,83.80939642821991,86.27906745702505,16387791
2022-07-27,87.04387664794922,87.26694009983446,85.33900172971475,85.48240330992321,26434413
2022-07-28,86.78893280029297,88.2388706503373,86.40653104801811,87.31473612138423,26787639
2022-07-29,87.69713592529297,88.04767149405309,86.67740271954281,87.31474144341708,14660187
2022-08-01,90.56513977050781,91.71234511586401,86.9642072851547,88.01580671478405,24181113
2022-08-02,89.86406707763672,91.4733359180106,88.9399325682508,91.10687092278881,32577612
2022-08-03,88.22294616699219,90.53327916373526,87.31474826106287,90.18275086131266,15700254
2022-08-04,90.5492172241211,91.61675348574501,87.93614426058886,88.66908167275528,39839988
2022-08-05,87.9998779296875,90.82007741618068,85.16374169254908,90.7882112085976,80363784
2022-08-08,90.30680084228516,90.86751610073367,88.04793068714251,88.25619593550672,21774303
2022-08-10,92.08506774902344,92.37342994017905,89.95435855788062,90.29078478099967,28967340
2022-08-11,92.10108947753906,93.63904325238798,91.52435772866347,92.43751571992131,23053884
2022-08-12,93.27056121826172,93.60698740456806,92.02096985936294,92.27729911255018,13774848
2022-08-16,94.11964416503906,94.6322953683075,92.96618079107041,93.71913747504408,18326535
2022-08-17,93.35067749023438,94.74444644140874,93.11037199289109,94.60026167629441,12973041
2022-08-18,92.51760864257812,94.3599481883495,91.87679648177529,93.25454152747021,16134525
2022-08-19,91.3481216430664,93.62301545113961,90.78740641801622,92.7579142658894,17598678
2022-08-22,92.6297607421875,92.99822721481767,90.61118870324952,91.31608873806387,18811092
2022-08-23,95.62556457519531,95.99403838400934,91.92486136650982,92.05302234337984,30535758
2022-08-24,94.21575927734375,96.41055604832663,93.39872215833233,96.12218655524455,20796507
2022-08-25,95.06484985351562,95.89790347728976,94.53617486132515,94.69637607098531,22580238
2022-08-26,97.83637237548828,98.6534095555925,95.32117301694464,95.32117301694464,31345068
2022-08-29,98.95779418945312,99.742791116621,96.33045768492269,96.69892413368694,27834195
2022-08-30,98.204833984375,99.91901253264862,97.13147491846568,99.7427875416755,25458348
2022-09-01,102.46626281738281,102.78667259236607,98.04464312361443,98.31698886561058,33768936
2022-09-02,103.98819732666016,105.63829552376383,102.69054913934642,102.85075035582292,37018653
2022-09-05,105.06156158447266,105.3819640106358,103.92411463773988,105.04553779639377,24073551
2022-09-06,104.34065246582031,106.95196542369638,104.068299384109,105.55819643797928,28364094
2022-09-07,105.49411010742188,105.6543113229041,104.37268693196314,104.58095217886083,14016204
2022-09-08,105.14165496826172,106.18298115192702,104.80522876539791,106.05482018579627,13824843
2022-09-09,105.14165496826172,106.63155186692583,104.99747021459403,105.41400068806016,16733637
2022-09-12,108.4738998413086,108.87440655832184,104.46881067055088,105.68635461037118,39074646
2022-09-13,107.5927734375,109.45113677464505,107.35246795999919,109.09868678536623,18851928
2022-09-14,107.62481689453125,108.76226383315839,106.71165165262003,107.33644737949794,48838458
2022-09-15,106.7917709350586,110.20411223054823,104.38871575050038,110.20411223054823,25552945
2022-09-16,106.69564056396484,109.0986955316217,105.20574355060087,107.03206679272844,27675466
2022-09-19,106.21502685546875,109.33899823357078,105.7344158742223,107.99328601937236,18503444
2022-09-20,105.9266586303711,107.75298184817922,105.73441716893515,107.17625013032973,13735873
2022-09-21,104.24452209472656,106.26309414467758,103.47554890128305,106.11890937917511,16931740
2022-09-22,105.73442077636719,107.65686479048296,103.42748649271988,104.38870849977776,20701188
2022-09-23,102.51432800292969,106.6956422458562,101.98565296829472,106.26309527827625,15215768
2022-09-26,96.79505157470703,100.92830907003966,95.64158811875187,100.92830907003966,41567351
2022-09-27,95.88189697265625,97.90046175800376,94.63230540701433,97.32373000983905,28782718
2022-09-28,95.30516815185547,97.03536344949374,94.77649308856634,95.16098337700005,24892912
2022-09-29,95.1609878540039,96.79506248979702,94.53619202259738,96.02608921029429,74476855
2022-09-30,97.03536224365234,97.41985252730807,92.51762157793871,95.49740844257168,28502920
2022-10-03,94.6323013305664,99.00586428837236,94.29587510309096,97.51596728071317,21407465
2022-10-04,98.09271240234375,98.47719535263464,95.97801950803284,96.36250979186593,14768228
2022-10-06,100.59188842773438,100.92831467661465,98.4291388275212,98.95780655189243,20520361
2022-10-07,102.12983703613281,102.37014253504137,99.96708754595588,101.12055100730018,20045623
2022-10-10,100.39962005615234,101.50502665869587,99.91900912752827,101.0244157300718,11511957
2022-10-11,99.05391693115234,101.31278686565405,98.5733059947247,100.92829664980377,11739022
2022-10-12,99.24617767333984,99.43841915188095,97.08342803881185,98.66944590417417,6659580
2022-10-13,97.46790313720703,100.35156886710344,97.13147693542734,99.24616220393492,7795689
2022-10-14,96.89118957519531,99.58260702623028,96.5547559769662,99.00587523911868,7476515
2022-10-17,97.85240173339844,98.76555969251592,96.07413518110364,96.60281021019806,9943468
2022-10-18,101.8414535522461,102.75461872312452,98.09269414966788,98.38105630872883,21766333
2022-10-19,101.79341125488281,104.9654394543892,101.2166795216582,102.51432775479907,22878764
2022-10-20,103.81196594238281,104.91737260199605,102.4181971108321,102.65850258755059,25579790
2022-10-21,99.53453826904297,104.72513105805108,98.71749372490126,104.34064813556283,19880033
2022-10-24,100.73606872558594,101.26473642646933,100.30351442463565,100.54381992509407,3728536
2022-10-25,100.97636413574219,101.4089110599273,99.53453127707023,100.92830010703666,13217298
2022-10-27,103.66777801513672,104.67706391986452,101.12053857321399,101.5530928181863,29990758
2022-10-28,101.26472473144531,104.34063918220203,99.87095592316906,103.81196420883322,20059496
2022-10-31,102.7065658569336,103.0429920791656,101.07249144406862,101.79340792036933,12793983
2022-11-01,104.29258728027344,106.11891055188984,102.6104487757529,103.1391238105904,26521676
2022-11-02,102.94688415527344,105.97473519909907,102.65852192900687,104.29259654514512,19881462
2022-11-03,105.68634796142578,107.84909729760945,102.37013524602733,102.65850475760168,34173239
2022-11-04,104.72512817382812,107.08012634368912,104.38870195914555,106.31114585280768,22356935
2022-11-07,105.39797973632812,106.02277541986489,104.58094261179895,105.15767426831714,15333789
2022-11-09,103.86003112792969,106.88787430147353,103.47554089418946,105.92665238389358,17033165
2022-11-10,102.56238555908203,104.29258811092897,100.63994153860408,103.86004113973821,12937603
2022-11-11,103.13912200927734,104.2445214261088,102.56238295096662,103.81197446591752,11075218
2022-11-14,102.46626281738281,103.47554884177791,101.36085606055526,103.13912261149348,10547759
2022-11-15,102.8988037109375,103.235229897402,101.3608428581727,102.56237019093217,11675691
2022-11-16,104.100341796875,105.54217474512235,103.18717652952672,104.72513020761556,27372424
2022-11-17,106.31114196777344,107.03205840155157,103.908087188513,104.00420791297518,26985734
2022-11-18,103.18717193603516,107.08012365642057,102.27401404287872,106.55144866551446,23962357
2022-11-21,101.6972885131836,103.04299341961745,100.44769700459018,102.94687268823527,16407321
2022-11-22,103.2833023071289,103.61973587832908,100.97637534402008,101.12055277905792,11999335
2022-11-23,102.75462341308594,104.86930867688211,102.22594843036632,103.81196604498402,21024176
2022-11-24,102.85075378417969,103.23524405008125,101.93759581951258,102.85075378417969,12820212
2022-11-25,102.99494171142578,103.81197896807724,102.51433069768468,103.13912648225653,8834584
2022-11-28,103.23524475097656,104.53289299035535,102.80269044882236,102.9468752162071,11289089
2022-11-29,102.03370666503906,103.71584499850188,101.16860548397852,103.71584499850188,8717535
2022-11-30,101.0244369506836,102.41821333658652,100.11127892790144,102.37014930021174,27869373
2022-12-01,100.11126708984375,102.2259524365126,99.82289757277915,101.55310000808382,19098551
2022-12-02,102.03370666503906,102.32206883636515,100.25544760780087,100.49575308400985,13020973
2022-12-05,103.2833023071289,103.4274870757087,100.9283113099795,102.22595956011371,17476086
2022-12-06,101.60115814208984,104.19646183174994,101.40891668368904,103.09105511209147,13880227
2022-12-07,101.60115814208984,102.99493438289107,101.36085265231807,102.12983315300437,11943855
2022-12-08,101.21668243408203,101.40892390617454,100.20739637174118,100.9283128924012,15789329
2022-12-09,101.6972885131836,102.75463122547093,100.44769700459018,101.88952997594794,12630851
2022-12-12,100.49576568603516,102.41820973677869,99.96709063866385,101.88953468940738,19335542
2022-12-13,101.07249450683594,101.31280000621808,100.35157800868951,101.02443047354276,7421330
2022-12-14,101.36085510253906,101.55310389912869,100.78412337985364,101.07249290796722,6168426
2022-12-15,99.24617767333984,101.55311208354482,98.76556664344473,101.16862179292028,10186774
2022-12-16,95.59352111816406,98.42913030413278,94.05556744678762,98.28494554322903,38364152
2022-12-19,96.55473327636719,96.9392234885598,93.95943717776345,95.59351141265604,22872344
2022-12-20,97.37178802490234,97.66015021438692,95.16097457114596,96.84311301053489,10478941
2022-12-21,95.35321807861328,98.23688403663839,94.63230158910702,97.90045780824381,11606766
2022-12-22,94.44005584716797,96.0260735189432,93.04628696401056,95.64158327524899,14577136
2022-12-23,92.80598449707031,95.30516016206057,92.27730947810201,95.11291136718953,23099245
2022-12-26,95.40127563476562,95.97800732050935,90.97965626600867,92.85403607806111,12096095
2022-12-27,96.36250305175781,97.03535550124619,94.58424386364568,95.9299560961641,10240049
2022-12-28,95.88189697265625,96.98730376787147,95.40128596026199,95.73771220222956,9470020
2022-12-29,95.06484985351562,95.92995105276309,94.48811816519776,94.68035961678994,11367064
2022-12-30,96.02608489990234,97.4198539482485,95.40128909654148,95.54547387170818,9236774
2023-01-02,96.36250305175781,97.27566099514084,96.02607682701363,96.50668781480294,6973552
2023-01-03,96.4586181640625,96.98729315325303,95.92995050841323,96.41056146820779,8833881
2023-01-04,94.92066192626953,96.98729046276488,94.63229242497583,96.79504168405539,8927128
2023-01-05,96.07413482666016,96.26638362450424,94.48812441231172,95.16097687091155,10448282
2023-01-06,95.11292266845703,96.60281983818435,94.8726171464715,95.92996731004187,7215940
2023-01-09,96.12220001220703,97.7562744789978,95.64158901214599,96.0260792789032,11920266
2023-01-10,95.30516815185547,96.21832617003604,94.48813087239778,96.12220543131318,10397112
2023-01-11,96.31444549560547,96.84312055113773,95.68965703630285,96.45863026834537,11130194
2023-01-12,95.54545593261719,96.60279852941504,95.06484499465991,96.55473450220295,9299447
2023-01-13,96.07413482666016,96.21831959165777,93.62302315586781,95.64158786520909,11684608
2023-01-16,98.14076232910156,99.00586357461724,96.3144391071333,96.55474460124644,16485682
2023-01-17,98.90974426269531,99.00586499501124,97.564032009647,98.38106923464504,11762030
2023-01-18,98.71749877929688,99.96709034198855,98.14076703249381,99.10198905501294,13005273
2023-01-19,98.86167907714844,99.0058638407122,97.9004570981124,98.04464186167615,4842895
2023-01-20,97.85240173339844,99.39035545411612,97.6601529348451,98.90974445804548,7912700
2023-01-23,97.61209106445312,98.52524897519692,97.17953679077863,98.38106421730542,9725869
2023-01-24,96.74699401855469,97.90045746429563,96.26638302723902,97.61209526963127,10169994
2023-01-25,95.30516815185547,96.98730674690346,94.96874189955433,96.3144469087589,9232812
2023-01-27,90.64322662353516,96.07412440303504,88.86496027073503,95.7376982102359,24624255
2023-01-30,85.50068664550781,89.34557431628575,83.62630683942007,89.34557431628575,62828817
2023-01-31,91.26802062988281,92.5176120902324,85.59681702832769,86.79834445807097,59004021
2023-02-01,87.42314147949219,93.47884325624415,85.59682547293914,93.238537746588,44092961
2023-02-02,89.48975372314453,89.87424393395517,84.87589319403922,86.07742051935948,24502896
2023-02-03,90.21067810058594,90.73935310392274,88.14404945146228,89.77813115861326,15906920
2023-02-06,90.8354721069336,91.31608307046234,89.58588066834231,89.87425017987609,7015869
2023-02-07,90.78740692138672,91.41220263272834,90.1145545144288,90.83547095054423,10315670
2023-02-08,92.37342834472656,92.56567713571815,90.6912899246432,91.26802163053492,11577350
2023-02-09,92.08506774902344,92.95016165603194,91.8447622562896,92.61373543291289,6577385
2023-02-10,93.10070037841797,93.48761385594277,92.23014689892736,92.42360732757015,10685751
2023-02-13,91.55307006835938,94.01963008752419,91.35960960544158,93.10071687289138,13582939
2023-02-14,91.50469970703125,92.03670673558122,90.05377949799873,91.69816016275934,9624926
2023-02-15,91.55307006835938,91.6981635706072,90.34396984923092,90.97270343913013,11575131
2023-02-16,94.55162811279297,95.1803616426922,91.16614782230934,92.7621614352039,32927840
2023-02-17,93.2941665649414,95.42218730111432,93.0523465299055,94.35818062290876,20383244
2023-02-20,91.79487609863281,93.5843426738077,91.11777565143086,93.53597572052149,17505922
2023-02-21,92.42361450195312,93.05234064950493,91.50469399903042,92.81052062975074,11933886
2023-02-22,91.89160919189453,93.00398277911712,91.69815612444776,92.56870230771969,14589841
2023-02-23,92.27851104736328,92.56869061186988,90.58577109191286,91.98832410309613,16196352
2023-02-24,92.23014831542969,92.76215527766713,91.89160178480626,92.52033527297027,8061923
2023-02-27,92.27851104736328,92.56869061186988,90.10213110464132,92.2301440967319,13928820
2023-02-28,91.50469970703125,93.00398687493623,91.31124663106498,92.03670673558122,10965145
2023-03-01,93.87454223632812,93.92290181634547,91.6981618819752,92.08506804116172,14285091
2023-03-02,93.53596496582031,94.35815879858461,93.05232500761078,94.01960492402985,10048980
2023-03-03,92.71379852294922,94.50326527858758,92.47197849165319,94.06799217415939,7938348
2023-03-06,93.2941665649414,94.06799362896098,92.76216691571953,93.1974400268794,8289319
2023-03-08,92.95561981201172,93.24580680539812,91.40797306672846,93.10071330870493,14292676
2023-03-09,92.3268814086914,93.72944196355573,92.1334283430777,93.0039818978622,7884249
2023-03-10,91.79487609863281,92.37524263926237,90.48904953727606,91.21450955800324,9620249
2023-03-13,89.32831573486328,91.79488294110008,88.89304264188573,90.97269633227499,11482697
2023-03-14,89.71522521972656,89.90867827907756,88.21593818059216,89.81195174940207,14285446
2023-03-15,89.57014465332031,91.16615845231055,89.18323109905567,90.4406983054752,8318506
2023-03-16,88.8930435180664,89.6668631776272,86.71666327220397,89.6668631776272,12278142
2023-03-17,90.34396362304688,91.60142333642358,89.86032356872623,90.05377663854986,13158718
2023-03-20,89.6185073852539,90.29560053843832,88.7479537741869,89.95705396184611,6579446
2023-03-21,90.05376434326172,90.39231085911116,89.32830436082982,89.95703782155624,5886671
2023-03-22,89.6185073852539,90.87596715256237,89.47341388678242,90.4406940369098,6096408
2023-03-23,89.08650207519531,89.71523566090066,87.87740186413197,89.27996253682267,9969670
2023-03-24,89.13517761230469,92.00736213630374,88.79440366186999,91.47186658118042,16650432
2023-03-27,89.32990264892578,91.2771484832348,88.94045199643331,90.64429210145369,15959308
2023-03-28,87.91815185546875,90.0601192889168,87.62606201083796,89.32990210549315,14999850
2023-03-29,89.13517761230469,89.62198905217932,87.52869837508781,87.82078078212075,36103221
2023-03-31,94.97692108154297,95.85317578791047,91.7639623976836,91.7639623976836,64455094
2023-04-03,94.05197143554688,96.38866790058567,93.27307756596947,96.33998378392002,24154016
2023-04-05,95.65845489501953,95.85317651387518,92.54286442440757,92.54286442440757,24875169
2023-04-06,96.145263671875,96.38866940268987,94.97691913522496,95.0255958244959,11440418
2023-04-10,97.26493835449219,97.89779478471516,96.14527042842906,96.29131536281189,10870304
2023-04-11,97.3623046875,98.28724361076951,96.19396000251174,97.75175539188088,8458648
2023-04-12,98.14119720458984,98.43327963529683,96.87548438706521,97.50834079582752,8938731
2023-04-13,98.23856353759766,99.11482573528764,97.8491128466072,98.14120272188856,9153834
2023-04-17,98.72537231445312,98.8227331274701,97.3622986477538,98.33592163423134,8323162
2023-04-18,100.23448181152344,101.11074397034027,98.53064161366161,98.72537066459523,19758227
2023-04-19,98.72537231445312,100.38052842020339,98.57932738085071,100.28316760718641,11271768
2023-04-20,100.13711547851562,100.57525024784192,98.6766811037347,98.82272602684345,13241812
2023-04-21,100.08843994140625,100.76997301955248,99.5042602422484,99.99107170611099,5625649
2023-04-24,99.11482238769531,100.47788861789333,98.82273252227925,100.08844536821039,5994078
2023-04-25,98.48196411132812,99.30954214356038,98.09251344082067,99.11482052238351,5696053
2023-04-26,98.96876525878906,99.21217097392226,97.75173668312307,98.14118731296678,4576455
2023-04-27,98.7740478515625,99.4069042710014,98.48196541592795,98.53064210779014,5362153
2023-04-28,100.57526397705078,100.7213014919413,98.57933375446409,99.2608669178011,11812226
2023-05-02,101.54888153076172,102.32777547125764,100.76998016211184,101.25679166047952,13598952
2023-05-03,103.5447998046875,103.73952885262871,100.91602079678714,101.4028322744097,16034319
2023-05-04,104.42106628417969,105.39468927983637,103.69084903743718,104.1289764142211,15414305
2023-05-05,103.49612426757812,105.10259621911838,103.00931278452866,104.22634149215233,9315810
2023-05-08,104.46974182128906,104.66446343315918,103.20402905967325,103.49611890563177,6721354
2023-05-09,104.71314239501953,105.29731463002356,103.78819621378956,104.37236844879361,10063354
2023-05-10,105.19995880126953,105.73544694693658,104.42105749901323,105.05391387857732,10360986
2023-05-11,105.73545837402344,106.12490906724047,104.6644745387922,105.39469180301633,9435021
2023-05-12,104.46974182128906,105.78413127179574,103.78820132343695,105.78413127179574,6855025
2023-05-15,104.81049346923828,105.73543213647646,104.08027638621269,104.27499797042526,7833289
2023-05-16,105.58940887451172,106.22226529513328,104.56710920564964,104.85919164183002,9051577
2023-05-17,105.39468383789062,106.85511825596762,105.10259398301379,105.93017942911362,9456088
2023-05-18,104.95655822753906,106.36830855054106,104.42106262741903,105.6380913293703,7220608
2023-05-19,104.17765045166016,105.00522843223428,102.91193770855625,104.95655174405536,9255095
2023-05-22,107.5366439819336,108.36422937135706,104.76182026324909,105.68676645491264,27946526
2023-05-23,105.05391693115234,108.1208306841917,104.90787200421646,108.02346244746542,15214733
2023-05-24,105.93018341064453,106.41699490163434,104.46974893767509,105.0539212412321,10722681
2023-05-25,106.70906829833984,107.82873611838258,105.15127314478843,105.15127314478843,11158044
2023-05-26,107.78005981445312,108.07214967673283,106.22226454798682,106.66039934140639,7958341
2023-05-29,108.51026916503906,108.8510431223459,107.29324054080959,108.07214183157774,10330215
2023-05-30,108.31554412841797,109.62993351535694,108.07213841127546,108.51026573087078,7803617
2023-05-31,109.19181060791016,109.48389302339164,107.29324148059068,107.63401544088235,15741522
2023-06-01,109.92203521728516,110.45752339593238,109.04577305531703,109.24049467879715,9185292
2023-06-02,110.31147003173828,110.5061916272212,109.04575737664118,110.40883082947974,9939324
2023-06-05,112.59949493408203,115.52036376542966,110.36015919212075,110.36015919212075,35214281
2023-06-06,114.93619537353516,115.37432274179945,112.84290448794769,113.18367104417034,18999553
2023-06-07,114.93619537353516,115.86113423016147,114.4006997650754,115.61772848598046,11262532
2023-06-08,114.44938659667969,115.56904710391602,113.32971866128938,115.37432547521944,11188999
2023-06-09,117.1755142211914,118.24649792274401,113.62178915990725,114.88750189783966,19873573
2023-06-12,115.95849609375,120.6318893956667,115.61772953443717,117.75969713139257,24331332
2023-06-13,118.87934875488281,119.22011526748467,115.76375859944746,116.73738145154012,16552079
2023-06-14,118.19783020019531,119.90167039995221,117.9057403375469,119.12276905165898,8660080
2023-06-15,118.73332214355469,119.5122235165535,116.88344438195202,118.19783394925277,13948239
2023-06-16,121.89759063720703,123.89352066036433,118.44123361398688,119.07409001851141,32649860
2023-06-19,121.55683135986328,123.01726587542788,121.1673806700819,123.01726587542788,10053869
2023-06-20,121.84891510009766,123.40671035264627,120.63188639839503,121.7028701702626,15471361
2023-06-21,119.56090545654297,122.96858590197037,118.53859835165319,122.82254096867842,14141162
2023-06-22,120.1937484741211,123.9908794100312,119.560899508264,120.29111671024081,25032998
2023-06-23,116.8834457397461,120.63189285602003,116.3479501110695,120.48584791836694,12413343
2023-06-26,118.19783020019531,119.31749810280917,116.83475655475902,117.80837952604868,17369553
2023-06-27,115.27694702148438,119.36616002362345,114.79013559607958,118.87934859821866,19093714
2023-06-28,117.56497955322266,119.1714590203261,114.9848770670449,116.00718420833459,61890385
2023-06-30,122.4330825805664,123.35802138625564,117.56496796503691,118.19782435068643,27973500
2023-07-03,120.48583984375,122.67649147727272,119.46353277684462,122.67649147727272,15492508
2023-07-04,118.83067321777344,120.9239564274838,118.34386178702165,120.72923482644426,7595425
2023-07-05,118.5385971069336,120.48584305530211,117.85706399626612,119.31749845754251,15615891
2023-07-06,121.50814819335938,121.8002306240203,118.68464012804849,119.07409079708339,16906327
2023-07-07,120.7779312133789,122.57913220455524,120.38848054357366,121.07001364461756,22837962
2023-07-10,119.75562286376953,121.36210221708497,119.26881138871356,120.92396743264243,9068813
2023-07-11,124.03955841064453,125.25657960224225,120.14506682744158,120.1937435153397,46215137
2023-07-12,124.28297424316406,125.1105522862752,123.2119904563053,124.91583066253862,18031857
2023-07-13,122.1896743774414,125.4026329299422,121.70286292573846,124.3803259101047,12374030
2023-07-14,123.7961654663086,124.13693202938592,120.82661235630484,122.67649753492255,9577719
2023-07-17,123.7961654663086,124.8671492766176,123.0659482190769,124.42902189954017,9411535
2023-07-18,123.74747467041016,124.91582665985342,121.94627371002453,124.331646951055,8994063
2023-07-19,123.55274963378906,124.38032762748018,123.35802059352721,124.38032762748018,8975718
2023-07-20,122.67647552490234,123.8935040519351,122.2383482264316,123.65009834652855,10187180
2023-07-21,121.65419006347656,123.30935360927693,121.45946843604308,123.01726373997276,9926528
2023-07-24,122.67647552490234,124.3803154627482,121.70285270327614,122.04361920521478,13121674
2023-07-25,123.69879913330078,123.84483663370827,122.04363565653087,123.21198765686616,7151050
2023-07-26,122.67647552490234,123.9908648484672,122.3357090229637,123.69878245887091,12681896
2023-07-27,123.89351654052734,125.4026350374297,122.67648789081686,122.87120950350919,11597763
2023-07-28,126.71700286865234,128.22612119648133,124.62371976819301,125.84074828155427,37245053
2023-07-31,127.25251770019531,127.54460755899646,125.45132414081831,126.863074459332,16197160
2023-08-01,127.00910186767578,129.73524890600504,126.61965865775996,127.54459742353966,17079508
2023-08-02,122.04364013671875,127.25252164015514,120.43716071988034,127.00911589300246,20816954
2023-08-03,121.36209869384766,123.16329961363375,120.24243084809304,122.23836080914054,12415922
2023-08-04,124.23428344726562,124.67241821935988,122.18967679528593,122.96857810468458,10589274
2023-08-07,125.15922546386719,125.79207439975923,123.26065637173156,125.0618572323578,8339894
2023-08-08,125.743408203125,126.57099371997126,124.23429696566402,125.30528081150986,12505272
2023-08-09,128.2261505126953,128.90768366473483,125.5973712940809,126.37627269197256,13111006
2023-08-10,125.98678588867188,129.63787143246614,125.69471093021242,128.12876795940858,11116731
2023-08-11,128.56690979003906,129.73525432489308,126.13285248563207,126.76570144225516,10967883
2023-08-14,127.05779266357422,128.46954294413032,126.03548561341051,128.46954294413032,8529502
2023-08-16,127.83670806884766,128.42087297881383,126.0354995030909,127.30121242581387,7062446
2023-08-17,125.88050842285156,128.71698577757562,125.4403697594743,128.57026294011123,7162118
2023-08-18,124.36447143554688,126.76080270299437,123.97323291614175,125.44037176722036,8997702
2023-08-21,126.41846466064453,126.85860333220161,124.36447175628797,124.41337190743093,5063202
2023-08-22,130.37973022460938,130.77096124577352,126.51626792371293,126.85859133610487,20596242
2023-08-23,130.4775390625,132.43372414544308,129.89069249232173,131.0154929452109,19426832
2023-08-24,131.45562744140625,132.53153517275925,130.67316537261203,132.09139652793567,17543374
2023-08-25,130.4775390625,134.92786311109705,130.13521562768963,134.24320131696854,33919926
2023-08-28,131.94468688964844,133.41182580209602,131.65127104676594,133.11840995921352,13346571
2023-08-29,131.6023406982422,132.8738638542868,131.16220208543996,132.33591002774799,11118400
2023-08-30,131.6023406982422,132.53152553071496,131.30890998153862,132.53152553071496,12555619
2023-08-31,130.28192138671875,132.09139852834983,129.3038288614063,131.60235226569358,14954352
2023-09-01,134.83006286621094,135.36800182463173,130.96658538622887,131.11330822221362,23415545
2023-09-04,137.47093200683594,139.23150185221098,136.1505008916771,136.44393168665798,28262276
2023-09-05,136.6395263671875,138.79132699412983,136.15048009176843,138.2044804183317,11695197
2023-09-06,135.2702178955078,137.6665419281835,134.7322639474762,137.42201876312456,10151022
2023-09-07,136.78623962402344,137.91104000890323,134.58553153877497,135.4169011940536,18438943
2023-09-08,140.16065979003906,141.13875230089138,137.12856703659395,137.47090538519518,16579557
2023-09-11,141.52996826171875,143.926291673184,139.91612176049878,141.18764487408413,19902175
2023-09-12,131.21109008789062,141.77449104091016,130.6731512050447,141.43216765405418,48752780
2023-09-13,132.87387084960938,133.94976363482263,130.37973201308114,132.04248626259763,19282289
2023-09-14,133.8030548095703,135.6614245595546,132.53153159534094,134.97676280558707,13197189
2023-09-15,132.72715759277344,135.17238899619414,132.1403110106573,134.48772718813797,9651337
2023-09-18,136.8351287841797,141.8234062853998,135.95485154255567,141.8234062853998,51859825
2023-09-20,133.90086364746094,137.03077173590026,133.26510946203237,136.9329565114461,19080613
2023-09-21,132.28700256347656,134.97675677456388,131.65124844702206,133.9986643341685,9531884
2023-09-22,133.0695037841797,133.9008735555264,131.11331854641006,131.21111885359318,12604969
2023-09-25,133.60745239257812,133.85197553756856,130.6731746526929,133.31402163368793,14984591
2023-09-26,134.63441467285156,135.27018369597295,132.92275295018797,133.60742957885805,12315581
2023-09-27,133.60745239257812,134.53663735864012,132.72716011590754,134.38991451694085,8713378
2023-09-28,132.09140014648438,134.97677014660076,131.6512614896035,133.90086238577405,22012674
2023-09-29,135.2702178955078,135.61254137188456,132.7760786270047,133.02060179206364,8504659
2023-10-03,136.15048217773438,137.51982072459222,134.1942970460873,134.87895885726215,19010910
2023-10-04,135.80816650390625,136.10158235083296,133.5585504889113,134.97678180558995,14912053
2023-10-05,135.9059600830078,138.2533912137688,135.07459035035959,136.44391398325564,15996620
2023-10-06,135.9548797607422,137.42201875096603,135.61254135988614,135.9548797607422,4987359
2023-10-09,132.77606201171875,134.585539176525,132.0914002201326,133.216200668845,10489249
2023-10-10,136.88404846191406,137.9110486173705,133.50963217213527,134.3899094913792,15593722
2023-10-11,134.7322540283203,137.42200864594557,134.48773088126347,136.88405473751882,10778916
2023-10-12,135.17239379882812,135.66144009688793,134.19430120270852,134.92787064979822,7567439
2023-10-13,134.43881225585938,135.17238163694756,133.31401184132707,133.31401184132707,8303230
2023-10-16,134.38990783691406,134.87895410258625,133.55853813997592,133.99867679417937,7785480
2023-10-17,135.51473999023438,135.8570634639074,134.48773972019643,134.48773972019643,6076896
2023-10-18,134.04759216308594,135.90596211038252,133.41182302621507,135.71034657769474,6806231
2023-10-19,133.99867248535156,134.19428800042874,132.09139509546148,133.02057998545848,7775836
2023-10-20,131.26002502441406,133.90087208142847,130.57536318363384,133.70525654470683,8982112
2023-10-23,129.79286193847656,132.92275471661085,128.5213387998422,131.35781578979672,19333777
2023-10-25,128.3257598876953,131.70017673442786,126.4184820981952,129.5972833888655,10225867
2023-10-26,126.02723693847656,127.34765298809975,124.21775966644537,127.15203745384173,18167694
2023-10-27,129.30381774902344,129.939586790543,126.41844803222213,126.41844803222213,8761931
2023-10-30,129.05929565429688,131.0154805522006,127.93449530780478,130.57534193507354,9052085
2023-10-31,130.3308563232422,130.72208744559023,127.88562449729017,129.59728677545658,8098744
2023-11-01,129.49945068359375,131.60235867005704,129.1571272377799,130.8198816268267,10431945
2023-11-02,131.79794311523438,132.04246620079138,130.3797122039046,130.77094317099395,4885035
2023-11-03,132.97166442871094,133.998664477123,131.79795648388557,132.1891874906586,9154983
2023-11-06,134.63441467285156,134.97675298718661,133.02056816128535,133.94975296868728,7070089
2023-11-07,135.02566528320312,135.90594251563508,133.70523451004885,134.5366190597395,8587321
2023-11-08,137.32418823242188,138.0577576458953,134.68334132881913,134.7322489412856,9755483
2023-11-09,134.9278564453125,136.884041431615,134.5855330274138,136.884041431615,5481774
2023-11-10,135.75926208496094,136.05269286330673,134.047599956538,134.48773866180204,5781314
2023-11-13,140.2584686279297,141.04094566916459,136.00377490132263,136.10157520365937,20245049
2023-11-15,139.9161376953125,142.21464615808074,139.37818382547061,141.33436886161758,11440473
2023-11-16,139.47601318359375,141.1876752637069,139.08476718200538,140.11176741497505,11453235
2023-11-17,142.8993377685547,143.29056884679696,138.69353651715988,139.72053675318207,13496261
2023-11-20,140.69862365722656,143.5350861705204,140.01394691135505,143.19274779758462,7741502
2023-11-21,139.72052001953125,141.38327428968432,139.1336585479444,140.99202833379073,9972235
2023-11-22,138.742431640625,140.30737073719513,137.07966239653953,140.1117552156873,7445272
2023-11-23,136.2971954345703,139.4270884402484,136.0526723103063,138.74242667721057,13138745
2023-11-24,137.27529907226562,139.03585377023956,134.3410213429647,136.8840530869872,19614754
2023-11-28,138.2044677734375,138.6935140041117,137.32417560351996,138.54679118020553,8595693
2023-11-29,137.9110565185547,139.52490333779815,137.4220102188435,138.93805673284993,14680789
2023-11-30,142.70370483398438,143.1438584450218,137.666533897417,137.91105704821172,27591484
2023-12-01,144.21975708007812,147.00732707962206,143.53509521557012,144.7088034010852,34466616
2023-12-04,150.1861114501953,154.04957397123914,148.27883399545294,148.67006503891017,51416976
2023-12-05,148.67005920410156,151.70215190767226,146.6649666049343,150.33281346029867,29109123
2023-12-06,152.72915649414062,153.70724911318607,148.52337017185243,149.2569396361365,26688698
2023-12-07,156.83714294433594,158.2553741260267,154.7831426642958,158.2553741260267,51346222
2023-12-08,155.272216796875,158.79335650191533,153.85398536064025,157.81526379768303,22869782
2023-12-11,157.71742248535156,159.6736075704412,155.66342217620434,156.29919128356315,22941648
2023-12-12,157.2772979736328,159.23348323468667,156.49482088430943,158.8911448441986,16306341
2023-12-13,159.28236389160156,160.30934904022402,155.90793294781938,156.69040990470376,16804086
2023-12-14,160.4071807861328,160.74951915395525,159.03785716385934,159.5269034467439,13887946
2023-12-15,165.34654235839844,166.4713427788914,161.629787822954,162.3633572079296,39766631
2023-12-18,168.9165802001953,170.53044186049013,165.73777941645724,167.98739526369653,35901409
2023-12-19,169.2589111328125,170.5793270610881,167.35163373118735,169.11218830222148,14732129
2023-12-20,163.58596801757812,172.4377079863903,162.51006031492432,169.94356916624335,24511237
2023-12-21,166.91146850585938,168.08519137057885,160.45606737243318,161.3852522032476,22646625
2023-12-22,170.97056579589844,171.41070442006435,165.68885753238794,168.18299630200346,19640046
2023-12-26,177.96392822265625,180.45806709422587,174.1004658144835,174.1004658144835,52736391
2023-12-27,176.2522735595703,180.84930553448572,175.1763807151689,179.96902821411112,26206240
2023-12-28,178.697509765625,180.21355623582122,176.83913985022852,177.5238016651373,20453485
2023-12-29,180.16464233398438,181.1427348710033,177.13256442393032,178.94202666271073,19305150
2024-01-01,180.89822387695312,182.90331669730662,180.40917757562343,180.7515159563577,18008785
2024-01-02,178.15956115722656,182.12083917295163,175.81214488654211,181.9252236378127,22790965
2024-01-03,178.3551788330078,180.65368732403144,176.64351690533792,178.3551788330078,18738690
2024-01-04,182.8054962158203,183.53906564674176,178.50189485755115,178.50189485755115,25403124
2024-01-05,181.8762969970703,184.5171437564621,180.01792722088905,183.5879588683715,22023938
2024-01-08,179.57778930664062,183.3923440939928,179.18654335120246,182.65877471761684,11472441
2024-01-09,180.6047821044922,182.60987480264748,180.16464344502097,180.84930524025484,11550790
2024-01-10,181.53396606445312,181.92519707761315,178.0617348557587,180.3602431759601,8701594
2024-01-11,180.31137084960938,183.53906438384803,179.7734169524002,182.90331018456058,10942508
2024-01-12,179.47998046875,181.43616554197888,179.0887494239073,181.2894576312898,8853157
2024-01-15,184.51715087890625,185.73976654845774,180.066841781345,180.84930387025182,24570393
2024-01-16,182.7076873779297,186.08210361763173,181.0449330637512,184.7616727338534,16471601
2024-01-17,181.5828857421875,184.3704556300043,179.7734233816911,182.21865488872032,16350370
2024-01-18,184.07701110839844,184.85948811707593,176.05665534959613,181.58287217271098,24831623
2024-01-19,187.64707946777344,189.45654190202401,185.83760210901352,185.83760210901352,22303305
2024-01-23,183.00112915039062,191.21710091825122,180.36026722367757,190.97257777129693,26628471
2024-01-24,185.10401916503906,186.0332041231059,179.9690331644237,182.70769534965353,14742783
2024-01-25,185.5441436767578,187.79375940452596,184.17482015090266,186.57114378340273,12592882
2024-01-29,186.71786499023438,189.45652716155877,183.44126384689775,185.83758765011603,28919512
2024-01-30,183.78358459472656,188.13610839176854,182.90330726752026,187.79377002868392,20894159
2024-01-31,181.827392578125,184.95730056589318,180.80040737692764,184.07700834764313,23757415
2024-02-01,179.3821563720703,184.2726188132337,177.57269422354403,183.5879570563722,27835431
2024-02-02,180.55587768554688,183.6368630261699,179.8223083259217,180.94710870754423,27710061
2024-02-05,177.5727081298828,182.90330962330754,174.88295357659888,182.90330962330754,23880364
2024-02-06,179.0887451171875,179.52888376317802,176.74131413105914,178.4040684184163,12134363
2024-02-07,177.7194061279297,180.11572979314622,175.71431349701115,180.11572979314622,14192151
2024-02-08,180.75149536132812,183.0011110760227,177.7683102782227,178.2084489143678,29094709
2024-02-09,177.36424255371094,182.32239365490722,173.28973079660426,182.12603434997217,21081134
2024-02-12,171.47335815429688,179.7696766210656,170.49154673633637,177.9533195053374,19640568
2024-02-13,173.38792419433594,173.6824556717358,168.62613222630216,171.57156685034238,13961795
2024-02-14,178.29696655273438,178.83695086898746,172.1115513784579,174.0260807230246,23449380
2024-02-15,182.56785583496094,182.91149587204995,179.27879611124007,179.67151474112288,17335763
2024-02-16,184.8751220703125,186.9369173835003,183.45149828665186,185.56238717470845,29843059
2024-02-19,185.31692504882812,188.99871826171875,184.87511285953224,186.49509588070214,25343215
2024-02-20,187.182373046875,187.96782531263312,182.86240805708908,185.66057707220997,17809897
2024-02-21,185.26780700683594,189.04778686532484,183.59873063368937,187.82052262312104,17870782
2024-02-22,191.20779418945312,192.43505859375,185.26783147640526,186.29873657226562,31992371
2024-02-23,201.56590270996094,203.23497925347286,192.3859592487636,192.72959926415777,76179371
2024-02-26,200.53500366210938,203.13679820671678,199.111379949376,201.9095338024199,27013630
2024-02-27,201.61500549316406,205.19861161742563,199.4059295307755,199.8477417270022,28877205
2024-02-28,201.90953063964844,205.19860518414498,197.78592530205532,202.44952996533135,38996363
2024-02-29,201.3695526123047,202.15498985838707,196.11685488691163,201.71317766215194,24059731
2024-03-01,201.86045837402344,204.26589364788293,201.0750061467159,202.20408342385755,12949604
2024-03-04,205.78768920898438,209.07674863041905,202.59680194537,204.16769130178156,34272251
2024-03-05,206.91677856445312,209.86221313476562,206.03315418586135,207.1622314453125,24964592
2024-03-06,206.6222381591797,209.56767281570757,201.86046111987952,207.9476897471194,26236957
2024-03-07,211.28582763671875,212.8567319982388,207.30948814389015,207.60403458433197,41484038
2024-03-11,208.6840362548828,212.51309509281464,208.0458497943912,212.51309509281464,22800967
2024-03-12,200.53500366210938,207.5058714710176,197.83502197265625,207.1622314453125,34719550
2024-03-13,186.83872985839844,201.860448676987,184.77691973341894,200.38773143950291,41620003
2024-03-14,191.69869995117188,193.56413585320115,182.86239624023438,185.5623779296875,34622781
2024-03-15,185.41510009765625,193.1714046343086,175.84243836863715,193.1714046343086,88781999
2024-03-18,186.44601440429688,188.50782472978122,183.64786036971773,186.54420155551267,22999225
2024-03-19,182.02784729003906,188.94962140625717,181.19331649837028,186.5441862118812,27819341
2024-03-20,184.04058837890625,184.53149419745827,179.18062377149244,183.50058898224768,16235947
2024-03-21,193.26962280273438,193.90779436129432,186.5442072336502,186.5442072336502,43152810
2024-03-22,194.5997772216797,196.02848143990778,189.91952941508234,193.61446189397498,31321524
2024-03-26,196.4718780517578,197.5557309687158,193.07254304452678,194.10712718621951,25723863
2024-03-27,196.52113342285156,200.9550522693498,195.09242924592357,197.06305984436722,37817130
2024-03-28,198.54103088378906,199.477077402104,196.07774265942444,197.55571559404322,17425093
2024-04-01,208.0000762939453,209.62584060673746,200.75800246121153,201.98964664809014,45840349
2024-04-02,217.75469970703125,219.38046407557147,209.47805650128532,210.61116317818068,93873385
2024-04-03,218.24734497070312,222.1393375061263,215.63626536755964,218.44440502919568,47658754
2024-04-04,217.06497192382812,220.61209811906934,215.04507247439858,220.21797799783772,18279026
2024-04-05,221.2032928466797,222.68126585010964,215.53772966686495,217.11424021774442,25365958
2024-04-08,220.2672576904297,222.38567975781893,218.83855338674488,222.2378884637107,16422350
2024-04-09,224.7996826171875,225.5386691018393,217.95174419969126,221.49888533990728,29048035
2024-04-10,225.390869140625,229.43066778173213,223.1739097720287,225.63719795935793,37218693
2024-04-12,230.0711212158203,231.94321426107675,227.16444410461978,227.9034305753344,57174716
2024-04-15,231.00717163085938,234.50504399145717,222.68126026079545,226.62252150434935,51676313
2024-04-16,230.02186584472656,233.47046957563617,226.6225308883452,229.08581926756634,32508661
2024-04-18,227.755615234375,233.91383557961245,225.83425349360445,232.14028014795818,18623078
2024-04-19,229.87405395507812,231.0564292641987,222.38565193945155,225.19380645399096,27227241
2024-04-22,229.87405395507812,232.68219343489977,228.88873869169137,232.53440215927887,17549094
2024-04-23,230.90866088867188,232.63296277060434,228.34683493591308,230.81012333867375,19202860
2024-04-24,233.02706909179688,235.63814863010091,230.6623183791713,231.7954249634047,33392337
2024-04-25,234.1109161376953,236.5249355625839,231.99247926852198,232.9285257759623,16197834
2024-04-26,235.44110107421875,238.1014495258191,234.4065169445077,234.9977121714052,20473627
2024-04-29,231.94320678710938,236.67272305422617,231.40129542048874,236.62345428415583,19876408
2024-04-30,230.3174591064453,233.81533154580782,229.7755326663099,232.83001621273212,14514418
2024-05-02,231.3027801513672,233.9138598346089,227.36151872173795,231.253511376553,19171145
2024-05-03,230.6623077392578,234.50503122869816,227.75561570255653,233.61825351104812,15782582
2024-05-06,228.4453582763672,232.3866194756336,226.62251895781912,231.64763300077115,32422021
2024-05-07,224.06069946289062,232.33735723484295,222.13933758118125,229.08581364710165,26418769
2024-05-08,228.1990509033203,229.23362003760803,221.3018431562304,223.86365415574625,18952985
2024-05-09,222.87831115722656,234.70209440201012,221.99153342775494,231.05643090847875,35229412
2024-05-10,223.76510620117188,225.14454157989672,219.87309881567057,224.5533463977472,18478580
2024-05-13,221.44961547851562,225.34160793826888,217.7546830734236,225.04601033891782,32874369
2024-05-14,227.55856323242188,228.49460975103526,222.4349267310533,222.4349267310533,23191411
2024-05-15,229.43067932128906,231.05644359280942,226.17913574352966,228.39609522363125,33045920
2024-05-16,234.40650939941406,236.47567759223358,224.15923605097143,231.30277214490349,55556781
2024-05-17,244.5552520751953,245.98395623936008,234.35724784018362,237.460984991118,82231249
2024-05-21,270.1241760253906,278.84422220359517,267.06969266581035,278.84422220359517,127035921
2024-05-22,279.4354248046875,280.3222025598824,260.4188214927066,272.9323378175305,85801218
2024-05-23,284.2634582519531,288.9929595677121,279.04129929624276,282.09575260839256,70631009
2024-05-24,292.8357238769531,295.49605718789104,281.8001803124663,283.770810944022,63609206
2024-05-27,290.1261291503906,298.74763882885173,285.39659722797114,297.318919482931,49890427
2024-05-28,284.8546447753906,291.40698517369316,280.8640999714186,291.3577314389695,33893805
2024-05-29,287.8598937988281,289.633479595628,280.81489456314944,281.2090147170693,31645904
2024-05-30,286.38189697265625,291.9489226184073,285.39658163466714,288.6973940308183,42769599
2024-05-31,291.60406494140625,292.83570902365676,282.0957485708838,289.87976322625553,51397345
2024-06-03,313.970703125,318.25683054090865,304.75799938492867,318.25683054090865,67256146
2024-06-04,251.79733276367188,307.41837951124705,226.6717921305411,307.41837951124705,268052657
2024-06-05,256.5268249511719,260.615877122765,226.62250184588265,260.615877122765,193487058
2024-06-06,269.63153076171875,277.36626202204695,263.07918991078697,263.07918991078697,95502477
2024-06-07,279.04132080078125,280.37147247561035,264.7542481411464,269.97640749930656,60109827
2024-06-10,279.23834228515625,287.7120596447448,276.9721291855918,284.6575762853141,42363741
2024-06-11,281.9972839355469,286.23412819429564,281.1597598185086,282.78552424014754,32269277
2024-06-12,286.23406982421875,288.69735786057174,281.8494050917368,283.6722442525248,33990756
2024-06-13,296.48138427734375,298.55055253653416,282.8347605980073,289.5841767930014,49511492
2024-06-14,305.0536193847656,305.9403971306774,297.0725595326868,300.5211630430165,67366844
2024-06-18,313.5765686035156,316.2861854571202,307.6646772865601,308.40366370117954,64859245
2024-06-19,304.75799560546875,315.20234329705505,299.6343743335416,315.20234329705505,58698689
2024-06-20,307.31982421875,308.74854337649316,297.81153795387803,305.250656154563,39505506
2024-06-21,300.4718933105469,309.3889841704893,299.6343693458799,308.10808639118795,37620968
2024-06-24,305.201416015625,307.3198379095136,293.08204978030955,300.3240932234359,39139609
2024-06-25,305.1521301269531,310.3250349381275,304.65947252588893,306.33449032784705,29124110
2024-06-26,302.3440246582031,306.92573507480614,301.3587092968073,305.4477620327124,24238007
2024-06-27,300.02850341796875,303.6248981839685,296.7769750146125,301.6050138833133,39996580
2024-06-28,301.407958984375,305.25068282826186,298.3042216515986,301.5064965330773,24256902
2024-07-01,303.1322326660156,307.9110176742064,301.35867723198635,306.3837910543165,39495237
2024-07-02,301.6050109863281,304.4624192632612,298.55052762708135,304.4624192632612,23974162
2024-07-03,309.8816833496094,310.81774497732806,301.26017387644856,302.4918180869001,44919849
2024-07-04,312.6898193359375,313.8229259274396,308.45294546542766,312.73907307361446,35591681
2024-07-05,319.2914123535156,322.00102944053475,309.8816632245512,312.9854004194312,63125211
2024-07-08,329.6864929199219,330.8688531935243,320.81865555544397,323.6268100680824,70983243
2024-07-09,329.883544921875,334.3667475039217,323.8731457474572,333.036565857173,52225572
2024-07-10,328.9475402832031,335.4998814398739,319.38996922468823,335.007223757877,46779965
2024-07-11,330.5732727050781,333.23363595879493,328.10998453290915,330.5732727050781,31919433
2024-07-12,328.2085266113281,332.5439078403972,323.2819501988778,331.9527126570159,24517961
2024-07-15,326.5334777832031,331.11518782138734,326.1393576850842,331.06593408516096,22021426
2024-07-16,321.36053466796875,329.4893847695334,319.7347706615423,328.35627834502,26585927
2024-07-18,308.94561767578125,321.9025386555921,307.71397348145996,321.7054635567253,48043715
2024-07-19,301.8020935058594,312.2464427083093,300.52119551994366,305.3492349422778,43313606
2024-07-22,307.7139587402344,310.0787395355957,292.9342291164107,301.5064843260032,39386992
2024-07-23,297.0232849121094,312.34492454581,276.9721141836887,312.34492454581,76513131
2024-07-24,295.693115234375,301.9991268779725,294.9048449855282,298.05786584204463,24099148
2024-07-25,297.0232849121094,298.94463154825434,289.09147935438017,293.5746816442534,27820556
2024-07-26,305.3492126464844,305.9404078542932,297.56522760707423,299.3387831610633,24512844
2024-07-29,316.6310729980469,320.8186629612729,306.28526250066494,308.2066092656599,51391698
2024-07-30,313.4288024902344,321.7546987215216,312.93614484094746,320.42454712399615,41111245
2024-07-31,311.4089050292969,315.8921079233872,310.81773987353836,315.2023751490846,25709971
2024-08-01,306.58087158203125,313.03470530183455,303.5263879189475,313.03470530183455,28141436
2024-08-02,298.50128173828125,304.1668447052244,297.26963761503276,300.81674863443914,26155604
2024-08-05,285.9877624511719,293.0820445552545,280.81485718719716,285.59364234970866,50390560
2024-08-06,283.03179931640625,298.1563940840158,282.14502162486315,287.7120466506201,39171936
2024-08-07,295.79168701171875,296.5799272823681,285.54438307664395,291.16069273069695,22199473
2024-08-08,293.87030029296875,298.25496558580244,292.7864474045723,296.57991747924086,21963656
2024-08-09,297.7622985839844,300.5211694230441,296.2350418124674,298.0578811490847,15551076
2024-08-12,296.9739990234375,299.19095825148656,293.8702621180556,294.6092485274053,15361379
2024-08-13,291.8011169433594,298.2056663244909,291.06213047630575,297.565217400265,14746085
2024-08-14,290.17095947265625,293.48068228361836,287.15758969806905,292.59150257095865,16641055
2024-08-16,299.65557861328125,300.24837512945913,292.44330642728596,292.9372984989537,21353408
2024-08-19,298.5194396972656,301.8785801687374,297.48206827916994,301.1375919698442,12232725
2024-08-20,299.5074157714844,300.841200523193,294.2216940670901,298.51943153331297,14183642
2024-08-21,301.7303466796875,303.06413128274653,298.91458588453673,299.3591908025174,11862616
2024-08-22,300.8411865234375,303.212342554529,299.8532023312423,302.7183504584314,13074829
2024-08-23,302.3231506347656,305.4847119828029,300.44598677538005,301.82915855856504,21891698
2024-08-26,303.0147705078125,305.1883176881792,302.12556059446405,304.99073893590156,15280637
2024-08-27,297.2844543457031,303.7557692639586,296.00008688299806,302.91597662255,16873099
2024-08-28,296.34588623046875,300.84120248307977,295.90128126004066,297.43264477882826,14005947
2024-08-29,292.64093017578125,297.4326293935603,288.5901889522442,295.753074355137,19185385
2024-08-30,295.7036437988281,298.5194046542593,290.8131403507583,293.2336834257979,28684991
2024-09-02,293.33251953125,298.3218581138171,291.5047426277529,298.3218581138171,11713172
2024-09-03,293.5794982910156,297.72904398135114,293.1843106421467,296.39525928439434,13971488
2024-09-04,295.35791015625,298.2724456679351,291.7517434429662,293.5795203762291,17937646
2024-09-05,287.1082458496094,295.9013001580172,286.515449234808,295.40730800416407,26342723
2024-09-06,280.19232177734375,286.86121504706654,278.660928195247,286.86121504706654,30062372
2024-09-09,278.16693115234375,281.08149651576065,272.43663502362386,278.61153608943584,29170063
2024-09-10,282.3164978027344,284.88526286803716,278.9079400996172,279.1055490088275,19982334
2024-09-11,284.5888366699219,286.9600228699656,280.9333132214769,283.0080860710727,21650737
2024-09-12,288.19500732421875,288.98538263517446,285.52743788569376,287.4046018623776,16102095
2024-09-13,286.4660339355469,290.46735792828645,286.12023343164566,289.47937371764607,12330463
2024-09-16,286.9106140136719,288.6890037160455,284.9346455560696,287.40460612807243,9184637
2024-09-17,280.8839111328125,287.3552260819982,280.488723461698,287.0094255631905,15946216
2024-09-18,279.4513244628906,282.5634685230906,277.0307512211331,281.47667992167123,10450571
2024-09-19,269.4233093261719,281.4273115900163,263.89059165430575,280.5875189713685,44560220
2024-09-20,274.0174255371094,276.0427810988545,269.5714966105502,270.7076724171605,38501362
2024-09-23,282.85986328125,283.25508108039537,275.30179021131073,276.6355749062141,19445968
2024-09-24,288.29376220703125,289.8745428733553,281.13087713698826,282.8598493952745,25346532
2024-09-25,286.3672180175781,291.4553304684609,284.19364078084953,290.46734629738137,19263084
2024-09-26,287.0093994140625,288.3925712123872,285.57681031704664,287.1082038605608,18343882
2024-09-27,289.9239807128906,291.3071525873431,285.72504778812225,288.8371920433617,208588855
2024-09-30,281.67431640625,291.0601668046109,280.19234002756144,289.92399094446034,32695169
2024-10-01,280.5381164550781,283.15626846908526,279.15491449970773,281.67429221766037,13883476
2024-10-03,275.3511962890625,282.85985175263323,271.74502999959066,271.74502999959066,27321529
2024-10-04,273.86920166015625,278.5127087901146,270.2630356129023,275.3511777943543,17451235
2024-10-07,264.1375732421875,275.5487783177932,261.8158044181142,274.0668020663699,21704629
2024-10-08,276.882568359375,278.1175485929137,262.3591887526061,263.7917778838648,29190708
2024-10-09,279.0067443847656,283.15629026857187,275.1536118645949,278.61155671747133,18984175
2024-10-10,283.45263671875,286.12020589106567,279.9946923143539,280.5381016684313,19155691
2024-10-11,282.46466064453125,285.1816170396185,280.73568839311207,283.74905812182976,9677338
2024-10-14,282.26708984375,285.7250344438266,281.2296883731965,282.66227748215334,11386559
2024-10-15,285.3792724609375,285.9720690739729,282.3165150859949,283.6996870824853,14701531
2024-10-16,282.26708984375,287.55278104030265,281.3284928205184,284.68763297327314,11835439
2024-10-17,281.1308898925781,284.44064296735996,278.31515906489074,282.6128661812072,11695551
2024-10-18,283.69964599609375,284.34182967100867,274.4619880542136,279.5007133089558,10095514
2024-10-21,278.9079284667969,283.99607123332436,277.7223655136418,282.8598652790838,8393942
2024-10-22,268.3858947753906,278.75972860001224,267.3979106016171,278.6115370041231,15240897
2024-10-23,265.42193603515625,271.3992582369659,263.10016725101144,267.74370481930106,13503954
2024-10-24,268.08953857421875,269.8678982056983,265.1255857544947,265.76776950192414,10700271
2024-10-25,269.0775146484375,272.6836511057089,254.356555455879,267.74372989002575,40406841
2024-10-28,266.8051452636719,274.61024526981,264.1869929272185,273.37526490819164,24479817
2024-10-29,280.24169921875,281.0814917797273,267.5955141094004,267.9413145934362,34271117
2024-10-30,285.08282470703125,291.2083387183738,278.66092750034954,280.0441294809579,40787587
2024-10-31,281.4766845703125,284.9840464714142,280.34050880269865,284.49005438541826,18720310
2024-11-01,285.181640625,286.762421415781,282.5634884579271,283.20567217424525,5265231
2024-11-04,280.7356872558594,285.5274163634151,276.93194228796943,285.5274163634151,15157659
2024-11-05,282.9092712402344,283.7490638093619,273.81980487594325,279.1055261806924,18761867
2024-11-06,298.2230224609375,300.6435655440213,283.74906065705545,284.04544384245065,52804364
2024-11-07,296.7410583496094,298.3712262376181,292.54212553004027,297.3832420447783,24357284
2024-11-08,294.1722717285156,300.84116453848196,292.1963034885256,296.74103647067915,22935845
2024-11-11,296.14825439453125,300.14957821507124,290.86253306490244,293.92529001625707,20155408
2024-11-12,286.66363525390625,297.2350792003192,283.84787400174133,296.3952865249875,14292965
2024-11-13,278.16693115234375,285.3792336877426,276.09218851493824,284.53944111261535,20001842
2024-11-14,277.5741882324219,281.032133121556,272.18966198755834,278.6115596388075,20541591
2024-11-18,274.708984375,283.2550715029569,273.9186091052033,279.5995180406584,12999925
2024-11-19,275.6475830078125,281.7730969127842,273.67161467083895,276.6355671762993,13160982
2024-11-21,272.1402587890625,275.1042113764146,267.0027289106316,275.1042113764146,14858108
2024-11-22,277.475341796875,280.0934936437922,272.1896208072831,272.6836128595649,13268900
2024-11-25,288.8371887207031,295.4072776619371,284.49006424348045,286.5154198058921,49366681
2024-11-26,294.3204650878906,297.3832219084868,289.627540489667,290.4673330268941,27347402
2024-11-27,303.6569519042969,304.2497484583863,293.87591428991954,295.2590861488714,39464505
2024-11-28,302.076171875,305.78111265842193,300.69300001269954,304.29913634505317,27772319
2024-11-29,304.2991027832031,306.8678674732377,301.3351504833667,302.0267514136813,23241947
2024-12-02,303.21234130859375,305.6823017789324,299.6555922011292,304.10152104773874,15549685
2024-12-03,308.349853515625,308.9920371710157,304.10150365903496,305.2870966773584,21405136
2024-12-04,309.09088134765625,316.99475541682625,307.4607133510673,312.20302573221454,41441172
2024-12-05,310.7210388183594,311.61021859084207,306.86790637034386,310.2270467057706,17911694
2024-12-06,309.98004150390625,312.05481434574284,309.3378578066648,310.72102965092756,8359798
2024-12-09,310.8198547363281,313.2898153903821,309.4860699529616,309.83187047470653,11830104
2024-12-10,311.06683349609375,314.47536091852885,310.22704089025837,313.7343727635362,15811501
2024-12-11,310.3258361816406,312.6969921774539,309.2390475562182,311.1162114632836,9281006
2024-12-12,309.1896667480469,312.2030064908482,308.3498741497774,309.78243314599246,10978047
2024-12-13,311.857177734375,312.54877867049277,304.44729692260836,309.2390258777272,15557064
2024-12-16,312.4006042480469,313.536780004764,310.2270270301572,312.0053864623332,10543307
2024-12-17,306.8678894042969,314.8211499169042,306.2750928717876,311.7583929580095,18053073
2024-12-18,300.1495666503906,306.8678768252951,298.0254068009487,306.47268920344965,16598070
2024-12-19,294.9132995605469,296.8398809145131,291.45535467457734,291.45535467457734,13349532
2024-12-20,287.355224609375,298.47004740124703,285.87324823712544,294.41930595358747,14964305
2024-12-23,290.81317138671875,291.75173833810527,284.53946533950716,290.46737086741354,10201072
2024-12-24,288.9360046386719,293.77712141114034,287.9974075451513,292.6903327109814,10685518
2024-12-26,291.6529541015625,292.44332941801366,288.98538464448984,289.47937675499327,9172485
2024-12-27,288.540771484375,292.5915127055583,287.849200639856,292.29512950803365,9495184
2024-12-30,281.4766845703125,288.9853703076277,279.4513290780828,288.5407653698777,25876258
2024-12-31,289.6275329589844,290.4673254743758,280.83448049690924,281.0814765219725,15725947
2025-01-01,290.3685607910156,291.0601618162385,286.7624243615217,289.6275726143709,6954271
2025-01-02,293.23370361328125,294.22168783051046,287.8492077199133,290.91196482350097,13361957
2025-01-03,288.4419860839844,293.6782900446114,287.997381153925,292.9373019284349,8167968
2025-01-06,278.7597351074219,289.03476472435113,277.1789543623055,289.03476472435113,12638091
2025-01-07,283.55145263671875,284.7370456837066,277.6729348509699,278.7597234522281,13247733
2025-01-08,278.7103576660156,283.55147436896715,276.7343892035141,283.55147436896715,10996122
2025-01-09,277.87054443359375,280.6863053140309,276.2403766030934,277.87054443359375,12715512
2025-01-10,267.74371337890625,277.6235552010061,266.7557291966963,276.63557101879616,15317565
2025-01-13,256.480712890625,265.66895419622654,255.19631529732536,261.81582171809964,19429753
2025-01-14,266.65692138671875,267.7437100036262,258.06147720038,259.83983664558554,18938129
2025-01-15,264.631591796875,268.9293293860785,263.1001980933565,268.7317204724351,11376064
2025-01-16,272.83184814453125,274.709012213691,268.13892289618843,270.1148914218065,17234302
2025-01-17,278.7597351074219,280.48870745188685,270.7570570828641,272.140259079144,12741720
2025-01-20,282.3658752441406,284.3418436647459,277.3271798923054,279.797140418062,10483849
2025-01-21,275.6475830078125,283.4526519086813,274.9065948814474,282.365863293169,13020489
2025-01-22,267.1015319824219,275.94397239854015,263.1001779196085,275.64758920168794,21272549
2025-01-23,270.6582946777344,273.62224739849415,263.8905966018223,265.57015171972114,11978782
2025-01-24,266.9039306640625,273.37524538738035,265.57014593857826,270.65828878582874,10164897
2025-01-27,259.7904357910156,263.7917594070619,258.6542299350358,263.7917594070619,13710372
2025-01-28,255.14691162109375,262.5074057398294,249.663596468553,260.333828507873,29049716
2025-01-29,263.9894104003906,264.7797857602155,255.8879272831933,255.8879272831933,14361301
2025-01-30,275.4006042480469,277.1295766513978,264.6809693170937,265.61956639641005,46735932
2025-01-31,289.1335754394531,290.66496906826546,278.2163618881914,280.48871352980245,50252116
2025-02-01,278.4139404296875,296.00007759162673,266.06413771100216,292.3939412279477,61832253
2025-02-03,270.8558654785156,274.5114191204206,260.13623075649355,274.5114191204206,41786023
2025-02-04,281.0815124511719,282.5634887909847,272.5848420727343,272.6836465255657,29035155
2025-02-05,285.47802734375,288.2937580026168,281.57547795732165,282.21766161371437,18818511
2025-02-06,276.3885803222656,286.46603123619286,275.6475921712676,285.47804703486213,16834939
2025-02-07,273.72100830078125,278.90792530816606,269.81848883337494,277.37656187110156,26682639
2025-02-10,270.1642761230469,278.8091373793956,268.7316870544986,275.5487716150427,21789085
2025-02-11,261.8652038574219,270.70767463297733,259.5928522256014,270.5100657298253,23839025
2025-02-12,256.0361022949219,262.556804118831,250.94798963756563,261.7664288102479,27997028
2025-02-13,258.4072570800781,262.30980675505543,255.49272176221976,256.0361010152942,18016813
2025-02-14,247.3418426513672,261.3218126075688,245.21766764350735,259.04946108003054,25683310
2025-02-17,245.51406860351562,246.99604487275215,239.68496797469555,245.95865846919816,24947159
2025-02-18,241.66094970703125,246.74906248280578,237.6596105435728,246.00807430718174,21180375
2025-02-19,250.35519409179688,250.94799065107097,237.36320769259765,237.80779757433186,21516255
2025-02-20,257.12286376953125,257.8144647045764,247.24302270249834,248.9719948892291,18922988
2025-02-21,253.02276611328125,259.3458591246186,251.34318087002464,256.3819064489087,16594628
2025-02-24,253.26976013183594,255.34453301831687,247.49004643052677,247.98403853917054,15409569
2025-02-25,253.56613159179688,255.44329548751816,252.2817642291676,253.26974840069292,14770656
2025-02-27,249.41659545898438,255.29509813183714,248.87320116181743,254.0107307981866,11087361
2025-02-28,243.29110717773438,247.93462986309402,240.57415065087642,246.996047896177,17754591
2025-03-03,254.29725646972656,255.78909204318117,241.4238090433643,244.526078691217,24644079
2025-03-04,261.5292663574219,263.29776636361214,249.4659887685256,250.83928608387725,24998454
2025-03-05,271.61663818359375,272.48603898054785,260.16587440801476,261.8158213409684,28499877
2025-03-06,269.6702880859375,277.62354850041805,268.56372050182694,272.8910959396048,22586087
2025-03-07,273.6617126464844,276.36880964674754,270.7076497662952,272.48600912776453,25542382
2025-03-10,269.0577392578125,280.06389834566653,268.28711274391674,275.25241984151967,20986855
2025-03-11,275.3661804199219,276.67754987154603,267.28937671643797,270.1704239317,20980143
2025-03-12,275.0184631347656,278.5651090015789,272.3262053547748,276.9557148281683,15308721
2025-03-13,278.2372741699219,283.92975856660445,277.5915337291201,281.14809344413095,38015489
2025-03-17,278.0981750488281,281.5256109212779,274.9091892704679,279.1611804142402,13883681
2025-03-18,278.0981750488281,278.0981750488281,278.0981750488281,278.0981750488281,0
2025-03-19,288.102294921875,291.07271922641786,282.89659419121415,284.1284701643319,21095205
2025-03-20,295.10614013671875,295.8313740477965,289.1950941767289,292.88080804052265,27889890
2025-03-21,293.8047180175781,299.03030717356074,290.83429377096314,299.03030717356074,41751586
2025-03-24,300.12310791015625,302.9047729931034,294.41073506799194,294.9571238213965,29935092
2025-03-25,298.066650390625,302.50740063732644,296.69567603933956,302.01067255746216,19364944
2025-03-26,297.5798645019531,303.5008546837003,296.5367173507763,299.0998512030386,23869923
2025-03-27,298.6825866699219,300.023758541547,294.68890384483063,295.0564777709916,14453677
2025-03-28,299.34820556640625,304.5737641451472,297.11292929482534,302.01066069359933,20850848
2025-04-01,290.0892028808594,303.7988859583522,288.1022905323603,300.02376462335457,33171384
2025-04-02,280.552001953125,288.84736661067814,272.65404399748735,288.0029228459198,52653587
2025-04-03,285.6186218261719,286.3637138831097,280.7506931177527,281.14806948454486,20968721
2025-04-04,278.167724609375,286.11537388392856,276.478837011382,285.22126940411647,19699594
2025-04-07,270.3194274902344,272.7037162132229,254.52348059282508,255.31823339452924,24954083
2025-04-08,279.6082458496094,286.1153715120562,274.7899774532791,280.6017020006929,26787606
2025-04-09,278.3167419433594,280.9493947490269,274.7899846419017,279.1611857574465,11389916
2025-04-11,283.135009765625,285.12192211485745,280.80038169170155,281.14809741639255,13883110
2025-04-15,291.778076171875,292.2251132376026,285.6682967460563,288.00292470443924,19512440
2025-04-16,291.6787414550781,293.4172897757019,289.3937740429609,291.57938977318145,12479078
2025-04-17,293.21856689453125,294.6590903914567,289.2447424261849,291.08264230637,13609937
2025-04-21,297.9871826171875,299.6263791917473,293.2185749337062,295.5532029364431,14064356
2025-04-22,301.36492919921875,302.7557617457966,297.78848099525027,299.0303011828869,11962358
2025-04-23,303.84857177734375,308.2694334866551,299.82505614950605,303.60020773801585,21918666
2025-04-24,303.6995544433594,306.580571188803,301.4642781260173,303.0041230174806,17241517
2025-04-25,295.6525573730469,305.7857919489767,291.77808443760676,304.79233579538305,20307004
2025-04-28,303.05377197265625,305.8354672506762,293.91399401941027,294.0630063712262,29913417
2025-04-29,315.02496337890625,317.3595914850266,303.79889026019765,304.54398240143547,57882724
2025-04-30,312.0445861816406,318.3530388665139,310.5544019403891,316.9125153061537,24863436
2025-05-02,309.1138916015625,315.6707086070949,308.5675028168837,308.76617586682266,15451259
2025-05-05,313.2367248535156,314.82626082247975,311.1504911069944,311.8955832501454,10955241
2025-05-06,308.4681396484375,317.2105417850753,307.17665875934654,313.58443284151105,17029890
2025-05-07,307.9217529296875,313.13739783761883,303.0041327464874,303.0041327464874,19274367
2025-05-08,305.1400451660156,311.64720102743524,302.805417190054,308.4681292749077,17110997
2025-05-09,313.7831115722656,319.69415710728686,303.0041069499785,303.0041069499785,44244945
2025-05-12,320.6876220703125,322.87323765233975,314.13083595998006,322.87323765233975,39927141
2025-05-13,333.55291748046875,335.53982987052365,320.68764762771235,321.58178245753874,57985762
2025-05-14,342.0966491699219,343.73584583939555,332.311099518144,336.7816524264598,43684324
2025-05-15,348.1070251464844,348.7031048936383,338.5698401456474,344.2325522667968,35959338
2025-05-16,361.5186767578125,368.72123364282226,347.31226633935694,349.29917858349756,68855818
2025-05-19,361.36968994140625,371.0558878161243,360.1775303835209,370.4598080371817,52003735
2025-05-20,361.4193420410156,368.57223858270925,356.1540364741274,366.98270264923553,67088831
2025-05-21,380.49371337890625,381.3878178689629,361.61804613556626,364.4990629670271,88688170
2025-05-22,380.8910827636719,384.2191669377616,376.51988175672045,380.49370636629004,43486783
2025-05-23,381.2884521484375,387.34854063014984,378.6061387770363,386.60344852955916,37666187
2025-05-26,382.0335388183594,383.27535896835775,376.023141419517,382.3812545239339,26722908
2025-05-27,382.8780212402344,386.2557663256805,380.94079980137514,381.9839167055395,16859142
2025-05-28,387.8949890136719,390.9250183246151,381.5865360216051,382.9277079676158,27549144
2025-05-29,384.2688293457031,389.5341651677785,383.02700914963003,388.98774609078083,18562683
2025-05-30,382.083251953125,387.4479092483733,381.13945645729245,384.26883735303096,23144580
2025-06-02,384.9642639160156,386.7028122046686,381.23880329747357,382.4806235036542,11943152
2025-06-03,383.4740905761719,389.23612436959564,382.9773624795706,384.96427486597565,18630318
2025-06-04,388.0439758300781,388.73937694000966,381.5865108954077,384.4675276488394,20648850
2025-06-05,390.92498779296875,392.1171472780643,386.95116326648366,391.12369114644304,20746844
2025-06-06,388.1433410644531,394.2530904986112,386.6531567967133,392.2661781416247,17366507
2025-06-09,389.88189697265625,392.71322288222177,389.2361261897533,391.42174195217007,13744521
2025-06-10,394.7994689941406,399.220361000523,392.1171555727477,393.90536452034297,26456073
2025-06-11,390.32891845703125,395.64391496648386,388.0439814205334,395.64391496648386,18042738
2025-06-12,384.86492919921875,393.1602946057068,383.076720150652,390.2295866627963,15555771
2025-06-13,391.62042236328125,395.14717953176347,377.0166049837944,377.1656173411616,35564550
2025-06-16,401.207275390625,401.85301582961904,391.6204295314417,393.5576508484238,32061745
2025-06-17,399.12103271484375,404.833405927315,397.879212451263,403.14451824169424,24371681
2025-06-18,397.8791809082031,402.34973350267734,395.8922686439924,399.02164939654926,18879759
2025-06-19,395.9419250488281,401.15756968607286,390.8753230840902,398.37590467335895,18220823
2025-06-20,405.5784912109375,407.3170395504822,395.14720117366903,396.389021416201,122552435
2025-06-23,418.14569091796875,419.63587515525154,406.3732293798597,408.3104810154777,43017721
2025-06-24,415.7613830566406,423.7090319561702,412.28428666309645,423.6096802813512,33807025
2025-06-25,403.3928527832031,417.6489544297447,402.34973596525816,417.5496027523511,29028317
2025-06-26,407.4163818359375,411.19150315900634,404.1876492798288,406.2739133027358,25730795
2025-06-27,411.78759765625,414.07253480439306,406.8203166230021,407.81377282965167,41398277
2025-06-30,418.7417907714844,420.23197508027965,411.53923327897365,413.9235221094707,20350621
2025-07-01,429.4214172363281,433.14687776758603,421.3247557453027,422.02015685374556,35405785
2025-07-02,424.1560974121094,429.9181307110113,419.8345572789957,428.2292432003636,22843521
2025-07-03,423.4606628417969,427.8815546162099,421.27504729352825,424.901186314684,13499244
2025-07-04,424.7521667480469,429.5704351611594,422.9639577970184,427.1861464538295,16618426
2025-07-07,414.37054443359375,424.6528211088437,413.42674901358504,424.6528211088437,22221724
2025-07-08,419.2384948730469,420.57966673775616,413.52612201636435,415.26467027709384,15970711
2025-07-09,414.9169616699219,421.2254143876518,413.77449314258723,421.17575370650184,14956297
2025-07-10,410.7940979003906,416.754834508377,407.8137295963975,415.711717729129,17914452
2025-07-11,406.62158203125,410.4960851939736,402.449084474442,408.31046958002054,15186245
2025-07-14,404.63470458984375,407.66476423892254,402.498779789335,402.8464955284591,17844425
2025-07-15,406.2738952636719,410.1980287745957,405.1313964633223,405.82682787937205,11971127
2025-07-16,403.4922180175781,407.61505506599786,402.8464775696361,406.7209505751646,9173824
2025-07-17,401.55499267578125,406.02554540331425,400.4124938355553,403.4922140003199,7922270
2025-07-18,392.16680908203125,404.28698604971527,391.5707293377742,401.6046423594962,21172393
2025-07-21,397.3327941894531,398.32625032662605,388.54070131189786,392.017797792003,12980473
2025-07-22,400.4621887207031,402.0517246583826,397.1341044832222,400.36283703999635,12447434
2025-07-23,397.5811767578125,402.25040262946555,394.00472843369147,400.859570036162,10413255
2025-07-24,395.6439208984375,399.2700298663231,393.4086445091808,398.0779006494454,6767566
2025-07-25,392.6138916015625,398.07790055173774,390.92500398072144,396.3890129308967,9202508
2025-07-28,386.70281982421875,393.7563647978826,380.791743399177,392.6138962492605,19856033
2025-07-29,385.7093505859375,388.19299096318116,375.5264250392386,387.4478988500081,25307639
2025-07-30,383.9707946777344,389.83217978776514,382.48061048105495,388.3916865883668,11335944
2025-07-31,380.5930480957031,385.70934108319955,376.32116856136514,376.5198719137994,9702316
2025-08-01,374.7316589355469,380.99042033674516,373.7382028199361,380.59304395407577,8702605
2025-08-04,387.0008544921875,387.69628596636335,373.98660239502414,376.5199036034637,13454379
2025-08-05,384.11981201171875,387.6962601936724,380.84141886368866,387.4478961576739,13482710
2025-08-06,387.1498718261719,390.92499304994874,384.5668797856467,389.43480883247753,16852693
2025-08-07,385.2126159667969,387.74591698140136,380.9904273972059,383.4740677322594,11520396
2025-08-08,382.083251953125,384.8649171231422,381.0897957755651,382.77865308669107,7139111
2025-08-11,381.3878173828125,385.8583701452734,379.0531893210632,381.4871690633313,8910936
2025-08-12,377.861083984375,382.8283651454214,377.0663008078807,381.4871931683632,9329093
2025-08-13,386.3054504394531,387.34856732501834,379.5996210719922,379.69897275582633,10930440
2025-08-14,383.2683410644531,386.35520574469433,380.9282970138731,386.20584769640396,8046552
2025-08-18,380.8785400390625,388.09780648424737,379.4844808721172,386.3552249285131,11778056
2025-08-19,378.43890380859375,382.0734552689266,375.899725763357,380.8785300781035,11111204
2025-08-20,370.273681640625,382.6708861070648,369.5268609960849,382.27258784095204,20289349
2025-08-21,372.6137390136719,375.8001556443125,369.9251724422527,371.4188137845498,12680853
2025-08-22,373.2609558105469,378.3393421566636,372.016254764352,372.2153886988177,15246732
2025-08-25,370.4728088378906,378.4388955680221,369.9251525304778,376.24823995016146,8577673
2025-08-26,364.2991027832031,370.4728016462858,362.7058793904626,370.42302576047246,15718869
2025-08-28,362.3075866699219,366.19104785711414,359.6688265291508,362.5067206044238,12218065
2025-08-29,367.83404541015625,369.4272688196348,360.06712307273597,360.7641374224891,12739664
2025-09-01,372.3149719238281,373.65925513520085,365.991884513452,368.381734839541,8821349
2025-09-02,375.0035400390625,377.3435841007971,372.16561555518047,375.7005543971432,12169182
2025-09-03,377.0946350097656,379.5840370618813,375.50141161876985,376.14865007467824,9919255
2025-09-04,370.9209289550781,379.88277690298605,370.42304851352765,379.88277690298605,9288078
2025-09-05,369.2281188964844,373.90820714654546,366.9378810479414,372.4145658397017,7325669
2025-09-08,370.3234558105469,372.9124401105854,369.2779190683244,370.0745155968549,6897641
2025-09-09,370.3732604980469,372.41455808628416,368.3319325216001,370.32345422259624,10598912
2025-09-10,386.4049987792969,387.3509837741323,371.46858552322493,372.11585440822313,23174318
2025-09-11,383.5173034667969,390.83615213862737,382.42196040226935,387.948451614481,19042696
2025-09-12,397.6072998046875,398.1549865113875,383.66664774498406,384.36369250325316,26356961
2025-09-15,396.76092529296875,401.39120719647934,394.02258293852367,398.3043424647357,18486916
2025-09-16,401.1920471191406,401.5903453881819,394.5204675451209,396.7609294952146,12467341
2025-09-17,410.45263671875,414.88375429200426,403.2831464051523,403.781026832813,31367478
2025-09-18,408.1623840332031,413.240770666018,406.46960874773873,413.240770666018,12000897
2025-09-19,407.1665954589844,411.69732544781976,406.51935700006754,407.2661776191736,16150731
2025-09-22,404.6772155761719,409.6560199764403,403.63167880739974,408.0627964907123,10884230
2025-09-23,402.7355041503906,405.9717270431687,400.59459392613803,404.67721965313103,11906108
2025-09-24,393.7736511230469,403.23337945834527,393.3255465729328,402.7354990196453,10835672
2025-09-25,401.44097900390625,404.7270080287682,390.78635618419,393.77363872231393,23804019
2025-09-26,394.2217102050781,404.4282588080028,392.7280689461135,401.9388567097285,11687034
2025-09-29,398.25457763671875,406.4197986510677,397.3583685307176,399.3001144094393,23390892
2025-09-30,402.23760986328125,404.6772057271114,400.14650598841985,403.2831466066071,14681751
2025-10-01,404.77679443359375,407.26619661338214,397.65711027704094,400.29587050997463,13156495
2025-10-03,410.9007263183594,412.0458452673873,403.38274373333155,405.0755190180912,16002501
2025-10-06,411.4981689453125,413.1411682609187,405.77254409005405,410.9505126361802,14684188
2025-10-07,408.5606689453125,413.78841346341665,407.3657741455289,411.4981756393407,11933246
2025-10-08,401.9388732910156,410.2534827198984,401.39121696208633,408.6602592336353,8668516
2025-10-09,407.6147155761719,408.2619540598443,401.2916280149201,401.9886727746965,9035150
2025-10-10,411.7471008300781,413.7386224785912,406.6189386627987,407.2661771209237,13813014
2025-10-13,407.66448974609375,411.2492349174471,404.6274312803166,411.1994590297628,7858503
2025-10-14,400.69415283203125,412.3943426113271,399.89755632149047,408.2619412350048,10789648
2025-10-15,406.3700256347656,408.5109054724575,401.291639013773,401.291639013773,10892830
2025-10-16,410.0543212890625,410.95053039831953,407.3159788486255,407.3657851259235,11479498
2025-10-17,411.0500793457031,418.2195698411208,407.91343864953683,408.61048342122285,19566580
2025-10-20,414.7344055175781,415.77994228376684,410.7513620072052,414.7344055175781,10580573
2025-10-21,415.9293212890625,417.37315629588767,414.83397827091983,416.37739544088697,2915071
2025-10-23,416.8752746582031,420.7089600164685,416.22803618197355,419.7131991643585,21980966
2025-10-24,420.2608642578125,421.90389400868776,418.11998445869074,420.2110883694509,18720794
2025-10-27,413.3901062011719,423.1983565422036,412.842449895048,423.1983565422036,12158324
2025-10-28,411.7969055175781,415.0331284227572,409.1083693369713,415.0331284227572,12247991
2025-10-29,405.4738464355469,413.14118705320493,405.1253240465145,411.7969037744863,14498733
2025-10-30,408.1623840332031,408.90920470308146,402.5861169538026,406.07128007990156,11172780
2025-10-31,424.293701171875,425.43882006339146,406.41978188929374,412.0458245731689,51342361
2025-11-03,420.5097961425781,429.1729277205269,414.6348131864588,426.1856451609873,27222212
2025-11-04,413.3901062011719,420.6093722833624,412.7428677335139,418.21955234758946,12831686
2025-11-06,407.0670166015625,413.24074592488046,405.72276378683193,409.25770259066473,12786294
2025-11-07,412.4939270019531,414.23650846786364,403.58185534958443,406.27042176655857,10141248
2025-11-10,415.0829162597656,418.6178551207863,412.24499176058345,414.18673757271057,9288444
2025-11-11,425.4886169433594,426.0860795561272,415.38164996845944,415.38164996845944,24889361
2025-11-12,422.9494323730469,427.57971437200206,420.01192563153444,426.3350132761426,15221773
2025-11-13,418.0203857421875,423.39751855357974,417.2237892306822,421.3561906120078,9091428
2025-11-14,425.04052734375,426.8826910044827,416.92508244723524,417.02463422223997,14719899
2025-11-17,422.7502746582031,427.679303230227,420.60939481746345,426.1358860024919,12996079
2025-11-18,419.1157531738281,427.629527029468,418.5182905612587,422.7502743503268,13340937
2025-11-19,421.406005859375,422.4515426015139,413.29053058309756,418.21955896908855,9661756
2025-11-20,421.20684814453125,425.38905595515104,420.4102516035609,423.1983698851673,10463382
2025-11-21,414.5850524902344,421.555378717899,413.7386496563758,419.713214994374,8395038
2025-11-24,402.0882263183594,413.58928257597734,399.3001080434151,412.2449993266181,23696864
2025-11-25,408.5108947753906,410.65177455702246,404.27891110008187,404.7767915324711,14107503
2025-11-26,413.5394592285156,414.7343843759989,406.7682977613338,408.51087920829184,8339381
2025-11-27,411.29901123046875,415.5309948871433,410.25347448233896,413.53947316635526,5251173
2025-11-28,410.0045471191406,413.4897102397648,406.9176822775171,412.24500912525616,6690232
2025-12-01,415.4812316894531,417.4229775818122,411.7471283489248,414.1369484092208,9650320
2025-12-02,411.29901123046875,416.87527812631726,409.2577136219449,416.27781553243886,11215451
2025-12-03,402.23760986328125,410.9505173516956,401.6899231596551,410.25347259733854,12294040
2025-12-04,405.4240417480469,407.76408592562854,400.04693900029616,404.07975846405645,10865110
2025-12-05,405.1750793457031,408.95898876714847,403.63166220040637,407.2661831854217,11774958
2025-12-08,384.7619934082031,404.7270170492327,383.3679342703167,404.7270170492327,25593778
2025-12-09,387.799072265625,389.34248941621115,378.93677645683687,383.41770024807204,19270896
2025-12-10,385.7079772949219,389.79060292075246,384.1147538326209,388.34673751062127,8372979
2025-12-11,385.8573303222656,388.346732453377,383.517286241379,384.3636890435988,7666925
2025-12-12,387.799072265625,392.4293541055928,386.35520688872106,386.35520688872106,12661065
2025-12-15,389.09356689453125,390.73656628170284,386.35522445317497,387.4007612300449,9087687
2025-12-16,386.355224609375,389.54167160679845,383.1190017228274,389.09356705183836,8700626
2025-12-17,383.96539306640625,386.75351131456773,383.3679304737403,386.3552130488603,6612962
2025-12-18,381.82452392578125,385.16029858360804,378.83724126751684,382.4219561468656,7510229
2025-12-19,391.1846618652344,391.8319003497966,381.87429170050063,381.87429170050063,11595429
2025-12-22,397.2588195800781,397.6073115813247,391.23444795720303,391.33403012393524,9321669
2025-12-23,397.7068786621094,400.79374338445143,394.0723576258302,397.30858039849966,7734965
2025-12-24,398.3043518066406,401.9388729392341,395.91453177344283,397.308590927124,8097208
2025-12-26,396.76092529296875,405.8223247734737,395.46641794703254,401.29162503322124,13284184
2025-12-29,391.58294677734375,401.7397194084796,390.7863502678546,399.30009321732956,15690096
2025-12-30,391.6327209472656,395.3170481609764,387.8986178475083,394.12212301377053,37726382
2025-12-31,397.9060363769531,399.5988115662219,394.022575191914,394.2217091263055,9409818
2026-01-01,396.01409912109375,399.0511575346954,392.9272344324536,398.20475474113465,6084786
2026-01-02,401.44097900390625,403.8806052319912,397.25880168345844,397.9558160427617,10950368
2026-01-05,412.04583740234375,416.8255078292685,401.09246779109696,401.1422740677106,26097635
2026-01-06,411.34881591796875,413.9378002226377,408.461115511619,412.9420393660888,9927677
2026-01-07,413.88800048828125,414.48546308929525,407.81385308969095,411.3488224192345,8279218
2026-01-08,413.88800048828125,421.1570730888995,412.29477701498064,413.9378067648217,22238704
2026-01-09,416.8752746582031,422.7502576080101,414.087156427579,415.23227532986357,22963210
2026-01-12,415.9293212890625,418.02039477399614,408.8594131409158,417.72167867277983,14594852
2026-01-13,411.9462890625,420.55961461465586,407.6644990367261,417.97063024366406,13393010
2026-01-14,415.8297424316406,419.016158960048,409.2577146587487,409.2577146587487,17676239
2026-01-15,415.8297424316406,415.8297424316406,415.8297424316406,415.8297424316406,0
2026-01-16,408.5108947753906,415.4812208288403,404.62743348039635,414.7841760682113,18888193
2026-01-19,411.0500793457031,413.14118327255085,405.9717231653436,408.26196103537984,8012134
2026-01-20,407.6147155761719,413.6390566454295,404.2789106056019,412.1454153500886,32732305
2026-01-21,400.943115234375,407.76408339071406,395.3170722982014,404.77680072851103,19150437
2026-01-22,415.531005859375,416.52676674606244,404.2789199950914,404.2789199950914,19763144
2026-01-23,408.958984375,417.22378709535235,406.7682983972588,417.22378709535235,12715222
2026-01-27,414.1867370605469,417.4727357050885,409.8551712922261,414.68461748476284,15482165
2026-01-28,451.0796813964844,455.5606053838667,415.53100560796724,416.228050383511,71986647
2026-01-29,442.6156921386719,454.0171658799798,436.39218690612586,452.3243603014436,42412510
2026-01-30,447.09661865234375,450.0341252954324,437.43772631682003,444.9557389168396,36684903
2026-02-02,437.23858642578125,439.4790482927439,418.46848870714103,430.16867845683504,43652893
2026-02-03,437.0892333984375,458.04998695033777,433.40490613072717,458.04998695033777,26696516
2026-02-04,437.33819580078125,441.5203733130986,431.96106267489915,434.9483453500733,12400181
2026-02-05,431.06488037109375,437.1390278378264,426.3350161746708,437.1390278378264,14345511
2026-02-06,427.8286437988281,431.5627469922106,423.7460182297548,431.164448729225,11078888
2026-02-09,435.4461975097656,437.7364656448853,427.679275214129,430.1686772817316,12162696
2026-02-10,435.4461975097656,439.4292408179298,431.7120944083617,436.1432422439779,10878065
2026-02-11,435.6951599121094,436.8403092321109,432.508743336178,436.8403092321109,8274702
2026-02-12,442.01824951171875,443.0638166709096,432.75768546294563,435.1475055024796,16140306
2026-02-13,433.7036437988281,444.3085215955896,430.9653013493417,442.01825331400175,14086068
2026-02-16,436.14324951171875,436.740712095541,427.28098408101744,431.2142211804464,8156650
2026-02-17,444.95574951171875,447.44515167930336,438.43349759972097,440.12630322896257,17963084
2026-02-18,445.8021545410156,451.57755544321924,444.2587069565195,448.092392391287,14341134
2026-02-19,433.5044860839844,447.3455556284585,431.1146661549299,445.80213848775077,9791516
2026-02-20,439.2799072265625,443.5118909770847,431.861506885044,433.1559838769783,9533724
2026-02-23,437.8858337402344,443.412294301854,433.85301445345345,440.9228921771227,12915631
2026-02-24,433.20574951171875,435.6453757713221,428.525691707787,435.14749534186916,12223376
2026-02-25,437.437744140625,439.130549798534,431.7121190582178,433.15598449515255,9469190
2026-02-26,447.1463928222656,447.9927956134826,438.1347693800728,438.73223196141475,13738213
2026-02-27,442.81488037109375,447.0966400469945,439.827597698174,446.6983417682473,22732811
2026-03-02,452.0256652832031,454.76400771321033,439.8275944586255,440.22589273443896,35034174
2026-03-04,444.95574951171875,458.8964016501927,442.6157053965472,458.0499988355719,35193505
2026-03-05,458.04998779296875,465.9164923752496,443.9599779417617,446.8974541957692,38023711
2026-03-06,468.45001220703125,473.45001220703125,460.3500061035156,462.0,28154230
2026-03-09,457.3500061035156,470.0,450.0,470.0,21898419
2026-03-10,463.3500061035156,465.79998779296875,453.54998779296875,465.0,19398151
2026-03-11,454.1000061035156,469.79998779296875,453.25,463.5,16015126
2026-03-12,453.54998779296875,455.0,448.5,452.0,14089623
2026-03-13,439.3999938964844,452.3999938964844,433.6499938964844,451.8999938964844,19502809
2026-03-16,429.5,437.79998779296875,422.25,431.8999938964844,22324389
2026-03-17,439.3500061035156,441.04998779296875,430.29998779296875,432.45001220703125,14421128
2026-03-18,442.6000061035156,447.75,440.5,445.45001220703125,13700203
2026-03-19,430.79998779296875,439.0,428.3999938964844,436.1000061035156,12237975
2026-03-20,426.1000061035156,438.95001220703125,424.70001220703125,432.20001220703125,17599734
2026-03-23,405.5,421.75,404.0,420.6000061035156,18894757
2026-03-24,414.45001220703125,417.45001220703125,408.75,412.5,14642804
2026-03-25,413.45001220703125,422.0,412.54998779296875,416.29998779296875,15134997
2026-03-27,404.75,413.45001220703125,403.25,411.8999938964844,21818224
2026-03-30,400.6499938964844,413.25,399.3500061035156,400.0,22694742
2026-04-01,418.70001220703125,430.20001220703125,412.6499938964844,415.0,25301241
2026-04-02,421.6000061035156,423.6000061035156,407.5,417.0,19686517
2026-04-06,427.1499938964844,428.04998779296875,420.0,422.0,12327836
2026-04-07,427.79998779296875,429.0,420.6499938964844,424.0,11417162
2026-04-08,433.1000061035156,440.0,428.79998779296875,440.0,20054221
2026-04-09,439.75,443.29998779296875,424.5,425.0,19917307
2026-04-10,442.45001220703125,447.45001220703125,440.45001220703125,444.1000061035156,10833065
2026-04-13,441.54998779296875,445.5,434.0,435.0,15149734
2026-04-15,447.6499938964844,449.20001220703125,444.79998779296875,447.5,9915383
2026-04-16,455.6499938964844,457.0,448.8999938964844,449.8500061035156,12197884
2026-04-17,462.75,463.75,454.45001220703125,458.0,14128030
2026-04-20,457.54998779296875,464.3999938964844,456.0,462.0,9914017
2026-04-21,451.5,461.79998779296875,449.45001220703125,457.5,13492130
2026-04-22,448.70001220703125,451.8500061035156,444.70001220703125,450.79998779296875,11538028
2026-04-23,449.95001220703125,455.70001220703125,444.5,451.70001220703125,15021500
2026-04-24,444.45001220703125,451.20001220703125,438.75,450.0,11651499
2026-04-27,435.6000061035156,448.29998779296875,432.95001220703125,445.0,18502535
2026-04-28,435.75,441.0,433.54998779296875,435.6000061035156,10883746
2026-04-29,437.54998779296875,442.79998779296875,435.25,437.04998779296875,9507163
2026-04-30,431.29998779296875,436.45001220703125,424.5,436.45001220703125,15795581
2026-05-01,431.29998779296875,431.29998779296875,431.29998779296875,431.29998779296875,0
2026-05-04,433.54998779296875,438.6000061035156,428.6000061035156,433.0,10764998
2026-05-05,433.3500061035156,436.5,429.29998779296875,433.5,11671943
2026-05-06,438.20001220703125,439.6499938964844,435.1499938964844,437.0,9748728
2026-05-07,439.45001220703125,441.0,433.5,439.8999938964844,15696400
2026-05-08,439.70001220703125,443.79998779296875,437.79998779296875,439.0,11164661
2026-05-11,431.95001220703125,439.1499938964844,431.0,438.0,7631226
2026-05-12,416.5,432.5,415.5,430.20001220703125,15199825
2026-05-13,428.25,432.0,415.75,416.6000061035156,13230827
2026-05-14,428.8500061035156,435.1499938964844,424.45001220703125,431.0,9807792
2026-05-15,423.6499938964844,429.5,422.20001220703125,428.8500061035156,7593616
2026-05-18,426.6000061035156,427.79998779296875,414.6000061035156,423.8500061035156,10452161
2026-05-19,422.95001220703125,430.8999938964844,419.29998779296875,428.3999938964844,13350029
2026-05-20,413.29998779296875,420.0,407.0,416.29998779296875,28012723
2026-05-21,420.3999938964844,426.1000061035156,418.04998779296875,420.0,19789651
2026-05-22,416.54998779296875,421.45001220703125,415.45001220703125,421.45001220703125,9170591
