Date,Close,High,Low,Open,Volume
2021-05-24,168.24610900878906,168.85098434123026,163.88740157777664,166.14681535658218,22941220
2021-05-25,168.79759216308594,170.43433323433132,166.87620519186095,169.65154072156983,21199352
2021-05-26,168.0148162841797,171.03922522423997,166.69830451979408,170.30980243533347,25944614
2021-05-27,166.46702575683594,173.63665172500146,165.80876988493992,172.56921329226577,102988808
2021-05-28,167.7657470703125,170.7545726300787,166.6983085947856,169.01109195842724,29313704
2021-05-31,167.94366455078125,168.4595975247054,166.6271526674519,168.4595975247054,13495562
2021-06-01,167.53448486328125,169.61599223568228,167.26762522216694,168.44180329965133,8869530
2021-06-02,168.88658142089844,169.17123824019643,166.87624081941033,167.2320536996223,12676710
2021-06-03,168.6197052001953,170.2208630038956,168.33505926740045,168.8331950790646,12184524
2021-06-04,170.16748046875,171.7864244497078,168.6730622874463,168.9399219013544,17759466
2021-06-07,171.28831481933594,172.7115663107447,170.34541287798706,171.07482492391517,12523390
2021-06-08,173.4409637451172,174.24154259146823,169.4558558109737,172.142238263089,15198964
2021-06-09,172.58702087402344,175.73596681065257,171.3238895829262,175.0599245582548,18980362
2021-06-10,172.05331420898438,173.45877943190285,171.76866824769456,173.01401333079542,7388634
2021-06-11,172.0710906982422,174.17038427158374,171.39504847747745,172.81829983005423,7438508
2021-06-14,172.10665893554688,172.56921124081555,169.3668959806767,172.1956121372174,7237652
2021-06-15,171.4662322998047,173.3698334638832,171.07483594274822,172.56925444840093,6507360
2021-06-16,171.2349090576172,172.53362359876078,170.45211655850727,172.0177015567271,7994924
2021-06-17,169.6871337890625,171.822010735518,169.47364392270782,170.06074376981962,6651076
2021-06-18,168.0681915283203,170.82574094615399,166.07563751920875,170.79015749163406,10583776
2021-06-21,169.02890014648438,169.29575979992597,166.69833018318,167.8369357146163,5397088
2021-06-22,168.53076171875,170.34540950608556,168.2283186111029,169.90064342382425,5553420
2021-06-23,167.08970642089844,169.01109352292357,166.92958630466893,168.65528069445426,4927558
2021-06-24,165.84434509277344,167.40991921124404,165.48853229955083,167.0541064180214,8462210
2021-06-25,167.2498321533203,167.97925503866077,165.87996131561266,166.66274310022462,5904240
2021-06-28,166.21795654296875,167.94365089013795,166.00446667945016,167.58783807045546,4334320
2021-06-29,165.89773559570312,167.05412731835415,165.45296954852967,166.87622089948476,5921594
2021-06-30,166.5559844970703,167.46330285164325,165.80877539760374,166.1645882203454,5924634
2021-07-01,164.65240478515625,166.84065175321717,164.38554513396477,166.5560058020317,5757026
2021-07-02,164.65240478515625,165.66647363139336,164.0475185657034,164.7413580022201,4769492
2021-07-05,163.5671844482422,166.3425205547202,163.14020465099296,165.43520205874975,11190174
2021-07-06,162.9800567626953,164.7413345532814,162.81994750989824,163.67389610045237,7749392
2021-07-07,163.85182189941406,164.17205130144947,160.98753272211553,162.9800760496901,6000580
2021-07-08,163.033447265625,165.59529319274935,162.44634739410535,163.7272757869406,6426778
2021-07-09,162.57089233398438,163.14019507739235,161.2899638759531,162.28624639155373,7058662
2021-07-12,160.47157287597656,163.42481477395683,160.13354637239854,162.8199395287974,7393710
2021-07-13,160.20472717285156,161.89483812026089,160.0268207573348,161.0942592504354,7409874
2021-07-14,159.6532440185547,161.2188185229553,159.47533757808765,160.4716093012842,4936524
2021-07-15,159.06614685058594,160.382658876407,158.35452107631457,159.8667258466412,6617550
2021-07-16,159.40414428710938,160.48936905100294,158.62135173513838,159.77774340686406,6726604
2021-07-19,161.50344848632812,163.31809617104906,158.40788324396544,158.69252917709778,14737948
2021-07-20,161.46786499023438,162.96228328517634,159.75996767476894,162.53530352703683,7689016
2021-07-22,163.994140625,165.07937633416122,161.18322127773772,161.87706067963663,13532496
2021-07-23,164.15426635742188,165.73762708110687,163.42484347385178,165.38181421845223,6954808
2021-07-26,162.25064086914062,164.58121042417181,161.93041151281847,164.34993427008055,5177476
2021-07-27,161.2899627685547,163.81623620983166,160.91636361436122,162.25066182011878,4635256
2021-07-28,161.3433380126953,162.0727499974762,160.2225188703324,161.39670776743966,4411220
2021-07-29,159.79554748535156,161.5923979712226,159.58205761115252,160.82740254234324,5979220
2021-07-30,158.5146026611328,161.61017836965036,158.30111280907212,159.83111436671956,13531870
2021-08-02,162.89112854003906,163.63833774332397,158.87044742783738,159.4219530362957,9965680
2021-08-03,164.8836669921875,165.43518340633122,162.42856058118008,163.92297884451298,7855132
2021-08-04,162.6598358154297,165.45296874990612,162.2862366810257,164.74134307786352,5192276
2021-08-05,161.36114501953125,163.1757929235442,160.5249825594074,162.28626070182685,7099910
2021-08-06,162.1083221435547,164.7413348265244,161.53901946272586,161.53901946272586,8118604
2021-08-09,161.00531005859375,163.31809351799896,160.36485129017692,162.78437425813624,4555246
2021-08-10,158.22998046875,161.85926506331035,157.5361410602439,161.71694209346325,7098198
2021-08-11,160.11578369140625,160.66728926959138,156.75334789046812,158.69253228081598,10635072
2021-08-12,159.45751953125,162.03716258010965,157.30485622699928,160.82740111511225,12567714
2021-08-13,161.85926818847656,163.26473333190128,159.51090113574452,160.11578734245694,14232032
2021-08-16,165.09718322753906,166.3781118208416,161.91265347488184,163.1402123056609,17964436
2021-08-17,165.45297241210938,167.14308342062017,164.02972103652132,165.75541550113107,14363500
2021-08-18,164.91925048828125,166.14680912336004,164.04750469136488,166.14680912336004,7947234
2021-08-20,161.96600341796875,165.63087119772237,161.1832108540671,164.31435939258213,12114818
2021-08-23,160.72064208984375,163.54934726407734,159.43971387012257,163.21133162764534,7925892
2021-08-24,162.39297485351562,163.40704359954972,161.12984363944156,161.18321339269684,7248688
2021-08-25,163.92300415039062,165.239505339377,162.6954453261075,162.96230499586053,9704266
2021-08-26,166.07565307617188,167.73018071014906,163.17578042716178,163.88740615003772,14847298
2021-08-27,167.694580078125,168.54853954495667,165.8621462010946,166.89400122187956,12536762
2021-08-30,168.13934326171875,168.97550555801163,167.8013275988228,168.97550555801163,9029840
2021-08-31,167.81912231445312,169.31354057251562,166.64494429636548,168.29947181586937,18002472
2021-09-01,169.72271728515625,170.57666589224036,168.01482007098804,168.3884191932918,10439002
2021-09-02,170.71896362304688,171.34163597390415,169.7226922050929,170.07850497701133,8362628
2021-09-03,174.8108367919922,175.77153576408054,170.86132311651843,171.85759468431357,16372070
2021-09-06,174.63296508789062,176.6611029393751,174.34831911438832,176.46541018991076,13979558
2021-09-07,171.48399353027344,175.59362727194326,171.14596700669645,174.5973557159462,13420280
2021-09-08,174.18817138671875,175.41573002748981,171.46620533386348,172.21341446917864,13609662
2021-09-09,174.75746154785156,175.05990461167428,173.54770015110597,174.31269553003733,9084984
2021-09-13,177.23036193847656,177.63954449620294,174.88199523261642,175.7715272531282,21460684
2021-09-14,175.45130920410156,178.97385406062335,174.52619367144285,178.26222839835447,24182782
2021-09-15,174.3305206298828,176.10958498631166,173.6722646462947,175.77155841517134,22748506
2021-09-16,177.1959686279297,178.4067371523886,175.78340534939431,176.57040981692234,34750954
2021-09-17,176.06593322753906,178.38657303512267,174.39103913407632,177.98298350336898,24016408
2021-09-20,169.66905212402344,175.01661390633132,169.08385463967886,173.9672785649783,14744276
2021-09-21,167.0053253173828,171.08158161217298,166.60173582911793,169.4672236591134,22963476
2021-09-22,169.56814575195312,170.1129941038571,167.28786727413706,167.28786727413706,9640070
2021-09-23,169.4874267578125,171.24303134666624,168.35736869248402,170.77890585402014,11769116
2021-09-24,167.408935546875,170.81927207186845,166.2990643166384,169.9111956107658,12674828
2021-09-27,169.749755859375,170.5165734898606,168.11521090106578,168.88204084812617,9778866
2021-09-28,173.38206481933594,173.64439555092648,170.7183714539033,171.24303291708432,18266942
2021-09-29,176.32827758789062,176.77222857044669,171.92915381509198,173.34171728540375,15251714
2021-09-30,174.43141174316406,177.74083872595241,173.94709934735315,177.49868252804694,8934732
2021-10-01,174.77444458007812,176.6107843687198,173.13991187709925,174.31031907449187,5489980
2021-10-04,175.9044952392578,176.7722102463301,174.95605740133357,175.1578521618887,5362228
2021-10-05,179.13320922851562,179.79912946693008,175.84395713480365,175.90449309891866,18020292
2021-10-06,180.48526000976562,182.40231046067103,179.657894004166,180.4045371694128,16248822
2021-10-07,181.29244995117188,182.42249588399952,180.80813751334466,182.22070108766766,7445114
2021-10-08,181.39332580566406,182.42247421809617,179.435914050407,182.220679445731,6019304
2021-10-11,183.39108276367188,183.69377491578507,181.4134964998473,181.61529126792277,11833332
2021-10-12,183.734130859375,184.52113535805498,182.05923679755782,183.37090275097455,10923204
2021-10-13,185.10633850097656,185.81262019003688,182.94713201682,184.4404182288919,14072722
2021-10-14,185.36865234375,186.53907174650655,184.843990920605,185.65116992025827,7894780
2021-10-18,186.66015625,189.6870777027027,186.07494650918085,189.6870777027027,8784646
2021-10-19,182.8462371826172,187.66913713894718,181.59511945495117,187.22518617917436,10805314
2021-10-20,178.0233612060547,182.78571318979448,176.1063107548463,182.4224850413018,13086926
2021-10-21,182.03907775878906,183.2296719635973,178.81036107220584,179.69826308764692,19775152
2021-10-22,180.50543212890625,182.82607211714821,178.58838170383683,182.01889299080318,7829992
2021-10-25,174.22959899902344,180.96953652686645,173.48295593104342,180.4045136677321,14550354
2021-10-26,173.96726989746094,176.34845808609347,172.7565012523565,173.94709534667277,9945226
2021-10-27,172.615234375,175.35963805311414,172.332716797882,174.93587400401128,6737796
2021-10-28,169.8304901123047,173.9471087494798,169.12420834824067,173.1399295905495,7242482
2021-10-29,168.57937622070312,171.52557529322664,166.9246564427943,169.1040377596752,12075018
2021-11-01,170.17352294921875,172.73631892935953,169.46724127135337,172.73631892935953,11652400
2021-11-02,167.95379638671875,171.0816155410808,167.7318270507816,170.71838739292173,8099346
2021-11-03,167.44927978515625,170.1331474759806,167.16677452729652,168.70040968874645,10516486
2021-11-04,169.4066925048828,169.6084872547397,168.74077229366978,169.44705391816902,1975024
2021-11-08,174.24977111816406,174.65336062857094,170.09280408760313,171.12195241251086,11870418
2021-11-09,173.7453155517578,174.65339211387501,172.33275201068662,174.6332175613475,5867180
2021-11-10,174.04798889160156,175.15786012511322,173.60403793488183,174.35068104619566,6565108
2021-11-11,173.66006469726562,174.45630089701447,172.33301267171782,173.92548507121552,6633538
2021-11-12,174.64004516601562,175.57918465767156,174.0888056987176,174.76253728717077,4288924
2021-11-15,174.0888214111328,175.59961170628594,173.39466609913606,174.72171819597315,3839888
2021-11-16,171.45510864257812,174.17045858915444,170.74054221131857,173.94588555232127,5533442
2021-11-17,168.96435546875,171.80221039311627,168.31104746580507,171.7001294600247,7538798
2021-11-18,165.49359130859375,169.71974411324572,165.37109918250837,168.84185064683263,9990796
2021-11-22,161.53285217285156,166.55522851065578,160.51204296101739,165.7794160018718,10565788
2021-11-23,162.34950256347656,163.86029274847544,160.8999459790673,161.2878584712029,6765412
2021-11-24,164.69737243652344,167.12689105675338,162.83949206229377,163.7786440805678,8482816
2021-11-25,163.3703155517578,165.12610248474843,162.5128332859285,164.96277549626913,6323818
2021-11-26,153.8767852783203,162.18617487334936,153.12138395858128,162.16575121219145,20046662
2021-11-29,150.03854370117188,155.1630009861633,149.8547930576893,154.7546772993576,15037552
2021-11-30,151.0797882080078,154.9588638511864,150.26314070418076,151.0797882080078,18393470
2021-12-01,150.5693817138672,153.50931767683664,149.3648216757355,152.2026767019498,13057566
2021-12-02,154.69345092773438,155.14260953259898,150.6918708110925,151.07978334735094,12449776
2021-12-03,157.57212829589844,158.5929376428025,155.6938366053847,156.18383007631925,17313246
2021-12-06,156.57174682617188,159.001265660555,155.57134865486287,158.16420695798766,8919812
2021-12-07,158.34793090820312,158.73584341995195,157.30671042453116,157.57211834575628,7275406
2021-12-08,159.71580505371094,160.16496359424127,158.89915769312844,159.04207347344033,7187328
2021-12-09,160.7774658203125,163.94197467137897,160.18539143795059,160.98162768167163,12970082
2021-12-10,162.08409118652344,162.4719912093065,159.65456028472718,160.6753694937088,4565918
2021-12-13,160.20579528808594,163.53363072447647,159.674967037569,162.9007340169539,5199416
2021-12-14,159.9199676513672,160.45079591489014,158.87874724611237,160.45079591489014,6582798
2021-12-15,156.91879272460938,160.22621718258355,156.42881176186717,159.65456649552576,11115184
2021-12-16,159.67498779296875,160.06290031642138,156.98006117484954,157.8171198272879,7909366
2021-12-17,157.08212280273438,161.1041010338177,156.0204787552148,160.47120432180296,16049722
2021-12-20,146.99652099609375,155.51007199599408,146.58819732666015,155.51007199599408,22510560
2021-12-21,148.7115020751953,149.4056449144745,145.93489333492593,148.79315934161298,12855558
2021-12-22,152.08018493652344,152.63141202751638,149.11983776333847,149.4464917773381,10045244
2021-12-23,154.08096313476562,154.4484520022434,151.89642867107614,153.0397301390185,10693866
2021-12-24,151.9576416015625,154.83633076799717,151.2022403680563,154.83633076799717,6287570
2021-12-27,152.87640380859375,153.1826466096771,150.0589725308373,151.46769440024127,4632660
2021-12-28,155.32632446289062,155.73464814048026,153.1213790961165,153.4480330537683,6449486
2021-12-29,155.61216735839844,156.32673384623845,153.99928372999645,155.57133249545458,8260658
2021-12-30,154.3259735107422,157.32714324468748,153.52973717660208,156.79632732929576,12171414
2021-12-31,157.3883819580078,158.18460573082203,153.73387970049467,153.73387970049467,7780656
2022-01-03,157.65377807617188,158.02126690233942,156.79629584108096,156.79629584108096,6468384
2022-01-04,157.59255981445312,160.77748015112113,157.1025663190955,158.42961853621586,11799296
2022-01-05,161.16539001464844,161.90036778435586,156.57174780134704,157.18423342978724,13483996
2022-01-06,161.61451721191406,161.96159485285304,159.4912414257325,161.69618693721165,8237148
2022-01-07,161.77784729003906,164.5136084743068,161.28785388874192,162.5128249309349,11914426
2022-01-10,162.32908630371094,163.20699225109382,161.5328625439891,162.9211606690086,4179728
2022-01-11,159.71580505371094,162.839478715729,159.30748137341968,162.839478715729,6854016
2022-01-12,158.7154083251953,161.67575479862114,157.83750250561607,161.0836805195164,9246820
2022-01-13,161.0836944580078,162.32907671844694,158.12334772842465,159.32790758901987,8491424
2022-01-14,162.6966094970703,163.3090951458819,160.26707810569675,161.28788752038272,6915504
2022-01-17,163.5540313720703,165.1260799009109,162.7578077392372,163.73778199713496,9671610
2022-01-18,162.55364990234375,166.1468930897633,161.8390835045348,164.06443995251033,13220496
2022-01-19,161.0224609375,163.94197303355867,160.47122142512717,161.69619258104416,10347976
2022-01-20,160.4916229248047,162.32907954760464,159.3279103658716,161.2878591124381,6495234
2022-01-21,155.857177734375,161.7166134793451,155.16302238664562,160.79788505731892,10310538
2022-01-24,152.3455810546875,156.73506100522792,151.12060990569947,155.73466291580067,10668074
2022-01-25,156.20425415039062,156.71465886590104,150.26314824627028,151.93727820535503,9905300
2022-01-27,156.0613555908203,157.3067381504847,153.12141935478718,157.20465720424818,11474790
2022-01-28,156.18382263183594,160.67538354412403,155.7142528468524,157.1842207285387,8089918
2022-01-31,162.1249237060547,163.2478139060265,158.40918792226125,159.24624654145632,13928184
2022-02-01,154.69345092773438,161.28787681676653,153.52972578001066,161.28787681676653,25515398
2022-02-02,156.02049255371094,157.44962554302066,154.8976023478247,157.2046288240717,11701576
2022-02-03,153.95843505859375,157.1637783659148,153.7338620241204,156.79628955448138,10658294
2022-02-04,153.38677978515625,155.1629901913992,152.73345943950895,153.9992652727539,8957710
2022-02-07,152.08018493652344,154.5097037606441,151.1206216364531,154.34637675364428,8189026
2022-02-08,154.10134887695312,154.5505074012406,151.3451641346589,152.8763778803779,6909612
2022-02-09,153.3663787841797,155.9796478794793,152.99888995939614,155.16300050838254,9292356
2022-02-10,152.9732666015625,154.56652514292654,152.49736148639474,154.23546400955053,12283058
2022-02-11,152.93186950683594,154.98034642716814,151.04893577013718,152.9732553027443,11262552
2022-02-14,149.68328857421875,151.40069170671617,149.2073708788138,151.04893139544046,10196386
2022-02-15,152.66287231445312,153.01463261641703,147.57273542918597,149.82811594569137,11049572
2022-02-16,154.81480407714844,156.59427950308142,153.24223235664945,153.5319202767645,10889816
2022-02-17,154.3595733642578,156.11836206881034,153.5319080915272,155.58038469320337,5224320
2022-02-18,154.42166137695312,155.5804004536593,153.7181534013679,153.7181534013679,4420434
2022-02-21,152.60079956054688,154.35958843683792,151.0696136048133,154.35958843683792,6207542
2022-02-22,147.03472900390625,150.82130768762056,144.5517332134941,148.9797474247303,14106162
2022-02-23,147.77963256835938,149.31080569978334,147.4071857325627,148.358995716173,5636142
2022-02-24,137.82696533203125,145.66909945972753,137.01999920514035,144.42760145296847,14094970
2022-02-25,139.19261169433594,141.32384727528887,137.45450954587082,140.70309831214703,11679020
2022-02-28,144.75868225097656,145.3794313388953,137.39246479267678,138.7788069481964,19146282
2022-03-02,141.57215881347656,147.61411831621683,140.6203360957765,143.39302003410725,15469204
2022-03-03,143.35162353515625,146.49675411544612,142.0894390386544,143.76545617390045,12825706
2022-03-04,144.15859985351562,145.46217011821477,141.94459274693503,143.99306932658345,15557860
2022-03-07,139.8754425048828,143.59993653607793,137.3096748983912,143.59993653607793,19936000
2022-03-08,141.365234375,141.94459755346585,137.68212635207064,139.79266274296975,12880560
2022-03-09,141.79977416992188,143.8689376997009,139.75130985294382,142.5653672017745,13563906
2022-03-10,144.42759704589844,146.4967603273583,142.97918274887653,145.66909501477434,18109208
2022-03-11,149.80743408203125,150.51095470811822,144.94489996472777,145.2552744828535,16557604
2022-03-14,148.8349151611328,149.39359178366485,145.81394176399013,148.89698753493178,16449824
2022-03-15,144.96556091308594,149.60049128249625,144.0551367317452,149.41426155288354,12130866
2022-03-16,147.44857788085938,148.02795373245763,144.90350944111668,146.289851436005,9444984
2022-03-17,150.71786499023438,151.5455303386065,148.09002498331864,148.81423216314425,22827672
2022-03-21,147.82101440429688,152.00071369195138,147.44855494928922,148.97974066894324,12369650
2022-03-22,152.4559783935547,152.99396853130602,147.6141429288303,148.50388079109746,14934378
2022-03-23,151.7110595703125,153.78022292334683,151.04892477150733,153.4905350022537,12475458
2022-03-24,150.05572509765625,152.20764735295447,149.31081873187682,151.46275361634557,9696758
2022-03-25,149.10391235351562,150.86270127655763,148.19348801791435,149.80743297440097,7259104
2022-03-28,148.85560607910156,150.15917637294066,147.44856499580098,148.9797508197834,11624382
2022-03-29,148.3383331298828,149.97296468171163,148.13141678439777,149.8074341311579,11417328
2022-03-30,149.0004425048828,149.97295177077493,148.64869485117686,149.1866722514557,8247132
2022-03-31,148.71075439453125,150.84198985985861,148.48313887622604,149.39357569110828,11007364
2022-04-01,154.93893432617188,155.18723643029426,149.62118249865986,149.62118249865986,12772330
2022-04-04,157.3391876220703,157.77370687786885,154.02852623184617,154.93895053665523,14714720
2022-04-05,157.25640869140625,158.0840740003084,155.82868098188192,157.67024134585733,6622344
2022-04-06,159.65663146972656,159.92563279581782,156.20113894228606,156.8425744987262,11686350
2022-04-07,157.5874786376953,160.27739104310726,157.04950120828136,159.26350856010848,6693770
2022-04-08,159.1393585205078,160.07048208841158,157.71164329389168,158.4151513010271,8380548
2022-04-11,160.7119140625,161.45680778968082,159.24280056004562,159.38764451510033,4778320
2022-04-12,157.50469970703125,160.40152808398443,156.11835788651263,160.13253940338694,4891948
2022-04-13,156.8425750732422,158.89105175185634,156.3045976774295,157.25640772515047,6523924
2022-04-18,153.84228515625,156.84257182035978,153.55259725425415,156.84257182035978,5585346
2022-04-19,155.5390167236328,158.84967819385335,154.35959104903247,154.73203793859804,11592654
2022-04-20,161.37405395507812,162.3465506216428,155.7459271438577,157.17364227110394,17136378
2022-04-21,164.58128356933594,165.0364894739671,161.39476646188095,163.46393013446917,15955692
2022-04-22,162.80177307128906,164.39503140812715,162.01549350857593,163.4639078822158,8821478
2022-04-25,152.99392700195312,159.7187071796435,152.62146753493005,159.32556113297227,20815928
2022-04-26,154.29750061035156,155.35276877878695,152.76631480794552,154.5251035081177,6278956
2022-04-27,151.66966247558594,153.78021146424527,150.7592256164247,152.29041143524046,6163612
2022-04-28,152.84910583496094,153.82161517757183,151.11100349373416,153.82161517757183,6573278
2022-04-29,150.05572509765625,154.23543749104525,149.45566268876482,153.11808425696137,6718850
2022-05-02,151.64898681640625,152.26973582076457,148.00725174666826,149.02114683878852,6400476
2022-05-04,150.407470703125,153.6974324527085,148.7728268034087,151.6489685624024,5737094
2022-05-05,149.3936004638672,152.60080379792527,149.02115357026247,151.4834504879397,3695092
2022-05-06,147.86241149902344,148.89699319893032,146.08293602685205,147.73826674670306,4697742
2022-05-09,146.24844360351562,148.27622089102027,144.75864366380048,147.2002661954413,5048780
2022-05-10,146.2691650390625,148.15209867162844,145.42080047195975,146.28985162128674,5909904
2022-05-11,143.6413116455078,148.75214726736013,142.6688024171926,146.91058697056815,7774130
2022-05-12,140.68243408203125,143.3723466829942,139.13056142762954,142.77228420495675,7716626
2022-05-13,139.44094848632812,142.89644180391085,139.04780232688938,141.2824966241655,4515592
2022-05-16,139.0891571044922,140.55825796997442,138.09596126380205,140.35134164361523,3884304
2022-05-17,141.7169952392578,141.92391156308258,138.28217668626442,139.04776961025013,9596420
2022-05-18,137.35104370117188,143.68269034849322,136.9785968699575,139.2339896948617,15314616
2022-05-19,135.1784210205078,136.5440762260605,134.08176711775508,136.48199123054104,10187938
2022-05-20,137.7235107421875,138.5718753130117,135.73711893144457,137.3924496501207,6393394
2022-05-23,137.433837890625,139.1098552214539,135.32328866090506,137.72351319404768,8792862
2022-05-24,136.60617065429688,138.44771850900156,135.94403583823077,137.43383601708672,5891438
2022-05-25,134.97152709960938,138.0131998469583,134.5576944164101,137.55798136960485,8163646
2022-05-26,134.2266082763672,134.7025132474137,129.1985446395095,134.49559694442226,16061314
2022-05-27,133.39895629882812,136.1509408758029,131.68155333945066,134.3300797546657,9751704
2022-05-30,136.21302795410156,136.89584936960674,133.25412673413138,134.28870846343364,7101016
2022-05-31,134.99224853515625,136.8544959161363,134.49564418189223,136.56480793853672,20841502
2022-06-01,134.90945434570312,137.33037806148326,134.1231747756575,135.73711970978718,13381064
2022-06-02,136.2957763671875,138.32355368596464,133.48170696451143,135.32326718118304,16113808
2022-06-03,135.79920959472656,137.39246815183998,135.36469027422874,136.8131048481186,9938986
2022-06-06,132.157470703125,135.6957351141646,131.7229388056405,135.5302045657201,9345428
2022-06-07,132.5299072265625,133.5024164877047,131.18495110326407,131.41255401092334,7910152
2022-06-08,134.0404052734375,134.45423796191935,132.09539921507564,132.8402930026744,5381610
2022-06-09,137.74423217773438,138.4477402691751,132.219562486952,133.66797709948509,13918892
2022-06-10,136.97862243652344,137.4752267236115,135.15776109915322,136.87516426247774,5453434
2022-06-13,131.57810974121094,135.69573745749932,131.30910838752553,135.69573745749932,7503680
2022-06-14,130.06761169433594,132.73683764327387,128.970957572455,131.3091097860891,10098392
2022-06-15,129.94346618652344,131.12289189271314,127.4604700173542,131.12289189271314,9987308
2022-06-16,128.97096252441406,132.343696610675,128.4122858358399,131.5988027786909,8720718
2022-06-17,124.56362915039062,128.90887202772984,124.04633833165977,127.87429039026811,13905510
2022-06-20,122.51514434814453,126.01203510299902,121.66679251324042,125.80511878920099,7456818
2022-06-21,124.64640808105469,125.16369893028022,121.39781902208406,122.76346181237105,5603658
2022-06-22,126.59142303466797,127.21217209756679,122.80485627681948,125.4533830860201,13204868
2022-06-23,127.4190673828125,128.49503477309105,125.61889287223472,127.6466829124085,8697024
2022-06-24,127.27422332763672,128.47434808647577,126.38448567783908,127.54322464686128,6549900
2022-06-27,130.35728454589844,130.62627324214324,127.60529995354129,128.28812129913814,5569614
2022-06-28,131.8470916748047,132.21953855334613,129.1157935168826,129.1157935168826,6481036
2022-06-29,130.93666076660156,132.36438860069399,129.77793428470878,129.77793428470878,4503176
2022-06-30,127.62598419189453,131.4953219181525,127.10869338969881,130.77111479507852,9158568
2022-07-01,131.74365234375,132.11609927554426,126.5086708262466,127.66739742053375,8833390
2022-07-04,130.9159698486328,131.78502099586066,129.38478389260416,130.8125116794193,4431040
2022-07-05,129.57098388671875,132.98510268655045,129.1778378823436,131.51598944366742,6138608
2022-07-06,132.96444702148438,133.25413497527344,130.5642223127291,131.01944082760954,8353864
2022-07-07,136.31646728515625,136.56476939170238,133.7093267393462,134.45422042981485,9279814
2022-07-08,134.61976623535156,137.4959084233397,134.28870514183217,136.5647848899988,5034654
2022-07-11,130.72972106933594,135.05427696484512,130.56419054851557,135.05427696484512,11830842
2022-07-12,127.7294692993164,130.56422601922927,127.48116713604435,130.357309654698,10690702
2022-07-13,128.49505615234375,130.52283390073313,128.0812234433185,129.11580521588166,9645842
2022-07-14,126.6948471069336,129.4054581960945,125.86718191253368,128.7019377291871,11835382
2022-07-15,129.15716552734375,129.59168473441218,126.67416976313658,127.4604492293016,10024354
2022-07-18,130.6883544921875,130.87458424871576,128.143286051604,129.73654438568343,7029760
2022-07-19,130.9987335205078,131.51602438519024,129.32271617060536,130.3159121049613,5009030
2022-07-20,131.22633361816406,132.77820602937894,130.874573345788,132.17814364537452,6723570
2022-07-21,133.54380798339844,134.0817854040302,130.77112403602948,131.578102796148,7298344
2022-07-22,132.5505828857422,134.66113176961784,131.8263758021004,134.57837282327463,6293178
2022-07-25,131.2470245361328,132.79889699863438,130.58488975963138,132.55059487880004,6529228
2022-07-26,131.7850341796875,132.074709504962,130.00554591369146,131.12289930464647,4397264
2022-07-27,134.33009338378906,134.51631051634809,131.41256534865042,131.59879511038085,6514864
2022-07-28,134.9301300048828,136.10955557905658,133.19204045851583,133.19204045851583,6933530
2022-07-29,136.6889190673828,137.04067934526407,134.57838265843574,135.3439629566141,9605766
2022-08-01,138.2821807861328,138.7167126565502,135.65434086981242,136.97861043322175,6221584
2022-08-02,138.6959991455078,141.32383879087925,137.51657366051143,138.84084308737917,7663472
2022-08-03,138.17872619628906,139.60645396161814,136.6889260562002,138.69601703457195,4079330
2022-08-04,138.19943237304688,139.77199154902084,136.4406434342361,139.42023123542438,5023836
2022-08-05,139.2133026123047,139.56506289487902,137.47521303885512,138.63393942115485,5115246
2022-08-08,134.76458740234375,136.56476178811175,132.50920724728394,136.3578454823722,18945812
2022-08-10,135.86126708984375,136.66824588709852,134.90945695441067,135.44743439979953,5743378
2022-08-11,135.88197326660156,137.22692957818217,135.40606817449208,136.5441081304449,3377190
2022-08-12,138.17872619628906,138.40634174263604,135.65434437963444,135.88195992598142,5285940
2022-08-16,143.14471435546875,143.70339097147271,137.8269621565362,138.40633798301175,10721280
2022-08-17,146.14500427246094,147.01405540165462,143.59993588845646,143.84823801525047,14146800
2022-08-18,143.6206512451172,146.31056412778284,142.95852894656892,146.31056412778284,7118970
2022-08-19,142.44149780273438,144.54706318045405,141.91510645830448,144.21017786055936,7463376
2022-08-22,140.50437927246094,142.104616718031,139.7253174892158,141.97827508079172,4227956
2022-08-23,140.52545166015625,141.0518430540715,139.21999843297596,139.3673905935427,3118316
2022-08-24,138.77783203125,140.73601843992736,138.14616231267107,140.2306775245229,5188148
2022-08-25,138.8831024169922,141.07289579070235,138.25143273434725,138.9673301818859,6420988
2022-08-26,138.58831787109375,140.6096555243665,138.25141969464738,140.6096555243665,4127464
2022-08-29,137.36709594726562,137.99876558616842,136.0405794244884,136.86175509560272,3250026
2022-08-30,138.39881896972656,138.92521034938576,137.36709957640576,137.3881500910513,6339262
2022-09-01,139.53582763671875,140.23066167836822,136.52487155533646,137.07231344236894,6741662
2022-09-02,135.57737731933594,140.69389927763302,134.96675814040609,140.02011569948525,9679250
2022-09-05,136.7564697265625,136.90386187159575,135.2825739789321,135.59840878199577,4784578
2022-09-06,136.54592895507812,137.47238295822876,135.19836183255947,137.28287691397213,5099528
2022-09-07,137.6408233642578,138.12510087326862,135.5352578021653,136.16692747079304,5529460
2022-09-08,143.11529541015625,143.53640852723697,138.81993647539184,138.9673286366406,17335416
2022-09-09,142.54676818847656,143.83115785731556,141.51503606991048,143.81010734524298,6934262
2022-09-12,144.27334594726562,145.28401478418968,142.4204509376796,142.5467797230383,5406378
2022-09-13,143.62063598632812,145.53670854724217,143.19952283245956,144.46286229406522,10351084
2022-09-14,141.55715942382812,143.51533267766186,141.2202741000067,141.3676662484353,6863114
2022-09-15,139.55685424804688,142.75731581596077,139.11469071128067,141.80981150744776,4993238
2022-09-16,135.3036346435547,139.64110730854014,134.819357146126,139.55687954752992,11937446
2022-09-19,135.13519287109375,136.73543038145996,134.35613105630316,135.9984824474544,5473706
2022-09-20,135.97743225097656,137.66188483470214,135.53526858828994,135.8300400796299,5591400
2022-09-21,134.77723693847656,136.44063875519933,134.04028904396546,136.23008221391046,4507332
2022-09-22,133.00856018066406,134.73512626590207,131.89261316199148,134.33506372555223,5353540
2022-09-23,131.36624145507812,133.40862978314993,130.96617885501223,132.86118787381466,5516760
2022-09-26,128.3973846435547,133.05069221895366,127.55515842371983,131.3872902942389,10934478
2022-09-27,130.81878662109375,131.38729189668643,128.56582888528715,129.28172632141903,6266672
2022-09-28,128.86061096191406,130.54506339278876,128.52372561628,130.54506339278876,4451088
2022-09-29,127.7025375366211,130.0186594045565,127.38670273644807,129.51331858373933,6532502
2022-09-30,128.3552703857422,130.08183670160895,126.69188131725949,127.84994236613507,11182546
2022-10-03,130.0397186279297,131.07145085147803,128.3552662475091,129.00799925573315,7084402
2022-10-04,131.15570068359375,132.31376189002623,130.65035974388164,130.96619461836323,4266520
2022-10-06,131.45045471191406,132.56640188310698,130.29239365945207,131.82945394063117,6973606
2022-10-07,129.45016479492188,130.92406064976305,128.94483678407323,130.629289189606,6436838
2022-10-10,128.2921142578125,129.11329001320604,127.21828090200836,128.8606195614424,4731232
2022-10-11,126.22865295410156,128.94483761609013,125.97598252137091,128.94483761609013,5305338
2022-10-12,127.38673400878906,130.22924790815873,126.06023009268736,126.7761147713458,14791710
2022-10-13,126.46024322509766,128.54475795408237,126.1233579271013,128.03941715573748,6058154
2022-10-14,125.42853546142578,128.43949146148202,125.11270064635656,127.59726528796409,5155460
2022-10-17,124.88109588623047,126.06022038299733,122.77553019702508,125.44960119258654,5344642
2022-10-18,124.54420471191406,125.61803802281983,123.82830727040856,125.51275974326622,6574926
2022-10-19,123.02819061279297,125.89176742730034,122.85974794166948,125.13375613021661,6029504
2022-10-20,125.11270904541016,125.91282139369494,121.30162764358556,123.00714347026477,10261122
2022-10-21,125.63909912109375,126.6076541349584,125.21798601048265,125.74437739874652,4378164
2022-10-24,126.6497802734375,127.07089342480387,126.14443935125645,126.33394540991272,785990
2022-10-25,127.4288101196289,128.43947885840862,125.21796663108253,127.0498109490053,5684662
2022-10-27,128.6921844482422,129.11329760883766,127.40778159761379,127.42884496645583,6769606
2022-10-28,127.72359466552734,129.91338786736554,127.218266669885,129.0711616899434,4980844
2022-10-31,127.8709945678711,128.8606129565991,126.92349006083728,128.37633544549675,8168120
2022-11-01,128.165771484375,128.7763777539335,127.26038091133884,127.87098718089736,6729148
2022-11-02,128.52374267578125,128.8185141794993,127.80784515709453,128.22895832070935,4907332
2022-11-03,128.48159790039062,129.5764944328316,127.80781443032305,128.52371177689812,4588148
2022-11-04,126.90242767333984,128.67109487685764,125.82858162168685,128.67109487685764,7678230
2022-11-07,130.4397735595703,130.6082162174642,127.17614726389098,127.3867037990961,7732442
2022-11-09,129.21856689453125,131.32413255078447,128.83956764667624,131.00829770234648,5580594
2022-11-10,128.65005493164062,129.68178719029123,128.1026130299192,128.8606114863569,2795742
2022-11-11,130.08184814453125,130.7766822647087,128.6290155025881,129.30278625466724,4580064
2022-11-14,129.5554656982422,130.54508422960845,129.3027952230108,130.33452764214132,2600014
2022-11-15,130.08184814453125,130.37663248708088,128.73429378901963,129.61862111396184,4035358
2022-11-16,129.05010986328125,130.41872738766992,128.77637607732237,130.08182920931722,2926810
2022-11-17,128.52374267578125,129.61862662009665,128.25000883834852,129.28174122974636,3816246
2022-11-18,128.0604705810547,129.17641750183572,127.34457331418041,129.17641750183572,4065720
2022-11-21,130.67140197753906,130.94513579915252,128.1447231418688,128.71322845016525,7671706
2022-11-22,129.21856689453125,131.11357598515914,128.75533987988496,130.65034897051285,7471030
2022-11-23,130.6082000732422,130.86087045452643,128.90269748943496,128.90269748943496,5713460
2022-11-24,135.1773223876953,135.59843554155105,130.77668478936133,131.15569690891434,16914922
2022-11-25,136.63014221191406,137.38814060575015,133.24017425014156,135.17729696381855,8593556
2022-11-28,143.49429321289062,143.97857072242888,137.70398791082974,137.70398791082974,26418498
2022-11-29,142.7783966064453,144.16807759779076,141.57823450888424,143.81012887950394,10055668
2022-11-30,143.66273498535156,144.75763164222502,141.4097772753403,142.77839488359407,10029732
2022-12-01,142.5889129638672,144.75764308268992,141.93617988060964,144.02069508154167,4289334
2022-12-02,143.6416778564453,144.5891823108396,142.46255349127696,142.9678943408279,5595618
2022-12-05,142.5046844482422,143.9364665584176,142.12568519133595,143.55746730151134,4976546
2022-12-06,138.35670471191406,143.64168186009647,138.16721152656456,143.1363409964604,10051146
2022-12-07,140.7991485595703,141.91509555374367,139.17786077303347,139.28313903383003,14328596
2022-12-08,141.38873291015625,142.0414531188653,140.04116575825995,141.80984603870473,5220452
2022-12-09,142.52572631835938,143.17844644839244,141.00971666804733,143.17844644839244,10392346
2022-12-12,146.96847534179688,147.32642405544993,140.9044491300562,142.31518061836397,13477930
2022-12-13,145.76829528808594,146.96847017930477,145.32613167880353,146.96847017930477,7750970
2022-12-14,146.86318969726562,147.72646638863725,145.57879991715635,145.99991300589403,9635850
2022-12-15,147.03164672851562,148.00021463805913,145.7051429396535,146.86320404683283,5908812
2022-12-16,143.9154052734375,147.81070153906822,143.5153426785886,147.03163971567164,9481326
2022-12-19,143.7259063720703,144.8418664495441,141.36768312115547,144.21019675347344,5444230
2022-12-20,143.28372192382812,144.06278367281715,140.75704350636164,143.87327765096677,5614312
2022-12-21,140.69387817382812,144.42073138489894,139.85165204031387,143.59955576418216,5170900
2022-12-22,138.08299255371094,141.45189758875776,136.7354382505039,140.6517852132047,6135896
2022-12-23,136.90386962890625,138.50409424789436,135.66158085925764,136.86175574917462,5802076
2022-12-26,136.90386962890625,138.29353770058793,135.66158085925764,136.01952955994892,3377562
2022-12-27,137.28286743164062,138.2514223987465,135.89319937425364,137.03019700720165,2819074
2022-12-28,136.48275756835938,137.5355403128679,135.66158188710196,137.2828698839155,9481554
2022-12-29,137.7882080078125,138.12509333882997,134.81935301639558,136.48275486025446,6195112
2022-12-30,139.17788696289062,140.23066976896393,137.93559811118308,138.12510415681732,4199128
2023-01-02,140.588623046875,140.94657178280417,137.93560257882908,138.98838541900133,4405586
2023-01-03,141.8519744873047,142.3362520645909,139.64113033541386,140.5886349719385,5264652
2023-01-04,141.62034606933594,143.51535522914696,140.71495537436357,142.56785064924145,5848474
2023-01-05,144.16807556152344,144.42074599741312,141.32556207330683,141.91511785614796,7428290
2023-01-06,145.15769958496094,145.93674858650763,143.28374103485305,144.0206890049074,7364410
2023-01-09,146.02098083496094,147.11587756578209,145.32614672642063,146.48420785777216,4519436
2023-01-10,146.27365112304688,146.96848523080155,144.52603416979937,146.5473720926044,4762962
2023-01-11,148.4423828125,150.7585050975177,145.64198298361285,146.90532241180432,14348024
2023-01-12,145.30506896972656,149.05298581386086,144.61023492999277,149.05298581386086,5863672
2023-01-13,147.4317169189453,147.8738805875045,144.0417483383622,145.45247996623948,5433700
2023-01-16,146.94741821289062,148.40025066571226,144.90501715171644,148.23180799961938,5698298
2023-01-17,146.71578979492188,147.95807848160837,145.47351395958628,147.6843575586599,3477566
2023-01-18,145.7261962890625,147.0948139877945,144.39969247440825,146.88425741875884,4099580
2023-01-19,147.2421875,147.34746577117852,144.86290114163586,145.68407679736885,3279112
2023-01-20,145.8525390625,147.8107125993143,145.51564083864122,147.0527140855001,3993550
2023-01-23,147.22113037109375,147.3895730271403,145.68407025122374,146.12623382976483,3362750
2023-01-24,146.94741821289062,148.42131403106865,146.48419124262148,147.38958181780336,4752342
2023-01-25,146.02098083496094,147.60015510498573,145.57881717989522,146.84215659591507,3866394
2023-01-27,141.7256317138672,147.2001029042024,139.59901535354783,146.0841555779818,5251902
2023-01-30,141.11502075195312,142.862637774204,139.93589620763242,141.87301929009575,6395210
2023-01-31,144.5470733642578,148.02125648226254,143.70484715383242,144.42074457323483,17988324
2023-02-01,140.94654846191406,145.1576791258332,138.9673119093317,144.54706003902456,8358226
2023-02-02,139.89378356933594,141.4940082843922,138.75677300508104,140.86233860455118,9029328
2023-02-03,137.57765197753906,140.12538103768355,135.68264306793853,139.78849570540635,5653818
2023-02-06,140.54649353027344,140.92549274030947,136.46169142420874,136.46169142420874,6611800
2023-02-07,139.87271118164062,141.57822691802818,139.62004075572932,140.65177297347063,3480708
2023-02-08,140.73602294921875,141.4097937228751,138.56727989819356,139.72534108602676,2499180
2023-02-09,140.52545166015625,142.20990412068505,139.5358332693251,139.85166810567424,4275406
2023-02-10,140.6517791748047,141.40977763460705,139.62004691157435,140.69389305620533,2551682
2023-02-13,141.03079223632812,142.20991677442743,139.8306171811401,140.65179296925652,3587566
2023-02-14,139.4516143798828,140.96762426110183,139.1778934078989,140.23067626272413,2385346
2023-02-15,139.4516143798828,140.08328409277797,138.33566712403868,139.4516143798828,3529300
2023-02-16,137.1565399169922,140.29382475786846,136.35641475695698,139.45159856949604,7507670
2023-02-17,139.68321228027344,140.2306541378688,137.09335658493455,137.15653382733888,6702378
2023-02-20,137.34605407714844,140.42018784506985,137.26183915625904,140.16751737969426,3546252
2023-02-21,136.12481689453125,138.35671130400107,135.6615898893528,137.68294058885348,2962498
2023-02-22,134.9456787109375,136.0195118216208,133.15594829223198,135.8089553017731,8178548
2023-02-23,134.98779296875,136.2932460900694,133.91395975278238,135.59841207671676,5490782
2023-02-24,133.72445678710938,135.66157957425008,133.32440706182757,135.09307433163735,3794754
2023-02-27,134.9456787109375,135.24045012791424,132.503215369894,133.9981743716228,3962002
2023-02-28,133.64024353027344,135.4510247017794,132.2505626032405,133.55601577056777,7852658
2023-03-01,133.02963256835938,135.17731205919657,132.88224040550094,133.4086318076006,6991434
2023-03-02,135.1983642578125,135.53526247016185,132.44007841701355,133.3665324367834,6768720
2023-03-03,135.34576416015625,136.39854703764868,134.86148660678043,135.8932189672644,4226202
2023-03-06,136.67225646972656,137.49343218534077,135.24047444756164,135.76686584183938,3629924
2023-03-08,137.32501220703125,137.89351757708636,135.93533098563495,136.4196214294977,4785062
2023-03-09,136.79859924316406,137.66187599635688,136.25114447778964,137.32499064178225,3895532
2023-03-10,137.30393981933594,138.0830017307377,134.98781745381123,136.86177614464088,3517038
2023-03-13,135.85108947753906,137.53554188804455,135.28258421872306,137.28287145619834,3910894
2023-03-14,137.36709594726562,138.50409358647963,135.53525142417723,136.5248697620619,5894652
2023-03-15,139.09365844726562,140.39911169002238,137.85138245361446,138.54621653160274,5511946
2023-03-16,147.7686004638672,148.5476623547795,140.71495526346305,141.0729040080826,36574630
2023-03-17,147.9791259765625,149.47408504292568,145.4735109928548,147.81068332367175,23389012
2023-03-20,151.45333862304688,152.02184393379014,147.60015595233642,149.43200068635215,18492346
2023-03-21,150.99009704589844,152.27449971325302,149.8109855050223,151.68494394281495,10250562
2023-03-22,148.14759826660156,151.17961803059774,147.705434607889,150.8848336905539,11934054
2023-03-23,146.6947479248047,148.08441598555572,146.33679922692892,147.3895819551802,5146176
2023-03-24,145.4524688720703,147.28431351175072,144.86291307517442,146.50525167058177,5875488
2023-03-27,145.22085571289062,146.0841324309619,144.31546511437276,144.90502088656913,4245926
2023-03-28,143.11529541015625,144.3996852767115,141.22028638329297,144.0206860416093,6854316
2023-03-29,143.11529541015625,144.18912871817113,141.62033613370818,143.17845980744787,5971840
2023-03-31,144.98924255371094,145.8735826788985,143.57852387813966,145.2419129968149,10137510
2023-04-03,138.9462890625,142.33624478139723,138.60939083149526,142.33624478139723,18864744
2023-04-05,138.14614868164062,140.1885498071239,137.7039850628055,139.7674367029563,8249158
2023-04-06,139.80953979492188,140.44120940242905,138.56725109295067,138.67252936086854,4767830
2023-04-10,141.40977478027344,141.83088788307515,139.64110745931745,139.80955013016774,4930618
2023-04-11,142.79945373535156,142.9678964038486,141.13605186198257,141.5571649589011,2729894
2023-04-12,142.0414276123047,142.86260320605584,141.1149866066719,142.79943881838662,4260174
2023-04-13,139.9148406982422,142.7152405076354,139.24105710429305,142.7152405076354,8347294
2023-04-17,141.36769104003906,141.4940198457885,139.0936697257203,139.9148455171525,2905562
2023-04-18,140.98867797851562,142.35729572086012,140.1464516755344,141.36769009594,5806422
2023-04-19,144.0206756591797,144.56811753137865,140.5254421799215,141.05183353832493,9852864
2023-04-20,144.73658752441406,145.28402945137086,143.7469691013588,144.8418658066252,4865018
2023-04-21,145.78936767578125,146.92636539202098,144.27335786944238,144.77868590398697,6552688
2023-04-24,146.21046447753906,146.46312204093454,144.33650615713213,145.78935140341176,4245824
2023-04-25,146.33680725097656,146.77897088054647,145.38930274359615,145.38930274359615,3084392
2023-04-26,146.96847534179688,147.17903189672782,145.326136783606,146.04202135955984,2639794
2023-04-27,149.76889038085938,150.12683913138724,146.90532607934347,147.38960363530305,7271052
2023-04-28,150.5900421142578,150.8848135636281,148.42131229176653,149.91625860643052,6742936
2023-05-02,152.06393432617188,153.66415887456085,150.75848122019602,150.88481000246577,6425960
2023-05-03,151.93760681152344,154.88539861768876,151.5375570629267,152.96933908422227,8712958
2023-05-04,155.11700439453125,155.45388971539816,152.08498510132435,153.20093218446604,8282286
2023-05-05,153.89578247070312,155.66444972168367,153.3062138690248,154.59061649256518,3300230
2023-05-08,154.84329223632812,155.2644053369422,152.63244845810434,153.8957877599465,2400728
2023-05-09,154.56956481933594,155.81185365796068,153.57995927313087,154.06423678855404,4179678
2023-05-10,156.71722412109375,157.0751727955898,153.87471094047652,154.96960747661407,5561956
2023-05-11,156.8856658935547,157.8752841581749,156.44350231959814,157.13833630068018,3387368
2023-05-12,152.40081787109375,156.61194858237764,151.17959253509164,156.61194858237764,7791814
2023-05-15,150.33738708496094,153.22201458949476,150.0636661213233,152.44295273040856,4809530
2023-05-16,152.56927490234375,154.25372734554423,150.337380555644,150.86377194414416,7572742
2023-05-17,153.60101318359375,155.60130053828073,153.26412782229286,154.4432394381988,7759756
2023-05-18,151.89547729492188,154.1273712461984,151.6428069029368,154.1273712461984,3426890
2023-05-19,151.72703552246094,152.65348942641688,150.59003793271626,151.64282061841567,2315526
2023-05-22,152.2744903564453,152.7587678219995,150.9900877680134,152.421882502836,3206888
2023-05-23,154.3800506591797,156.23294555642508,153.70626719163116,154.54849331322913,11943178
2023-05-24,152.9904022216797,155.43286620196847,152.3797958651226,154.35901995888645,3750960
2023-05-25,152.9904022216797,153.36941433768126,151.74812614025794,152.86407341724814,3352570
2023-05-26,153.41151428222656,154.54852491945053,152.9061862167352,153.70629862561157,2185592
2023-05-29,152.31663513183594,154.67485854705166,152.0218507792571,153.41151906689163,2341038
2023-05-30,151.76913452148438,153.2851440105399,151.60069187855598,152.86403097754393,2722688
2023-05-31,153.07461547851562,154.31690429350388,151.6849473561154,151.7691622673005,23214480
2023-06-01,153.51675415039062,155.3485984513301,153.3272609925108,153.83258893154053,3537282
2023-06-02,151.62176513671875,154.4642785358897,151.22171540616503,153.53783743511914,6932474
2023-06-05,150.25314331054688,152.44293648905173,149.49514489948444,151.64282419929663,5858136
2023-06-06,149.9794464111328,151.17962146377613,149.32672616652422,150.35844567740082,4213074
2023-06-07,155.01174926757812,155.6013050927876,150.23211256252227,150.33739084742945,12830856
2023-06-08,152.06393432617188,154.8011693203933,151.7270361545339,154.8011693203933,7164382
2023-06-09,151.36911010742188,153.285169586715,151.09537630922114,152.0639441575308,3085970
2023-06-12,156.5066680908203,156.86461676646363,151.68493120572208,151.8112599847252,9434298
2023-06-13,157.32786560058594,158.71753376839615,156.82252471155348,157.70686484168394,7974634
2023-06-14,157.30677795410156,159.3912927354355,156.19083091869427,157.28572744170452,6714368
2023-06-15,159.55975341796875,160.2124864435907,157.07518866089526,157.95952875445758,12210880
2023-06-16,158.67539978027344,159.47552489508448,157.66473098162126,158.7596275348907,4278588
2023-06-19,157.8121337890625,159.47553567000833,157.55946335949008,158.75963826144513,3034770
2023-06-20,156.8435821533203,157.93846595260703,156.44351956033714,157.9174154377562,2415876
2023-06-21,156.99098205566406,157.8121578642115,156.38037568001045,156.84360272966916,2680298
2023-06-22,157.24363708496094,159.47554434095923,156.29613256106092,156.40141084149423,4024128
2023-06-23,151.43228149414062,156.23296852268024,150.88482672381562,155.89608316505917,10934896
2023-06-26,150.88482666015625,152.80089907845644,149.7688794557356,152.37978595593145,5281280
2023-06-27,151.74810791015625,153.15883936314793,150.75848955648436,152.02182885444373,6784532
2023-06-28,153.8747100830078,154.46426579876552,151.26381681283763,151.83230916471248,7166772
2023-06-30,153.5799560546875,155.306509521201,152.12711068751156,154.06423355996208,8391660
2023-07-03,158.04371643066406,160.00190231874132,153.03247389915595,153.79048507073904,12429962
2023-07-04,158.61224365234375,159.32814104982972,157.1383478292211,158.04373840744037,5390328
2023-07-05,162.78128051757812,163.01290045736943,157.9174288495532,158.61226296622058,12565366
2023-07-06,165.623779296875,167.24506732375374,162.1285456608317,162.7812658339903,13080534
2023-07-07,164.92893981933594,167.56089664286472,163.9393214834188,165.4974450634885,6527978
2023-07-10,162.6339111328125,165.56063994879003,161.74957090696486,165.0763623743402,7264538
2023-07-11,164.6131134033203,164.97106211986232,162.2969912803867,163.39188794513487,6249314
2023-07-12,162.6339111328125,165.3921972513319,162.1496207070086,164.44469262035676,3379704
2023-07-13,159.83348083496094,163.24449970453742,159.4544815941975,162.84444994814643,4556112
2023-07-14,159.83348083496094,160.75993484691844,158.17009170845668,160.022986881019,6358916
2023-07-17,160.75990295410156,161.62317954520765,159.60184209457628,160.02295513440365,3944706
2023-07-18,159.580810546875,163.26555008323976,159.34919063663537,161.68637599622627,4545860
2023-07-19,161.93905639648438,162.3391190287958,159.41237750109457,160.02299670802182,4894862
2023-07-20,163.370849609375,163.85512715545738,161.3916126889561,162.52862332006538,5790108
2023-07-21,164.5078582763672,165.49747680207025,162.5496845943998,163.37086042136391,4677570
2023-07-24,164.0446014404297,165.03421978650618,163.24448912813338,164.4025501423746,2997768
2023-07-25,162.7180938720703,164.61310275920937,161.8337538211351,163.30764962224328,4256186
2023-07-26,163.05499267578125,166.33966961885343,161.60214738287343,163.3497641263202,12787834
2023-07-27,159.7071533203125,164.9289535217542,152.927229409351,164.23411943288562,16459384
2023-07-28,157.26470947265625,159.9387676679665,156.6962041554359,159.9387676679665,7259444
2023-07-31,158.97021484375,159.37027747860017,156.50670033484107,157.36999000705632,10035348
2023-08-01,158.97021484375,159.93876995258773,157.6015971000621,158.97021484375,9122844
2023-08-02,155.432861328125,159.4755500107646,154.7590777391262,159.0965379066476,9528240
2023-08-03,154.96961975097656,156.54879386528677,153.41149615098306,155.58023888238392,6404888
2023-08-04,151.76913452148438,156.16977085683243,151.6217423896658,155.0327605272033,6557502
2023-08-07,151.8744354248047,153.05355980381543,150.80060217109215,152.86405377017118,4002256
2023-08-08,150.69532775878906,153.22200639825004,150.0847086137118,152.65350113410088,6307980
2023-08-09,151.74810791015625,152.31661316450834,150.7795400709096,151.60071575512396,6443716
2023-08-10,152.71665954589844,153.70627787784807,151.4112063963916,152.37977421437805,8137376
2023-08-11,152.24827575683594,153.93022952070288,151.9715020094697,152.99344284303572,5578802
2023-08-14,151.8224639892578,152.8231195193113,149.5869627601667,152.4398933361179,5111068
2023-08-16,152.39730834960938,153.93022606286485,150.80052177219375,151.90762973147173,3864088
2023-08-17,151.9927978515625,153.41925014075795,150.88568988520873,152.86570265492233,4778606
2023-08-18,150.26824951171875,152.58891771328385,149.9063086461515,151.99278669659273,4777304
2023-08-21,149.9063262939453,151.11988675327586,149.3101952070744,150.26826720212225,5180764
2023-08-22,147.71339416503906,151.0347178879335,147.54307287033004,149.92760998030204,8015338
2023-08-23,146.81919860839844,148.79922436870118,146.5850084405712,148.67147364514608,6414210
2023-08-24,149.56565856933594,150.2469566948513,147.39402647942862,147.94758689158274,8741756
2023-08-25,149.13986206054688,150.80051745457587,148.60759988331438,149.58695709154935,5113762
2023-08-28,151.2902069091797,152.39731491616112,150.01277759220486,151.26892161843662,10985570
2023-08-29,151.9289093017578,152.69537462687228,151.077289825863,151.58826670927266,6253738
2023-08-30,149.86373901367188,151.07728634310067,149.11857198944216,150.39600117383597,9709432
2023-08-31,145.00950622558594,149.88503309663054,144.392089880378,149.4592233435151,13575650
2023-09-01,146.56373596191406,146.86179502023123,145.00951982157463,145.22242471809417,9980752
2023-09-04,146.77664184570312,148.50116632123755,145.96759283774009,146.75534355909772,6898572
2023-09-05,149.1185760498047,150.1405168262099,147.0108126402898,147.28758637217507,8363178
2023-09-06,150.37472534179688,150.67279739386402,148.20309280516304,149.01214180515,6751054
2023-09-07,150.9921417236328,151.69472522045422,150.3747123810029,150.73665327169346,7249346
2023-09-08,154.12184143066406,155.2076510757077,150.75793407058893,151.0560060880859,10344130
2023-09-11,154.88829040527344,157.017339070638,153.58957591727375,155.50571971610188,10452850
2023-09-12,148.35211181640625,155.63346101839193,147.7772660645975,155.42055614695775,18168222
2023-09-13,151.41795349121094,151.65214366170332,147.84115410056617,149.28890468788873,9713718
2023-09-14,152.75924682617188,154.24958094154917,151.6308535948941,152.43988951573388,10116738
2023-09-15,149.99148559570312,152.67408184354466,149.56567584241512,152.4186063873178,12383408
2023-09-18,153.44053649902344,153.75989379172515,149.31017698220856,149.99147513890853,10007488
2023-09-20,150.11920166015625,151.92889285047428,149.54436897191732,150.7366309111958,18292152
2023-09-21,151.2689208984375,152.65280265190668,149.7998719930355,150.31084891526655,9879542
2023-09-22,149.86373901367188,152.22697780692775,149.60825057785678,151.3753583506652,3982102
2023-09-25,149.84243774414062,150.52373589450892,148.20306772457107,150.48115232360811,4959752
2023-09-26,149.7360076904297,151.09860419478952,149.4166503529719,149.84246013624895,3788360
2023-09-27,148.60760498046875,150.39601115518406,147.58566416406677,149.73599823596845,5969046
2023-09-28,146.45726013183594,149.03340377056887,145.6269259700987,147.77725988377287,9701978
2023-09-29,147.5856475830078,148.24564743339076,146.90434945038865,147.22370673180254,2669870
2023-10-03,145.3501739501953,148.69278338993288,145.13726905587677,148.39471134001354,10514554
2023-10-04,145.3501739501953,146.88309178822539,144.58370853383852,145.3501739501953,6049760
2023-10-05,146.67019653320312,148.07536373018087,145.9675999400299,147.11729164278213,7115506
2023-10-06,147.84115600585938,148.6076083870599,146.47855955629976,146.90436932245177,3717076
2023-10-09,144.7753143310547,145.4778978163719,143.13594420219306,145.2011240790872,8740080
2023-10-10,144.9456329345703,145.88241956068552,144.4346690432473,144.79659692659536,3572978
2023-10-11,145.86111450195312,147.03209123286692,145.4140194934768,145.71209149558194,4799512
2023-10-12,148.4798583984375,149.18244185565524,146.4998327535306,146.86177362381903,7703802
2023-10-13,148.05404663085938,149.28889223484416,147.77725991376974,147.79855819683593,3981804
2023-10-16,147.86244201660156,148.37341893634635,145.62694073341322,146.90437003809228,3262470
2023-10-17,151.03472900390625,152.312158300264,147.62825088028555,148.56502456747157,10443728
2023-10-18,149.1185760498047,151.80117221220365,148.54373030223863,151.16245760261512,9162228
2023-10-19,150.60891723632812,150.97084513640527,148.67147503246463,148.82051104732838,5743188
2023-10-20,147.50050354003906,150.2256835025616,146.71275285693068,149.28890979386986,4400690
2023-10-23,145.9675750732422,147.88371892160865,145.47789646648496,147.13855186946614,7813800
2023-10-25,144.7540283203125,147.54307695815658,144.1365989908687,145.86112326393533,5429774
2023-10-26,142.6462860107422,144.32823995411562,141.13466638671093,143.75339411304597,7743878
2023-10-27,142.625,144.03016716470893,142.22047548562537,142.64628529246855,2996088
2023-10-30,147.71339416503906,148.5650136332661,143.54046396859943,143.92369013036523,21873188
2023-10-31,148.71405029296875,150.7153612499738,146.75532290849864,148.33082412951808,10673186
2023-11-01,151.9715118408203,152.75926255327215,149.2676170684668,149.2676170684668,13929780
2023-11-02,153.5257110595703,154.14314043875908,152.12054398272562,153.6960453674039,10130432
2023-11-03,153.93023681640625,154.8670235384735,153.37668929543773,153.78120079316602,5627900
2023-11-06,155.95281982421875,157.18766549146724,153.8663546630496,154.48377099933276,9072020
2023-11-07,158.7418670654297,159.10380794608233,155.9315331560847,156.18700860625637,10702176
2023-11-08,163.59613037109375,165.17161883441076,159.2741505049974,159.87029462079266,24020912
2023-11-09,163.3193359375,166.34258797473976,162.999978602468,163.9793488933761,12843896
2023-11-10,163.5322265625,164.40514433225226,162.0206071730813,162.57415464097718,4932486
2023-11-13,164.83094787597656,165.5122460379283,163.2980302602556,163.2980302602556,4838906
2023-11-15,167.151611328125,167.51355221275014,164.85224128856854,165.21418217319368,11266250
2023-11-16,169.74905395507812,170.8774471917572,167.34323147053237,167.76904121982125,15416172
2023-11-17,166.17225646972656,173.3471534223207,165.7464467158003,170.3239015705077,16380696
2023-11-20,166.91741943359375,167.5135504754916,164.97999029875524,166.3425736809957,4506882
2023-11-21,165.21417236328125,167.42838811859988,164.61804135059745,166.91741125362435,4477214
2023-11-22,171.21810913085938,171.51616816959395,166.5342017151639,166.91742790478423,25730664
2023-11-23,175.13552856445312,176.07231512453592,170.60065775087108,171.83550331121214,16239092
2023-11-24,174.83749389648438,175.85943474400204,173.30457612786643,175.85943474400204,10975546
2023-11-28,180.7562255859375,181.35235659317394,175.90199739175318,176.30650882770442,23186856
2023-11-29,182.52334594726562,184.99305028336804,178.28654674994291,181.39495271359402,25208812
2023-11-30,185.52529907226562,186.82401351248558,182.69365405576153,185.01432221350424,32721308
2023-12-01,186.50466918945312,188.37822947735137,184.5459417542804,187.35628868346888,19278842
2023-12-04,196.5111846923828,197.91635156273318,189.05951463362507,189.4853243512684,41482794
2023-12-05,201.06736755371094,202.8770589768628,198.00153218014546,200.15186620272362,38376064
2023-12-06,201.34414672851562,205.4532082954889,199.4067045322357,204.81449365830085,27408826
2023-12-07,202.1319122314453,203.96288912804076,200.76931570745555,203.11126954921804,23850564
2023-12-08,200.32220458984375,203.3028728771087,198.3421788318432,203.06866971487128,18940478
2023-12-11,198.2144317626953,202.19575538629593,194.40342943426162,202.19575538629593,27693108
2023-12-12,199.5745086669922,201.31363385402236,198.66036428599776,198.66036428599776,19940320
2023-12-13,199.55223083496094,202.60683195046852,198.86104978053888,200.44408438059205,26664018
2023-12-14,198.74957275390625,200.64476158287076,197.12192910802887,200.64476158287076,12555568
2023-12-15,200.22109985351562,202.20547922646298,197.1888035619818,198.437392950589,22079148
2023-12-18,199.44073486328125,200.7785150859528,198.03606835119697,200.22110665983965,16831064
2023-12-19,200.55555725097656,201.33592906907376,198.4596960675023,199.4407403679806,12644672
2023-12-20,195.96250915527344,203.05274152063453,195.4719870250124,202.18317894387155,17347978
2023-12-21,200.46636962890625,200.86771460001896,192.84103291544045,193.9335453129008,18554414
2023-12-22,199.17318725585938,202.16090203065653,198.45970170874014,200.53327205693773,11559264
2023-12-26,201.38052368164062,203.56556204208005,198.21444102454456,199.77518465465909,22976450
2023-12-27,202.7628936767578,203.5209609679328,199.90895166013357,202.42844862249132,12398088
2023-12-28,207.71267700195312,209.96461527950154,202.78519180344216,203.34260024710198,45183336
2023-12-29,200.95689392089844,204.2344583652939,200.065040390919,202.67371468782986,17088440
2024-01-01,201.5811767578125,204.85874100852175,200.97918654753462,204.85874100852175,7006288
2024-01-02,203.45408630371094,204.85875289016903,199.81978589474645,201.5811884493636,9458818
2024-01-03,205.5945281982422,207.48971693694114,202.91896762596127,205.10401964687452,15058884
2024-01-04,201.8487548828125,204.01150249436455,201.11297841520965,203.6993483039365,17904916
2024-01-05,202.04942321777344,204.97023813241822,201.22445596743248,203.298012736567,8080468
2024-01-08,202.8966827392578,207.0437963056511,201.31364813055842,203.76624539443958,18232610
2024-01-09,205.10401916503906,206.79853541339423,203.18652592757948,205.1263100596471,12301290
2024-01-10,201.2244415283203,203.4094798337214,198.481994797633,202.98585759566637,15261992
2024-01-11,204.54661560058594,205.66143252971798,202.0940183564955,202.40615893148941,15751252
2024-01-12,204.34593200683594,205.6168259587139,202.94126547417267,204.68037706740358,11990812
2024-01-15,205.10401916503906,206.68705372314443,203.18652592757948,205.1263100596471,10408382
2024-01-16,210.85646057128906,213.95564323208518,205.34926264085055,205.57222600962456,42369500
2024-01-17,210.32135009765625,212.77394723643835,207.86875295887415,210.47742718275418,22429284
2024-01-18,211.01255798339844,214.44618602820492,205.57224581766664,208.2478065007599,19802302
2024-01-19,214.46847534179688,216.2744732315256,211.3915698872896,212.26113249114678,12973856
2024-01-23,206.4863739013672,217.83521500904686,205.1708981683175,217.83521500904686,18419550
2024-01-24,212.77394104003906,213.3759448601113,206.5978529759723,207.3559338765972,15161312
2024-01-25,211.5476531982422,217.76833697238285,210.03150492896847,212.7962562971654,21346674
2024-01-29,219.68580627441406,223.58766525891863,209.31800954415905,211.36927527487657,27869484
2024-01-30,224.8362579345703,230.92314133947795,219.9087595075538,221.55869381695553,44271876
2024-01-31,224.01129150390625,228.5597359028494,222.3167617952539,225.61663042472296,20707736
2024-02-01,226.7314453125,229.78603244529086,222.56202777560438,224.99232022463517,14008198
2024-02-02,248.9832000732422,255.24849293860106,230.09821233173656,230.700202581767,77556082
2024-02-05,256.29638671875,262.5616517988378,248.4034781958446,252.39452785178338,45025890
2024-02-06,271.7031555175781,274.11117078520897,254.49039434948784,258.61521666836103,45260656
2024-02-07,268.4701843261719,276.47457463194144,267.2438858096593,275.0476036420124,28791718
2024-02-08,276.69757080078125,283.31957268809765,270.41001400307096,271.1234859740129,37522588
2024-02-09,273.93280029296875,278.12452267899334,264.1224116779581,277.812368506892,29524266
2024-02-12,263.2974548339844,275.8502765091528,260.3097401672102,274.1557603035404,17042236
2024-02-13,260.55499267578125,266.01759532332613,258.793576582723,263.9663431752132,12659942
2024-02-14,278.10223388671875,280.64399463696157,259.52937350421547,259.52937350421547,47987362
2024-02-15,291.0787048339844,292.9516027482082,277.85696495693907,280.93387061725036,51245018
2024-02-16,291.90362548828125,306.7752982089384,290.69964509551363,296.98720107830644,55744810
2024-02-19,290.989501953125,297.29937649744716,290.23142101727,294.2670799712367,24997270
2024-02-20,293.2414245605469,296.09536669266106,284.1668259411118,290.9894998807991,20913510
2024-02-21,282.3608093261719,297.8121541053493,280.93383835458013,295.9169655132747,17722264
2024-02-22,279.1055908203125,281.3129066734333,272.394370807211,280.4879529926923,27653580
2024-02-23,275.5604248046875,280.71087302840743,274.3564172052862,277.3887134879658,12564690
2024-02-26,279.6629333496094,282.53913871430433,269.3843014143754,275.1367665781755,23264196
2024-02-27,278.72650146484375,282.1378518891214,274.8246425168436,279.6406458320765,14881202
2024-02-28,271.7031555175781,278.9494649966797,270.276184515175,278.63731083721524,12645922
2024-02-29,269.2728576660156,272.8179807794012,265.0811625375395,271.56939132022126,20515464
2024-03-01,277.9461364746094,279.70755257195185,271.5693894241828,272.46124291982875,15763236
2024-03-04,285.59381103515625,286.84240057283176,276.85362983700634,278.79342765585477,14804172
2024-03-05,287.6673278808594,289.6294164155152,281.8702802851678,285.861330034874,12317936
2024-03-06,284.6573486328125,291.1901868353755,278.8157187118201,286.7309190431033,18258188
2024-03-07,278.57049560546875,285.90599738821885,277.3664877233555,284.0553901604139,11968574
2024-03-11,279.3285217285156,284.813415204857,272.92945665844377,275.136799472042,15353008
2024-03-12,278.9048767089844,283.3195349737976,274.9807269567479,279.5960576920544,14074364
2024-03-13,266.55267333984375,280.04195542856024,264.9696390670882,280.04195542856024,14910184
2024-03-14,271.4578857421875,273.7990009785678,264.16699489291443,266.55269191358127,19372474
2024-03-15,261.5137634277344,267.5560658036923,249.27306797377338,262.3164261817034,57039318
2024-03-18,259.6631164550781,264.34534688601485,258.7712630396616,261.5137231789499,10980494
2024-03-19,248.69338989257812,259.0165793180286,248.11369047716488,258.63755241258497,21665634
2024-03-20,252.6844024658203,255.24848126504185,249.85275128765912,250.16490545448437,17528566
2024-03-21,262.11572265625,262.9629943178682,255.3153401221903,255.96193931477185,16625332
2024-03-22,264.3453674316406,269.54042486709807,260.6664718071139,262.6508512540882,21445540
2024-03-26,267.4891662597656,269.25058247211535,261.02322799415515,261.49147288370915,13567050
2024-03-27,265.41558837890625,272.7956701289829,264.56831672660445,269.7856647781523,10893576
2024-03-28,268.62628173828125,272.57272253970274,266.4858115911965,267.9573916216194,12168632
2024-04-01,267.8681945800781,271.5470901358918,266.73108685172275,268.893820624924,6260114
2024-04-02,274.6017150878906,276.60838566663534,267.5560771659626,269.78571114234563,18944588
2024-04-03,272.4389343261719,276.18470243420586,271.48018099375696,273.3530786563774,12456516
2024-04-04,266.8871765136719,274.7354769160786,265.5271052848221,273.7990415695815,15187270
2024-04-05,263.2974548339844,265.0142619336426,258.7489965430813,264.6798168713293,17546990
2024-04-08,263.9663391113281,269.1613693005249,263.3643216821745,265.75004607082053,11628512
2024-04-09,261.20159912109375,266.30746595580587,260.19826391320225,266.30746595580587,9089852
2024-04-10,269.6741943359375,271.4356103914121,260.86714127577255,262.78462080239217,22286674
2024-04-12,268.0911865234375,273.2862171984037,267.11014216054093,269.6742211545695,13419366
2024-04-15,262.8960876464844,267.4668364450116,256.140314289229,263.18595089620044,16619074
2024-04-16,264.1224365234375,267.556078305129,257.9909430622783,260.8671763475008,11546770
2024-04-18,262.91839599609375,275.4043447625852,261.1123981358108,269.56271533371716,25834400
2024-04-19,261.2238464355469,263.0521621730119,251.59184093358255,257.7456237385711,20996084
2024-04-22,269.0945129394531,271.48021025557466,264.4345727817294,265.25952641364177,17525618
2024-04-23,264.4345397949219,271.79233053120555,263.87713140580945,271.2572130342163,11440602
2024-04-24,264.59063720703125,267.0432344338224,263.98864695643016,266.66420756747505,9778936
2024-04-25,269.07220458984375,270.14241243069404,262.2272128313776,264.5906190992812,14346756
2024-04-26,271.7700500488281,274.11116537277314,267.15469207986916,268.5816630540962,9905056
2024-04-29,275.939453125,278.4812409114281,270.7667139805418,274.2226461135499,15908852
2024-04-30,270.8335876464844,278.5035328195281,269.07219884281267,278.25827856231376,12520696
2024-05-02,283.0074462890625,284.0776542476592,274.02201064309213,275.5827543977721,31766132
2024-05-03,280.866943359375,286.15119150333504,278.7487913665676,285.39311060983607,8997336
2024-05-06,272.12677001953125,283.2526466829434,270.2984814273803,283.1634558990616,9472036
2024-05-07,269.4735412597656,280.2426836258528,268.44791513375975,277.58941390492595,19902238
2024-05-08,276.60833740234375,278.39204427221824,269.0944830998803,271.1234442209211,13939168
2024-05-09,264.0555114746094,278.7041929702428,263.1190490559056,278.7041929702428,19938848
2024-05-10,275.8725891113281,277.34414191267865,268.2472255125347,274.24494562035653,44164342
2024-05-13,270.6329650878906,278.6819377682387,263.8994545930645,278.6819377682387,22898652
2024-05-14,270.2093505859375,275.4489904991718,268.51483418509986,273.08558389664466,12813314
2024-05-15,278.72650146484375,280.04199078218255,270.6998202003863,271.5693827808108,18835012
2024-05-16,275.91717529296875,282.42769492612945,272.48353389032565,281.82570470328284,26886936
2024-05-17,280.17578125,280.7108988119079,275.7388044909449,276.34082195454494,10203386
2024-05-21,287.17681884765625,289.4064525343617,278.7042108381757,280.9338445248811,21247760
2024-05-22,285.6160888671875,290.1645472480928,281.40207555521334,289.8078112846748,14673810
2024-05-23,288.71527099609375,291.68066746355277,285.66065652068335,287.62274504820545,14982550
2024-05-24,291.6806945800781,295.80551727625516,286.1066098555146,288.5146253434103,16208524
2024-05-27,292.55023193359375,295.09201979156035,288.2916370158576,292.8846769881365,12493582
2024-05-28,288.2916259765625,293.86571000549833,286.55250087265165,293.39749239050917,8950082
2024-05-29,282.5168762207031,286.70859839737074,282.0040768081287,285.39310909170956,10753416
2024-05-30,279.0386657714844,283.9661509501359,278.03533057694045,282.7398523790267,9645688
2024-05-31,279.9527893066406,282.8959219882719,275.4043313202702,280.93383353385104,18484104
2024-06-03,297.0541076660156,306.3516692745837,290.61046085282476,296.54128102998277,33828234
2024-06-04,258.7267150878906,298.77093323298965,252.7067037466289,298.77093323298965,45748526
2024-06-05,259.1280212402344,268.4701920133321,238.2140731810193,268.4701920133321,47388174
2024-06-06,260.4881286621094,270.8782167634124,258.7490034050751,263.5650069866652,37934232
2024-06-07,267.4668273925781,268.4478715693291,259.17260171602265,260.8671177210258,21620630
2024-06-10,268.7154235839844,271.94839221975235,267.6675067061697,269.9194311400565,14828594
2024-06-11,270.7667236328125,273.21932071786114,264.70210360127624,270.3653786774666,27027544
2024-06-12,273.5091857910156,278.19141708655314,273.10786801029633,277.14350001681737,23479388
2024-06-13,276.1847229003906,277.1434763038523,273.57606228867803,276.02865942411034,12050324
2024-06-14,279.44000244140625,280.6216919718002,275.6942069394141,277.5002047925428,14628644
2024-06-18,281.3351745605469,283.1634631998364,279.32850434889446,283.1634631998364,15884950
2024-06-19,274.6017150878906,282.8067790078648,274.24497909511166,282.8067790078648,19648006
2024-06-20,279.26165771484375,280.3987656082043,273.2639368282642,276.47461522267963,18076646
2024-06-21,274.3341064453125,284.501229582565,272.10447298463407,283.6093761982936,30004484
2024-06-24,272.23828125,276.2070402173504,270.4991560357209,276.2070402173504,7557297
2024-06-25,264.25616455078125,273.30849878047775,262.91838438488014,272.238263760874,15630568
2024-06-26,266.12908935546875,268.3141414027325,264.21160969898557,265.77235338497115,7973173
2024-06-27,271.88153076171875,273.79901024343485,264.03320404005154,266.48580103734616,12487595
2024-06-28,271.0788879394531,273.44229432094727,268.9384177204605,272.77340418181444,9077880
2024-07-01,271.6139831542969,273.66526261479754,270.49916623572364,272.6396364931522,4793023
2024-07-02,271.4801940917969,274.913835436062,269.51813276450844,271.1234581429452,5553786
2024-07-03,273.4422912597656,274.200372185738,270.2316131844296,272.46124695657835,4355165
2024-07-04,270.2315979003906,275.13679192168485,269.2951626559357,273.4422757941338,6607472
2024-07-05,273.48687744140625,273.97741320948404,269.33976400203534,270.2316175252209,7684768
2024-07-08,267.1101379394531,274.64631131578096,266.4858295682364,271.6585964830328,11488688
2024-07-09,267.7344055175781,269.4735033429168,264.34534621724555,268.6708407145139,18094862
2024-07-10,267.8681945800781,269.1613657784637,261.6698020900665,268.2695123103876,12134270
2024-07-11,273.4422912597656,274.6908807287271,267.1993166977491,269.33975967557006,19246022
2024-07-12,271.6139831542969,277.32186755115976,270.90051121329395,276.2070506325865,10426157
2024-07-15,274.4678955078125,275.58271230516345,271.25721768800025,272.9071519915211,8687357
2024-07-16,281.7811279296875,284.7242336316351,274.69088162425567,274.69088162425567,28132502
2024-07-18,283.7431945800781,284.50127552256134,278.8826091812567,284.0553487584194,19588548
2024-07-19,270.945068359375,283.74317086398764,269.1613614518947,283.74317086398764,19823046
2024-07-22,274.9138488769531,282.8513398001126,267.6452480970466,271.61397995002153,27102699
2024-07-23,272.90716552734375,278.5258315777881,264.0778214978419,277.76777789175657,24287234
2024-07-24,280.8892822265625,281.6919449660248,271.88155606386107,273.2639181586456,16934157
2024-07-25,290.8780212402344,291.7698747637165,277.18806421134275,279.10557106059684,30554549
2024-07-26,293.2414245605469,293.77654211246943,288.4254210276623,292.48337084729997,21839106
2024-07-29,301.3572998046875,302.2937623336239,295.24809773221426,297.34395895349905,20234464
2024-07-30,310.54339599609375,320.21998458543703,300.82217118473244,301.9369880468419,45785745
2024-07-31,312.19329833984375,315.805321247424,308.7150752274098,313.93242350466477,17224023
2024-08-01,311.3460693359375,313.8432483055389,307.3327284951577,313.0405855808249,16959971
2024-08-02,309.5623474121094,312.99598874313205,303.2747640668634,309.38396582976736,15120989
2024-08-05,304.7463684082031,309.4285995378108,298.2358211738511,305.013913585868,23868328
2024-08-06,298.50335693359375,311.8365495169186,297.34393113251747,305.90572959074353,13702018
2024-08-07,306.4854736328125,310.1420787102213,300.91138882493647,304.30044871845166,14250381
2024-08-08,301.7140197753906,306.7530136840724,296.80882566175626,306.7530136840724,15378854
2024-08-09,306.868408203125,309.90581487540317,303.55488641928724,306.63830291381714,11351617
2024-08-12,306.868408203125,309.99783451990663,303.92307735339944,305.39572873374993,12253716
2024-08-13,296.0994873046875,306.27012950570634,295.45518128123734,305.5338038409264,9757429
2024-08-14,299.182861328125,301.3918943951064,295.13301418702946,296.0994731760894,8457477
2024-08-16,306.0400390625,307.23657534803664,300.10331127966253,300.10331127966253,8214443
2024-08-19,316.4407653808594,318.05150231826144,309.583644986476,310.9182387383381,17875728
2024-08-20,321.5951232910156,325.9211136504697,319.75428111065605,321.18095065384824,22888866
2024-08-21,323.25189208984375,327.30173919344776,320.4445909636361,321.54910748690173,14795459
2024-08-22,322.23944091796875,326.84154653493766,320.81277132329427,326.3813359732408,10244576
2024-08-23,324.17236328125,329.5107950946591,321.73322458935615,321.96332989319325,15872017
2024-08-26,323.20587158203125,327.57787191436563,321.226971786253,327.1636992626112,6672007
2024-08-27,321.27301025390625,322.837737537453,316.16468380360686,320.30657922461484,9683173
2024-08-28,320.44464111328125,327.4398479809968,319.06400928764106,320.7667941570692,7295981
2024-08-29,328.0841064453125,329.0965471659327,319.5241735154501,321.96328376889187,13054801
2024-08-30,329.1885986328125,336.41390983811135,326.51938307816687,331.3055840023072,20312502
2024-09-02,329.92498779296875,337.97867322992477,329.05057642420326,332.2720505989857,14344785
2024-09-03,327.11767578125,331.07550363639797,325.36888118898685,330.89140816814927,9289259
2024-09-04,328.8204650878906,334.98729820198594,326.4273644127629,327.11768029468294,19416507
2024-09-05,331.99591064453125,335.3554421291456,327.43981484536715,330.8913940601813,15927510
2024-09-06,324.12628173828125,336.18380365415396,323.11381291987556,333.5145881067373,19044553
2024-09-09,320.1224365234375,325.4148576695402,319.4781586286294,324.0802639730665,9200270
2024-09-10,318.419677734375,323.52800339446844,317.2231134999867,321.2269507387468,8137710
2024-09-11,313.17327880859375,324.7245523607814,311.60855170531494,322.1013747009063,12194591
2024-09-12,316.9010314941406,318.64985437543135,313.3113941649639,316.11869588717457,15970391
2024-09-13,315.0601501464844,321.91729898740124,314.46188201349065,318.4657196558708,11006109
2024-09-16,313.54144287109375,317.453232555749,312.9431747724216,317.453232555749,4850244
2024-09-17,311.47052001953125,313.7255631340168,308.3871034653046,312.8971896942757,7237522
2024-09-18,309.3535461425781,312.8511351866299,307.83485690210887,312.02276179083066,4111826
2024-09-19,298.63067626953125,311.0563627480578,297.25004443858387,311.0563627480578,12549677
2024-09-20,304.843505859375,306.5923004824672,298.6306628982928,300.471505257132,14642546
2024-09-23,311.1943664550781,312.4829503231424,304.93548638458896,306.50021342446666,6110287
2024-09-24,312.16082763671875,315.8885501504041,309.90581267095723,311.6085693285034,7068491
2024-09-25,312.75909423828125,314.5999365306526,308.47914152632273,313.8636108493138,6087353
2024-09-26,317.6373291015625,319.34011376441185,308.4791278669287,312.9431758460669,9517367
2024-09-27,338.0706787109375,341.0160376400647,318.78787238335525,319.3861405157961,40756678
2024-09-30,340.50982666015625,346.0783635616417,331.489682245826,337.9326305036225,23860696
2024-10-01,338.9450988769531,343.6392525036447,335.17136642847464,340.55583593882596,9440793
2024-10-03,321.0888977050781,332.8242664140153,319.3861130981338,325.5989553558064,20754875
2024-10-04,313.17327880859375,320.2605325036479,307.74279994448585,315.2442262805095,18185208
2024-10-07,308.341064453125,315.98054824725017,306.3161268240925,314.78401206856347,7847806
2024-10-08,311.1023254394531,312.43694724277566,302.1282198979304,305.11958841177136,9565667
2024-10-09,311.88470458984375,322.1473945409876,310.87223573205307,317.54528890468777,13523561
2024-10-10,308.7552490234375,315.98053171434464,307.9268476164358,314.7839955982637,5706365
2024-10-11,310.7801818847656,312.39091882576815,307.4206504541936,308.75527229806204,4046559
2024-10-14,313.63348388671875,317.1771106724289,310.41201009771356,312.94316807478907,7967181
2024-10-15,320.99688720703125,323.5280454574093,316.5328388567413,316.8089820647432,17183945
2024-10-16,322.83770751953125,327.5778706650212,320.3525592623888,323.98823391838914,17073700
2024-10-17,315.4283447265625,322.6996663179157,314.6459811178987,321.3650443920173,11023063
2024-10-18,315.2442321777344,316.53281612211606,307.6967677921764,315.4283276365132,7328694
2024-10-21,305.2576599121094,318.0054980870958,303.9230661367933,315.29024453786286,8609636
2024-10-22,297.2039794921875,306.0860378456166,296.3756060867684,305.5798174559227,6372285
2024-10-23,297.342041015625,299.91923708681844,291.35930354578124,296.3756100445677,6639274
2024-10-24,295.8693542480469,299.50500049900245,294.53473250577173,297.2959956230133,5706821
2024-10-25,281.92498779296875,297.84829058564037,278.97965695819715,297.71023303056154,11583887
2024-10-28,285.6986999511719,290.39285311537384,281.0045467869699,282.84538896202776,13299872
2024-10-29,286.6651611328125,288.04579277463563,278.1972758273551,287.17138149920527,8437903
2024-10-30,286.527099609375,289.840621446396,282.8914528333724,284.41014214937474,6248318
2024-10-31,286.0208740234375,291.0371805556772,283.30562037956014,285.7907687346013,11375689
2024-11-01,288.0918273925781,288.8741910080946,286.98731074843425,287.12539639572105,710149
2024-11-04,279.3017883300781,288.5520089606726,274.37752992777735,288.09179842006546,14063318
2024-11-05,283.4436950683594,284.45613582888615,276.3104313901525,277.046757050358,9542018
2024-11-06,291.77349853515625,293.6143407972077,282.7993925076554,286.98729741821296,10787602
2024-11-07,289.9326477050781,292.41779592101653,286.3430110179627,291.1752218130473,7387875
2024-11-08,285.7447509765625,290.024703612246,282.38519138163764,289.932655881463,9304376
2024-11-11,287.6776123046875,289.01223417582224,279.85403271712545,283.4897074081314,5277147
2024-11-12,285.1464538574219,293.20013871721534,284.4561380122967,289.1042815562203,7192998
2024-11-13,281.51080322265625,284.4101241127976,277.96717631736203,283.44369317909155,7306795
2024-11-14,274.4696044921875,281.6488783920614,272.8128295305839,281.46478292220826,11061057
2024-11-18,266.1858215332031,275.8042061929614,265.3574199842929,274.42357439681206,7940666
2024-11-19,264.6210632324219,274.1934369454598,263.7006421429178,269.36122622556337,9912544
2024-11-21,259.92694091796875,264.57508482522866,257.1196674972968,264.57508482522866,8273120
2024-11-22,263.1023864746094,264.1608651597094,258.6843481829839,260.11101779248725,6539977
2024-11-25,272.95086669921875,280.17617797134267,268.7629619186301,268.80897173814395,16903527
2024-11-26,270.4657287597656,277.0467335910512,270.00551823885024,274.23946064907585,5160007
2024-11-27,270.0976257324219,273.36510991839447,267.88859227196053,273.3191000917296,5995425
2024-11-28,267.7965087890625,274.9757815572932,266.46188706556114,271.0179823805287,13130411
2024-11-29,268.85504150390625,270.8339414908772,266.3698929971815,269.1311566317529,8125467
2024-12-02,270.7419128417969,272.3526500755358,267.38238080066134,269.36128092716353,5193026
2024-12-03,270.83392333984375,274.10140718615907,268.80898557459034,273.8252920768174,9198285
2024-12-04,270.2816467285156,275.7121255270002,269.5453210941193,270.7878951800577,9840659
2024-12-05,273.3650817871094,274.5156082256073,268.11866999194905,271.6162872183974,9287638
2024-12-06,276.448486328125,279.7159700368195,272.8128117037834,274.1934433703906,9586531
2024-12-09,279.3017883300781,279.99210414098883,275.2979510089916,277.00073562704245,11637358
2024-12-10,279.3478088378906,282.2931676460906,276.9086984971437,278.2432922625598,8649367
2024-12-11,282.9834899902344,284.36412169663197,278.0592312862782,279.3018054398408,10867782
2024-12-12,278.105224609375,282.9834732026661,277.32286107102414,282.61528229824995,7454904
2024-12-13,277.6910400390625,280.8664757854905,272.4446288558913,277.9671551164837,7726611
2024-12-16,274.239501953125,277.6910813798432,272.26057394391967,277.00076549449955,8696443
2024-12-17,269.6833801269531,275.9882702289543,268.85500676143255,275.9882702289543,8415828
2024-12-18,265.3573913574219,269.6833817542771,264.7591232614371,268.53285538160526,6535229
2024-12-19,271.11004638671875,272.30661076995574,259.6047816768932,259.6047816768932,11822064
2024-12-20,266.0477294921875,275.39002689296007,264.1608773183805,270.1896247811516,9979749
2024-12-23,266.0937805175781,271.4322123619353,265.0813115570203,268.7629964397567,6819725
2024-12-24,268.76300048828125,271.93846498308574,264.4830473654342,266.87614819306674,7937629
2024-12-26,272.0765075683594,275.48204909524543,269.2692061041553,271.38619168046046,11310555
2024-12-27,270.1896057128906,273.7332326056117,269.22317478261357,271.57023737844247,3708404
2024-12-30,269.9595031738281,271.754335592862,266.69201943448525,270.1896084537544,8236910
2024-12-31,269.1771545410156,270.97195878333,267.65843729649,268.2567334662835,4161509
2025-01-01,271.80035400390625,272.35261231098883,267.19824825992526,269.0390905575177,3545200
2025-01-02,273.2730407714844,274.00939456363784,268.57888716922207,271.8003612762026,6846413
2025-01-03,272.8128356933594,275.34399397138134,270.9259834853533,272.4446728343613,4806469
2025-01-06,262.18194580078125,273.59516138104226,261.49163000251116,272.81279785853184,7361716
2025-01-07,260.2950439453125,267.38229678238093,258.36218234340237,264.2528710436957,8306436
2025-01-08,263.97674560546875,264.98921437712653,258.17810423264353,260.2950614096378,6037032
2025-01-09,257.7178955078125,264.9432064103894,256.8434842695881,264.1608428955078,6215902
2025-01-10,255.55490112304688,260.93936992988046,253.66804918985036,258.1781067560193,9073218
2025-01-13,244.1876983642578,252.83967888386863,243.22126747743965,249.66421496028573,10488655
2025-01-14,248.69778442382812,249.89432057957643,244.83200469306567,245.8444734881722,6710730
2025-01-15,245.75242614746094,253.94416806790525,244.1416892719626,252.10332592447858,13448052
2025-01-16,245.660400390625,247.54728060978445,242.53097408475563,246.07460114554462,13754046
2025-01-17,251.82723999023438,253.2999194932583,245.9825598904669,247.4092014811626,9300647
2025-01-20,255.2327880859375,256.24525702597026,247.4092078687245,253.11583055689024,9623368
2025-01-21,257.90203857421875,264.16089167087983,256.0151582088679,256.3833210811962,15304149
2025-01-22,255.50892639160156,260.98541558503103,252.2414143337664,259.55877398490856,6301894
2025-01-23,249.66421508789062,262.32000479280674,248.78980383630585,260.47916265390984,18806324
2025-01-24,242.8070831298828,257.16565839174245,242.070757460669,252.19538990198976,18480516
2025-01-27,240.5060272216797,242.7150603790733,237.79080177333714,242.7150603790733,10083126
2025-01-28,237.51466369628906,242.89913297753742,234.06309846936293,241.38044371590942,13321189
2025-01-29,241.22218322753906,242.11387201614954,236.05984078492637,241.17526429931087,9435973
2025-01-30,241.3629608154297,244.88273963923248,240.75287154811053,243.94413195288507,9410974
2025-01-31,245.07046508789062,245.91520625078527,238.64099690558075,242.06690912645124,8790578
2025-02-01,239.95504760742188,245.96213102921902,232.77470458589738,245.68056018289775,11464565
2025-02-03,234.22955322265625,236.34142053704645,227.33078093350827,235.54359826724786,21517136
2025-02-04,240.23663330078125,240.8936558136611,234.83963913024087,235.26200972266244,7000612
2025-02-05,245.2112579345703,249.34112602360904,244.27265024869638,244.27265024869638,10088345
2025-02-06,246.43142700195312,250.79597548882998,245.58668584592388,246.85381190198387,14058587
2025-02-07,248.07398986816406,248.63716018567828,244.0849073648173,246.00907022932154,6557480
2025-02-10,243.9441375732422,249.48191732147305,241.69148480291506,248.30865768650744,8052376
2025-02-11,239.48574829101562,243.803349428371,238.17170324330758,243.56869750399335,6819100
2025-02-12,239.9081268310547,241.0344388516877,233.76024371148813,239.48574192079667,6568833
2025-02-13,240.0489044189453,244.1318533900681,239.34494868751148,240.47128931541846,5514711
2025-02-14,235.5905303955078,242.7239545745371,232.2584702286979,240.6590061971224,5205573
2025-02-17,236.8107147216797,237.98397429291074,231.2260020270231,235.59052190319613,5899597
2025-02-18,237.23309326171875,237.98398227690103,231.69531362853084,236.76378941748192,5534272
2025-02-19,239.9081268310547,240.70594908152367,234.22954754776015,235.59052580854564,6887175
2025-02-20,242.7239532470703,243.70947985942672,237.65546315115876,238.40635216411047,8155780
2025-02-21,235.87210083007812,243.47481405748925,235.2619972759546,242.16076910125005,9845416
2025-02-24,235.5905303955078,237.93704962255472,233.47866309116563,235.8251823182125,6773845
2025-02-25,233.19708251953125,237.37388396166241,232.49312673753104,236.4352762523288,4172676
2025-02-27,229.72422790527344,234.08874785474885,227.23692330129566,233.19707343004077,7376510
2025-02-28,222.73159790039062,229.06719952910078,221.6521905111785,229.06719952910078,14066882
2025-03-03,227.52789306640625,228.68237651238536,219.64357989465313,224.32723741330892,6864635
2025-03-04,234.57684326171875,235.534227160968,221.60529181980885,226.20446398954448,7201075
2025-03-05,240.13339233398438,241.15647129738306,234.558060262594,234.558060262594,7802519
2025-03-06,248.76856994628906,249.6227063120086,243.09937193941943,244.03797955308514,12828381
2025-03-07,245.2206573486328,249.4725490922036,244.03800247822443,248.693488659018,7057204
2025-03-10,241.15647888183594,249.63210559728316,240.3398947340674,245.22066642183472,8487911
2025-03-11,248.33680725097656,248.70287799513554,238.7348690213995,240.27418504297472,12306539
2025-03-12,249.96998596191406,255.30127032051018,247.22923913304078,250.13892845741165,10648004
2025-03-13,248.17727661132812,250.29853927529516,245.92462375832017,249.97002083664012,4545159
2025-03-17,245.37083435058594,247.50146349006192,242.4517495466004,245.07983961485417,6482574
2025-03-18,245.37083435058594,245.37083435058594,245.37083435058594,245.37083435058594,0
2025-03-19,248.97506713867188,250.12953618229767,246.8631999878074,247.3325037991106,4955027
2025-03-20,255.42330932617188,256.1741840031066,248.49638015192286,250.23281006687128,10789615
2025-03-21,262.49102783203125,268.30101167616596,254.41899603659073,255.48902254339677,26173451
2025-03-24,263.22314453125,267.78476418421434,262.8101548535289,264.6873702453398,11376607
2025-03-25,261.9747619628906,266.527014698982,260.1632561108479,263.3451497269308,12143699
2025-03-26,256.2492980957031,265.9357078186867,255.4233187342318,260.9329413663683,9475308
2025-03-27,259.1120300292969,262.66936110438195,255.47022770154115,256.60596360130137,107524873
2025-03-28,261.3741149902344,266.874342944435,259.33732346258444,259.98496513555847,12687883
2025-04-01,267.12774658203125,269.3803992441163,258.11710728965846,258.11710728965846,20780255
2025-04-02,269.1926574707031,270.36591701101133,260.6513509324847,265.6728788497785,12058406
2025-04-03,269.1926574707031,273.5102583078437,265.62595992577883,265.62595992577883,6663148
2025-04-04,262.2939147949219,277.5462888483528,260.04123355795895,274.21421456103036,18852567
2025-04-07,256.8969421386719,261.96541805282345,245.91522045464836,245.91522045464836,15010047
2025-04-08,268.3479309082031,269.84970893018647,258.21097938687376,262.340847464303,18994276
2025-04-09,270.2720947265625,272.8063182931418,262.43471481718376,270.9760504912845,14519066
2025-04-11,275.1997985839844,278.2502737141368,268.9111153195946,278.2502737141368,14955235
2025-04-15,276.3260803222656,278.57873290365825,273.22868660335473,278.57873290365825,8516322
2025-04-16,280.4090270996094,282.09850936176014,274.5896483850342,275.9506408946784,9064723
2025-04-17,280.0335998535156,283.22486015462033,277.31164338033904,279.70508144515946,7510897
2025-04-21,285.3836669921875,286.79157857802767,279.705101720246,281.4415317382558,6455955
2025-04-22,287.3078308105469,289.5604836253407,284.069622696507,286.27535658258967,7096150
2025-04-23,282.0046691894531,287.82401921201233,279.9866399033729,287.3077964817316,7400827
2025-04-24,283.4595031738281,286.74462986624,281.8638587513297,284.35119187652396,5773985
2025-04-25,277.5462951660156,286.2284159786728,275.29361387777595,283.7880303457681,7773037
2025-04-28,290.9683837890625,291.86007255183597,275.1059195629171,275.1059195629171,14414879
2025-04-29,292.5640563964844,296.22462100858695,290.7806786997865,292.42324231429734,9522966
2025-04-30,291.01531982421875,302.6540787752306,290.0297931497705,299.41587059798314,21424437
2025-05-02,292.28240966796875,298.00792192831113,290.87449822578776,291.4845874552599,6850147
2025-05-05,301.3399658203125,305.8452995958422,296.6000087831314,297.5386164058628,16037327
2025-05-06,292.3293762207031,302.41940887828287,291.4846063853069,301.38693469149126,5444873
2025-05-07,297.44476318359375,298.0079335111615,288.15255303283965,288.15255303283965,7970668
2025-05-08,289.04425048828125,300.5421947263903,286.9323831792408,296.1307271121146,5918739
2025-05-09,288.01177978515625,288.481083637293,282.84943741165154,283.97574947035946,4955934
2025-05-12,290.0766906738281,296.5531065504102,288.293341819073,295.66141780101606,6844271
2025-05-13,288.0587158203125,291.5315759899885,285.80606292507963,290.07671677554123,7241358
2025-05-14,293.31488037109375,294.3004069115281,289.46658341181876,289.7481828833938,7733320
2025-05-15,297.53863525390625,300.5421912945243,294.25350836624483,294.7228122073393,7055032
2025-05-16,300.44830322265625,301.2930443471598,296.4122732926463,296.60000627321654,6861786
2025-05-19,297.7263488769531,299.93205387136055,296.740793688358,298.9934462502403,2956007
2025-05-20,293.6903381347656,300.02593999184177,292.610945028663,297.53863536194444,5016433
2025-05-21,296.4592590332031,297.3040002664793,290.3583087514917,293.12718438523206,5232094
2025-05-22,293.83111572265625,299.3219762478358,289.74819532775876,295.56754561783714,4876801
2025-05-23,299.3219909667969,300.35446516962423,292.84560354038365,292.84560354038365,4257721
2025-05-26,303.12335205078125,304.06195970086077,299.4158403753544,299.4158403753544,5050848
2025-05-27,297.53863525390625,303.0764148500146,296.1307237306228,303.0764148500146,4716473
2025-05-28,301.9501037597656,302.7948449475643,294.4881612054718,297.5386361821022,7112876
2025-05-29,299.556640625,302.7479010644619,298.1018101529616,301.4808035893469,4000772
2025-05-30,298.8526611328125,302.60709162102376,297.53861619074485,298.0548389252613,9148638
2025-06-02,297.1632080078125,299.88516464984934,296.27151922181895,298.8526904355501,3086437
2025-06-03,290.7337341308594,301.2461517943344,290.0297783581454,295.7083434670911,7853488
2025-06-04,292.4232177734375,293.4556919732895,289.65434224205455,290.7337353693406,5925942
2025-06-05,290.7806701660156,296.03687930699937,289.32583960775946,292.0008774302636,5900170
2025-06-06,297.257080078125,298.3364732407408,290.029789086637,290.029789086637,5825337
2025-06-09,300.7298889160156,301.71544414668324,295.6614132744038,298.2895032681188,3787426
2025-06-10,300.44830322265625,304.76590397949036,299.7912664346917,301.48077732773004,6489933
2025-06-11,313.35418701171875,313.964276289154,300.6360354644074,300.6360354644074,21739121
2025-06-12,299.08734130859375,310.679152265431,298.24260009770603,310.2098484100452,13568848
2025-06-13,293.1271667480469,295.09824860311636,280.92526691880073,286.27534214769884,13958229
2025-06-16,296.9754638671875,297.39784878029445,289.56046893288305,290.9214615248648,6893567
2025-06-17,293.59649658203125,300.7768688786642,292.5640509587572,294.7228373543756,7219608
2025-06-18,296.4592590332031,297.3978667688511,290.6868271877754,292.84561352215167,10011198
2025-06-19,294.2065734863281,297.5386191198047,291.062232192691,297.5386191198047,5399948
2025-06-20,294.2535095214844,296.5061622387752,290.9683826209255,291.81312380940545,8522458
2025-06-23,294.2065734863281,296.1307076728656,289.27888342204113,290.9683657007554,6848410
2025-06-24,299.6504821777344,307.6755658575365,297.53861503630947,305.51677979280356,11172373
2025-06-25,299.9790344238281,303.1702949577342,297.1632112508461,302.70099109557054,6658747
2025-06-26,309.5058898925781,310.67914952067736,299.2750716643596,299.2750716643596,15528180
2025-06-27,312.5563659667969,313.6827066711377,307.30015708659647,309.74054284997885,9911738
2025-06-30,311.5708312988281,316.96782546688655,310.06905327977915,313.49496558808784,5840638
2025-07-01,311.6646728515625,314.9028808484521,310.5852797339438,311.19536900529056,3921773
2025-07-02,311.4300231933594,314.38666036160197,308.6142000952493,313.21340073738946,3799017
2025-07-03,311.1484680175781,314.94981793393447,310.25677920063765,312.55637963756715,5049883
2025-07-04,324.94598388671875,326.3538953790459,311.5238771401137,313.49495895817824,13743465
2025-07-07,328.98199462890625,329.96752124364764,322.3648218864232,324.57052703789526,8603937
2025-07-08,333.7688903808594,336.631632292731,327.2925032409956,328.5126817441465,12905482
2025-07-09,327.10479736328125,334.4728738504864,326.3069750555394,333.7689180455439,8039090
2025-07-10,329.4043884277344,331.18773735412975,326.6824031440404,330.20218206878167,6580919
2025-07-11,323.6788330078125,330.9999607492035,322.2239740574898,330.202138569224,4803470
2025-07-14,323.2564697265625,326.82319599175776,321.80163932309586,324.61746228002414,5372218
2025-07-15,326.6824035644531,328.98200392252386,324.8990546357627,326.3069662074711,6270256
2025-07-16,326.49468994140625,330.10833526836876,326.07230502426813,328.55960966821806,8426412
2025-07-17,325.4621887207031,328.4187969629718,323.1156696960405,328.1372261376247,4026086
2025-07-18,322.4117431640625,329.87368579534206,321.09769812014815,326.16617394326556,5631392
2025-07-21,321.5669860839844,323.5380678745126,318.6103777202082,322.411727238773,5051058
2025-07-22,319.45513916015625,323.2095699923155,319.07970180574716,321.5670065032458,4447293
2025-07-23,323.3034362792969,323.8196590607656,316.12306440228747,320.86305051119155,5089227
2025-07-24,320.440673828125,323.72580088860906,318.84505787088216,323.3034445958248,3270996
2025-07-25,312.4624938964844,320.4406592518913,310.72606394326556,319.2204807139719,3514659
2025-07-28,312.93182373046875,317.5779436338642,310.6791708188972,311.9462970329174,5630809
2025-07-29,314.38665771484375,316.5923628745669,312.74409425477467,315.37218433327183,7809814
2025-07-30,316.3576965332031,322.4586462496853,309.74052406755465,313.49495466231286,11366010
2025-07-31,313.7376403808594,315.59549720207644,307.83066285957113,314.40457079754026,6867024
2025-08-01,302.82879638671875,313.7376656869692,301.5902153808861,313.4518549569677,4105518
2025-08-04,302.82879638671875,305.5917400530316,300.0181982151697,305.0200895176745,3536322
2025-08-05,300.2087707519531,302.97171453484134,294.9210394209904,302.01897329416573,6730701
2025-08-06,300.8280334472656,303.11460650875364,299.5418270141305,300.5898481476241,3601019
2025-08-07,295.6832275390625,299.2083524182546,292.6344441688962,298.49379654168627,5018154
2025-08-08,304.3531799316406,306.0681024162049,294.0159323695946,295.8261347867132,10028343
2025-08-11,305.78228759765625,314.40458348428103,302.20950823988034,307.0208394782108,7957794
2025-08-12,308.40234375,311.07000752898887,305.54412009735995,305.82993083248215,4392686
2025-08-13,307.2590637207031,310.8794689654091,305.8775772304209,309.64091692784035,2707971
2025-08-14,303.0193176269531,315.7384180673412,302.1618563886315,311.54636273249446,10549386
2025-08-18,299.1607360839844,305.87754989776664,297.6839988576604,305.8299244680222,8091527
2025-08-19,306.2586669921875,306.97322288430615,297.9221815841368,300.3040345578656,4343312
2025-08-20,304.8295593261719,307.2590377620558,303.92444355378547,304.8771847561484,3670375
2025-08-21,304.8295593261719,308.49758969498606,303.6862582531947,305.8775513884879,3790333
2025-08-22,301.4949645996094,305.2106494673666,299.8276674983404,305.0677441023286,3007303
2025-08-25,300.87567138671875,303.8768295472661,299.6371194072284,303.8768295472661,2841339
2025-08-26,297.35052490234375,303.25750270974675,296.3501292288665,302.3047615399702,10819770
2025-08-28,296.0167236328125,300.6851500314944,295.3497931149911,300.6851500314944,8888325
2025-08-29,293.6348571777344,297.54107293998504,292.49155607758235,296.0167102402554,4334416
2025-09-01,299.87530517578125,300.6374865373488,292.3010006905241,293.9206724280493,3672180
2025-09-02,300.06585693359375,302.30477552586814,297.96981463297226,300.9709436415428,3405312
2025-09-03,299.9705810546875,305.353563170707,299.20837062808124,300.06586099243265,6616690
2025-09-04,298.11273193359375,304.7342952650886,297.73164124786757,304.7342952650886,5225640
2025-09-05,297.73162841796875,301.4949678313136,296.77888720703123,298.2079990234375,6159420
2025-09-08,301.4949645996094,303.1146071956297,298.7319918572233,299.0654570925479,2002604
2025-09-09,299.1131286621094,305.0201069983841,298.73200889979336,302.78115923387793,6476251
2025-09-10,302.924072265625,303.2098829917995,299.87528883478046,300.58984472557023,5214899
2025-09-11,304.877197265625,311.1652952742996,302.4953441619873,303.16227466114793,7529271
2025-09-12,302.9717102050781,307.925976215932,302.0665944092292,305.87755931746915,4705998
2025-09-15,302.7335205078125,305.5441187170197,300.7804126508071,303.2575165449541,4653626
2025-09-16,303.2098693847656,305.9251874629832,301.54257238107874,304.2578904592964,5381837
2025-09-17,308.2594299316406,309.4027310993327,304.16265405223083,304.7343046360769,7035565
2025-09-18,310.3078308105469,310.7365469196206,305.8299353911881,309.54562037993526,5615664
2025-09-19,313.9758605957031,318.21557069771586,309.4503397549422,310.2125501838622,10022009
2025-09-22,310.02197265625,316.5958809513579,307.21140363406676,313.45184670271817,4768219
2025-09-23,314.78570556640625,319.35888104621745,311.4034857334606,313.16606287436633,7992615
2025-09-24,314.7380676269531,316.6911754964764,311.54637872706365,314.8333475639589,5489995
2025-09-25,314.0711364746094,316.7864547590435,311.5463780637811,313.54714043522495,5798602
2025-09-26,309.0216064453125,314.4045882780324,307.687774613143,314.21402841257105,5692665
2025-09-29,322.1217956542969,322.9792568929243,310.11725108745384,311.2128976187752,12616059
2025-09-30,323.5985412597656,326.1232996129513,321.2166882708444,323.69382119439325,6762730
2025-10-01,323.6462097167969,331.26813960991797,322.59818854142173,324.884761694287,9814406
2025-10-03,325.40875244140625,328.6004413472097,321.645442063218,327.74298006327786,5833883
2025-10-06,327.36187744140625,329.17207988038103,322.5505170051784,325.83748572819195,5914399
2025-10-07,325.7422180175781,329.88664814874153,324.9323821637305,327.3618897252734,5934834
2025-10-08,328.7909851074219,333.4594110470093,323.45562871559906,325.1229257708341,7955678
2025-10-09,327.7429504394531,334.412138384442,326.885489233025,330.839359128198,7028656
2025-10-10,322.6934509277344,330.88700185687964,321.26433915050853,329.17207935435005,5737637
2025-10-13,321.9788818359375,325.8374718460791,319.31118918262956,324.4083601274559,6785828
2025-10-14,316.73883056640625,324.2178258913223,315.02387892331325,322.16943808114746,4343927
2025-10-15,321.9312438964844,324.6465621166393,316.35770209203037,319.1206748171359,16271995
2025-10-16,320.0257568359375,322.9316348827738,317.7868092458449,322.9316348827738,6279302
2025-10-17,319.9781494140625,322.3123479933173,316.97702034053196,320.21633472268167,7824777
2025-10-20,321.74072265625,323.9796412701485,319.6446803353843,320.3592362526765,6134873
2025-10-21,323.0268859863281,324.17018703437174,321.7407086514708,323.36035121495365,404063
2025-10-23,315.64312744140625,324.0748923291697,314.4522010187095,323.9319869735165,8457356
2025-10-24,314.8333435058594,318.5966538285666,311.73693458288744,314.5475036985263,8260920
2025-10-27,326.79022216796875,327.2665927542194,315.5955133910777,316.9769997213459,11767585
2025-10-28,324.5513000488281,329.17210091289354,323.5509333693942,327.7429890420706,6156249
2025-10-29,331.64923095703125,332.50669225666223,324.74185697748743,325.742223647831,9756868
2025-10-30,340.70025634765625,342.7962695265259,328.98152223144064,333.4594174675753,14807100
2025-10-31,339.93804931640625,343.51082882467296,338.31840671787114,341.08135038919323,7532962
2025-11-03,349.94183349609375,352.03787578040834,339.4140547950486,344.8446913019111,20107281
2025-11-04,355.3248596191406,356.27760086592707,350.7516841893525,352.3713559390316,12649509
2025-11-06,350.5611572265625,362.0416777459972,349.89422671636174,362.0416777459972,11803637
2025-11-07,357.0773010253906,357.7581085256681,349.8803246067937,350.12346590255936,11711108
2025-11-10,355.1321716308594,359.65459380840673,353.67332385227417,356.25061565837456,6934285
2025-11-11,363.88525390625,364.56606140016515,350.17207901715193,354.986288500456,10689646
2025-11-12,365.14959716796875,368.6994540267611,363.3503457057408,364.9064558806496,9316462
2025-11-13,364.663330078125,368.35906593017523,361.89151334892017,366.7543393017938,9719258
2025-11-14,360.9675598144531,369.3316262798328,359.3142168203474,363.73937650732705,6848609
2025-11-17,363.9825134277344,371.08222726841984,361.79424180392033,362.37778683967076,9063998
2025-11-18,361.64837646484375,366.5598188650518,360.48128634977724,365.5386372746195,7729409
2025-11-19,355.6184387207031,362.66953600980906,354.84039847817627,361.64835448145095,7056032
2025-11-20,355.034912109375,358.682031585969,353.33292302029776,356.9314261093376,9025414
2025-11-21,354.5486145019531,357.7580973136764,353.4301705125494,355.03489707824457,7177944
2025-11-24,349.7830505371094,357.1745516190015,347.9837990721247,354.5486138397987,13807356
2025-11-25,346.0873107910156,349.10226865921743,343.9963016773754,349.10226865921743,4113590
2025-11-26,357.5635681152344,357.90397185061533,346.3304526099908,347.01123040042006,7651793
2025-11-27,354.69451904296875,358.82792089511037,351.58229871745846,358.82792089511037,5180488
2025-11-28,349.2481689453125,356.9314280824092,348.76188634574515,355.76433797131386,3459790
2025-12-01,344.2880859375,351.5823250463453,342.73197565821266,351.5823250463453,4470807
2025-12-02,348.9077453613281,351.24189577053596,344.5312022139386,345.9900499297351,9468149
2025-12-03,348.5673522949219,351.0960276824411,346.03867690740265,349.15089733517,6169622
2025-12-04,346.23321533203125,351.6795864530965,343.8018023030142,350.1234761784586,5798181
2025-12-05,350.41522216796875,351.6795747090365,343.6072659140672,346.2332037698485,3479044
2025-12-08,347.74066162109375,353.04115362338536,345.40651116956775,353.04115362338536,6762135
2025-12-09,345.30926513671875,348.9077682774986,343.266901944728,347.7406781560741,5612269
2025-12-10,345.4065246582031,350.07485542389355,343.0723741155251,345.3092622021885,8521964
2025-12-11,341.6621398925781,346.5736119177208,339.5225142795365,345.4065218158187,4491115
2025-12-12,355.034912109375,356.5910223554553,342.8292307998406,342.8292307998406,6101145
2025-12-15,356.9314270019531,359.31422360475386,351.1932982804954,355.0835590652579,6128925
2025-12-16,358.04986572265625,358.92516845015825,351.7768381086136,356.6882804042827,4332510
2025-12-17,358.244384765625,362.6209280118121,355.95885068988287,359.84911135316025,6872112
2025-12-18,353.3815612792969,359.0710734731258,351.5823097745361,357.9039833942719,3880069
2025-12-19,355.9102478027344,357.36909560679476,352.1658658362458,353.9651173973205,6515994
2025-12-22,359.7518615722656,360.52993154052757,354.54863181578895,355.9102468401638,3949754
2025-12-23,359.84912109375,363.25309926625846,358.43888969300565,359.7518586384686,3379297
2025-12-24,355.8616027832031,361.2593574823357,354.79177512100557,359.75186360549634,2339154
2025-12-26,355.9588623046875,358.0985176114396,351.77684382734,355.42396331816667,2997958
2025-12-29,361.40521240234375,361.7942325227533,354.7917516340508,355.9588416756121,4666863
2025-12-30,359.3628234863281,365.8303758078639,358.0985006614864,361.59971146268896,8567519
2025-12-31,373.46502685546875,375.4101572036743,358.876549243927,359.3628318309784,12051156
2026-01-01,371.0335998535156,377.5011520800333,368.74806584495695,375.7991630898796,6554899
2026-01-02,370.9849853515625,375.02112475548716,367.53236128867167,371.51988430762106,3614573
2026-01-05,367.5323791503906,374.8752641388048,364.1284009873777,369.5747719842653,5243413
2026-01-06,360.6271667480469,367.4351231944904,354.0137352150642,367.3865068062925,6881934
2026-01-07,358.0985107421875,363.15583186425414,356.44513806592823,361.356580347227,6613161
2026-01-08,344.8229675292969,356.4937495143967,342.53746313481486,356.1533754507647,7714421
2026-01-09,344.4339599609375,349.7830685658606,342.5374756273927,343.315515915975,5252007
2026-01-12,348.9077453613281,349.24814909774716,339.9601341656432,343.89904080649336,4474234
2026-01-13,345.35791015625,350.26935256829506,342.39156847344617,350.12347372364377,3681627
2026-01-14,347.1084899902344,348.66460013891526,341.5162404761513,344.77433960737926,7777436
2026-01-15,347.1084899902344,347.1084899902344,347.1084899902344,347.1084899902344,0
2026-01-16,353.2356872558594,357.6608469778776,348.1783364189808,348.1783364189808,6243090
2026-01-19,351.33917236328125,356.93142216560335,349.102284314486,354.01372661656575,4545354
2026-01-20,345.4551696777344,351.0960359454443,343.3155143732461,351.0960359454443,6408732
2026-01-21,342.2943115234375,348.90774257680204,336.0212545234428,344.28805818031475,6076732
2026-01-22,344.4339599609375,351.29056243544875,344.0935562045573,345.26064631776524,4615713
2026-01-23,339.5711364746094,351.9713428779779,338.6472173351082,346.23321408621155,5338663
2026-01-27,347.59478759765625,350.02620053507735,340.93271021305566,348.17833263870403,11887552
2026-01-28,352.40899658203125,355.86159107609944,347.59478710068703,350.60974507484536,12428097
2026-01-29,356.8828125,357.8067316330623,347.4489181749699,352.40900663781736,14186586
2026-01-30,354.5,357.9039780521262,349.6371742112483,356.639655219184,12639803
2026-02-02,366.70001220703125,367.6000061035156,351.0,353.0,12038292
2026-02-03,373.45001220703125,374.70001220703125,358.29998779296875,372.0,12411365
2026-02-04,382.45001220703125,383.20001220703125,370.3500061035156,373.0,8138573
2026-02-05,382.04998779296875,391.6499938964844,378.3500061035156,386.0,8446290
2026-02-06,386.3500061035156,386.8999938964844,381.3500061035156,382.5,7988984
2026-02-09,388.29998779296875,389.5,382.8999938964844,386.5,5171617
2026-02-10,386.3500061035156,388.0,381.8999938964844,386.0,3114005
2026-02-11,387.6000061035156,390.8999938964844,386.0,388.0,5156493
2026-02-12,377.70001220703125,389.5,373.54998779296875,387.04998779296875,6352805
2026-02-13,374.1000061035156,378.3999938964844,372.95001220703125,377.45001220703125,2696607
2026-02-16,374.3500061035156,375.29998779296875,369.04998779296875,372.6499938964844,1709180
2026-02-17,374.95001220703125,375.79998779296875,366.54998779296875,374.3500061035156,2646518
2026-02-18,380.8999938964844,381.3999938964844,375.75,377.0,2527223
2026-02-19,367.6499938964844,378.8500061035156,365.0,377.45001220703125,5506935
2026-02-20,366.29998779296875,367.8999938964844,362.29998779296875,364.8500061035156,6928709
2026-02-23,372.1000061035156,376.70001220703125,366.6499938964844,370.0,7760029
2026-02-24,374.45001220703125,376.0,369.0,370.0,7718539
2026-02-25,381.04998779296875,381.8999938964844,374.0,376.1000061035156,7003584
2026-02-26,386.0,387.0,378.54998779296875,380.0,4800186
2026-02-27,385.3999938964844,389.8999938964844,382.5,386.6499938964844,9020770
2026-03-02,374.79998779296875,376.95001220703125,367.1000061035156,368.0,14939455
2026-03-04,356.3999938964844,367.8500061035156,352.70001220703125,365.0,13534628
2026-03-05,360.3500061035156,362.5,351.1000061035156,356.6499938964844,12170764
2026-03-06,352.75,362.04998779296875,351.20001220703125,362.04998779296875,10536915
2026-03-09,331.1499938964844,341.45001220703125,322.79998779296875,341.3500061035156,34756111
2026-03-10,325.8999938964844,342.20001220703125,324.3500061035156,336.5,15916729
2026-03-11,325.04998779296875,328.8999938964844,322.75,326.0,13909498
2026-03-12,326.3500061035156,330.3500061035156,314.0,318.70001220703125,11176171
2026-03-13,319.29998779296875,325.3500061035156,318.1499938964844,323.6499938964844,7556076
2026-03-16,304.95001220703125,318.45001220703125,301.1000061035156,314.8999938964844,18589204
2026-03-17,300.04998779296875,305.8999938964844,298.1499938964844,305.29998779296875,16467622
2026-03-18,303.70001220703125,307.45001220703125,299.6000061035156,300.79998779296875,9223774
2026-03-19,286.0,298.0,284.3999938964844,298.0,15494502
2026-03-20,287.79998779296875,295.8500061035156,286.95001220703125,288.5,16601274
2026-03-23,271.29998779296875,281.0,270.0,280.04998779296875,14357554
2026-03-24,282.25,283.0,270.70001220703125,280.0,19542984
2026-03-25,284.54998779296875,289.75,281.79998779296875,288.20001220703125,18451485
2026-03-27,282.70001220703125,298.5,280.79998779296875,290.0,29524543
2026-03-30,281.0,285.25,273.1000061035156,274.95001220703125,14757987
2026-04-01,281.25,292.0,280.1000061035156,292.0,16919233
2026-04-02,278.1499938964844,281.1499938964844,266.6000061035156,275.29998779296875,13404373
2026-04-06,278.70001220703125,279.95001220703125,272.1499938964844,277.75,11923889
2026-04-07,277.45001220703125,278.25,271.0,273.20001220703125,14410706
2026-04-08,298.1000061035156,301.5,292.1499938964844,293.5,26646510
2026-04-09,297.3500061035156,299.70001220703125,293.0,296.0,17580272
2026-04-10,299.3500061035156,303.20001220703125,296.20001220703125,297.3999938964844,13853270
2026-04-13,292.95001220703125,294.0,284.25,284.25,13454302
2026-04-15,310.45001220703125,311.45001220703125,299.0,300.6000061035156,26146547
2026-04-16,307.95001220703125,314.8999938964844,307.25,314.8999938964844,14067180
2026-04-17,312.1000061035156,313.70001220703125,306.25,308.79998779296875,10758881
2026-04-20,316.04998779296875,319.0,307.0,312.1000061035156,14504057
2026-04-21,318.04998779296875,320.1000061035156,315.1000061035156,316.04998779296875,9935289
2026-04-22,314.3999938964844,317.0,313.0,317.0,7456858
2026-04-23,309.79998779296875,313.75,308.3999938964844,312.0,8518111
2026-04-24,308.1000061035156,310.75,300.1499938964844,309.0,10531252
2026-04-27,312.6499938964844,315.1000061035156,306.70001220703125,308.29998779296875,5296412
2026-04-28,307.75,313.1000061035156,305.1499938964844,308.70001220703125,14434171
2026-04-29,303.8999938964844,310.8999938964844,303.1499938964844,308.3999938964844,16918034
2026-04-30,300.45001220703125,302.3500061035156,295.54998779296875,300.04998779296875,13025294
2026-05-01,300.45001220703125,300.45001220703125,300.45001220703125,300.45001220703125,0
2026-05-04,301.70001220703125,305.8999938964844,300.1000061035156,302.5,9009471
2026-05-05,298.5,300.45001220703125,293.29998779296875,300.25,12433693
2026-05-06,314.04998779296875,316.6000061035156,301.8500061035156,304.70001220703125,16983058
2026-05-07,307.6000061035156,316.95001220703125,305.1000061035156,315.70001220703125,17998452
2026-05-08,302.75,306.3500061035156,301.3999938964844,306.0,11782486
2026-05-11,294.45001220703125,299.3999938964844,293.75,298.75,10388130
2026-05-12,287.8500061035156,293.70001220703125,286.0,286.0,10652991
2026-05-13,297.1000061035156,299.0,288.54998779296875,288.54998779296875,12403055
2026-05-14,295.0,301.1000061035156,291.1499938964844,301.1000061035156,11845204
2026-05-15,284.45001220703125,294.6499938964844,283.5,293.0,14828416
2026-05-18,280.79998779296875,282.5,276.6000061035156,282.0,8613476
2026-05-19,286.45001220703125,289.79998779296875,282.0,282.0,6955573
2026-05-20,293.75,294.75,280.04998779296875,281.8500061035156,10290169
2026-05-21,296.3999938964844,298.5,294.75,295.0,10786772
2026-05-22,295.6000061035156,297.70001220703125,291.6000061035156,297.0,5365901
