Date,Close,High,Low,Open,Volume
2021-05-24,98.24429321289062,98.80512768092017,96.0999415269942,97.71646085210628,14192862
2021-05-25,97.28758239746094,98.97007569787617,97.05665826148659,98.83811761049702,10434892
2021-05-26,96.13292694091797,97.65047004297492,95.8030267042863,97.5185119618735,9948786
2021-05-27,95.3741683959961,96.52881932072303,95.07726017176059,96.16592701654315,24064196
2021-05-28,96.92469024658203,98.17831724788958,95.50612318662944,96.06695764349817,16465504
2021-05-31,97.4525375366211,97.91439590008468,95.70407013645278,97.02367121363861,11767444
2021-06-01,97.38656616210938,98.57419910954978,96.9246977183742,98.0133746772046,9307143
2021-06-02,98.37625122070312,98.90408352702745,96.99066624721203,97.32056647254268,10714318
2021-06-03,98.34326934814453,99.23399400793788,98.04636112821342,98.97007782750065,9282774
2021-06-04,101.01547241210938,101.87320510839629,97.78244354267262,98.31028601806617,29422387
2021-06-07,103.09381103515625,104.80929607788323,102.56596870910525,102.92886093749999,31071589
2021-06-08,102.92886352539062,103.91856413621169,100.81750423585673,103.85258006838818,12874065
2021-06-09,103.19280242919922,106.4918051931475,102.40104377940312,103.58868678797599,30443113
2021-06-10,103.2587890625,104.74334034295127,102.7639386356829,103.65467343105675,11459484
2021-06-11,107.3165512084961,108.86708646710002,103.35774806423791,103.58868227475578,61728565
2021-06-14,105.13920593261719,108.2072740037931,102.63196220434396,108.2072740037931,30836595
2021-06-15,103.6876449584961,106.78871537498154,103.42372878455366,106.29386499802195,30153988
2021-06-16,102.63197326660156,104.77632496427056,102.17011491450117,103.78662418073102,14098443
2021-06-17,100.38864135742188,102.53299296767297,99.89379098582546,102.26907679659085,15784276
2021-06-18,96.59479522705078,101.47732527372112,95.73706257749704,100.94948282708685,24823176
2021-06-21,97.32058715820312,97.65048745365466,94.68138479459084,96.33088627184853,15038290
2021-06-22,98.11231994628906,98.64016229318159,97.5185035983821,98.24427801607335,12494441
2021-06-23,97.94739532470703,99.36597263028104,97.74945313465507,98.87112218903015,7983220
2021-06-24,96.59479522705078,98.37626474291109,96.33087903761229,97.94738835037693,12929173
2021-06-25,98.14532470703125,98.47522495814732,96.82572370256696,96.82572370256696,7400514
2021-06-28,97.12264251708984,98.31028556430414,96.99068441578999,97.0566685003188,8217659
2021-06-29,95.34117126464844,97.58448891436107,94.9782789798476,97.05665657402155,21576435
2021-06-30,96.75973510742188,97.25458546099087,95.73705243091759,96.06695266663026,12919448
2021-07-01,96.09994506835938,97.18862200504887,96.00097901400457,96.72676363846422,5668038
2021-07-02,97.41954803466797,98.07934859045376,96.36387318606522,96.99068170051022,20805994
2021-07-05,98.90406799316406,99.29995222848568,97.38653524919133,97.65045136090285,10401054
2021-07-06,97.32058715820312,99.43194703554136,96.92470277655808,99.00308067855758,9579038
2021-07-07,97.35356903076172,98.1453276435787,96.69376850878808,97.32057699111164,6067804
2021-07-08,96.49583435058594,97.74945141931947,95.86902581621916,96.99068478315304,12349670
2021-07-09,96.79273986816406,97.32058232824163,96.0999472685471,96.49583163054466,4963821
2021-07-12,96.59479522705078,97.5515140662192,96.39686311885056,96.85872148424656,4010172
2021-07-13,97.71647644042969,97.98039266292336,96.75975748143337,96.99069172693424,5717442
2021-07-14,97.74942779541016,98.57417831703108,97.15561144694524,97.61746972550188,7216739
2021-07-15,96.79273986816406,97.91439880348042,96.0999472685471,97.65048260732041,7257500
2021-07-16,96.03397369384766,97.68347509680704,95.86902355355171,96.82573235371665,10819800
2021-07-19,95.30817413330078,96.59478301269775,95.01126594078703,95.67106639870916,5158738
2021-07-20,94.28548431396484,95.70406138284324,93.49372575362332,95.34116910625778,6271740
2021-07-22,95.47311401367188,95.9349722711579,94.51640546578905,95.01125575618585,4772582
2021-07-23,95.07725524902344,95.67107166674892,94.58240487833336,95.47312950492157,3419739
2021-07-26,95.01126861572266,96.00096933046977,94.5164182583491,95.01126861572266,4423596
2021-07-27,93.98857879638672,95.83602220177957,93.75765466306049,95.34117182896487,4245486
2021-07-28,95.04426574707031,95.20921587503545,93.06486421148853,94.64838141285122,8834228
2021-07-29,93.7906265258789,95.44012759082757,93.62567641938405,95.0442533758932,8237916
2021-07-30,94.54943084716797,95.60510579837462,93.19683756279343,93.8896302272544,9526451
2021-08-02,94.94530487060547,95.60510548837968,94.41747243059285,95.20923115837022,6164197
2021-08-03,95.17622375488281,95.50612401053232,94.35147311575905,94.94528954882543,5648929
2021-08-04,95.47311401367188,97.22159108039354,95.11022178716324,95.11022178716324,8839351
2021-08-05,95.96798706054688,96.26489529163854,93.82363529367977,95.6710788294552,6237158
2021-08-06,96.3968505859375,97.94737561587436,95.83601617160028,96.06695035815231,10812438
2021-08-09,94.51643371582031,97.5515204311802,93.92261721696022,97.32058619953575,12986298
2021-08-10,93.8236312866211,95.17622435689086,92.86692255273752,94.81333205982966,14022502
2021-08-11,94.978271484375,95.24219770147285,93.1308282357131,94.28547900765732,8356558
2021-08-12,95.27518463134766,96.79272773848919,94.81332631206709,95.04426050558551,7685737
2021-08-13,94.84630584716797,96.52879885139916,94.48341361994086,95.70404836577161,9455100
2021-08-16,93.6916732788086,95.11024036120892,93.52672314979661,94.87931622124628,5259207
2021-08-17,91.8772201538086,94.05456382989185,90.52462710747228,93.7576556167343,13714266
2021-08-18,91.28340911865234,92.53702612280308,91.05247490158165,91.877225580038,7654460
2021-08-20,89.46896362304688,91.08547304762257,89.07307924374923,90.72258071122607,8877297
2021-08-23,88.38025665283203,89.99676552940907,87.58849823040191,89.93079153373006,7768805
2021-08-24,89.86483001708984,90.32668837373997,88.41327086715073,88.64420507935434,7452062
2021-08-25,91.6133041381836,91.81123623546057,90.06276892446917,90.06276892446917,7817617
2021-08-26,90.59061431884766,91.97618938410109,89.96380583210751,91.61330714866425,6845692
2021-08-27,91.41535949707031,91.91020986237265,90.42565876646563,90.98648313982108,4418540
2021-08-30,94.74736022949219,94.97828437456798,91.44835757620565,91.44835757620565,11333690
2021-08-31,96.23190307617188,96.42983516399444,94.51641781816377,94.7473520109651,14301855
2021-09-01,95.14321899414062,96.75972801712798,94.94527685366646,96.72674605017852,8415876
2021-09-02,95.75183868408203,97.23950636638115,95.4813470848098,97.23950636638115,7787657
2021-09-03,98.9638442993164,99.50480681440311,95.85325824657492,95.95468613860405,12734022
2021-09-06,98.9638442993164,99.97816449240185,97.5776046384599,99.94435175565928,9712271
2021-09-07,99.53861999511719,100.14721830460213,98.42287190502607,99.4033793657423,9475870
2021-09-08,100.85724639892578,101.33060413634418,98.93004398106471,99.64007026899242,7873034
2021-09-09,100.51912689208984,102.07441991667507,100.07959226953685,100.85723362273018,9519564
2021-09-13,104.54258728027344,105.4216563743505,100.95865448758575,101.16152055475615,35672746
2021-09-14,104.6102066040039,105.15117936534286,103.6973247425543,105.04975148680307,8804432
2021-09-15,108.9041976928711,109.71565191457769,104.30594334560006,105.15121030950282,24591822
2021-09-16,109.74944305419922,110.22279039717321,106.53742922360675,109.64800484757738,18440504
2021-09-17,105.96265411376953,110.42566737168676,105.08357449409502,110.01993514162183,17317065
2021-09-20,104.27212524414062,106.53744471824972,103.3254304205068,105.42168619232446,12541523
2021-09-21,105.7597885131836,106.84173425315346,103.76496072842596,105.28644112127151,13645046
2021-09-22,109.61419677734375,109.88467801132332,104.81307748772379,106.33455764480364,18861877
2021-09-23,113.1643295288086,114.95629111598411,110.29042225090899,110.72995688377881,31399318
2021-09-24,112.31907653808594,114.58438577507799,110.15518488969938,113.6715036592275,17259638
2021-09-27,112.96145629882812,114.38149832038393,111.81189552379779,112.92764356346291,9099672
2021-09-28,118.03304290771484,119.21641627624611,113.7052712547395,113.94195005572452,41551332
2021-09-29,125.57282257080078,133.21403582651982,116.84967409827208,117.9992347803437,100988643
2021-09-30,125.16709899902344,129.49486044267468,124.49088562856561,126.85763242516802,48957916
2021-10-01,127.60149383544922,128.41294802553955,123.3413464397252,125.36998707405094,25492957
2021-10-04,128.44671630859375,130.74584775597685,127.33096847317584,130.171062314582,23341448
2021-10-05,133.8564453125,134.49884600211797,128.75103189402407,129.15676407599224,42359592
2021-10-06,130.40774536132812,137.8122792920515,129.63009383766888,135.24266656370182,41926821
2021-10-07,128.95391845703125,131.82782596732415,127.97341089951243,131.69258532459733,16517664
2021-10-08,127.43243408203125,129.63012799274193,124.49091150015344,129.22440607706878,28978175
2021-10-11,133.11264038085938,135.03984279203598,129.59632169440408,129.83300056229237,34952223
2021-10-12,130.71205139160156,135.9188924724282,129.32581186742237,134.7017062970953,25216411
2021-10-13,128.51437377929688,131.55733443554763,128.04102640751987,131.1854149583661,17378156
2021-10-14,124.28803253173828,129.6977400602736,123.2737123701379,128.48055380271347,29542941
2021-10-18,125.30235290527344,126.95907377504989,124.01754117415423,124.96424618416812,15468914
2021-10-19,124.76139831542969,127.77054650926215,124.15281025580506,126.65479829388376,17403803
2021-10-20,122.05652618408203,124.0175410370456,119.96026038826726,123.54419369166112,15921230
2021-10-21,123.34130859375,123.74704072340047,120.9745619132478,123.07082738611413,15586097
2021-10-22,118.9459228515625,124.6261211210608,118.54020103686767,124.01752292172343,13603152
2021-10-25,117.7287826538086,119.85885119946698,116.98494362486764,119.18263765250244,11744666
2021-10-26,118.37117004394531,119.01357077711386,116.13966352823468,116.98493036614032,11602891
2021-10-27,117.39065551757812,119.45309822350589,116.8496827102044,118.81069752896127,9535881
2021-10-28,112.62334442138672,116.98491881050893,112.21761225199026,116.98491881050893,24509136
2021-10-29,111.20330047607422,114.61818048331718,110.42565913104792,111.5752199395123,14826816
2021-11-01,115.46345520019531,116.27490933708394,110.7637734357745,111.57522757266312,13585170
2021-11-02,114.41532135009766,117.49209481759388,113.840546069967,115.93680171464203,14278962
2021-11-03,114.78723907470703,115.70013140670446,113.16433083804377,113.73910610935417,8974463
2021-11-04,115.42962646484375,115.90297378591387,114.78722579209163,115.7677331682078,973260
2021-11-08,116.1058578491211,117.79639162769945,113.94197667618067,115.63251045475903,8761953
2021-11-09,115.29440307617188,116.57920461367061,114.68581504645127,116.34253607686784,5723308
2021-11-10,112.72474670410156,115.53103788233804,112.55569339161245,114.88862704032314,9212143
2021-11-11,112.92762756347656,113.36716210635512,111.71044149017101,112.18378876362408,6453205
2021-11-12,112.89384460449219,114.17865647776853,112.04857770820489,114.17865647776853,7027513
2021-11-15,108.02509307861328,113.33337251523274,107.85603972481263,111.06805344702492,19400018
2021-11-16,107.5517349243164,109.30988343593059,107.24744098174826,108.87034888757626,8505431
2021-11-17,105.55693054199219,107.68699892083905,105.28643895346939,107.55175828567718,7477627
2021-11-18,103.73114776611328,106.67268064656287,103.46066649080265,105.5231197491938,12981172
2021-11-22,101.80393981933594,103.39303528053155,100.82343235294738,102.91968791588175,11522286
2021-11-23,105.62454223632812,105.99646170947479,101.43202077461703,101.43202077461703,13305061
2021-11-24,107.5855712890625,109.30990744847271,105.21882405420241,107.04459842888323,18809310
2021-11-25,107.2136459350586,110.08755313438708,105.4892995518218,109.20847357448218,22402592
2021-11-26,105.4216537475586,107.78840039644845,105.04974467157598,106.67265253210756,11829847
2021-11-29,104.30592346191406,105.92883159595463,102.71681774542569,105.42167151429217,18176163
2021-11-30,102.78443908691406,107.17982628470973,102.34490449441364,107.17982628470973,56643275
2021-12-01,105.18501281738281,105.65836020747244,103.15637230139934,103.8663985456334,16283427
2021-12-02,107.72081756591797,107.8898709486899,104.91452522098403,106.09789890038759,15647910
2021-12-03,108.02509307861328,108.66749375941616,107.0107729558094,107.51793301721133,20414051
2021-12-06,106.44862365722656,109.24329867589822,106.12616283725846,108.92083785593012,24185368
2021-12-07,107.95343017578125,108.16840767204793,106.87855362865747,107.55931752253693,7866368
2021-12-08,108.13258361816406,108.74168474329336,107.52349342724517,108.38339253656093,7313306
2021-12-09,109.38661193847656,109.99571309477042,107.95344303821896,108.74169030704503,9423435
2021-12-10,108.4192123413086,110.17484177957212,108.13257204607196,109.38659463543294,7419042
2021-12-13,106.77107238769531,109.49409521261275,106.01865660349038,109.49409521261275,9888293
2021-12-14,106.69941711425781,107.30851825264826,105.15876496544996,106.77107993084869,8474759
2021-12-15,106.12616729736328,107.91762852159825,106.01867306338224,106.8785722641727,5410912
2021-12-16,107.30850982666016,107.55931873082375,105.73202639334417,106.12614998522561,7539061
2021-12-17,104.94378662109375,107.05770848330191,104.62132581740278,106.84274190364829,8758284
2021-12-20,100.82342529296875,104.37051597055496,99.71271725968951,104.15554939280648,8858645
2021-12-21,103.65392303466797,104.62131629187253,101.32502387063656,101.6116641744277,8097050
2021-12-22,104.1555404663086,107.05769835929276,103.51060798570471,104.22719234134712,6798820
2021-12-23,105.83953094482422,106.01867707402474,104.62133945310308,104.80048558230361,4857807
2021-12-24,104.54964447021484,106.16195913710155,104.19135232201779,106.05447586632589,4568316
2021-12-27,104.65715789794922,104.97961870371235,103.25982045016856,103.90474206169482,3534825
2021-12-28,106.6635971069336,106.95022650613006,104.80047320952444,104.80047320952444,4907497
2021-12-29,105.15875244140625,106.95021330071471,104.8362916735726,106.95021330071471,4216568
2021-12-30,104.7646484375,106.77108716160738,103.11650195218996,105.15877208701936,24782255
2021-12-31,104.65715789794922,105.73203453996675,104.15555098518317,104.5854950814638,5320232
2022-01-03,111.28555297851562,111.75132843750784,105.33790062057976,105.51704671007053,29486720
2022-01-04,109.63741302490234,112.2529417070411,109.1716375393303,111.78716622146906,13744440
2022-01-05,110.13902282714844,110.56897785150532,108.99249431921417,109.63741592153904,8454060
2022-01-06,110.81977844238281,111.2497334768472,109.6732499074957,110.7122951508721,12446900
2022-01-07,112.4679183959961,112.82621059281941,111.03474960870284,111.07058101522719,11679683
2022-01-10,115.15510559082031,115.37008308776369,112.53957702493689,113.07701530019044,14655298
2022-01-11,113.61445617675781,115.11927682139628,113.29199539106456,115.11927682139628,7670386
2022-01-12,114.18769836425781,115.19091188569132,113.57859741139704,114.9401030382293,6334581
2022-01-13,118.05728149414062,119.27547280374796,113.93692113850294,114.18773005557372,20271714
2022-01-14,118.05728149414062,119.06049529400305,116.98240487962644,118.05728149414062,10211720
2022-01-17,117.30484771728516,119.02465659772426,116.12248799602783,118.6663644477422,8384625
2022-01-18,115.22676849365234,118.59471283443484,114.86847630986252,117.51983628306535,6574122
2022-01-19,117.44816589355469,118.12892974619265,115.22676105793343,115.37007573535915,11503199
2022-01-20,118.27224731445312,120.56531501193939,117.41234829467194,117.87812374124238,17462235
2022-01-21,113.75777435302734,117.01823558431838,112.8620438463106,117.01823558431838,14466758
2022-01-24,112.00216674804688,114.94015682668088,110.92728992884145,113.36367301202209,10854431
2022-01-25,115.47757720947266,115.80004895226426,110.56898039522636,111.0705873123756,7267866
2022-01-27,115.04762268066406,115.58506095765172,113.22033035206412,113.86525191076541,9269062
2022-01-28,115.83586120605469,118.2364232641935,115.08345635083234,115.08345635083234,10310726
2022-01-31,114.51019287109375,117.08989023086345,114.04440643606952,117.08989023086345,5811200
2022-02-01,116.83907318115234,117.12570252962598,113.65027520899574,116.08665747364805,7248713
2022-02-02,117.41236877441406,117.94980712229656,116.26582925858027,116.80326760646277,5369074
2022-02-03,115.58505249023438,117.62731123265178,115.08344565530075,116.87490644735581,4654885
2022-02-04,114.94014739990234,116.65995673010887,114.65351797864037,115.58507999905912,6402287
2022-02-07,115.33426666259766,116.80326699259832,114.40270467765495,115.11928913773225,5871041
2022-02-08,114.61767578125,116.44496823891821,113.47114726988542,115.97919273964673,14158927
2022-02-09,120.81615447998047,121.35359287013303,114.65352323254629,115.011815492648,35079516
2022-02-10,120.4220199584961,122.0343349837042,118.23643518192735,121.10277300451952,17724098
2022-02-11,119.31129455566406,121.31773292722583,118.3797327116308,120.35033967876639,10097767
2022-02-14,115.83586120605469,119.1321537434677,115.47756901434501,119.02467045963878,9478670
2022-02-15,117.26903533935547,118.12894538617783,114.54602330511949,116.62411373844915,16850616
2022-02-16,117.41236877441406,118.95302099799275,116.65995290053634,118.41558265011025,10653203
2022-02-17,116.83907318115234,118.59470254252317,116.58826430058132,118.0214329113671,6906440
2022-02-18,119.88456726074219,120.56532022524635,116.51662290934546,116.80325228359676,23740696
2022-02-21,119.0720443725586,120.77096540618528,118.07485967771372,120.51242977915386,14870901
2022-02-22,118.1117935180664,118.66578881837827,114.86169226466204,117.81633386632537,11654816
2022-02-23,117.07765197753906,119.88456323815286,116.85605164387408,118.4441779759222,7627472
2022-02-24,110.79903411865234,115.82192591957671,110.06037389119467,113.75367502848309,12115340
2022-02-25,120.7340316772461,121.80508692808478,112.46103803037362,112.46103803037362,17079977
2022-02-28,125.23989868164062,125.5353583936271,118.59195372235519,119.99540426088923,20872239
2022-03-02,136.5044403076172,137.1322948671948,126.31092482214387,126.31092482214387,72648396
2022-03-03,139.5698699951172,146.07008328819762,138.01869003257022,140.05000598221645,74050073
2022-03-04,133.69754028320312,141.0841447187392,133.32821006142632,139.56988855524153,36095156
2022-03-07,139.38519287109375,141.82277405436542,134.21457090036168,137.35387709687757,41642776
2022-03-08,139.7176055908203,141.6011918035477,137.83403064915578,139.60681104286223,22940456
2022-03-09,137.87094116210938,140.78865837825484,137.09535686015857,140.34545768765858,13870658
2022-03-10,132.18324279785156,135.91347912589947,130.77979290225827,135.91347912589947,30890343
2022-03-11,134.2515106201172,134.80550584963626,132.4048598550537,133.69751539059814,14663558
2022-03-14,133.21739196777344,134.5469715144217,131.3707411851376,133.697516662834,8306420
2022-03-15,127.7143325805664,132.95882403712096,126.68021290203468,132.88495351534334,14074860
2022-03-16,130.66900634765625,131.3338073995556,127.71436506204674,127.78823560261178,11846738
2022-03-17,130.41049194335938,132.95886799233318,129.63489629252484,132.220207614598,20052773
2022-03-21,134.6577911376953,137.64936796666439,131.11221901710465,131.37075466161994,20271556
2022-03-22,135.43338012695312,137.24309573620064,133.32819361409503,135.65496921583292,12372751
2022-03-23,135.21177673339844,136.09816688221807,132.44180047392317,134.87938183647387,13731315
2022-03-24,138.4249267578125,139.2374575436801,135.3964264863425,135.69188607880656,16323203
2022-03-25,137.46469116210938,139.53293105783527,136.3567006732296,138.4249405689555,10044811
2022-03-28,141.26876831054688,143.07848361116268,137.0214720083997,137.46467265270016,19132062
2022-03-29,137.3907928466797,141.97048368735705,137.02146275838217,141.82275390625,10622472
2022-03-30,135.10096740722656,138.83120426053156,134.43617763066453,138.83120426053156,10298319
2022-03-31,135.21177673339844,136.57829159210223,134.177645500557,136.02429634020717,9435203
2022-04-01,137.50160217285156,138.31413296303478,135.3964272054767,135.7657573335489,13505929
2022-04-04,138.68345642089844,139.60678169667008,136.35668123437813,137.02147092450952,9490374
2022-04-05,138.79428100585938,139.56987665969942,138.01869662308226,138.8681515523443,7637664
2022-04-06,143.18931579589844,145.51609142962215,139.08974852932852,139.38520816593822,46157039
2022-04-07,140.8994598388672,145.55302223454683,140.27159404151416,144.03876628350775,21712301
2022-04-08,143.70635986328125,146.84566605623186,142.08130949996615,143.81715439696083,20151959
2022-04-11,145.0728759765625,146.25473694514994,142.81997111622633,143.66942593854375,12393619
2022-04-12,137.3907928466797,144.59272956848145,136.13507280068006,144.59272956848145,18907630
2022-04-13,137.833984375,141.30568472192917,137.16918349725245,138.86810404563963,14216953
2022-04-18,139.93919372558594,141.0102489227893,136.35669797831534,137.8340186009577,13052104
2022-04-19,146.07008361816406,150.13271552663386,140.8255906460781,141.41652117788618,59341710
2022-04-20,147.06727600097656,151.8316328684465,145.58995534309057,147.69513051794084,38356653
2022-04-21,152.8288116455078,153.5674719459135,148.47072038153905,148.61845018740786,43683145
2022-04-22,149.32015991210938,154.37998695964149,148.65537021831506,152.20094155102612,24007670
2022-04-25,139.2005157470703,149.35709373867357,137.94479563141144,147.47350792965506,26465084
2022-04-26,141.37957763671875,142.0443786727656,139.20053199475467,141.97050813396203,20819291
2022-04-27,138.49880981445312,141.6750514404103,137.83402003576853,140.93639112139988,12214126
2022-04-28,140.53012084960938,142.19210651011724,138.2402694311517,139.60679548266057,12706800
2022-04-29,135.0640411376953,142.56143871725035,134.36230483182314,142.1921085651331,21654415
2022-05-02,138.6095733642578,139.5328985565885,132.1093730270974,134.9532078568402,21289439
2022-05-04,138.38800048828125,140.8625055299283,137.760134775785,139.42212031597543,18239949
2022-05-05,137.280029296875,141.78585062791282,136.43056313952832,139.97613504122296,12651103
2022-05-06,138.4249267578125,139.56985240296743,135.21176142328724,136.28281653479564,14257553
2022-05-09,135.21177673339844,137.35388719896775,134.10378622960835,137.35388719896775,10549451
2022-05-10,125.60919952392578,135.80271499379285,124.68587405149331,134.43618878616763,19965511
2022-05-11,125.46146392822266,128.30529948979023,122.06362183763068,126.82797880189153,20641617
2022-05-12,123.3932113647461,125.71998691437676,121.62041979597117,123.98414188767107,10406343
2022-05-13,124.61201477050781,128.2683817176724,124.0949547134147,125.57227560286012,11590435
2022-05-16,126.8279800415039,127.6405109362148,123.98414445214077,125.2029295231446,7437937
2022-05-17,136.31976318359375,136.65215807063424,127.89902884254994,128.08369392102378,28092052
2022-05-18,137.0584259033203,138.49881128648735,134.28844967759056,137.64935641902176,15425248
2022-05-19,133.84524536132812,135.54416632147726,133.4759152078636,133.7713860932723,9396007
2022-05-20,137.35389709472656,138.01869820753404,135.58111666936608,136.28284178477696,6365038
2022-05-23,136.13507080078125,137.94478595264147,134.73160972323237,137.35385556583455,7794071
2022-05-24,134.6947021484375,137.9448027654096,133.84523609166314,135.50722166715002,8572565
2022-05-25,133.47592163085938,137.05842880028376,132.99579691667614,136.06123282951876,7926434
2022-05-26,135.3594970703125,137.3908128517224,131.29686550749275,135.87655701500455,23140556
2022-05-27,134.32542419433594,139.34830686769087,133.3282279532951,136.28287012400526,16408080
2022-05-30,138.27720642089844,138.79426637861224,134.84244052152792,135.91349570630547,10577525
2022-05-31,142.48756408691406,144.22342026044515,136.7998821618412,137.39081264247272,21380248
2022-06-01,144.8143310546875,145.73765628294862,142.70914502582815,143.66940551743173,30867456
2022-06-02,146.4024658203125,147.1411261032314,143.5216952253534,145.14674559356266,17646759
2022-06-03,145.51611328125,148.47075517528552,144.92518264823002,147.73209470177665,25335178
2022-06-06,143.92796325683594,145.36834858055227,142.70916700518237,145.14674823742783,22020642
2022-06-07,145.92233276367188,147.69511283243156,143.00462706793533,143.04155106311137,12961285
2022-06-08,145.9962158203125,149.17245762632655,145.14676091372087,146.25475145504697,13059792
2022-06-09,146.80874633789062,148.02753142170468,145.14676053029186,145.4791554375991,10562238
2022-06-10,146.6240997314453,147.2150303472962,144.96211371433824,145.7746447200162,6741014
2022-06-13,141.12107849121094,145.8115654951518,140.01308783768832,145.2575701683905,8516696
2022-06-14,141.9705352783203,143.66945655607537,139.68069466140167,139.68069466140167,6727598
2022-06-15,140.3824005126953,143.18931207173407,139.7175994410201,141.93358047114612,5805589
2022-06-16,132.88499450683594,142.41371993149056,132.2940752345687,141.49039447974474,14490962
2022-06-17,134.91632080078125,136.5413827367684,132.51567444296617,132.95887520206514,15215695
2022-06-20,130.632080078125,134.3623056195282,129.080888921714,134.3623056195282,23276003
2022-06-21,136.5044403076172,137.1322948671948,131.48154747568194,131.48154747568194,7564329
2022-06-22,132.4787139892578,136.46747463944254,132.22017840573864,136.46747463944254,6560404
2022-06-23,130.85366821289062,134.43617519209366,129.15475853225752,133.18045493077545,9304799
2022-06-24,130.41049194335938,133.25432763500208,129.1178362823228,131.96167197396554,8171322
2022-06-27,134.47311401367188,135.027109255746,131.07527202052574,132.9588580977902,7063839
2022-06-28,137.68629455566406,138.0925600313641,133.51286778880984,133.80832744146625,9844211
2022-06-29,139.42214965820312,140.53014025151336,135.6549771325231,137.39083357046772,16856241
2022-06-30,137.09536743164062,139.60680814917967,134.84245107766623,138.9420183330848,8693744
2022-07-01,135.3594970703125,137.50160738592015,130.44741068914595,136.65215256757332,17248729
2022-07-04,134.47311401367188,137.16921968334114,132.29406831572607,135.35950414677808,8780396
2022-07-05,134.76858520507812,136.79990126708444,134.25152518896186,135.17485067169198,5313753
2022-07-06,134.214599609375,135.06406587747904,131.48155823730667,134.8055302152161,9367397
2022-07-07,137.3907928466797,137.83399346106066,134.02988678896025,135.87653723044787,6322630
2022-07-08,140.19773864746094,141.7489186415453,138.16642265651555,138.16642265651555,14647592
2022-07-11,142.82000732421875,143.5217325211308,138.7204394344866,139.56989447215943,9048841
2022-07-12,143.2262420654297,144.26037335206635,141.896662408567,142.41372241635392,6942704
2022-07-13,142.89382934570312,144.88820985354704,142.56143447290603,143.2262242185002,7842930
2022-07-14,141.82275390625,144.37112926129097,140.56703386025038,143.30007425944012,6795141
2022-07-15,142.85691833496094,143.22624853879597,139.90227670428078,142.56145868031825,5610793
2022-07-18,144.48194885253906,145.44219815699583,143.1892934200125,143.66941807224086,7600779
2022-07-19,146.4394073486328,147.43660328162582,143.30010101202907,144.00182605658694,9913955
2022-07-20,146.14395141601562,148.02752624861924,145.8115452492623,147.43660699897384,5519522
2022-07-21,146.6979522705078,147.32580681500903,144.99903118521377,146.14395699950296,6167419
2022-07-22,145.58995056152344,147.6212663994028,145.36835021590605,146.69794101854853,4844223
2022-07-25,148.3968505859375,148.9877810834325,143.7432996869358,145.88541006041083,10207034
2022-07-26,149.43099975585938,150.16966014884824,147.39968367514,148.8031339133936,12853314
2022-07-27,150.28042602539062,151.20375134045332,149.06164111793228,149.5048305065258,7343180
2022-07-28,149.83724975585938,151.4253649283909,148.7292592807736,150.68670461166704,5096403
2022-07-29,156.0419921875,156.9283823149444,150.1327096431213,150.39124526286264,12477455
2022-08-01,157.14999389648438,157.85171899457103,154.97094805671512,156.96532880377404,7849924
2022-08-02,158.99664306640625,160.47396379176195,156.33746125234094,157.3346572503811,12615631
2022-08-03,156.6698455810547,158.77502055843215,154.23226446998402,158.77502055843215,9949919
2022-08-04,153.01348876953125,157.66705128274026,152.27482841096037,156.7067905623856,8058280
2022-08-05,153.97373962402344,155.30333043847003,151.97935903788448,153.27201458255664,31999040
2022-08-08,159.10745239257812,159.6614477160496,152.93964455390073,154.74936035636145,16358151
2022-08-10,162.39447021484375,162.83765962879923,159.14435815719543,159.4398290375607,14267910
2022-08-11,163.7050018310547,169.84580914096375,163.25566972889476,169.24670348041383,28800337
2022-08-12,165.98907470703125,166.43840681027345,163.06845031692708,164.00454934285662,8861089
2022-08-16,166.92518615722656,168.0485050719508,165.09043421524183,168.0485050719508,7844356
2022-08-17,165.8393096923828,167.3745144593996,164.86576436986067,167.3745144593996,6119157
2022-08-18,166.06398010253906,166.73796688277892,165.2027735025669,165.83931403346213,4233196
2022-08-19,162.61915588378906,165.98911315777312,161.5332830475705,165.98911315777312,8783707
2022-08-22,163.48033142089844,165.46485672737728,160.29759482526913,161.45835986907306,10390480
2022-08-23,166.8877410888672,167.52428157860243,162.20724589821003,162.50679301961603,9344364
2022-08-24,167.48683166503906,169.24670238899495,166.25118553255257,166.8128449431355,10825973
2022-08-25,168.42294311523438,170.10792147136405,167.52429027736335,167.52429027736335,13077805
2022-08-26,172.2047882080078,173.73999301791778,169.6211569765447,170.5198098274461,12673156
2022-08-29,172.69155883789062,173.44043808449555,165.80186062753302,165.80186062753302,8757016
2022-08-30,175.8368377685547,176.36105092113888,172.87876722533903,173.5902001772026,12991363
2022-09-01,172.46690368652344,177.33461909732375,171.90524421604647,175.49986711249727,9682321
2022-09-02,171.718017578125,174.076982689719,170.89424581665276,172.99111004195336,4599518
2022-09-05,173.44044494628906,174.0021044034636,171.11891461917133,172.2422335335204,4909470
2022-09-06,174.26419067382812,175.7245028545689,172.99109829643848,174.26419067382812,5307321
2022-09-07,178.8698272705078,179.20682067367923,174.00211176894564,174.45143249751038,12751679
2022-09-08,177.07252502441406,180.10548876299393,176.02409847559272,180.10548876299393,7677716
2022-09-09,177.9337158203125,178.23326295195653,174.7509789818847,177.8588233239062,8436280
2022-09-12,173.36553955078125,179.01957995111835,170.74446227895518,178.60769409443338,19053188
2022-09-13,173.21575927734375,176.21127604330908,172.72898094668062,174.26418557463577,9884429
2022-09-14,173.70252990722656,175.0879610120012,171.90522437988798,172.3545450482277,7705022
2022-09-15,175.42495727539062,175.9491704439639,173.92719883547267,174.5637507432338,5386854
2022-09-16,173.028564453125,175.2377561014848,171.9052455037565,175.12542877734444,8750965
2022-09-19,172.16734313964844,174.22676117446238,171.26869028258238,172.95366867470287,4011597
2022-09-20,172.1298828125,175.0879532660829,171.26866490571706,172.9910892922936,6890375
2022-09-21,173.4029998779297,174.26420648066562,170.10792418387226,172.1299073850627,5673523
2022-09-22,170.0330352783203,173.215772077351,168.87227016033455,172.2047805233333,7677219
2022-09-23,166.8877410888672,169.95813907774414,165.50230994163658,168.49782686365717,5495315
2022-09-26,161.3834991455078,166.32610740243152,159.13686110635922,165.5023355506136,7832594
2022-09-27,160.18527221679688,164.528774293537,159.32406562206853,161.75792326376876,5795048
2022-09-28,157.86373901367188,159.8108180943542,156.44086166514532,158.5377257287177,6134706
2022-09-29,160.18527221679688,161.1213713097585,157.75141457509665,158.61263259681587,8962595
2022-09-30,158.9496307373047,161.7579281001546,155.6545664023573,159.5112902098747,12875386
2022-10-03,160.97158813476562,163.255672070694,158.98706274690417,159.5112759222836,11397506
2022-10-04,167.1873016357422,167.7489611037234,163.33057785973426,163.48035143246437,10862095
2022-10-06,174.86329650878906,175.3126286080873,168.23571089258502,168.49782318834065,12795784
2022-10-07,172.01754760742188,174.90073705887664,170.59468171763277,174.48885121909888,14641624
2022-10-10,172.1298828125,173.73996846671912,169.69602549561708,169.99557259459155,10850668
2022-10-11,168.83482360839844,172.95365945854653,167.74895098784842,172.95365945854653,19154740
2022-10-12,173.81491088867188,174.4888977684827,168.90974860162717,168.90974860162717,9256951
2022-10-13,175.6496124267578,176.43593784431698,173.06598156362577,173.8897417982678,7231841
2022-10-14,176.99761962890625,178.9446988702412,176.24874036062567,178.9446988702412,6241886
2022-10-17,178.23324584960938,178.64513168634042,174.4139574391791,176.99759976640578,5623812
2022-10-18,181.00413513183594,181.34112855118624,177.37207717018424,178.6077235167993,6674374
2022-10-19,178.38304138183594,181.97766419453353,177.48438853540927,181.22878491801282,13886387
2022-10-20,180.4799041748047,181.603223080457,174.93820214438296,177.48438709306518,10755972
2022-10-21,178.75746154785156,180.74199827064825,178.27069464193352,180.4798859816218,3285505
2022-10-24,180.10543823242188,181.00409094028353,179.7309986518971,180.40498532604605,730136
2022-10-25,179.6935577392578,180.4424369225237,178.195799372726,180.10544357545197,6976548
2022-10-27,180.40501403808594,180.929238675844,178.9821479764337,180.44246028749595,6422639
2022-10-28,183.02609252929688,185.57228895235042,180.14291414066597,181.22878681760466,14076967
2022-10-31,184.1868438720703,185.34760896106286,182.38953829536516,184.22429011887462,8365329
2022-11-01,183.9622039794922,184.97319565203077,182.16489814719225,184.97319565203077,8813106
2022-11-02,184.0745391845703,186.92028288663607,181.3411228097343,183.96220043034901,14974441
2022-11-03,184.37408447265625,185.422522366468,180.4799143326204,182.72655227037086,6754654
2022-11-04,184.26173400878906,186.24625936714156,183.84984815319044,184.74850093004835,5511411
2022-11-07,186.88284301757812,188.23082812532846,184.78597856407674,185.19786448963822,10513106
2022-11-09,191.56332397460938,197.25479970183147,190.62722486549478,191.33865790302366,40391668
2022-11-10,189.91578674316406,195.08304911633203,188.79246784230227,193.17341612645959,20832572
2022-11-11,189.65367126464844,193.88483448317209,189.01711932731735,193.80994198690118,20165337
2022-11-14,185.12295532226562,191.9003150767146,184.41152229323308,190.62722258892094,18762693
2022-11-15,185.08306884765625,190.4246964728848,183.84733115676067,186.87689575205374,20225373
2022-11-16,187.27552795410156,187.75388667156108,183.68787406865772,186.03979023680492,9764275
2022-11-17,185.28237915039062,187.15593652264792,184.16622507659923,187.15593652264792,5737884
2022-11-18,183.01023864746094,186.1992647631556,181.9339374673463,185.3222777152719,6413585
2022-11-21,182.9304962158203,183.6878874359416,180.73804090405588,182.57173323420162,6430876
2022-11-22,182.65145874023438,183.92706176936863,181.49542714813683,182.21296525686992,5885877
2022-11-23,183.84732055664062,184.24594873463406,182.571705520995,183.36896187698187,5693274
2022-11-24,182.17311096191406,184.8040598552293,181.25627084939865,183.96693809392414,8198891
2022-11-25,184.48513793945312,186.2789649546321,181.61502201426754,183.08993914986945,10046363
2022-11-28,183.2493896484375,185.56142835804548,182.0933581284662,183.80746669918764,8146840
2022-11-29,181.1366729736328,184.4054294645565,180.45901225294676,183.52844245523494,6628470
2022-11-30,181.176513671875,182.45212875521355,180.61843663485203,181.13664841955185,12154948
2022-12-01,180.25970458984375,183.6878979042022,179.30298703077997,182.0933848593214,22435771
2022-12-02,180.65830993652344,181.77446406030035,179.62187415577768,180.25968172586488,6325649
2022-12-05,184.36553955078125,184.8040329968003,180.57857171135979,180.65830221615127,8732711
2022-12-06,184.68446350097656,185.36213639256528,182.97036689072573,184.9635081422587,7394839
2022-12-07,183.16966247558594,185.08307301731614,182.33254080164116,185.08307301731614,4519547
2022-12-08,183.68788146972656,184.36555431923745,182.57172730423946,183.08993913139392,3135706
2022-12-09,182.4521484375,185.24254608880005,181.61502670907632,183.80748200652636,4197165
2022-12-12,185.28237915039062,186.3188148847209,181.8541864243884,182.05350052079163,7881379
2022-12-13,184.60472106933594,186.91675975345382,184.24595812389245,186.0796381039742,4878457
2022-12-14,185.08306884765625,185.92019050274186,184.4452734582265,184.76417115294137,4730078
2022-12-15,181.93392944335938,185.44186531501154,181.5353011964786,184.8837760372435,5221433
2022-12-16,179.10365295410156,183.2892492307803,178.02736406777052,181.77446687290654,7757065
2022-12-19,181.21641540527344,181.6549089387681,178.9840946426211,179.10367825849715,4073907
2022-12-20,180.25970458984375,180.8975000756608,178.06724915313262,180.8975000756608,3784271
2022-12-21,178.46585083007812,181.53528068514996,177.03078687041872,180.5785754337661,3675466
2022-12-22,177.54901123046875,179.98064586679686,174.67889527322205,178.66517757370482,4755089
2022-12-23,171.4499969482422,177.7084525970346,170.77232411966443,175.39641382630043,6561011
2022-12-26,175.99436950683594,176.67204238685946,170.81220234128924,171.4500099639287,3116608
2022-12-27,176.3929901123047,177.7084583928377,175.11737492226146,176.9909324516684,2961726
2022-12-28,177.9476318359375,178.7847535162041,175.83490717327348,176.39298423839534,3015714
2022-12-29,176.71189880371094,178.86450109126397,175.7551934343367,176.03423807610653,4784105
2022-12-30,179.42259216308594,180.53874648662955,177.19027135082894,177.19027135082894,4102247
2023-01-02,179.18338012695312,181.13665591999765,178.7050214096017,180.77789296456785,4210225
2023-01-03,178.66517639160156,179.98064467599005,177.78818942523048,179.3827023348738,3643132
2023-01-04,173.1242218017578,178.984061187781,172.40669591027904,178.86447759425693,9550461
2023-01-05,173.9215087890625,174.51945119218578,171.56960443647804,172.84521976254214,8815728
2023-01-06,170.8122100830078,175.31670457268808,169.01838290594006,174.59917856792865,12237065
2023-01-09,171.3702850341797,173.56274044490235,170.61289377987293,171.6891949384771,6967190
2023-01-10,172.8053436279297,173.24383712899277,170.77233715221445,171.41014477510905,5400260
2023-01-11,170.13453674316406,174.20054986699685,169.1778313508414,173.24384447467415,7637956
2023-01-12,170.5331573486328,173.0046573192611,169.6561825138575,171.80877259124776,7161675
2023-01-13,171.4898681640625,171.96821473748048,170.25411822702196,170.77233005618345,3671193
2023-01-16,170.41357421875,172.12767080096472,169.37713835187125,171.80877307200294,3987352
2023-01-17,169.8953399658203,171.52970581770595,168.30082720092352,170.413551748345,5871758
2023-01-18,172.8850860595703,173.2837143307105,169.97509238114523,170.49331643272913,6441530
2023-01-19,178.5455780029297,179.22325084564596,171.52971887047002,172.80533404552372,12938871
2023-01-20,180.9772186279297,182.77104568481445,177.5888786315918,179.2631220840849,13444947
2023-01-23,183.44871520996094,183.68788241438958,181.13666419075017,182.1731000155572,8736715
2023-01-24,181.45558166503906,184.96350534868813,181.13667177050914,183.52844123622492,4252051
2023-01-25,180.299560546875,181.77449000287837,178.3861497287019,181.61504112889216,3855827
2023-01-27,177.30982971191406,181.49542607672703,174.83834201464913,180.97721425000785,6171667
2023-01-30,180.0603790283203,180.8177702435228,175.99436615593245,177.3098344683806,6172517
2023-01-31,179.2631072998047,182.05350471371656,178.5057039838948,179.382690894334,7424552
2023-02-01,175.9146270751953,181.77446672380617,170.73246026070083,181.77446672380617,24008324
2023-02-02,173.5228729248047,176.7517641933681,173.00466106418224,176.19368707458193,6806578
2023-02-03,174.51942443847656,175.95448841901202,171.0912315849114,173.80189853079258,8776614
2023-02-06,175.07752990722656,175.6754722741704,171.92835704252073,174.758620012422,5742881
2023-02-07,175.1572265625,176.3132458957093,173.00463674115042,175.07750822254903,4907167
2023-02-08,176.01486206054688,177.36253467349556,174.9122117677803,175.40228133411807,6316867
2023-02-09,175.23890686035156,177.07664880781113,174.13625670668173,176.42322695611733,4383159
2023-02-10,172.7477569580078,175.11639734008625,172.2985286198933,174.78969261945,4954439
2023-02-13,174.01376342773438,174.5446617263128,170.82833624730443,172.74776079690915,6142208
2023-02-14,172.95196533203125,175.03474237762367,172.4210669997961,174.01377445948887,6758731
2023-02-15,173.8912353515625,174.62633966497225,171.76762974867984,172.3393692393411,9612884
2023-02-16,175.9739990234375,176.8316144266488,174.05458712985393,174.38129182489385,13093683
2023-02-17,177.64840698242188,178.26098769615436,174.95304934940162,175.48396011242835,7243093
2023-02-20,178.3018341064453,178.8327324219789,176.38240949554032,177.9342881600769,8479587
2023-02-21,174.83055114746094,179.03693404160512,174.2588115982065,178.71022928859898,4655766
2023-02-22,173.03363037109375,176.30072738097618,172.8294368079761,175.2389183601672,6003852
2023-02-23,175.52479553222656,176.38241105666805,173.52370095052112,173.9320881085421,6219715
2023-02-24,177.28085327148438,177.48504683377288,175.36142880077796,176.4232378172754,5154174
2023-02-27,177.1991729736328,178.05678843806476,175.68814807247762,177.24001417917455,4841279
2023-02-28,175.93316650390625,177.19916906989295,173.15613907005257,176.9133055633707,6054079
2023-03-01,178.66937255859375,178.87356612723215,175.19808189174108,175.93317375364475,4510175
2023-03-02,182.0181427001953,183.32497399442093,177.52588442138668,178.6693633617073,11354939
2023-03-03,182.09982299804688,184.95853297435212,181.65059465203018,182.87575607044673,7089438
2023-03-06,183.69252014160156,184.1825896669296,181.11968629109373,182.09981287876406,4771341
2023-03-08,183.6516876220703,183.89670991670778,181.8547743748257,183.6516876220703,4271464
2023-03-09,183.6108856201172,185.36694557586574,182.67158759251714,183.65172683227166,4263468
2023-03-10,183.2433319091797,184.01926505544014,180.87467879697857,182.09984033201746,3670173
2023-03-13,180.34378051757812,184.38681109211672,179.1594601925297,183.12080834617353,3877606
2023-03-14,180.54795837402344,181.97731337421567,178.75105743780765,180.3437648025674,5723922
2023-03-15,179.60867309570312,182.30403092102895,179.36365076311776,181.28306299196518,2992144
2023-03-16,180.3845977783203,181.69142909821494,176.70911365982784,178.50601451404918,4988245
2023-03-17,181.0380096435547,184.55014145220704,179.77201951164463,181.32388561959084,15720256
2023-03-20,177.28085327148438,180.9971785977325,176.178203049932,179.6903348138916,4244575
2023-03-21,177.28085327148438,178.83271935968267,176.3823966122205,178.17929746776224,3998751
2023-03-22,174.74884033203125,177.15832176713997,174.05458972895812,177.15832176713997,9675449
2023-03-23,174.25880432128906,175.4022833720471,173.4828587550744,174.09543948862054,4730918
2023-03-24,170.25660705566406,174.70802467358723,169.889061098769,174.17712634284848,6611089
2023-03-27,170.21575927734375,171.68595551117224,169.562349807186,170.29744169260687,4002212
2023-03-28,170.62416076660156,172.54358551970824,170.2566147930033,171.0325479512636,6157526
2023-03-29,173.9320831298828,175.52479050797737,170.2157576056711,171.48176025189528,16734166
2023-03-31,174.50379943847656,175.03471013590428,172.46186397833532,173.31947936419164,5139018
2023-04-03,179.8128662109375,180.38461822010683,174.62635662265933,174.87139141759087,7754066
2023-04-05,181.7322998046875,183.16165497169067,179.93539865876684,179.93539865876684,6491910
2023-04-06,181.078857421875,182.26317764861005,179.93537840219702,181.69143813877105,4589598
2023-04-10,181.36473083496094,183.32498411602023,180.62962650732388,180.8746612832029,3498235
2023-04-11,182.67156982421875,183.20248060460926,181.32389719512543,181.93647792889274,3995959
2023-04-12,185.97947692871094,186.22451167350988,182.67153903138714,182.9574149774834,5136012
2023-04-13,184.18258666992188,187.57219469883046,183.32497124604578,186.1428398133654,3478451
2023-04-17,187.53140258789062,187.81726614302877,184.10094022232897,184.18262264550444,6265943
2023-04-18,189.65496826171875,189.818320610426,187.2454868450771,187.5313628025538,8004952
2023-04-19,188.18479919433594,191.6152613242483,187.04132012635654,190.79848700055243,7424582
2023-04-20,187.49053955078125,189.08324691339396,187.12299361525316,187.77640307264244,2589165
2023-04-21,187.89892578125,188.2256305083591,185.77530766608152,187.85808457461474,2459508
2023-04-24,189.1240692138672,189.49161511265243,187.49052080772364,187.49052080772364,2587030
2023-04-25,188.06228637695312,189.7366762184007,187.77641038097903,188.79737827661938,2570946
2023-04-26,187.65390014648438,188.38899204978503,186.22454508552093,187.858093726622,3439487
2023-04-27,189.28741455078125,189.89999518039542,187.16379671625816,187.65386620514343,3349374
2023-04-28,190.39010620117188,191.73777889511183,189.16494467468553,189.90003660538233,4771074
2023-05-02,192.8404083251953,193.94304610157133,190.39008553815592,190.47175548659885,3773537
2023-05-03,193.49380493164062,195.16819455099798,191.6152342232247,192.79955433248247,4523385
2023-05-04,193.94305419921875,194.39228255486304,191.24769652833967,193.45299709914136,7248108
2023-05-05,193.90220642089844,194.39227596735518,192.75872742981437,194.26976481223414,3043479
2023-05-08,190.18589782714844,190.63511371487846,187.85808612260843,189.90002184133243,9711437
2023-05-09,193.04461669921875,195.04571130287417,190.7168048877706,191.77861400286952,7318928
2023-05-10,193.2079620361328,193.77970155021683,191.57441344561465,193.53466676904176,3650159
2023-05-11,192.88124084472656,194.51478940140598,192.513694912071,193.2079580338543,2675726
2023-05-12,191.98281860351562,193.77971972905897,191.32939661341229,192.88126293479337,2348435
2023-05-15,194.14724731445312,195.6991259518303,191.00267375834886,191.61525447923773,4217892
2023-05-16,196.8017578125,197.41433851483998,193.94304786824665,195.00485691156658,6016484
2023-05-17,197.33267211914062,199.04789063878783,196.63840899212545,196.8017613564271,4968232
2023-05-18,195.69911193847656,198.39445694699373,195.16820120726425,197.6593651197592,3512113
2023-05-19,195.94415283203125,197.3326791354316,193.00377278109474,196.0258352485796,3810543
2023-05-22,194.96400451660156,197.00594007388264,193.94303673796102,195.53574398004315,2891415
2023-05-23,195.45408630371094,196.1891781652778,193.41215061826261,195.16821032255365,3213453
2023-05-24,196.8425750732422,197.2509621584564,194.392252561957,194.6372873056825,2422138
2023-05-25,196.06666564941406,197.82272534152494,194.31059349431692,197.04679227903375,3810138
2023-05-26,197.2509765625,198.0269095884717,195.29072339552036,195.86246286397395,2646742
2023-05-29,201.00814819335938,202.27413831225402,196.67924216966395,197.2918228580269,8069985
2023-05-30,199.53797912597656,201.86577857984636,198.72120476398976,201.13068663925333,4657906
2023-05-31,197.0467987060547,202.4783427836383,195.4540913231005,202.4783427836383,15727646
2023-06-01,188.14395141601562,189.40994151928777,187.16381235634114,188.1847801576805,35509867
2023-06-02,188.59320068359375,190.63513664795917,186.30624237389495,186.6329471429982,36400588
2023-06-05,187.61305236816406,188.83821380608805,187.40885879517674,188.26647429432086,19807347
2023-06-06,186.06117248535156,188.38897156804893,185.20355704941645,187.69472094885248,13495524
2023-06-07,188.4298095703125,189.08323143720665,186.3062040816384,186.83710233806056,21853324
2023-06-08,186.30621337890625,189.00155846199937,185.93865499213342,189.00155846199937,8538256
2023-06-09,185.9386444091797,187.40884048363432,185.69362211592508,187.0004533775628,5137982
2023-06-12,187.04129028320312,187.24548383154723,185.12186594357445,186.4287096381708,4261576
2023-06-13,187.00047302246094,188.10312330988464,186.22453993200827,187.85808852790308,5574798
2023-06-14,187.00047302246094,187.77640611291363,185.85699399052928,187.77640611291363,7034468
2023-06-15,186.71461486816406,187.5722179352946,186.14286287276093,187.2046719832405,6363240
2023-06-16,186.6737518310547,187.61303720569077,186.22452351419085,186.63291062716058,8518319
2023-06-19,185.53025817871094,186.87794311289863,185.08104233030053,186.6329083555022,8210198
2023-06-20,185.61195373535156,186.02034087228304,184.18259875609144,186.02034087228304,5024593
2023-06-21,186.59210205078125,186.8779780650426,184.95855331325987,186.06120369628192,4705567
2023-06-22,185.36691284179688,187.53137207387857,185.08104933317279,186.55123300720751,6566989
2023-06-23,184.50929260253906,185.8569775527508,183.6108484320502,185.48943164377874,3881707
2023-06-26,183.20248413085938,184.95854394959792,182.34486859448052,184.59099799486046,6145625
2023-06-27,183.896728515625,185.2444135873604,182.87576064142547,184.87686764524594,6282912
2023-06-28,185.61195373535156,185.9386584597022,183.07994850118195,183.89672277504488,19512531
2023-06-30,188.6748504638672,188.96072643461287,185.2035599250298,186.14284532093262,7850296
2023-07-03,189.2057647705078,190.92099581435565,187.73558097633764,189.08325360865595,7860203
2023-07-04,189.32830810546875,190.14508250414377,188.10314650745622,189.69585409227486,3662791
2023-07-05,189.00157165527344,190.18590438334965,187.93977501532333,189.328288859324,4859892
2023-07-06,191.61526489257812,192.7587439818518,188.67487228732105,189.00157703768858,7254947
2023-07-07,191.12518310546875,192.63622052119806,189.24659975328777,189.49163453191773,6393850
2023-07-10,190.92100524902344,192.43204278913055,190.18591331561262,191.9419731915316,6223180
2023-07-11,191.12518310546875,192.59537931426198,190.716795962081,190.96183074071095,10775084
2023-07-12,191.45188903808594,193.82054196241168,190.83930831915478,191.9419585984255,11313272
2023-07-13,187.77639770507812,192.18698619429858,187.04130585503447,191.94195142328863,20205328
2023-07-14,188.7156982421875,189.5733137213118,187.6538891948425,187.8580827630632,7390502
2023-07-17,188.0214385986328,190.0225331115677,187.61305145464667,188.674860521608,4963515
2023-07-18,186.42874145507812,189.85919116012067,185.85700191473558,187.61306174499924,6168942
2023-07-19,186.71461486816406,187.77641151565655,186.3878976617927,187.2046719832405,5247533
2023-07-20,187.65390014648438,188.42983325840996,186.0203515053833,186.75544340868396,3195629
2023-07-21,187.04129028320312,188.26645157326777,186.67374438878076,187.53135978442305,3903407
2023-07-24,188.634033203125,189.49164876123672,186.6737797528589,187.04132571691036,3456895
2023-07-25,187.81724548339844,189.7775112570912,186.91880124223584,189.73667004999595,11024983
2023-07-26,188.26646423339844,188.838203714612,186.95962045092233,188.30730543841068,7574284
2023-07-27,187.08213806152344,189.40993711667878,186.3470337838542,188.6748453019951,7837850
2023-07-28,185.48947143554688,187.8172710003937,185.2852778353153,187.5314074378625,8817344
2023-07-31,187.24549865722656,187.8172381452621,185.2852454231087,186.63291796369148,19422170
2023-08-01,196.3116912841797,197.08762431055086,187.0004575787684,187.85807301338315,22409256
2023-08-02,191.57443237304688,198.5986845284746,189.73669002714615,196.96513577656285,25003960
2023-08-03,187.89892578125,192.02363839168123,187.4088562275999,191.57441004466637,13949266
2023-08-04,190.92100524902344,193.16713472254136,188.26648859850226,190.14507210531477,6725977
2023-08-07,190.267578125,192.75874232991197,189.7366797944557,191.73777441502898,6744074
2023-08-08,188.06228637695312,192.26866912179656,187.28635326886385,190.3084157473619,13828141
2023-08-09,191.73776245117188,192.51369552546964,188.3481541704565,190.51260102975863,35271302
2023-08-10,191.86026000976562,193.41213851135615,191.49271410198926,191.73774886150204,10749822
2023-08-11,191.86026000976562,192.43201193629062,190.92097463844985,191.12516819421288,6132454
2023-08-14,191.0435028076172,192.9220861806056,188.4298275535835,192.7587338140385,6092872
2023-08-16,190.34922790527344,191.7785827410262,189.57329491560466,191.1251608949422,4576249
2023-08-17,189.7366485595703,191.04347979769463,188.75652201523076,190.88012745080223,5602132
2023-08-18,189.03024291992188,190.27687017067717,188.65625728096495,189.90288453172022,6904019
2023-08-21,191.2326202392578,191.81437707116166,188.6562522505221,189.0302378795069,4955953
2023-08-22,191.7728271484375,192.85323997850116,190.90018552871882,191.48194238141517,4280368
2023-08-23,191.89749145507812,192.39614744973355,191.39884814177142,192.18837623218525,2524601
2023-08-24,190.5261993408203,193.35188272088206,189.9028857115701,192.6870249947604,6378317
2023-08-25,189.23802185058594,191.23263314199707,189.07180741330552,190.3184347149317,3890957
2023-08-28,190.69241333007812,191.1910693048611,189.07180043405586,189.90288527112864,3360861
2023-08-29,191.1079559326172,191.48194157339037,190.11065666343927,190.69241351368072,3112560
2023-08-30,190.11065673828125,191.7728264146815,189.90288552873122,191.23262634239072,4086281
2023-08-31,191.19107055664062,191.52349942110695,189.81977295768337,190.31842893573116,10403460
2023-09-01,196.88400268554688,197.17488746562262,191.6897221938287,191.7312789740322,14869577
2023-09-04,205.94284057617188,206.89858313779638,197.92286368937587,198.42151970147947,24785966
2023-09-05,212.21754455566406,212.67463112770082,205.69352270246026,207.2310349143923,19654487
2023-09-06,212.59152221679688,214.25367935312173,209.89049626307636,212.71617988058273,13346191
2023-09-07,227.7172393798828,228.3405529913241,211.76041346325547,212.75771270529196,72255521
2023-09-08,234.4490509033203,236.40210545371292,225.14089005528214,228.21591427187454,41855413
2023-09-11,231.8311309814453,236.1943264802477,230.41827657961144,236.02809936378594,14505153
2023-09-12,225.01620483398438,232.74528316519846,223.56180646478967,232.70373907115652,17547706
2023-09-13,232.41290283203125,233.95041507290117,223.56185312472616,225.63956551436115,17607568
2023-09-14,230.6676025390625,234.53216759225933,229.96120066823562,233.7841708963514,12033796
2023-09-15,232.12200927734375,236.15277623387482,230.66761065940878,231.45715148279598,13288180
2023-09-18,233.74261474609375,234.98924202473958,228.09124789464474,232.1219891387754,8754852
2023-09-20,236.2774200439453,239.35244422947247,231.95579390742066,232.28822278519982,18615797
2023-09-21,233.0777130126953,238.35508053929817,231.5402012533853,236.77602469028741,11071899
2023-09-22,235.48788452148438,237.77336773477043,232.03888765397363,232.70374535276048,8691024
2023-09-25,239.3939971923828,240.18353799870366,233.65951640959017,236.27742879274567,9118957
2023-09-26,238.31356811523438,242.1781073905099,237.8149121591063,239.72642243048136,11256196
2023-09-27,242.30282592773438,243.84033827770472,236.4436867182847,239.35248427017925,12805340
2023-09-28,241.18081665039062,244.4635863593621,240.18350475546293,242.30276082881548,12432497
2023-09-29,245.3362274169922,247.2477121896837,242.17809016132287,243.34160373438266,8640829
2023-10-03,242.5936737060547,246.91532526822428,241.09773105291026,246.8737558062104,9348540
2023-10-04,239.31088256835938,242.26122351584104,237.60714348039036,241.6794540003988,6338888
2023-10-05,240.4744415283203,241.47172827630197,235.94501828946437,240.01732957646576,8687014
2023-10-06,239.18618774414062,241.84566916526256,238.5213300702074,241.80412507165218,3741467
2023-10-09,239.18618774414062,240.1419555241246,235.23853506876264,237.731789390054,4647845
2023-10-10,252.02645874023438,252.5666587729919,239.1861887846483,239.56018707954678,23283411
2023-10-11,250.86297607421875,253.48088837340455,248.86837743496758,253.10689003236467,12321154
2023-10-12,255.3092498779297,256.88830585842607,250.90448540710966,251.4446854316618,15375295
2023-10-13,255.9325714111328,258.3427122313412,253.0237746440239,253.4808611337773,9516879
2023-10-16,259.2984313964844,260.6697161053695,254.76900954912892,255.84943489756327,10535107
2023-10-17,263.7862854003906,264.5758260305002,259.3815465237081,260.1295177001476,7760527
2023-10-18,263.4123229980469,265.7393501648113,261.9994687707795,263.7447518271998,9662837
2023-10-19,261.62548828125,262.37348490108786,256.6805488748628,262.0410306866285,8977527
2023-10-20,259.6308898925781,263.2045697976155,257.30386256677826,259.71400344622003,6009115
2023-10-23,254.3950958251953,260.0049189633215,253.48089735236834,259.7555782728967,8086150
2023-10-25,257.8855895996094,259.88021330383884,253.4808505386063,254.39504884259577,7253336
2023-10-26,253.68861389160156,256.929839266818,251.73555970310792,256.929839266818,8329092
2023-10-27,260.9190979003906,263.57855419357685,254.3119632206576,254.3119632206576,10503070
2023-10-30,261.4176940917969,262.4565500138954,259.2568940639867,261.79169236882973,6229982
2023-10-31,261.16839599609375,263.28765207150906,258.25959922286756,263.2461079769696,7446586
2023-11-01,254.8522186279297,262.4566415575392,254.18736075096467,260.2958407760519,9593653
2023-11-02,256.6805725097656,259.96334259691304,255.39237571685885,256.7636860710335,7071960
2023-11-03,259.2984313964844,261.54237027480025,257.88557723418285,258.1349178666028,4658440
2023-11-06,263.0799255371094,265.57318033744605,260.1295841684574,260.2958113002263,10340818
2023-11-07,261.16839599609375,264.94982165620974,260.6697400481445,263.038336778882,6826885
2023-11-08,263.7862854003906,264.4095989412057,261.41768887275487,262.62277186340776,6424833
2023-11-09,268.8974914550781,269.68703220290803,262.37349571197564,264.6589790357291,15503280
2023-11-10,268.7728271484375,271.05831041562266,267.23531515070096,269.64548143170765,8445203
2023-11-13,290.3394775390625,290.87967758203297,274.5072970130519,276.75123609947707,42178783
2023-11-15,291.37835693359375,298.3594646837379,289.71618721390723,298.3594646837379,35092206
2023-11-16,287.38916015625,294.61960923025276,286.5996446862286,293.3729818287143,17617280
2023-11-17,286.9320373535156,289.6746071454874,284.4803269616801,289.21752063439084,13542916
2023-11-20,289.0097351074219,292.8742743001583,285.85162305722105,289.2175063044797,19032608
2023-11-21,290.4874267578125,294.22498613377,285.8371890277609,291.18277800535583,15148068
2023-11-22,288.7055358886719,293.70344906604566,286.8367562666697,291.8781189482498,7599447
2023-11-23,290.7046813964844,292.0953836717894,286.83672106268506,289.00972652528117,6186567
2023-11-24,289.2705078125,293.31231963021304,288.66208213282863,291.48698953930204,7054445
2023-11-28,297.2237243652344,297.7017749993798,289.70510357149897,291.0089069656569,10791886
2023-11-29,297.57135009765625,299.874730402808,293.8772410999405,298.13632616858877,14149513
2023-11-30,297.39752197265625,299.8747535024306,293.8337877128006,299.8747535024306,11959336
2023-12-01,301.3089599609375,305.1769206519002,297.65832636224775,298.83172819964386,15105221
2023-12-04,308.3060607910156,312.9128222865211,304.7857756247231,305.1769272629607,22705896
2023-12-05,309.0448303222656,309.827133519789,304.22076874258306,309.1752318724835,15782945
2023-12-06,306.08953857421875,315.0857863304993,303.7427086329793,309.2621211865644,14817158
2023-12-07,305.915771484375,307.52377457848036,302.83008728892804,307.52377457848036,8507659
2023-12-08,305.0899963378906,311.522087821591,301.52626173074844,305.9591986066595,13444251
2023-12-11,307.3934020996094,311.69596429108316,305.09002120482006,305.09002120482006,11420609
2023-12-12,302.0477600097656,308.21910084321183,300.0051295649421,307.8279492486483,8789103
2023-12-13,300.04864501953125,304.04695438475716,298.74484156757956,303.69927876942654,8091533
2023-12-14,302.13470458984375,305.26383796587544,300.5701246388542,303.5254334820742,13142466
2023-12-15,304.22076416015625,308.00179896276444,302.8735113863966,304.22076416015625,14331890
2023-12-18,302.17816162109375,305.3072950750957,297.52792420586354,305.08999450920595,7959685
2023-12-19,318.9537658691406,321.38752147956734,301.17856982466554,301.17856982466554,28937243
2023-12-20,306.08953857421875,323.16935589356575,304.2207592156545,320.73560043021854,23224408
2023-12-21,309.0013732910156,310.13132550842465,300.83087814912864,305.1768890252329,10028664
2023-12-22,315.7377014160156,319.3448852667148,309.7836609980949,312.0435920395034,13916380
2023-12-26,318.1715087890625,323.16942228871227,315.08585106487635,316.2158035065909,11910267
2023-12-27,317.78033447265625,320.90946774557773,314.99887677984907,318.99721226602946,7890042
2023-12-28,331.1226501464844,332.4699031961144,317.9542131520736,318.8234155133706,28310022
2023-12-29,326.8200378417969,331.77450115350075,325.29893394226724,331.6006500974615,8859317
2024-01-01,331.8614501953125,336.20746199213926,328.08044115283394,328.38464075785106,11124690
2024-01-02,341.292236328125,344.0736939606009,333.9909432003081,336.72892480749624,28363847
2024-01-03,334.251708984375,343.16103189647026,333.64328333521485,343.16103189647026,12903439
2024-01-04,334.4255676269531,338.81502840453015,333.6867404049789,337.0766238944485,11039940
2024-01-05,333.9909362792969,337.6850455289703,332.46983247060786,336.2073912187228,8369460
2024-01-08,330.64459228515625,337.8155121855778,329.6450148163486,335.9032827943702,9424716
2024-01-09,334.94708251953125,337.20701360844265,332.1221752898787,333.46942812748813,9473743
2024-01-10,332.0787048339844,335.38168925809504,326.68966686719426,335.38168925809504,9670366
2024-01-11,334.0778503417969,338.0327094983414,333.1651721723251,335.07742750517076,9163771
2024-01-12,331.25299072265625,335.3382254800395,329.9057112872839,335.3382254800395,7471050
2024-01-15,334.338623046875,337.16353021480484,331.51371587894516,332.469843610203,7490747
2024-01-16,331.9483337402344,336.33782101526714,327.7326975254604,334.9905416131304,10165133
2024-01-17,329.9925842285156,334.94704699309347,327.8630549199082,331.8613635078059,10996538
2024-01-18,326.5158386230469,332.51332918663076,319.86644633459633,330.99222516194175,12493835
2024-01-19,333.12176513671875,334.55594355618825,329.51458107382643,330.8618339623695,15893456
2024-01-23,326.2115478515625,351.85301061369205,324.77736964632703,350.72305845828083,16406737
2024-01-24,332.5567626953125,337.0765981608968,325.29891911462016,330.1229806514326,22938994
2024-01-25,338.46734619140625,340.4665272544891,334.9470877376834,336.2074150672873,13440949
2024-01-29,358.8066711425781,360.4581766059003,340.29267419157617,341.50955201248695,27149058
2024-01-30,349.8973693847656,361.41429966655835,349.0716431291874,361.3708501626669,14159072
2024-01-31,353.0264892578125,355.63409601317136,348.02857631004133,352.07036147565805,23750822
2024-02-01,353.50457763671875,358.02441357395753,349.8539174529176,355.32988120267083,8862155
2024-02-02,364.89111328125,367.58564570426745,356.06871528129443,357.0682926165891,25177075
2024-02-05,382.666259765625,391.14098102108176,362.54423460272955,367.8898227048286,31418925
2024-02-06,389.9675598144531,392.010190279636,380.0586600881837,386.62112605565727,13386526
2024-02-07,393.44439697265625,400.311089509055,389.22876071408643,394.6178253267248,14430152
2024-02-08,399.1377258300781,407.3082225350474,391.1410536778399,395.31321430669004,18790158
2024-02-09,396.5300598144531,403.13597540638995,378.6679384382458,401.74527308763254,17472069
2024-02-12,376.19073486328125,397.61659221140997,373.8004286016071,397.225440576393,19472346
2024-02-13,393.1836242675781,397.96423641368875,377.2337584385471,385.7519294703293,35665854
2024-02-14,405.3525085449219,406.7866870723588,385.05662900225417,392.57522378932043,18592696
2024-02-15,414.4790954589844,418.30358002833975,406.39549867221893,407.6558525367093,18501875
2024-02-16,417.21710205078125,423.8230448051084,415.0440963109334,419.30318225584534,14513583
2024-02-19,400.7022399902344,423.69265027033515,395.8781780801237,419.65083855943686,19798448
2024-02-20,392.56951904296875,402.63654207802,387.7338362776018,402.63654207802,27899165
2024-02-21,380.6561584472656,396.48202900706207,378.94167840401565,396.48202900706207,19032050
2024-02-22,391.3825378417969,393.88830586819824,376.260056483264,385.09615618364023,22083710
2024-02-23,390.2835388183594,395.29507512395975,388.3053050395455,393.8883257371673,9625544
2024-02-26,388.8768310546875,393.2289565665095,387.33820461759103,390.28358059205027,7570244
2024-02-27,388.08544921875,391.51438194234777,382.50242927017564,388.8767372578096,8343526
2024-02-28,381.75518798828125,389.3603928551926,378.3702046569062,387.1183783638337,8893614
2024-02-29,383.95318603515625,390.3714445485069,377.75470443159406,390.3714445485069,11711699
2024-03-01,392.4375915527344,394.59165204429917,385.096141480133,385.096141480133,8411615
2024-03-04,400.39453125,402.6804957625531,393.9322952202588,397.27332853291773,11977226
2024-03-05,405.01043701171875,405.97757900369396,398.7680043342597,400.92209209677196,9605493
2024-03-06,405.8456726074219,408.791048392394,390.85503990006225,406.59301076652133,14061966
2024-03-07,403.20806884765625,409.186721071162,400.966054140204,405.8457142694706,9680802
2024-03-11,399.0756530761719,406.94463746610177,397.7568306755028,405.31808447230776,7824738
2024-03-12,395.03131103515625,400.7462088573028,392.7453733715088,399.07570562943965,8409613
2024-03-13,366.6766052246094,395.5588233572337,360.47815020371155,395.0312889906331,17803423
2024-03-14,376.0402526855469,377.05134453281926,362.4124206764971,368.3910717285079,20478918
2024-03-15,365.0940246582031,376.3479657994694,352.7410647792541,376.040262018128,25435001
2024-03-18,370.8968505859375,372.34754995973793,363.5993500368157,365.75343750472484,9803914
2024-03-19,368.43505859375,373.31471825490945,363.9950332922354,366.6326784610197,8373676
2024-03-20,368.8306579589844,371.7320564546632,362.85200725149036,369.09441170167884,6950340
2024-03-21,379.8648376464844,381.1836601729712,372.03982935563175,372.7871674869436,9911230
2024-03-22,379.7769470214844,383.51361093913164,376.56779066229404,378.8537551311574,9172888
2024-03-26,383.2938232421875,387.68989862364845,378.85377100800304,381.4034893629474,9389403
2024-03-27,377.5788879394531,386.6787416147508,374.58953551021204,386.6787416147508,17985246
2024-03-28,381.667236328125,385.4918269390345,378.0624494669055,378.0624494669055,10332853
2024-04-01,388.656982421875,390.19560868139394,382.28267363243947,383.9532036079844,7256592
2024-04-02,389.66815185546875,394.15212750155234,383.38174228324215,388.6570330024145,11530800
2024-04-03,391.6903076171875,393.00913020175716,387.6459129915377,389.6681237201197,6972648
2024-04-04,394.6356506347656,398.72399494095595,389.09658014086835,395.64674249929476,14743020
2024-04-05,392.9652099609375,394.635713328349,390.371514615458,394.54778644974505,4820138
2024-04-08,393.36077880859375,396.04240061097306,390.8550107357682,394.7675281504881,3980972
2024-04-09,386.7227478027344,395.9105290403286,384.43678329050744,394.5038064157405,8005012
2024-04-10,401.22979736328125,403.20803124515527,388.70098277807926,389.0966134555455,15825331
2024-04-12,400.57037353515625,407.47221689558864,397.88875159139525,400.04283915019397,11259294
2024-04-15,396.5259704589844,400.74619178447927,387.82174720545555,394.72359041677595,7680715
2024-04-16,398.4602966308594,401.27376887015475,392.43766779058666,394.76758245435934,4996845
2024-04-18,385.6237487792969,401.6254475233344,382.59044594734087,399.9989210512143,10945138
2024-04-19,382.7222900390625,385.6237157234207,376.34798110133084,383.3377512897936,7628287
2024-04-22,389.44830322265625,390.81107576888513,385.0961781479678,387.645896335613,6396926
2024-04-23,387.68988037109375,391.9101018060011,386.19520407916093,391.9101018060011,5390120
2024-04-24,390.2395935058594,394.5037917356899,387.86570221005303,388.2173828531135,6538090
2024-04-25,397.80084228515625,399.16361481900367,388.3932309389755,389.49224970224367,10858594
2024-04-26,400.7462158203125,404.83458733701826,397.5810630521092,399.1636394362108,7209435
2024-04-29,398.50421142578125,403.29594406080355,396.1303201176666,403.29594406080355,5305655
2024-04-30,399.4273986816406,403.03218586304024,397.44916475872174,401.2737557093346,6021793
2024-05-02,399.0756530761719,404.0432120857235,395.11918587416454,402.28478221816465,14980896
2024-05-03,417.27545166015625,418.33049357969065,395.11922254026683,402.59255017089845,51071947
2024-05-06,404.9664611816406,423.29810051179453,390.41543586921966,421.1440128865541,36408390
2024-05-07,400.92205810546875,412.7914611414859,398.15253609670077,407.07656338340354,13728379
2024-05-08,408.3514099121094,414.4619379499178,400.13074444821115,401.5374937884337,16978094
2024-05-09,389.9319152832031,411.2089324416351,388.041608095146,409.14277149265865,15601338
2024-05-10,395.1192321777344,396.6578584921582,387.07441995719256,393.18497519565256,9190621
2024-05-13,390.3714294433594,397.22929517394937,382.1947413160012,396.7457376944052,11107909
2024-05-14,394.5037841796875,396.2182373435876,391.33860478974,392.7453541665514,6592194
2024-05-15,411.34075927734375,413.2310662353089,395.20715802717314,395.6467655444447,23543942
2024-05-16,411.7364196777344,417.6271715671829,402.5486380021656,412.04415032835016,17232651
2024-05-17,413.4508972167969,416.4842000182981,410.4175944152956,412.3958283732707,10625019
2024-05-21,431.3868408203125,434.2442896129478,412.96730239438665,412.96730239438665,27356982
2024-05-22,441.1022033691406,446.0697630584416,432.2221259565372,434.771844247093,28346931
2024-05-23,437.2336730957031,442.94857143651154,432.6617705219663,442.59689075107275,14378840
2024-05-24,440.4866638183594,444.3552040025581,430.06796191264124,436.0466393168659,12190536
2024-05-27,434.7279052734375,442.2451834443084,431.47479875804044,442.20123342309284,8811105
2024-05-28,428.7491760253906,436.2664801400855,425.6279736052412,436.09062641295947,8165238
2024-05-29,427.69415283203125,432.4858585430565,423.8695621678923,423.8695621678923,8014727
2024-05-30,423.91351318359375,429.01297635828575,421.5835987652707,427.2984963502014,7725080
2024-05-31,431.87042236328125,433.54092551102246,421.14398854050063,425.89174421411184,11223848
2024-06-03,450.4658203125,463.69805006590485,444.4871685603036,452.79576171664195,24416215
2024-06-04,388.5251159667969,450.5098023456818,361.1815231973274,450.4657986638084,48046493
2024-06-05,404.9225158691406,406.9447267594607,373.7543557265306,397.40523726846095,18966089
2024-06-06,415.82476806640625,425.89176427635084,408.5272670623905,413.23107293981667,21757857
2024-06-07,421.2758483886719,423.16615521181586,411.12092619657665,415.86868167818596,8317343
2024-06-10,420.0010070800781,429.0569106501298,418.0667233896244,426.41926570760853,10958537
2024-06-11,418.8140869140625,425.10046904238874,417.8029949910193,423.781646491068,11169021
2024-06-12,429.6723937988281,434.59597647761353,421.45172794210356,422.9024273682283,15412796
2024-06-13,428.968994140625,434.2442841530078,425.1004534978468,434.2442841530078,7438571
2024-06-14,428.1337585449219,432.92546423588414,426.63908229988033,428.9689967029641,5974636
2024-06-18,429.9801025390625,433.3650857933029,426.5951461163357,432.5737976273604,6946544
2024-06-19,420.2207946777344,431.8703927262185,418.9459222718997,430.2877897226122,8962510
2024-06-20,424.79278564453125,428.5294499553996,414.5938847473873,422.946428501093,7864157
2024-06-21,422.1990661621094,432.04625835310236,421.1439973984432,424.79273438955926,10340882
2024-06-24,416.48419189453125,422.06718615737145,414.98951553394295,422.02323613621314,11124175
2024-06-25,412.5716552734375,420.22083681239116,409.09874515174295,418.41842989129754,7951999
2024-06-26,412.13201904296875,414.85759082854196,408.87891290671826,413.45084150390625,6655899
2024-06-27,410.6373596191406,412.3518396209587,405.75772704706276,412.13203586849545,14857335
2024-06-28,416.0006103515625,418.5063786995751,411.4726580491621,413.2310882117653,8302706
2024-07-01,417.4512939453125,418.77011651695716,414.3300912583591,416.17644822496436,8579861
2024-07-02,421.2319030761719,426.4192661016212,416.17641693166814,420.2647612300514,14629287
2024-07-03,426.37530517578125,428.74916946659835,421.4956460535533,423.69368345144574,7244652
2024-07-04,430.419677734375,433.2771263862342,426.68301411271295,429.7163164911373,7796954
2024-07-05,432.13421630859375,433.71679273642604,428.0898215322815,430.3757861303289,5754517
2024-07-08,433.7167663574219,436.09065768630353,428.3535761051197,433.189258801238,7477292
2024-07-09,434.1563720703125,436.92592088633165,431.78250758281337,436.92592088633165,6444684
2024-07-10,431.47479248046875,435.12352962826463,422.5067880987529,434.15638769195965,5981477
2024-07-11,439.65142822265625,444.88276794592923,429.54045622388514,432.57375855612094,20146927
2024-07-12,436.2665100097656,447.168771050228,435.65104875419775,443.12437653302857,8198389
2024-07-15,437.6293029785156,442.7727165264847,433.05737386220653,439.60753689454106,7106020
2024-07-16,450.55377197265625,455.7851123557222,437.84910351750443,437.84910351750443,23169665
2024-07-18,444.2234191894531,453.49912755125337,440.70655886929916,453.1034700326301,12540956
2024-07-19,429.05694580078125,445.2344974072948,427.9579269846932,444.2673554828345,9971704
2024-07-22,431.87042236328125,436.09064366615513,425.1444060915266,429.0569236070236,7281653
2024-07-23,428.17767333984375,435.91475403514636,408.43928731672725,434.33217788476964,11311831
2024-07-24,434.1563720703125,439.07998161583015,426.50721739079734,427.9139668083043,6823248
2024-07-25,434.3321838378906,442.7286758495208,425.540034367488,431.6945389967698,10281157
2024-07-26,448.267822265625,449.8943755602673,438.0689217810869,438.0689217810869,20437968
2024-07-29,450.2900085449219,453.411211234425,446.20163710427255,452.35614244364183,7259754
2024-07-30,456.62030029296875,462.1153941814613,448.35571128249165,450.2899950638463,13197520
2024-07-31,459.1260986328125,461.93959745672515,448.83927206636497,460.22511741847944,11972565
2024-08-01,475.12786865234375,476.7543951465984,464.2255797831332,470.3800855757126,34763894
2024-08-02,461.1482849121094,472.31432656632353,459.2140011064694,469.500827727486,10985150
2024-08-05,445.58612060546875,452.79569384196446,437.45338241510336,452.79569384196446,11835031
2024-08-06,439.2558288574219,454.73001855807934,437.8490794607234,446.7291565189001,7142269
2024-08-07,467.3027648925781,468.44573364136625,446.3774589658351,446.3774589658351,18293730
2024-08-08,460.22509765625,470.3800200671509,458.2908139439297,469.5008050763712,13624148
2024-08-09,465.80810546875,467.17087801306457,458.81833534807237,465.9839592048287,6468264
2024-08-12,460.66473388671875,466.4235817029431,460.0932226418528,465.1047591345088,5238736
2024-08-13,458.7304382324219,465.8960621348039,457.19181194223165,461.5878870570608,5201294
2024-08-14,443.73980712890625,464.13760521319347,438.7722210715846,459.74153035291704,14766889
2024-08-16,454.92877197265625,457.992425796653,446.22626071317137,450.8439363406468,7313429
2024-08-19,463.5425109863281,464.83013991239727,455.6836222789083,456.2607978664703,10737456
2024-08-20,465.851318359375,469.27019887622055,462.69888494252814,465.62931524269595,8191127
2024-08-21,472.6002197265625,475.30864676162173,465.67373370576263,467.5385381036783,9067794
2024-08-22,469.6253356933594,475.48625004876897,467.80492111477577,474.1986212297791,8531700
2024-08-23,478.5054931640625,480.5479651853457,469.62536854971614,469.7142023158472,12566904
2024-08-26,477.8394775390625,482.6791562302826,474.8202677298455,481.30274777314116,7193307
2024-08-27,471.8898620605469,481.0363799294699,470.64662288613806,478.7275149198509,7865530
2024-08-28,467.40533447265625,475.57505990675173,466.60615578235127,474.10987187453645,6066259
2024-08-29,468.4709167480469,470.6465579028757,458.30316423260314,467.4052910599701,9147836
2024-08-30,466.16217041015625,476.8627101422533,463.5425227081122,470.64662267298746,30921282
2024-09-02,462.5212707519531,469.75859402226916,459.67967422371134,467.98256909212824,6370038
2024-09-03,461.4112854003906,464.96333549338823,460.2124901739972,462.654524612933,5526155
2024-09-04,447.2474670410156,458.9692151739245,444.49462301359364,458.9692151739245,16783593
2024-09-05,441.3421936035156,450.6663244542941,439.69936512885675,450.6663244542941,10830621
2024-09-06,433.8384704589844,443.11821137691345,427.1783771016159,443.11821137691345,13110103
2024-09-09,430.1976318359375,433.79407133144326,424.5143306134261,433.3500651171838,10189742
2024-09-10,436.1029052734375,436.90211103215717,427.84437350003174,432.7284418144156,9809547
2024-09-11,429.753662109375,438.2785604669606,427.9776371015462,437.65696797421504,8134497
2024-09-12,440.14337158203125,441.56419694191266,428.24401000550506,432.4620692020341,12058489
2024-09-13,435.34808349609375,442.09698322424094,434.6820741893685,441.34216725662134,8093877
2024-09-16,438.01214599609375,439.477361135434,432.77287790088246,437.34613665094,5244657
2024-09-17,433.7940673828125,439.3885347915617,433.03925140544453,438.01212637988186,5063902
2024-09-18,432.5508728027344,438.32295376760356,431.70725012941153,434.94849017430175,6527832
2024-09-19,424.425537109375,436.5469009405063,422.9159051904847,434.2380632821985,10014450
2024-09-20,435.9697265625,442.2302035437562,426.5123722163618,427.0896019933483,12982128
2024-09-23,444.5390625,446.22628082840777,435.5701308384756,438.23416833595866,6123879
2024-09-24,447.8246765136719,449.91151123226416,445.3826422280828,448.44629608090867,7306001
2024-09-25,448.7126770019531,450.2223089963745,445.78224677747534,449.7783027744846,5059851
2024-09-26,449.82269287109375,450.6219257510455,444.0506119824903,449.3342968666691,6877039
2024-09-27,458.3031921386719,459.8572138867491,448.35746921097075,449.822684296303,15443031
2024-09-30,453.01953125,455.9499884999195,446.2262416478954,455.55037207038873,8881502
2024-10-01,451.5543212890625,458.2144145234144,449.46748665563445,454.6623647984267,4743517
2024-10-03,446.09307861328125,452.79756205537785,443.5622376033541,443.5622376033541,11285134
2024-10-04,441.5198059082031,448.13548247455316,438.7225449794889,443.65103039199386,7170285
2024-10-07,426.6456298828125,444.49466001416397,422.1167605703834,442.3190455807363,8940891
2024-10-08,436.7689514160156,437.5681572421218,423.093564402673,426.95639707885135,6049075
2024-10-09,432.4176940917969,440.4541963094632,431.26326159147527,436.9021463392256,6874313
2024-10-10,433.4388732910156,438.63375143595795,431.6184315462127,433.97168616998204,4700891
2024-10-11,437.74578857421875,438.5893842197871,432.86171964727237,432.90610943388424,4364566
2024-10-14,442.4966125488281,446.181886059171,437.7457674113808,439.521792389863,5369297
2024-10-15,439.07781982421875,443.42907593526013,435.1705428918623,442.49664649004177,4279311
2024-10-16,440.2322082519531,443.47344854071855,437.70136714155024,439.5661988597414,8000451
2024-10-17,435.0373229980469,441.56422036308004,432.6397054823144,440.23220159878724,4334990
2024-10-18,437.0797424316406,438.4561509008018,429.2208267625853,433.35007927005825,4573163
2024-10-21,431.041259765625,439.34418201604257,428.33283249516364,436.9021476541545,4737527
2024-10-22,415.900634765625,432.9060676972205,414.8794258720807,430.6860365808245,8671135
2024-10-23,421.0067138671875,422.7383219089697,407.5533304810793,415.9006422081043,10686743
2024-10-24,423.8039855957031,429.62045690479346,420.0743220799557,421.0067515088886,5045880
2024-10-25,409.4625244140625,425.4023307867817,407.59769294789805,424.55873526398466,10330954
2024-10-28,392.1907043457031,406.709713738687,386.5074299230645,401.3816388862151,21378247
2024-10-29,395.6539611816406,396.5863905728724,389.6598767665446,394.4551659786143,7680865
2024-10-30,398.8507995605469,404.75607712645694,395.16555319234664,397.8295906295984,7818123
2024-10-31,401.426025390625,403.60166677760697,393.56713672742256,401.38163560721307,8475238
2024-11-01,403.2908630371094,408.0861250170197,401.6924514104694,403.73486927784165,3095957
2024-11-04,393.6559143066406,406.84290481219585,386.72942792998015,406.70970836264274,15720990
2024-11-05,400.4232482910156,401.66623250984526,393.1495272933041,395.08305517833975,10186343
2024-11-06,401.2519226074219,404.1061755766104,397.0166103093374,403.093372510344,9130749
2024-11-07,400.8376159667969,405.4412407554398,400.1930972570686,403.0933752542544,5861077
2024-11-08,390.4333801269531,401.4360538514185,387.8553616626377,400.83758828987675,9934413
2024-11-11,388.131591796875,391.9986478298168,384.2645638622288,389.46665421494424,7201246
2024-11-12,381.22613525390625,391.1239279716992,380.07522912393034,389.00627193186114,6564348
2024-11-13,374.6429748535156,382.5612150076286,373.53812177745283,381.18012758882855,7170870
2024-11-14,377.2670593261719,380.5816748630349,370.6838813602738,374.9192218741378,8776485
2024-11-18,380.5816345214844,385.3233620307586,378.41792543522524,381.13407506878576,7352509
2024-11-19,379.56884765625,388.5459156117344,378.14173527187546,382.9755410940594,6291292
2024-11-21,373.8143005371094,381.0880214549954,372.11095389283577,380.30539968889207,14141967
2024-11-22,381.22613525390625,382.7913788299912,374.18259535811245,375.1033202620932,8155453
2024-11-25,384.35662841796875,393.5638776017908,382.74535981079987,387.6251906389077,10903727
2024-11-26,378.8783264160156,386.7044886870633,377.22103270381814,385.27737621813196,5798977
2024-11-27,384.08038330078125,387.6251797566948,379.9831743879825,386.7044548641611,9219932
2024-11-28,382.28497314453125,391.2159874283315,380.7197296430781,386.70444123359806,7788912
2024-11-29,383.389892578125,384.8630582292842,378.4179830914732,382.37708943680946,7057742
2024-12-02,388.26971435546875,389.8349298780366,383.7581397182624,385.23130522643413,6404844
2024-12-03,388.63800048828125,391.76845964605246,386.10600691830086,391.3080971787833,7928558
2024-12-04,383.62005615234375,392.1367621919238,382.1008655595374,388.63801851768517,6836472
2024-12-05,385.2312927246094,387.8553643105234,379.33865898144956,385.0011114994993,9500273
2024-12-06,384.08038330078125,388.0855422029617,383.38983963138094,386.7044548641611,4252732
2024-12-09,381.18011474609375,387.57916414358874,379.7990273738253,384.8630144054763,6662023
2024-12-10,381.22613525390625,384.1264411800809,378.8782979880731,382.561197603996,6035289
2024-12-11,383.896240234375,386.38218048845044,382.607202956381,383.0215403812066,5353413
2024-12-12,376.6685485839844,384.7248911675528,374.82709885059734,383.48190697785793,9409378
2024-12-13,377.7734069824219,378.6481068576414,370.13140171859413,376.66855398552156,9439175
2024-12-16,377.91156005859375,380.1212942785407,374.2746853332576,377.95758506593415,5434635
2024-12-17,370.9600830078125,378.37193583961505,370.13143615846025,377.9115733568309,5070262
2024-12-18,364.4229431152344,372.70946810055773,363.2720368672728,371.5125368419965,7176597
2024-12-19,360.8781433105469,363.22598061512906,356.32054372130534,359.95741839137037,5745829
2024-12-20,351.7169189453125,362.4894117334789,350.33583156725496,361.8448930510676,7923854
2024-12-23,352.59161376953125,357.7937038654899,352.08519821257426,355.39981349174155,5163415
2024-12-24,354.0187072753906,356.09033820222976,351.164454600976,354.34096659477973,4242999
2024-12-26,355.9522399902344,359.35890514670376,354.5250995842477,355.76808377710927,4190081
2024-12-27,350.3358459472656,357.65562059073835,349.4611459992748,356.7809206427475,5909271
2024-12-30,347.9419250488281,351.99310888389647,345.9163471804406,350.33581534628,22328728
2024-12-31,353.69647216796875,354.2028877326157,346.28464780611415,347.9419414217168,7686615
2025-01-01,355.76806640625,357.37933484839635,352.17724521198227,353.14399503795335,3584876
2025-01-02,361.7988586425781,362.71958353735675,353.6043846004132,357.60954351235904,7538972
2025-01-03,362.4433288574219,367.6454186011459,358.62232637831266,361.84486332908057,7122319
2025-01-06,348.72454833984375,362.8116277661359,347.25138291201677,362.8116277661359,8774141
2025-01-07,349.6913146972656,353.7885518460564,346.65293368910926,350.3818583898734,6542121
2025-01-08,350.19775390625,351.7629695228529,346.19259459907477,349.92151955158124,7407778
2025-01-09,342.69384765625,351.3026037119984,341.4048102098974,351.3026037119984,6247612
2025-01-10,339.2871398925781,343.6145583435519,335.7883963650257,341.9572365950045,4893721
2025-01-13,334.1310729980469,341.0365100044751,332.61188247629167,337.0774040267743,8661589
2025-01-14,339.9776916503906,344.3511352125825,334.2231606475066,336.0646105684295,5698113
2025-01-15,344.903564453125,351.2105358442983,340.0237054643633,342.41759590240724,11117714
2025-01-16,348.816650390625,351.25656587072325,345.0876975112639,348.4483660329622,6923722
2025-01-17,356.91900634765625,358.43819683207596,348.540404032776,349.87546639385977,8380692
2025-01-20,356.3665771484375,360.00345190443727,352.31539302799547,358.71444260679147,14597375
2025-01-21,351.3026123046875,358.76049041997385,350.79622479430327,357.24129979052407,20854879
2025-01-22,349.138916015625,353.46630646795717,344.9496005893157,351.25657218396884,10653690
2025-01-23,355.2156677246094,357.4254300412792,346.3767308511104,347.57366202406064,5844752
2025-01-24,352.68365478515625,361.15433493825816,351.4406986731814,355.44582943095554,5351964
2025-01-27,345.96240234375,352.6376582771956,343.200227474738,350.70413024922806,6645109
2025-01-28,341.26666259765625,347.6657115925658,338.59656613224746,346.1925462018356,10866038
2025-01-29,349.3691101074219,354.4791225832645,341.40481643308243,342.9700601617299,6680927
2025-01-30,354.52508544921875,356.6427694225522,350.24372059854426,351.440679739548,6300164
2025-01-31,369.89459228515625,370.87563825853215,350.04043667202234,354.5718614204387,10339434
2025-02-01,359.9908752441406,373.2114302270839,354.15141757074764,369.8946011608105,7015540
2025-02-03,349.43310546875,358.91637789585536,342.42575709705045,358.77623663101605,7689700
2025-02-04,351.81561279296875,355.69303525923084,350.27400176491193,352.70322170974623,4649921
2025-02-05,357.7017822265625,359.8039867379349,353.0769208963538,353.1703579105651,5914200
2025-02-06,354.665283203125,359.38355328207007,352.42293730929936,357.65506822390086,4652107
2025-02-07,353.40399169921875,357.8419796980853,351.30178685765037,354.57188327786787,3006598
2025-02-10,346.16302490234375,354.89885862879004,344.761555165897,352.23606042694627,3380494
2025-02-11,335.41845703125,346.1630594152594,334.01698715507484,345.6959027898677,6803431
2025-02-12,336.67974853515625,338.0344854917734,328.457775726174,336.25929621342794,4565992
2025-02-13,337.89434814453125,343.40679007831966,335.0447044156586,338.2213634526744,3712240
2025-02-14,330.9337463378906,341.02431747723205,327.4767760979995,339.9965672562123,4464446
2025-02-17,336.4461975097656,338.2213869319512,326.3088933314474,330.9337551933043,6017586
2025-02-18,337.3805236816406,338.5484152559242,330.5600197800377,336.5863517085322,3843725
2025-02-19,338.50164794921875,341.30458744152685,334.48411274876713,336.3527390769725,3097726
2025-02-20,343.780517578125,345.1819872323155,336.352717005726,336.352717005726,4624287
2025-02-21,345.649169921875,346.8170613886836,341.30459085496665,343.4067954952222,5235241
2025-02-24,340.83740234375,344.294372166897,337.42716528268323,343.8739198730374,4533486
2025-02-25,337.42718505859375,341.398015906538,335.13813497168104,340.08998321216296,4525493
2025-02-27,339.9498596191406,343.6403796089788,332.75563665655744,335.4184349485772,6196610
2025-02-28,345.0885925292969,351.0681914177152,341.3046068912601,342.7060767172789,21899478
2025-03-03,336.67974853515625,346.63017785730614,329.25194760445277,345.6958647094428,12675744
2025-03-04,339.9498596191406,342.42578386811573,329.4388362398328,332.7089324022841,5535218
2025-03-05,344.0608215332031,344.66811938524927,338.2680685298982,338.2680685298982,5730797
2025-03-06,357.46820068359375,358.9163745952381,343.920660622892,345.7425540749955,11247215
2025-03-07,355.64630126953125,364.0084155182797,354.4784098109337,357.4682233501335,8321771
2025-03-10,350.507568359375,361.2054652050806,349.4798182039795,355.6930233881083,5541001
2025-03-11,354.1513977050781,355.0390066268353,343.82724852283,346.63018804883137,5340552
2025-03-12,355.69305419921875,357.7018219192847,349.2462701719243,354.6185711860185,3951912
2025-03-13,353.45068359375,357.84196718105824,352.56310313281034,356.4404973357016,3918004
2025-03-17,360.41131591796875,361.62591166946885,354.151406089835,355.2258890772882,5456361
2025-03-18,360.41131591796875,360.41131591796875,360.41131591796875,360.41131591796875,0
2025-03-19,369.847900390625,371.9033724032471,363.26097496516627,364.4288665108529,5827114
2025-03-20,370.3617248535156,371.95006860468266,366.2974569715083,371.5763490494005,7025398
2025-03-21,378.77056884765625,384.0961655388271,369.14715420975944,370.36174997505566,16564019
2025-03-24,379.3311767578125,384.75018216344745,378.443567771538,381.1530989873329,5260300
2025-03-25,372.1369323730469,381.4333600237643,371.015773652226,381.199781726138,5636291
2025-03-26,368.8668518066406,376.014370826674,367.3252406797033,372.32382216290483,5025274
2025-03-27,370.7821960449219,373.39826157801684,366.29747561436164,367.41866285024565,7697174
2025-03-28,372.04351806640625,375.50045970961673,367.65223473427557,370.92233085008235,6923988
2025-04-01,371.5296325683594,376.10776147541515,369.10041258309235,371.6697738436107,4332950
2025-04-02,371.3894958496094,375.2201856603389,365.7836166669738,375.2201856603389,4197123
2025-04-03,370.96905517578125,373.72529059914064,367.371972064146,369.0537244666514,4970602
2025-04-04,359.75732421875,369.98806624355507,357.4682737449801,369.98806624355507,6718760
2025-04-07,352.7032165527344,354.4784058473585,332.6154836894661,335.2782818878896,10202400
2025-04-08,357.7017822265625,360.1777062818064,351.9090295011469,359.71054972372366,3577328
2025-04-09,349.9937438964844,357.5616868104266,348.59227404253124,357.18793870565736,5781453
2025-04-11,366.3442077636719,366.9982098893543,357.04778011133106,364.33544010633,6185984
2025-04-15,369.2872619628906,372.79093617506226,367.65221399721054,372.79093617506226,4371156
2025-04-16,373.0245666503906,373.8187386188668,366.7179521860446,369.2873136344819,4992290
2025-04-17,372.65081787109375,373.3048199898797,362.7937967056987,370.8288957633122,8364450
2025-04-21,374.19244384765625,379.33116654718714,369.6610190372928,373.02455232503564,8987570
2025-04-22,372.4172668457031,379.1443051323731,368.3997027662273,376.99539606433495,7558174
2025-04-23,372.7442626953125,375.2201869737145,368.1194009482594,373.72528015051716,7429142
2025-04-24,373.58514404296875,374.93988109447645,370.78220440305097,372.69753508513753,5762303
2025-04-25,367.3252258300781,377.4625296685744,364.0551296572068,374.0055594520629,7337588
2025-04-28,371.0624694824219,372.6040805091616,365.8303100317818,367.32521680524684,3458518
2025-04-29,363.5412902832031,374.0523143169524,362.9339923749598,371.06250051993936,6274213
2025-04-30,359.9908752441406,364.7091741520283,357.9354032508924,363.54128261734974,4559122
2025-05-02,358.3091125488281,365.269757300795,356.3470491243228,360.1777389506473,5045851
2025-05-05,360.27117919921875,362.4200881753618,356.6740676409129,360.5981945250604,6395704
2025-05-06,353.40399169921875,362.1865306680644,352.60981972314175,361.1120761183028,5982166
2025-05-07,358.1222229003906,361.85947554120025,345.97615181775944,345.97615181775944,9162368
2025-05-08,360.13104248046875,369.007018080975,357.1412287677391,364.38215623131,14258083
2025-05-09,357.2813415527344,358.07551342992923,352.2827605158926,354.1981195741831,3809943
2025-05-12,369.5208740234375,370.0814676512264,362.0463683541897,366.2040735378993,6743279
2025-05-13,369.19384765625,373.3515527156142,368.16609745487034,369.52086297209473,6307140
2025-05-14,376.6216735839844,377.50925405617147,370.40849622676535,370.6887787941976,6822756
2025-05-15,378.06982421875,379.7048722908181,373.3515540445438,377.22894805571013,10511989
2025-05-16,378.2099609375,382.13408766838006,377.0888022379452,379.3311481500301,4702603
2025-05-19,376.2479248046875,380.68591236030613,374.7062852644609,379.28444260590027,5446656
2025-05-20,381.2932434082031,389.8422039516412,377.46255337678383,378.8640232531828,18755291
2025-05-21,378.723876953125,386.38522840153536,377.6961266881129,384.6100389508657,7393102
2025-05-22,372.65081787109375,379.93844927626907,367.37195410207795,378.39683823051763,7936875
2025-05-23,375.1267395019531,376.5282092634797,372.79095656607547,373.9121437804869,4178408
2025-05-26,376.2479248046875,379.14427282007955,375.36031588837375,376.1077550188668,6067873
2025-05-27,373.6785583496094,377.0420629026498,372.1369188309953,376.0610454935088,6553758
2025-05-28,372.04351806640625,375.4537554560097,370.45517426210995,374.6595835538615,6002200
2025-05-29,372.04351806640625,374.84645759424063,370.92233085008235,373.72527037791673,7724668
2025-05-30,371.2026062011719,378.1632506322047,370.3150258090171,372.7442457219733,6565658
2025-06-02,373.44500732421875,375.03332269845004,369.5208803752204,372.74427240568167,6119571
2025-06-03,367.044921875,374.19241167633515,364.84928029864886,373.4449725713099,7360608
2025-06-04,368.67999267578125,369.05371225141533,364.00842669791524,367.04494458352815,3861957
2025-06-05,368.96026611328125,371.6697686109041,366.76462445533724,368.6799835667247,6097293
2025-06-06,372.7442626953125,374.28587377333815,370.0347316038404,371.71651247230335,7633919
2025-06-09,374.65960693359375,379.5180471568761,373.7252936993454,374.56616990757345,9626374
2025-06-10,373.3048095703125,377.9296710914547,372.65080746978083,376.5282013593479,6362912
2025-06-11,375.6873474121094,382.60125946293465,372.2303771302085,373.818720992266,11946342
2025-06-12,366.9048156738281,375.92093261241524,365.78362839615875,375.5939172803469,11262656
2025-06-13,365.5033264160156,366.57778086746566,360.64488648818667,364.3821391979088,5253032
2025-06-16,368.4464111328125,368.6799894296492,360.8317643585311,365.3164562526055,3706240
2025-06-17,365.5967102050781,369.84785198274903,364.4755515757492,368.11936701877175,3248476
2025-06-18,364.70916748046875,367.5588113677657,362.6069627565025,365.59674792280197,4118145
2025-06-19,359.00982666015625,365.78359697449883,358.3090918000519,364.709142558267,4416367
2025-06-20,363.4945373535156,366.06389864149,358.91640839753825,358.9631411651051,6531957
2025-06-23,366.7179260253906,367.27851964038126,359.4302945694394,361.5792034950985,3359491
2025-06-24,366.85809326171875,369.42745470868647,365.0361995252919,368.5398742257024,4606984
2025-06-25,366.0171813964844,369.42741873689425,365.31644652463405,367.97924474026024,4672204
2025-06-26,368.259521484375,368.773410823424,364.9894254672384,366.2507539193003,5569101
2025-06-27,368.259521484375,371.57635026668396,366.3441909366705,369.0536933625602,16253653
2025-06-30,366.2040710449219,371.2960608896468,365.1295880519011,369.52087150788054,4870935
2025-07-01,364.1485595703125,368.025953539858,363.44782468980515,366.7179207988394,5997283
2025-07-02,361.48577880859375,365.97049936857337,360.1310417485296,364.3821554907308,7752338
2025-07-03,361.0653381347656,363.4478253274806,360.1777292127089,362.4200751316716,3851213
2025-07-04,360.73834228515625,362.4200946868772,358.2156851695979,362.2332491494509,3990767
2025-07-07,359.00982666015625,361.1120312404695,358.7762483734548,361.1120312404695,2810768
2025-07-08,357.7017822265625,360.1777062818064,357.1878929048874,359.6638454731048,5231160
2025-07-09,361.9996643066406,362.6536664452892,357.701817841762,357.88866337581464,4497121
2025-07-10,358.8229675292969,363.30768792802235,357.42149775087813,362.56022027174697,4668066
2025-07-11,355.9266357421875,359.05656224675266,355.5996204096723,358.8229839396671,4677164
2025-07-14,358.6361083984375,360.5514389511127,356.4404667929242,356.9076233680132,5109504
2025-07-15,361.0653381347656,361.8127772700947,358.2623986078185,358.6828224290754,4586811
2025-07-16,361.0653381347656,362.51351215183155,359.6638683712921,361.25218366211027,5205724
2025-07-17,360.5514831542969,362.7004207709483,359.6171698895732,361.6259377061336,3749218
2025-07-18,362.98065185546875,363.6813867046106,358.86967977643144,361.5791821571851,5172481
2025-07-21,361.3923034667969,363.82152328176795,360.08427080118895,363.44780373630476,4396850
2025-07-22,363.5412902832031,366.01721468633525,360.1777568898079,361.39235270629456,5043629
2025-07-23,365.0828552246094,366.6711989493941,363.30766598177416,363.8215267976301,3670943
2025-07-24,360.22442626953125,365.08286609103175,358.6828152631046,364.4755682415879,4022204
2025-07-25,355.78643798828125,360.5514407809673,355.0389988695353,360.22442547415045,4616856
2025-07-28,353.49737548828125,358.63609766040037,352.23604707071183,356.16017358915593,4521716
2025-07-29,358.4492492675781,359.00984288358944,352.1893680088833,352.1893680088833,4872086
2025-07-30,354.945556640625,358.82295047402476,354.1513847680071,358.7762462221543,5107774
2025-07-31,351.6287536621094,354.104677764464,350.08714269369796,353.1703646305208,6461803
2025-08-01,348.03167724609375,356.1134809614278,346.3499248417732,350.3674603148595,13769152
2025-08-04,350.087158203125,353.87111515804065,345.88274891411857,347.9849535586218,19756930
2025-08-05,354.57183837890625,355.69302555762613,349.900272655864,351.3017423727767,6846687
2025-08-06,357.2738037109375,358.411450030775,354.1452112337466,354.5718466863628,5808208
2025-08-07,359.83355712890625,360.4972058987413,354.1926583144512,355.5199269218356,3468573
2025-08-08,359.97576904296875,362.2510906674367,358.506269397376,359.3121203085354,4172600
2025-08-11,362.63031005859375,364.7160384475308,356.98938255143514,358.3640711167279,5740719
2025-08-12,365.332275390625,366.37513960854585,361.3978607311049,361.72965617710616,4860757
2025-08-13,366.0433044433594,367.844599530894,365.0952513517849,365.90110226608004,4216888
2025-08-14,364.47900390625,366.7543254226937,362.677679978961,366.04328564053736,4034887
2025-08-18,367.65496826171875,368.366008062843,364.09976925609766,366.564713019785,3520271
2025-08-19,365.332275390625,368.3186369306326,364.28941117270415,368.3186369306326,5219052
2025-08-20,364.7160339355469,366.7543422849873,363.62574974028615,365.9484913750362,4904231
2025-08-21,363.3707275390625,366.6378392030444,362.50590817578154,366.0613125107619,6212604
2025-08-22,359.81536865234375,364.18752910559414,359.43097840712124,363.37074382178406,4699261
2025-08-25,365.1484375,365.86912520559207,360.1516576779516,360.3438527960526,4349832
2025-08-26,357.8935241699219,365.004303623935,356.88454379325947,364.18751836421524,6381642
2025-08-28,359.67120361328125,361.208676602349,354.2420286962886,357.94156482861644,4372269
2025-08-29,360.15167236328125,364.1875354091041,358.08570672131486,358.08570672131486,4578400
2025-09-01,363.1304931640625,363.8031467286713,360.43993755534075,360.6321033417599,2829114
2025-09-02,365.2445373535156,369.95302452799115,364.23555696443356,366.2534884177397,7511709
2025-09-03,374.5654296875,377.928639140966,365.14845494773886,366.0613378150519,8111851
2025-09-04,376.15093994140625,376.7755300742313,370.62566765320616,376.4872374034109,5515006
2025-09-05,377.3040466308594,377.8806026842878,373.7967055160533,377.0638173856691,4535470
2025-09-08,371.92291259765625,380.42703390068334,371.2022248486685,378.6012974682197,4607020
2025-09-09,372.7877502441406,374.18106225573547,371.6346381501888,373.50843797164583,4376579
2025-09-10,376.5833435058594,377.3040312119786,372.8838074161425,373.3162317697571,4285507
2025-09-11,377.9766845703125,379.0817331873827,375.2380654237591,378.26494792264117,3442373
2025-09-12,378.9375915527344,380.71529371166383,377.8325429647048,378.16884042529773,4276055
2025-09-15,379.3219909667969,384.991395479796,378.8895665809059,378.9376300264827,4618798
2025-09-16,380.3309326171875,381.4840447342372,378.6493278859912,379.5622107557272,2581384
2025-09-17,384.1265563964844,386.72104392948097,381.9644932272734,386.2886195656954,5970395
2025-09-18,377.7845153808594,385.08749049794454,375.33418874331795,384.84726124623035,5899621
2025-09-19,379.0817565917969,379.7544102219036,376.1990055910988,378.6012980916805,5272435
2025-09-22,379.27392578125,381.4359888838987,377.97668205468926,379.08173066440486,3399517
2025-09-23,378.6493225097656,380.28289309824873,376.77555200223856,379.32197612263724,4720322
2025-09-24,377.4962463378906,380.1387680670507,376.43923178125476,379.0817535104148,5139791
2025-09-25,377.159912109375,379.7543996678416,376.3431268169052,376.7274877413443,4563970
2025-09-26,373.9408264160156,377.59232843253596,372.88381190268456,377.1599040737184,4698693
2025-09-29,373.1240234375,376.2950668270382,370.52956538226704,374.5653987986928,6606409
2025-09-30,374.7095947265625,376.102906777358,371.97097542002024,374.46936547730195,5362610
2025-10-01,373.31622314453125,379.46608556302186,372.73966712798523,374.5654034096666,4976933
2025-10-03,368.3675231933594,373.89279572404473,366.5898209489498,373.31623968195805,7431240
2025-10-06,366.97418212890625,369.0882111764368,365.1004116468691,368.51165513394136,7022052
2025-10-07,369.6647644042969,373.74866146399535,368.79991568470945,368.9921108056974,7895734
2025-10-08,367.1663818359375,371.2983130965073,366.2054648613995,370.4334936843949,3642904
2025-10-09,368.3675231933594,371.20221063592635,365.676938105241,368.0311963917373,4628511
2025-10-10,369.4725646972656,371.5865937024597,367.9831551651002,368.9921062256177,5061600
2025-10-13,366.6378479003906,369.28036949384733,365.77302851659454,368.27141843356156,4750043
2025-10-14,366.06134033203125,370.0971741090247,365.24455502274446,367.1183255647866,4288494
2025-10-15,369.2323303222656,370.33737892670365,366.34957953250165,366.34957953250165,6135157
2025-10-16,372.451416015625,372.7877428133952,369.4725676030088,369.9530260784354,3513302
2025-10-17,373.6044921875,374.2771457712039,370.1932488019417,372.45140946168175,4093872
2025-10-20,375.33416748046875,376.679445348886,373.26820189773605,374.75761144404476,4007425
2025-10-21,375.81463623046875,377.7845043068388,375.334177741124,377.73647018784794,678084
2025-10-23,377.3040466308594,378.9856513471912,375.19004686810047,376.2950955310039,4311356
2025-10-24,378.6493225097656,379.9946297355088,375.52634233902825,377.3040446088813,4070949
2025-10-27,381.1957702636719,382.63714570556897,378.21692181877944,380.04265818021076,5438773
2025-10-28,376.1029052734375,382.63715842211195,374.1330371673216,381.4360121806122,7672258
2025-10-29,367.0702819824219,383.69413380822687,365.1964821638247,377.8805978785011,26856509
2025-10-30,372.5475158691406,373.74866206510137,364.4757899723975,367.98316032448963,15154040
2025-10-31,373.46038818359375,378.7934951570495,372.59556874393763,374.7095978851946,13103909
2025-11-03,373.3642578125,375.6224184411434,372.1631116616107,375.28609165392294,14152223
2025-11-04,372.6240539550781,377.0160063914343,371.5877654617147,375.042100598809,10536699
2025-11-06,368.2814636230469,373.7590702155045,367.49191336150557,373.7590702155045,6648689
2025-11-07,371.09429931640625,371.83451400919165,366.65301115969396,367.1464876215509,4650451
2025-11-10,376.3744812011719,377.410769661959,371.1929786584139,371.1929786584139,4451727
2025-11-11,377.8055725097656,378.00297514507406,373.66038824300813,376.4732101393802,3299015
2025-11-12,381.4573059082031,382.5429601507119,377.70689683707786,379.23666182464956,4326520
2025-11-13,378.20037841796875,382.34556269171435,377.7562375474826,381.4573110701556,3480764
2025-11-14,381.90142822265625,382.29620335000783,377.31207324403294,378.20035492983845,3760163
2025-11-17,382.7897033691406,384.1220958605136,381.1118713252764,381.9507873472085,3847261
2025-11-18,378.9405822753906,382.7896926049076,377.95362936426255,382.7896926049076,4462641
2025-11-19,374.1044921875,378.8418842739987,373.5123445311739,378.10166958417824,5332643
2025-11-20,374.6966552734375,376.275785907028,372.62404819931317,376.0290476867611,3971851
2025-11-21,373.2655944824219,375.387537168837,372.6240510093606,373.068191856955,3088629
2025-11-24,367.6893005371094,373.265608664594,367.1464884755693,373.2162429466457,5543493
2025-11-25,365.221923828125,368.52822220489037,364.7778130762515,367.73867189972856,4902920
2025-11-26,372.42669677734375,372.77213632915465,366.4556134372223,366.99845562418614,4102285
2025-11-27,373.1175231933594,373.75906665909554,371.1929831543855,372.4266742509373,3330267
2025-11-28,371.2423400878906,374.25256460813864,370.0086489204316,374.0551619735799,4689402
2025-12-01,374.6966552734375,375.0420948056935,370.89688065744485,371.98253485050157,4217206
2025-12-02,374.0058288574219,374.9434160792668,371.8345203405148,374.5486409269419,3695491
2025-12-03,370.35406494140625,374.3512120222565,367.3438707318189,374.0058026128436,4650434
2025-12-04,374.1044921875,374.7953712790976,368.9229893587567,370.1073449102346,3135061
2025-12-05,374.9927673339844,375.6836162940526,371.5877677727638,373.95644871476355,3154258
2025-12-08,372.42669677734375,375.9303676557074,370.6501634192078,375.9303676557074,3911363
2025-12-09,374.40057373046875,376.2264425466461,368.47885656626806,370.2060240724933,4242651
2025-12-10,377.1640319824219,377.9042466324408,373.31492182620576,373.5616600428787,4752336
2025-12-11,378.98992919921875,380.3223216929424,375.53559390703833,377.3614628710735,2695140
2025-12-12,378.348388671875,380.71706953557634,377.26273449118355,379.53271404402,1410201
2025-12-15,379.4340515136719,379.97686355670237,375.1408004080449,378.9899106643473,1870236
2025-12-16,376.6212463378906,379.18732999494,373.4136492964322,378.989927360008,5109787
2025-12-17,379.7301330566406,380.47034774096153,375.8316570047853,375.88102272205424,3651138
2025-12-18,380.27294921875,381.45730477422296,377.85493262882767,379.3846976118517,2379619
2025-12-19,380.56903076171875,382.2961982754408,378.4964237213701,379.9768530188461,3611941
2025-12-22,381.2105712890625,381.9014503915912,379.03926278346955,380.5690579049506,3112021
2025-12-23,395.1759338378906,395.7187760027546,381.4079589997683,382.394911896526,18487395
2025-12-24,397.1004943847656,407.0193587083864,396.50831663721857,398.53155797864207,17624423
2025-12-26,396.9031066894531,403.0715623762823,395.3733417268845,398.5315729668935,5435637
2025-12-29,395.42266845703125,400.20939598654803,393.7942022161102,398.72896665490856,6105510
2025-12-30,392.8072509765625,394.9785593865093,390.3398687468102,394.78115676036435,4418163
2025-12-31,393.7942199707031,398.72898463199016,392.3631261711646,393.202042187466,4644679
2026-01-01,395.2253112792969,397.54462655995354,393.0540027942502,393.794217488778,3161157
2026-01-02,422.317138671875,423.8962693312171,395.76811176209094,396.1135512999802,35090129
2026-01-05,421.8730163574219,431.0023304055312,417.97454047289716,425.3273514026524,17258568
2026-01-06,421.47821044921875,425.6727601403841,419.15889530375046,421.4288748535578,6308113
2026-01-07,426.0182189941406,426.8077993964135,418.12259568788744,421.37955837336443,8920605
2026-01-08,419.70172119140625,428.3375590760031,417.925218017197,426.0182137345432,5991259
2026-01-09,412.8917541503906,422.76128320803394,411.7567643326441,418.17195822011223,7306605
2026-01-12,426.65972900390625,427.4986449974717,410.2269691510589,413.4345660939641,14407896
2026-01-13,423.3041076660156,430.1140768915158,420.0471750292935,428.33757365683346,7104004
2026-01-14,426.5610656738281,436.2331922783892,421.8236735683879,422.41585134649455,17125550
2026-01-15,426.5610656738281,426.5610656738281,426.5610656738281,426.5610656738281,0
2026-01-16,425.376708984375,427.9427926030589,422.41585022114265,426.5610645374331,6410141
2026-01-19,424.53778076171875,427.2025656197152,422.7612776026625,425.3766967443778,7105031
2026-01-20,409.88153076171875,425.3273678718609,408.1543631722254,424.4884518759387,6768420
2026-01-21,408.6478271484375,414.1747692899354,406.1804449530734,409.5361088342978,7312100
2026-01-22,417.678466796875,421.28083874991677,411.7073838593678,411.7073838593678,11497522
2026-01-23,412.94110107421875,420.244546753314,409.9802422757142,418.4680435219766,6520896
2026-01-27,417.38238525390625,421.37956266505523,413.4345735605718,415.50718072345495,8749844
2026-01-28,438.25640869140625,440.13164323486774,416.0993348914296,417.97453931547983,17496873
2026-01-29,449.80377197265625,455.5280865896013,436.7759819983112,440.18098145870476,16915601
2026-01-30,434.9994812011719,448.02727124520527,431.29840790677736,448.02727124520527,10191610
2026-02-02,417.97454833984375,419.94845411712754,407.61154300910385,413.5332603409552,9618062
2026-02-03,423.7975769042969,431.29842510389943,414.4708899021874,431.29842510389943,13955805
2026-02-04,429.2257995605469,435.6409932517375,422.85997158478153,425.8701658074987,11476290
2026-02-05,426.2156066894531,432.0879582460571,422.1197582667403,431.2984079908636,5252658
2026-02-06,427.1531982421875,428.534956382093,421.4782191313575,424.9325542422975,4738027
2026-02-09,426.06756591796875,429.12709571865844,424.1923313699185,428.3375454706246,4512635
2026-02-10,425.3273620605469,428.09081811821375,423.10671804725354,426.3636505523189,5103221
2026-02-11,417.7278137207031,422.3665043850948,414.81629062633203,420.63933681507416,5715603
2026-02-12,413.6813049316406,420.39260277066865,410.72044621073746,418.2212943275747,5987886
2026-02-13,403.6144104003906,412.1515471708599,402.7754943909359,406.9206786009387,8190851
2026-02-16,416.98760986328125,418.3200023328808,401.29506441538587,402.676792483358,9719418
2026-02-17,416.04998779296875,419.06021224467617,413.0397934606739,416.7408668787803,4564907
2026-02-18,418.0,418.79998779296875,413.1000061035156,418.45001220703125,4872345
2026-02-19,416.1499938964844,419.8500061035156,414.6000061035156,418.0,3824366
2026-02-20,423.54998779296875,425.5,415.04998779296875,416.0,8843227
2026-02-23,426.0,427.5,418.95001220703125,426.0,6515765
2026-02-24,430.95001220703125,432.0,422.1000061035156,424.0,8950772
2026-02-25,438.6000061035156,439.6499938964844,428.54998779296875,430.95001220703125,8935314
2026-02-26,433.5,439.54998779296875,429.5,438.75,8650353
2026-02-27,430.6499938964844,434.3999938964844,425.45001220703125,432.79998779296875,8147373
2026-03-02,426.25,429.6000061035156,416.0,417.8999938964844,7498197
2026-03-04,435.1499938964844,437.8999938964844,426.0,426.0,18921256
2026-03-05,449.3999938964844,458.5,440.0,440.1499938964844,30106255
2026-03-06,440.45001220703125,451.6000061035156,438.6000061035156,451.1499938964844,10553695
2026-03-09,437.6499938964844,447.20001220703125,434.79998779296875,439.0,15824576
2026-03-10,443.54998779296875,444.8999938964844,433.75,444.79998779296875,10860312
2026-03-11,446.75,453.8999938964844,445.1499938964844,447.0,9975869
2026-03-12,470.1000061035156,474.0,445.0,446.75,27328045
2026-03-13,467.0,476.0,462.29998779296875,473.0,20216953
2026-03-16,460.29998779296875,470.79998779296875,456.0,467.0,12312203
2026-03-17,462.25,465.5,458.0,460.29998779296875,9193238
2026-03-18,455.20001220703125,462.8500061035156,449.20001220703125,462.25,9539041
2026-03-19,454.20001220703125,460.0,450.6499938964844,450.8999938964844,10192726
2026-03-20,468.1499938964844,472.3999938964844,456.20001220703125,456.70001220703125,23878653
2026-03-23,455.25,466.0,450.6499938964844,466.0,10163783
2026-03-24,442.1000061035156,463.0,439.0,463.0,20320746
2026-03-25,443.70001220703125,446.3999938964844,438.79998779296875,443.54998779296875,8630612
2026-03-27,445.04998779296875,448.5,441.04998779296875,446.0,17184280
2026-03-30,450.45001220703125,459.8999938964844,443.1000061035156,445.04998779296875,19114688
2026-04-01,449.3999938964844,464.8500061035156,446.79998779296875,464.0,14960312
2026-04-02,449.3500061035156,453.29998779296875,440.5,448.3999938964844,6701003
2026-04-06,459.54998779296875,461.45001220703125,447.3999938964844,449.29998779296875,12403745
2026-04-07,463.0,463.79998779296875,455.29998779296875,458.04998779296875,11316785
2026-04-08,449.25,464.0,447.0,464.0,20653569
2026-04-09,454.1000061035156,456.20001220703125,447.8500061035156,449.25,9468415
2026-04-10,434.1000061035156,459.6000061035156,427.5,455.0,29605732
2026-04-13,435.1000061035156,439.5,431.5,435.0,18702296
2026-04-15,435.79998779296875,439.0,431.3999938964844,439.0,10149319
2026-04-16,432.75,436.95001220703125,430.5,436.5,11776638
2026-04-17,438.75,440.1499938964844,430.5,432.79998779296875,10733309
2026-04-20,441.75,443.70001220703125,433.29998779296875,438.6000061035156,8090840
2026-04-21,443.1499938964844,445.29998779296875,441.8999938964844,442.29998779296875,5336558
2026-04-22,444.1499938964844,447.75,442.5,443.79998779296875,6991939
2026-04-23,450.6499938964844,451.5,442.6499938964844,444.25,8989280
2026-04-24,456.0,462.0,451.04998779296875,452.75,16441909
2026-04-27,452.5,460.6499938964844,450.6499938964844,458.5,6922067
2026-04-28,467.0,473.8999938964844,456.20001220703125,456.20001220703125,26732373
2026-04-29,479.8999938964844,485.70001220703125,464.04998779296875,469.8500061035156,18063862
2026-04-30,481.45001220703125,491.25,478.3999938964844,484.45001220703125,16935052
2026-05-01,481.45001220703125,481.45001220703125,481.45001220703125,481.45001220703125,0
2026-05-04,479.95001220703125,487.0,475.6000061035156,481.6000061035156,7757497
2026-05-05,472.6000061035156,480.0,471.20001220703125,479.95001220703125,6946902
2026-05-06,470.20001220703125,477.5,468.04998779296875,473.8500061035156,8596697
2026-05-07,466.6499938964844,472.8500061035156,456.1000061035156,470.20001220703125,24264105
2026-05-08,456.3999938964844,463.3500061035156,454.8999938964844,461.20001220703125,15767759
2026-05-11,464.45001220703125,465.75,452.8500061035156,456.0,6258261
2026-05-12,463.04998779296875,469.0,461.6499938964844,465.0,6464174
2026-05-13,462.25,473.6000061035156,459.5,463.25,12091924
2026-05-14,454.04998779296875,469.79998779296875,451.45001220703125,464.0,11408675
2026-05-15,462.20001220703125,468.5,455.25,457.0,7859575
2026-05-18,462.1000061035156,468.5,457.04998779296875,462.0,7735499
2026-05-19,456.95001220703125,463.25,454.0,462.1000061035156,7319865
2026-05-20,458.70001220703125,460.04998779296875,452.70001220703125,456.0,3756072
2026-05-21,460.20001220703125,465.25,457.25,458.70001220703125,7425043
2026-05-22,456.54998779296875,462.8500061035156,456.0,460.0,9201072
