Date,Close,High,Low,Open,Volume
2021-05-24,117.08430480957031,117.30795076933327,114.65041840397706,114.79571714938808,31832000
2021-05-25,117.175048828125,118.22288412982375,116.78477317689254,117.62780399643341,22440000
2021-05-26,118.03990173339844,118.47034224534134,117.35307349417839,117.35604726795344,21572000
2021-05-27,117.16564178466797,118.47333058734263,116.84727391393845,118.47333058734263,35224000
2021-05-28,116.87652587890625,117.82964696278735,116.67816833609218,117.74782655726173,21482000
2021-06-01,118.08304595947266,118.3076907432192,116.74907000230994,117.74881041841671,23354000
2021-06-02,117.5578842163086,118.70093322748687,116.65384943203411,118.47827097273424,21158000
2021-06-03,116.41680908203125,116.88494008609811,115.52121134855334,116.3250685412931,18696000
2021-06-04,118.69745635986328,118.96822109902912,117.15222909034824,117.49241971560096,24458000
2021-06-07,119.13037872314453,119.23997703743203,118.07411399726047,118.49265182934205,24120000
2021-06-08,118.93897247314453,119.98433347180782,118.75747389251524,119.61191557625074,24240000
2021-06-09,119.41007232666016,119.65504166013505,118.86259530140607,119.58314141281689,17942000
2021-06-10,120.75843048095703,120.801576684723,119.20378241102719,119.35949314078805,25904000
2021-06-11,120.51394653320312,121.08522130896714,119.95654936765875,120.99992773077977,21958000
2021-06-14,121.44178771972656,121.44227956527116,119.90895486343989,120.61610768688743,22098000
2021-06-15,120.42420959472656,121.76908949058003,120.06368677320248,121.44625717538425,21562000
2021-06-16,119.78248596191406,120.88686070681318,118.49066511474194,120.57543170506727,26472000
2021-06-17,120.74554443359375,121.51815815207105,119.51223788888802,119.70812106140869,25842000
2021-06-18,119.12641906738281,120.60618554839238,119.03120533837755,120.37212004101573,46116000
2021-06-21,120.81398010253906,120.99994312989033,118.91566806650118,119.51273832350716,27414000
2021-06-22,121.32772827148438,121.39666231815684,120.07161525109758,120.75198899495656,22390000
2021-06-23,121.12589263916016,122.08645184131146,120.83579457394919,121.09266658134959,19148000
2021-06-24,121.49583435058594,122.04677701360374,121.29747683144915,121.69419186972272,21362000
2021-06-25,121.5042724609375,121.62775596535607,120.5685097881372,120.99994158468905,34594000
2021-06-28,121.53154754638672,121.77850698140655,120.4103137257864,121.67287369057478,28526000
2021-06-29,121.27019500732422,122.01256393063309,120.69346452054683,121.66493508583213,23108000
2021-06-30,121.08871459960938,121.2548449065664,120.35973889878379,120.99449211806855,24474000
2021-07-01,121.4407958984375,121.58212203987887,120.53527798763021,120.72718855138434,18110000
2021-07-02,124.23074340820312,124.3760421604454,122.05076271213034,122.14052074770464,25982000
2021-07-06,125.15559387207031,125.39164190205774,123.56126516970392,124.61852879829608,26404000
2021-07-07,125.43726348876953,126.240621316996,125.1188956447412,126.11962731057842,24060000
2021-07-08,124.01898193359375,124.56595957690325,123.005363941043,123.0093289727932,23790000
2021-07-09,124.48959350585938,124.70381872081973,123.53051741103474,124.00013909575392,18632000
2021-07-12,125.93464660644531,126.02787781640319,124.58132987577834,125.14368334235166,17668000
2021-07-13,126.29766082763672,127.00778748498041,125.63612851420876,125.99714317447354,19240000
2021-07-14,127.18579864501953,128.266375645742,126.86594016488215,126.90908636567568,23742000
2021-07-15,125.96390533447266,127.64501069030976,125.49280054236102,127.59443383506836,24218000
2021-07-16,125.92919158935547,126.763792905859,125.11938685402984,126.61651165592089,20424000
2021-07-19,123.55680847167969,125.17047048995204,122.49259846899817,125.05591587763702,27968000
2021-07-20,125.17491912841797,126.00158275916938,123.33115686036929,124.49850294432187,26312000
2021-07-21,126.50346374511719,126.55007557282694,124.99046349148195,125.09956240900131,20746000
2021-07-22,127.36881256103516,127.42981655242198,126.45388132678123,126.79605454564903,14302000
2021-07-23,131.9246368408203,132.3054917449223,128.73649417322727,129.36131958948965,41506000
2021-07-26,132.93630981445312,133.1366498906365,131.21701422335443,132.2356038265874,30572000
2021-07-27,130.81875610351562,133.29727889774745,129.03748857228877,133.14999766536482,54710000
2021-07-28,134.9783935546875,137.16333785236336,134.1685888131194,135.19460884795575,95130000
2021-07-29,134.6644744873047,135.5407312408076,134.43189968224377,135.0339185360519,31716000
2021-07-30,133.6221160888672,134.1953809902093,133.15448447715994,133.92808941978942,25576000
2021-08-02,133.74908447265625,134.22712811804664,132.69727646334016,134.00942969336194,21634000
2021-08-03,134.5181884765625,134.61934216965253,132.22662753081354,134.0272359096065,20762000
2021-08-04,134.01785278320312,134.53755950866824,133.38458270000555,134.24001564188015,19676000
2021-08-05,135.13461303710938,135.23231626590845,133.74063191754414,134.56829449236173,17870000
2021-08-06,134.6258087158203,135.35380063089553,134.10165272092112,134.9268333121691,20488000
2021-08-09,135.79071044921875,136.05950030562684,134.23010694814005,134.82817610727474,17760000
2021-08-10,135.68557739257812,136.64316290986423,135.2466997947702,136.21618040832792,19414000
2021-08-11,135.1619110107422,136.55389460315365,135.15446522499255,136.05700947405194,15352000
2021-08-12,136.06939697265625,136.17453085667606,134.3153999728154,134.86087941942685,16506000
2021-08-13,136.59852600097656,136.72648152836254,135.9097302737802,136.12494677939299,15948000
2021-08-16,137.17575073242188,137.22832524277518,134.1899301812805,136.39768127335614,22384000
2021-08-17,135.54127502441406,137.1321307968945,134.96652692198577,136.6208534812792,21716000
2021-08-18,134.3386993408203,135.98063113741676,134.21224206544025,135.38107897385382,19258000
2021-08-19,134.56781005859375,135.23479811345257,133.1495391773479,133.33351970472108,21782000
2021-08-20,136.3029327392578,136.42640864556404,134.1412947256339,134.88514663723632,31194000
2021-08-23,138.8935546875,139.71971902868404,136.47950099945666,136.83853312618544,28454000
2021-08-24,140.1035614013672,140.91534875374498,139.18812326737765,139.45888047774642,19268000
2021-08-25,140.91433715820312,141.02393547801682,140.21711205572637,140.4640639174662,15848000
2021-08-26,140.28109741210938,141.2500786299819,140.19827061437374,140.58805446280763,20610000
2021-08-27,142.82354736328125,143.3278781659032,140.33709435382934,140.49132196701825,28780000
2021-08-30,143.4052276611328,144.7739200341468,142.9812266193954,143.2162833413951,24434000
2021-08-31,143.51136779785156,143.98148131585134,143.0982932268432,143.9571917138558,22448000
2021-09-01,144.02513122558594,145.05511631686906,143.69585198821633,143.8113978553602,21936000
2021-09-02,142.11244201660156,144.32663982177834,142.01127317307444,144.02563035315396,32342000
2021-09-03,142.5612335205078,142.9733244158988,141.23320515681903,141.90763889729274,19850000
2021-09-07,143.09779357910156,143.37996157191282,142.44171705325797,142.65545041675884,20124000
2021-09-08,142.51315307617188,143.21634100983184,141.82782292281362,142.9188122295509,18344000
2021-09-09,142.36436462402344,143.12755759724692,142.0038493948319,142.66140907531098,15314000
2021-09-10,139.72120666503906,143.53220739667623,139.58433740573318,143.030343356749,36840000
2021-09-13,141.16575622558594,141.77818710345173,140.09212560958235,140.78588503191912,22094000
2021-09-14,141.3760223388672,142.18782475783476,140.5880403778888,141.82332937621524,19674000
2021-09-15,143.24557495117188,143.2663989340108,140.18883824930154,141.60116132377672,27408000
2021-09-16,142.43280029296875,143.1171466443425,141.23421048693598,142.77050902430236,26190000
2021-09-17,139.6457977294922,142.27406835187855,139.31850108211296,141.85801252214029,53384000
2021-09-20,137.58236694335938,137.86056989011584,135.2045285382964,137.028942390243,46518000
2021-09-21,137.89332580566406,138.86380522550456,137.1445098358899,138.60394429145055,25332000
2021-09-22,139.13356018066406,139.73211352931875,137.41576307062647,138.1620970935906,25056000
2021-09-23,140.0584259033203,140.534986416547,139.25060362210317,139.83179860304818,20952000
2021-09-24,141.04925537109375,141.16381757298157,139.09143728208156,139.38649927021982,22984000
2021-09-27,139.9156036376953,140.77500156753678,138.91933644415815,139.65029458618613,21882000
2021-09-28,134.71658325195312,137.95630206318702,134.25043470064762,137.5184232831249,45772000
2021-09-29,133.25218200683594,136.02675103167505,132.76769140885952,135.85714754159193,30848000
2021-09-30,132.58023071289062,134.43143155227392,132.46121921545426,133.16094144275186,37996000
2021-10-01,135.4237060546875,135.78820139147504,132.9739523429522,133.34537891761596,35360000
2021-10-04,132.56385803222656,134.845991044881,129.97575169598792,134.845991044881,51202000
2021-10-05,134.90798950195312,136.09964809191845,132.94224164734214,132.94224164734214,32404000
2021-10-06,136.4373321533203,136.62081321973588,133.44704780870487,133.64540530932422,24364000
2021-10-07,138.08375549316406,138.89405973958108,137.51445558203253,137.75347740127893,25110000
2021-10-08,138.6396484375,139.1806633910254,138.07629612988345,138.4328463076523,26526000
2021-10-11,137.77529907226562,139.55856466782143,137.72074204736637,138.15020647249565,17954000
2021-10-12,135.33047485351562,138.36340580085997,134.64711234520846,138.33661914069603,36332000
2021-10-13,136.45420837402344,136.86878120226152,135.39991852664056,136.27617541967604,19654000
2021-10-14,139.99395751953125,140.17892171906655,137.68702021920703,138.33070229242213,31894000
2021-10-15,140.20916748046875,140.55630449662968,139.60120099035484,140.4536525487432,30274000
2021-10-18,141.6076202392578,141.62547801674657,139.91312902751054,139.92007540027947,20396000
2021-10-19,142.06285095214844,142.4848695628123,141.43107913400408,142.21211472454237,20164000
2021-10-20,140.60687255859375,142.3693139266215,140.2175881873202,142.163011218959,23288000
2021-10-21,140.72291564941406,140.99070660858933,139.34827557059145,140.6068703781535,26292000
2021-10-22,136.43882751464844,139.4305952313603,134.94071143427604,138.00934325689758,50588000
2021-10-25,136.3203125,136.86877322103567,134.31388545894404,136.42246503075222,34412000
2021-10-26,138.16656494140625,138.93470665883544,137.17079709217552,138.12193563067672,49236000
2021-10-27,145.0189208984375,147.4314763034353,138.26226450047915,138.26226450047915,85782000
2021-10-28,144.6534423828125,145.9517179093353,143.44145926717053,145.92841199689116,36206000
2021-10-29,146.8324432373047,147.026835739547,143.46378537419665,143.88877021249704,43320000
2021-11-01,142.32070922851562,146.8324309481015,142.05143515277334,146.8324309481015,46924000
2021-11-02,144.24034118652344,145.40719548804785,143.15233350459803,143.39433663204673,33482000
2021-11-03,145.3962860107422,145.46670314849044,143.40573442140956,144.7044940054235,27494000
2021-11-04,147.05210876464844,148.5060949140484,145.10866822451723,145.91847295050908,38412000
2021-11-05,147.63182067871094,149.0952199954821,146.98219111996391,147.94670774549678,38354000
2021-11-08,147.80935668945312,149.38037183168208,147.21376959274264,148.59683920952253,23052000
2021-11-09,147.69778442382812,148.60627612949312,146.03799485146035,148.00970530712945,19530000
2021-11-10,144.69757080078125,146.85624308458767,143.35269859682205,146.29090824279103,29970000
2021-11-11,144.5716094970703,146.32612090055292,144.40696987833476,145.28869002419106,16518000
2021-11-12,147.45924377441406,147.62984607624279,144.21902587009922,145.41365059304397,22360000
2021-11-15,147.23509216308594,148.32359927216987,146.36528227383033,147.67991725355816,23508000
2021-11-16,146.663818359375,147.54304137580007,146.10493053390076,146.93507493624477,18904000
2021-11-17,146.83343505859375,147.34173099742802,146.0330585046554,146.81409417641225,19594000
2021-11-18,148.6102294921875,149.3461514524102,146.67225222682112,147.026320462845,35608000
2021-11-19,147.70570373535156,149.72898972518277,147.67843279309778,148.74610077592874,33682000
2021-11-22,145.10272216796875,148.6013025990791,144.94949337082977,148.10838258410493,30594000
2021-11-23,144.58697509765625,145.45778377770264,142.93364778882065,144.9549360689054,27218000
2021-11-24,144.92222595214844,145.05066575153023,143.18955232530504,144.28102578011982,18040000
2021-11-26,141.01747131347656,143.37250313576732,140.67976264069813,143.16521675032945,30470000
2021-11-29,144.33755493164062,145.0982659592094,142.7139652055701,142.81959849591408,32596000
2021-11-30,140.7343292236328,144.80319311094968,140.44075042064517,143.81981989380787,42068000
2021-12-01,139.89527893066406,144.75412317905503,139.7569265486594,142.81961122468087,34020000
2021-12-02,141.79408264160156,142.68521600548834,139.06512670151332,140.09214564508795,29194000
2021-12-03,140.83749389648438,143.21633168228553,139.15093259281727,142.5032312136305,41230000
2021-12-06,141.98153686523438,142.67331391025607,139.00116443543868,141.86797350092726,30618000
2021-12-07,146.0623016357422,146.32166315012472,144.0370329543183,144.40301145252772,32240000
2021-12-08,146.97177124023438,147.17659085728474,145.20587927665102,146.38661124962783,24270000
2021-12-09,146.42828369140625,147.8778055616714,145.9090763713213,146.38117245241173,23270000
2021-12-10,146.7882843017578,147.75628168931388,145.501419679147,147.481060069157,24458000
2021-12-13,144.63111877441406,146.7570414903442,144.32464606078113,146.57007966602828,27070000
2021-12-14,142.7273712158203,143.29567231486587,140.05743659724035,142.78787579064948,38446000
2021-12-15,145.24057006835938,145.51827360710053,140.51661343560883,142.23342665334246,36370000
2021-12-16,143.26097106933594,146.4664725789084,142.42982768319294,145.96412418925743,33650000
2021-12-17,140.56321716308594,142.65542165791342,140.14169806845578,141.33185805693097,50416000
2021-12-20,140.44619750976562,140.61233535579893,138.17894105107746,138.85237592178575,27192000
2021-12-21,142.2964324951172,142.68968194664052,139.35077693447047,140.88905801007334,28756000
2021-12-22,145.21478271484375,145.29909260146448,141.89473474558528,141.89473474558528,26322000
2021-12-23,145.7122039794922,147.0283222152052,145.2515035755231,145.29911422761188,26384000
2021-12-27,146.69407653808594,147.1279902675561,145.96311835123439,146.04891135250273,15976000
2021-12-28,145.48460388183594,147.0833898415998,144.85729635071093,147.02090274126408,18200000
2021-12-29,145.4528350830078,146.208597395199,144.45360165448406,145.44242309096177,17788000
2021-12-30,145.00204467773438,146.0925342403559,144.79773962624193,145.49149904628018,15688000
2021-12-31,143.6646270751953,145.4959875927401,143.6646270751953,144.85280491667777,18136000
2022-01-03,143.802978515625,144.65543012836076,142.53495522830957,143.86594988262885,28646000
2022-01-04,143.2158203125,145.28421989053714,142.5384203965496,144.20414226489285,28400000
2022-01-05,136.64561462402344,143.3149946024937,136.55933735130031,143.23614798069272,54618000
2022-01-06,136.61834716796875,138.7928795446468,135.43909829641714,135.8754939287169,37348000
2022-01-07,135.89382934570312,137.31359818480337,134.65357655381717,137.01307300645394,29760000
2022-01-10,137.53277587890625,137.68155536055949,132.07291243739996,133.97072480010584,44408000
2022-01-11,138.59056091308594,139.06663719581033,135.5720211712193,136.87574497844983,28730000
2022-01-12,140.2711639404297,141.4390172004531,139.54120457664413,139.99296095115926,26108000
2022-01-13,137.45098876953125,141.67904485341882,137.27443890098434,140.37977039221903,31436000
2022-01-14,138.337158203125,139.5883225969847,135.8755088296192,135.95533915327124,29662000
2022-01-18,134.88319396972656,136.00740156008052,134.32828625328975,135.05874499682633,34872000
2022-01-19,134.00892639160156,136.82862410530518,133.90875636510398,135.40439065709728,28648000
2022-01-20,132.21473693847656,136.49784887181025,131.8745463034307,135.1331212999803,29908000
2022-01-21,129.28298950195312,133.7599798995472,129.02016235439484,131.5066158303364,55652000
2022-01-24,129.73178100585938,130.1275124017033,123.47945498392451,124.94533645029941,76622000
2022-01-25,125.89447784423828,128.3382842647663,125.46354548795776,127.68468965184117,46960000
2022-01-26,128.17364501953125,131.9097642410679,126.09978210305361,130.04418655853962,49130000
2022-01-27,127.94752502441406,131.5651172616213,127.87560963585803,130.22767566573776,31950000
2022-01-28,132.2578887939453,132.26335206297418,127.43177919070502,128.59615164447928,34362000
2022-01-31,134.1943817138672,134.36250208787934,131.12574979400958,133.06224407236246,39986000
2022-02-01,136.5156707763672,136.66345141814793,133.26702398613858,136.4665770332093,68644000
2022-02-02,146.7868194580078,150.3042417927189,144.32963459516995,150.01017866907893,123200000
2022-02-03,141.91705322265625,148.4480810526987,141.49603343553346,144.51112229924576,71518000
2022-02-04,142.118408203125,143.6874410729593,139.36317994593287,142.26867081780298,57998000
2022-02-07,138.0599365234375,143.06754453763955,137.76139385139092,143.06754453763955,54974000
2022-02-08,138.2563018798828,138.85237322389543,135.89085796988192,137.88685780823388,54284000
2022-02-09,140.4313201904297,141.3561864794341,139.03783863725855,139.80797789700927,40144000
2022-02-10,137.48370361328125,140.3247247602678,136.82614390542432,138.55833324032872,39330000
2022-02-11,133.18174743652344,138.01578678020195,132.30647428852177,137.46386044180338,39958000
2022-02-14,134.41505432128906,135.18271167288583,132.16415735662878,132.16415735662878,34302000
2022-02-15,135.48870849609375,136.97641281123626,134.70815708961888,136.4428132990332,26680000
2022-02-16,136.60891723632812,136.95405656109108,133.81797410147496,135.52635776433524,25022000
2022-02-17,131.45254516601562,135.98954027468156,131.39254001045595,135.12617731893766,38950000
2022-02-18,129.3340606689453,132.97100892915242,129.12925617493363,132.37293985364457,45620000
2022-02-22,128.7493896484375,131.09697591573786,127.17241181915688,128.77367925061782,44990000
2022-02-23,126.54212188720703,130.96853484878528,126.4821167334988,130.56933788926054,32786000
2022-02-24,131.60328674316406,131.9097594685947,123.9292178705829,123.9292178705829,54456000
2022-02-25,133.3572998046875,134.16264009522365,130.67149031409218,132.45723763350745,36406000
2022-02-28,133.9499053955078,134.6387009971114,131.5055996259116,131.95935360321266,38864000
2022-03-01,132.96255493164062,135.13857036774974,132.12647806196426,133.77285909543676,26496000
2022-03-02,133.46839904785156,134.15372912259033,131.9806947822643,133.52443917740345,23520000
2022-03-03,132.80189514160156,135.32106741558047,131.93505144439177,134.8950837847723,24604000
2022-03-04,130.8252410888672,132.75430495921202,129.26910212432648,131.83788309122372,30430000
2022-03-07,125.3425521850586,130.65514261832865,125.25973295853518,130.41017325885227,45112000
2022-03-08,126.0625991821289,130.1741178832379,124.64432087127925,125.21510386863837,40428000
2022-03-09,132.32632446289062,132.63924417090806,128.83567386884616,130.1741142565606,37026000
2022-03-10,131.34396362304688,132.17955633727135,129.83940035172492,130.19000303239358,27102000
2022-03-11,128.80592346191406,132.698752456179,128.56888416798853,132.39426221843516,31526000
2022-03-14,124.91854858398438,129.34000556632407,124.2480949884942,129.18231231398767,38812000
2022-03-15,128.138916015625,128.79004377353704,124.68992141435149,125.93513042039176,30920000
2022-03-16,132.18797302246094,132.240032982956,127.67923236827228,129.66135482928354,35576000
2022-03-17,132.7418975830078,132.98141880336502,131.10144887364655,132.05755123913005,28264000
2022-03-18,135.00965881347656,135.12718720596732,131.17435293501333,132.3307953908697,44566000
2022-03-21,134.98583984375,135.92656630102422,132.99330550843302,135.04732810159504,26832000
2022-03-22,138.72146606445312,139.89378371835335,134.9858461376951,134.9858461376951,35496000
2022-03-23,137.1420135498047,138.44425402347676,136.70513365586095,137.56551524552734,25154000
2022-03-24,140.41148376464844,140.45809558114453,136.62130746783723,138.05891879778173,26396000
2022-03-25,140.5116729736328,140.87070507937713,138.59203769066454,140.7526772850465,24126000
2022-03-28,140.2959747314453,140.83848798996723,138.66543848117558,139.74551627484473,35050000
2022-03-29,141.3373260498047,142.6147774301301,140.87415893302065,141.47817546512601,34318000
2022-03-30,140.77499389648438,141.55058130392723,140.43926771554987,141.29221863890226,19884000
2022-03-31,137.9275360107422,140.9431091731122,137.88488921822,140.88855215145054,37524000
2022-04-01,139.0016632080078,139.3195316638882,137.1737682495904,138.3564979945896,25942000
2022-04-04,141.79954528808594,142.53398429656113,139.16036224405133,139.2079728997419,25942000
2022-04-05,139.43856811523438,141.81838966408807,139.23178108005197,141.69789505239882,21418000
2022-04-06,135.42868041992188,138.21812553888182,134.40612601563646,137.6126258686909,32468000
2022-04-07,134.7745819091797,136.04012309209003,133.12718701050363,134.89507649085877,26234000
2022-04-08,132.19491577148438,134.5578779659387,131.87554910979466,134.47208496943966,25142000
2022-04-11,127.76750946044922,131.0097100260204,127.61378123728949,130.742917857672,36884000
2022-04-12,126.6676025390625,130.52125805208976,125.74969005200958,130.52125805208976,32710000
2022-04-13,128.8292236328125,129.26561926423614,126.6938724329844,126.95075200878496,27928000
2022-04-14,125.69117736816406,129.40994617629295,125.56322941407538,129.40994617629295,31598000
2022-04-18,126.62991333007812,127.16151517107208,125.14766477730133,125.95896028482899,20808000
2022-04-19,128.9432830810547,129.26461711503015,125.95844660693362,126.64477542409657,26490000
2022-04-20,126.99042510986328,130.32189946504832,126.4548582513956,129.81905168731214,31696000
2022-04-21,123.79137420654297,129.03205701142468,123.50573299161238,128.19051678314608,36446000
2022-04-22,118.6548080444336,124.37404058160757,117.95013720142737,123.9753354789634,56884000
2022-04-25,122.06513977050781,122.26697049749592,117.5395474851339,118.12470752635328,46128000
2022-04-26,117.67740631103516,121.50576580824183,117.53954577935023,121.29203242122978,73054000
2022-04-27,113.35761260986328,116.28094605000119,111.81238510772637,113.53117356778168,91820000
2022-04-28,117.55095672607422,118.66871748971224,113.17958429242573,115.46073395848471,48884000
2022-04-29,113.17412567138672,116.95339156318096,112.88154564341171,115.77760818173668,42676000
2022-05-02,115.6273422241211,115.78850866046761,111.67699010622513,112.47539163673035,35534000
2022-05-03,116.37217712402344,117.47109620573961,115.08333000535104,115.4760799985851,24968000
2022-05-04,121.25880432128906,121.84743753057185,114.17236904181686,116.07217173392031,49916000
2022-05-05,115.55048370361328,120.04682243338775,114.06277948042218,119.21866799050063,45840000
2022-05-06,114.7977066040039,116.60775134383856,113.08090065435618,114.24031691379543,39710000
2022-05-09,111.58871459960938,114.13368219175439,111.08240126088768,112.32165521736495,40802000
2022-05-10,113.457275390625,115.29707287210782,111.97502692676184,114.56065900721823,39900000
2022-05-11,112.67127227783203,115.41063248936665,112.30827513659509,112.30827513659509,37534000
2022-05-12,111.91899108886719,113.35809330514908,108.92424196384515,110.46451302431396,53836000
2022-05-13,115.09921264648438,116.90875792873446,112.67376319786906,113.59415004437889,35038000
2022-05-16,113.50686645507812,115.21772470104247,112.95592377559407,114.0131798264507,25990000
2022-05-17,115.51824951171875,115.94175125327278,113.92839273794735,115.88273735100042,23054000
2022-05-18,110.98223114013672,114.45404021864253,110.64104923458649,114.05731760057398,35126000
2022-05-19,109.47915649414062,112.08362994881233,109.0983015778271,110.51807047133238,34144000
2022-05-20,108.01524353027344,111.26389823607131,104.92925348383902,111.03329836194462,48962000
2022-05-23,110.57410430908203,111.22819834582448,107.84962051186193,108.68918571926903,37184000
2022-05-24,105.1013412475586,105.58583938493665,101.04932840845038,104.90496623527923,76780000
2022-05-25,104.93769073486328,105.62699334651613,103.0051614939558,104.12490462445021,40258000
2022-05-26,106.90889739990234,107.75886699890704,104.36243908840518,104.81073736570944,37948000
2022-05-27,111.39580535888672,111.39729602913795,108.24385499776788,108.58553629317109,37914000
2022-05-31,112.82947540283203,114.78630197702584,111.1597731470303,111.82229671590991,50012000
2022-06-01,112.95840454101562,116.14159882441551,112.32166882859197,113.91351567650608,36606000
2022-06-02,116.6583251953125,116.93305500118844,112.02066027717234,113.0655218882824,37992000
2022-06-03,113.60208129882812,115.36798842891481,112.5879638758018,115.11110884827522,26136000
2022-06-06,115.86289978027344,118.36868641474054,115.21177950019366,115.74784575456003,33542000
2022-06-07,116.18919372558594,116.72625878645412,114.10889140185589,114.53387621473067,31590000
2022-06-08,116.23332214355469,117.5985414825902,115.64418960311157,115.80436476547463,26108000
2022-06-09,113.89417266845703,117.32928262353619,113.83515876761014,115.37393923285215,25798000
2022-06-10,110.25028228759766,112.3504249488664,109.46130149167207,111.52326180460535,41452000
2022-06-13,105.52037048339844,107.89969964994525,105.24911389802193,105.91113796225396,47252000
2022-06-14,105.8407211303711,107.03981023394988,104.93272890444857,105.66170449580932,33706000
2022-06-15,108.86473083496094,110.5101281231061,106.78690296928498,107.65522217666569,39698000
2022-06-16,105.16431427001953,107.75787626146192,104.27615475355856,106.34207999882139,51684000
2022-06-17,106.26522064208984,107.80846549966309,104.18491071395393,105.16431896946578,51376000
2022-06-21,110.62963104248047,111.56738363539762,107.70976386414048,108.03656113502063,47416000
2022-06-22,110.57361602783203,112.41737098859431,109.47767062090766,109.6502478770662,30774000
2022-06-23,111.3219223022461,111.81832309519362,109.5947045131696,111.31151031036939,28362000
2022-06-24,117.00791931152344,117.11107066416578,112.02659127406567,112.06874621725599,41164000
2022-06-27,114.88398742675781,117.60747238809732,114.23534152789627,117.30348914348141,36420000
2022-06-28,111.08935546875,116.34789602426181,110.93116279588207,114.8532454023872,35792000
2022-06-29,110.7858657836914,112.2329057759541,109.96365886170436,110.63759325554062,24716000
2022-06-30,108.0698013305664,109.97902466562923,105.87494437052855,109.09830333262894,43170000
2022-07-01,107.84614562988281,108.35444147045118,105.85559392220435,107.04823602503195,35476000
2022-07-05,112.33455657958984,112.4476205204141,104.8647923311928,106.22257357959492,39342000
2022-07-06,113.63282012939453,114.6419812155782,110.56219823466688,112.37323400124177,37432000
2022-07-07,117.80931091308594,118.2124805128393,113.89219223353552,114.13666975081995,40936000
2022-07-08,118.37512969970703,118.70390952621402,115.94322591003493,116.28887225514453,38238000
2022-07-11,114.72827911376953,117.03075205965408,114.38511466684228,117.03075205965408,31196000
2022-07-12,113.08584594726562,116.01513422724025,112.75805737728307,115.26235327439865,29960000
2022-07-13,110.44071197509766,113.25991018567453,110.28995752777116,110.78535950872107,43722000
2022-07-14,109.46279907226562,110.18235402261737,107.48464911605639,109.30708832837976,37004000
2022-07-15,110.8612289428711,112.21306263725859,109.99092716981522,111.08240810060202,46770000
2022-07-18,108.13624572753906,112.74812973437768,107.48165988903675,111.71665403211723,43164600
2022-07-19,112.8770751953125,113.08535287704044,108.66191325988503,109.94133979066089,36530900
2022-07-20,112.9663314819336,114.45403556404811,111.55797343357686,112.24231216588865,35600400
2022-07-21,113.40271759033203,113.6110028170901,110.19919909252089,113.34321184946066,32676200
2022-07-22,107.01551055908203,111.41910930762468,105.62698529534984,110.09009735008293,48901200
2022-07-25,106.62870788574219,108.96936280799288,105.42862755501386,107.52133180810117,34690900
2022-07-26,104.15911102294922,106.32124110364808,103.21690153174416,105.72616102673679,47991000
2022-07-27,112.13321685791016,112.97625525163264,107.12461749425067,108.36437093577844,59858500
2022-07-28,113.2837142944336,113.40272578477607,110.54633651373639,111.44888067205848,32816600
2022-07-29,115.36650085449219,115.7533033393372,112.13322162287426,112.15306191622032,37223400
2022-08-01,113.91846466064453,115.76321838407448,113.4027229923445,114.35486029276694,26034300
2022-08-02,114.18626403808594,115.39626477496913,112.78782589750438,113.06552949609615,20236000
2022-08-03,117.11206817626953,117.6476425585004,114.53338259160023,114.76149298206536,28499000
2022-08-04,117.2211685180664,117.80632850385459,115.93182192650802,116.51698947915064,21602900
2022-08-05,116.50707244873047,117.1418256153438,115.04912116805919,115.27723913427396,19159500
2022-08-08,116.33847045898438,119.16510690112827,115.92190753578308,117.41953186952958,19138300
2022-08-09,115.67394256591797,116.35828882894792,114.76148592644728,116.1797640458468,19086500
2022-08-10,118.71878814697266,119.92878873304059,117.43936923676468,117.80633141765588,30930400
2022-08-11,117.86583709716797,120.49411594083621,117.58813353334271,120.28583826796728,24293700
2022-08-12,120.68256378173828,120.68256378173828,118.48076037738996,119.27420563607838,19096300
2022-08-15,121.07928466796875,121.29748248930953,119.62133337705963,120.13706749098401,19494800
2022-08-16,120.70238494873047,121.42640424546009,119.65107651347627,120.52386016096523,19041200
2022-08-17,118.57002258300781,120.29575726084148,118.40141036356964,119.13534985161822,22847000
2022-08-18,119.1849365234375,119.82960983443398,117.74682554009155,118.45100459562921,17987700
2022-08-19,116.24920654296875,118.17330641726673,115.80289830486177,118.08404022953236,21809500
2022-08-22,113.30355072021484,114.6821560186315,112.91674823026226,114.25568050831775,21456600
2022-08-23,112.9266586303711,114.06723327503279,112.50018315686643,112.54977631975122,15870400
2022-08-24,112.758056640625,113.83911800192885,111.94477869138811,112.5696116974473,17734600
2022-08-25,115.69380187988281,115.76322777545683,113.17462177828163,113.30355342238907,16956800
2022-08-26,109.43550872802734,114.17633209597903,109.28674437319086,113.77960949375512,37245700
2022-08-29,108.52305603027344,110.040513040239,107.90814316272662,109.08838330000286,21191200
2022-08-30,108.0469970703125,109.59420698279374,106.91634250859858,109.26691024996742,27513300
2022-08-31,107.3329086303711,109.94134747453214,107.24364243661744,109.7429899257436,28627000
2022-09-01,108.8404312133789,109.54461025492617,106.47994340226887,107.39240011242691,28360900
2022-09-02,106.96592712402344,109.832236521105,106.38076712239958,109.68346459238305,24160700
2022-09-06,105.93445587158203,107.14445651227068,104.91290018646603,106.42044469733727,25068300
2022-09-07,108.55280303955078,109.07846482937784,106.02371068181908,106.18239517986085,23167000
2022-09-08,107.4915771484375,108.70157768967908,106.28158417405022,107.15436785234293,24238300
2022-09-09,109.74298095703125,110.08019027578453,108.12633755578807,108.17593072235994,23197700
2022-09-12,109.95124816894531,110.70502034132073,109.02887135324441,110.08017979616115,22966800
2022-09-13,103.4648666381836,107.4122450675289,103.2367486673143,106.91634367306543,38172900
2022-09-14,104.13929748535156,104.41700106794902,102.8102853209623,103.71282196440401,26395100
2022-09-15,102.06643676757812,104.40708457431286,101.51102201609302,103.17725113683758,34188300
2022-09-16,101.95733642578125,102.28462561681641,100.11258251185099,101.23331701288926,42797200
2022-09-19,102.22511291503906,102.48298375828159,100.71757600878111,100.91593353936474,23036800
2022-09-20,100.3109359741211,101.5308567644108,99.69601550554796,101.24323304040989,26517100
2022-09-21,98.4661865234375,102.03667529857252,98.45626637613883,100.83659474851395,31487300
2022-09-22,99.31912231445312,100.41010377703378,97.98019017551985,98.00994304598551,34298600
2022-09-23,97.93059539794922,98.84305962268306,96.67100931227313,98.81329918585423,31625400
2022-09-26,97.36528015136719,99.06126205035565,96.99831795404086,97.29585425726316,27072700
2022-09-27,96.70077514648438,99.18028220152245,96.0759420926826,98.61495489564797,30072800
2022-09-28,99.22986602783203,99.87453174796886,96.31396358421772,96.84953796570939,32466300
2022-09-29,96.62142944335938,97.8314301011561,95.17339822616405,97.8314301011561,31047200
2022-09-30,94.86592864990234,98.08928738689897,94.77666247319067,96.25445392690247,32941500
2022-10-03,97.83142852783203,98.47610186740503,95.72880384753613,95.96684196996166,27982000
2022-10-04,100.80682373046875,101.00518123961032,99.5571502356858,99.61666354191142,28850800
2022-10-05,100.59855651855469,101.09445790974014,97.99011792498692,99.0116735801322,22176900
2022-10-06,100.58863067626953,102.08625491156727,99.76543259746941,99.85469877759263,22324000
2022-10-07,97.87109375,99.70592728808386,97.49421143647145,99.03150112865876,27502800
2022-10-10,97.05781555175781,98.28764881556005,96.21478474646479,98.18847005614693,18225100
2022-10-11,96.38338470458984,98.43641594865333,95.52051364928485,96.63133537448569,26507100
2022-10-12,96.7602767944336,97.94052452401523,95.94699881751596,96.50241351977157,21876400
2022-10-13,98.24798583984375,98.96208508756953,93.60634829648116,94.37004071240933,34574500
2022-10-14,95.76848602294922,99.86463686071546,95.58004861658395,99.17037028755485,25410700
2022-10-17,99.15052032470703,100.10265003936581,98.01986581562133,98.04961868688342,28419200
2022-10-18,99.9439697265625,102.62184195796414,99.15053198777534,102.28462505466679,24060700
2022-10-19,98.81330108642578,100.19190624537119,98.10912207167954,99.19019095829994,23811100
2022-10-20,99.15052032470703,101.48125523144144,98.57527292412537,99.18027319596912,25323200
2022-10-21,100.30101013183594,100.47953493084219,96.9189666638649,97.04789829825931,32458700
2022-10-24,101.67961883544922,101.9077368068661,99.16044640435987,100.9655271818657,27176400
2022-10-25,103.62356567382812,103.96077501261335,101.8779905293988,102.05651534606606,40611400
2022-10-26,94.1518325805664,97.50412305253043,93.91380204631294,95.6395366616455,88114100
2022-10-27,91.46405792236328,94.64774408921001,91.04750255104241,93.74519988449306,60710900
2022-10-28,95.50069427490234,95.75856512636024,91.37479091899618,91.51364270819928,43697300
2022-10-31,93.73528289794922,95.24281979479946,93.20962863501363,94.63781949338367,31675000
2022-11-01,89.72840118408203,95.24282237108928,89.62922241672638,94.66757492682962,47161400
2022-11-02,86.25708770751953,90.43257644134617,86.16782152387951,90.19454589639709,57038300
2022-11-03,82.74609375,85.81076024558902,82.65682757850765,85.61240274626711,61288000
2022-11-04,85.87028503417969,85.92979077856455,83.02380838038178,84.69995747119829,51124900
2022-11-07,87.7646255493164,88.17126831965837,86.1380696016579,86.56454509810828,34078900
2022-11-08,88.17125701904297,89.57961496473098,86.8719904032514,88.17125701904297,30429000
2022-11-09,86.60421752929688,88.70684212468586,86.56454451049467,87.72495193475426,31769100
2022-11-10,93.16995239257812,93.61626060159357,90.85905017805679,91.49380333022981,51620100
2022-11-11,95.61970520019531,96.1354392923686,93.15011094483498,93.91380328731896,33090500
2022-11-14,94.91551971435547,95.99658864167773,93.73527959271193,94.31051943427285,30179500
2022-11-15,97.63306427001953,99.31912590340235,95.91724219824151,97.4545394739204,41640800
2022-11-16,98.03971099853516,98.82323616436666,96.83963044839486,97.09750131019068,29105200
2022-11-17,97.55371856689453,98.46617527590662,95.99658856050377,96.17511335721086,26052600
2022-11-18,96.63134765625,98.08929899123865,95.5800391036644,97.96035978371822,28342300
2022-11-21,94.81633758544922,97.59338820085925,94.5783070537111,96.49248658714596,21647400
2022-11-22,96.25447082519531,96.42307549576248,93.27906223791702,95.16348162304233,23438500
2022-11-23,97.65290069580078,97.95044455619234,96.29412816473291,96.29412816473291,18868100
2022-11-25,96.6611099243164,97.83143765139204,96.60160417158811,97.43471497720687,9701400
2022-11-28,95.26264953613281,96.7801064114265,94.82625393968354,96.24453206128982,26237500
2022-11-29,94.40971374511719,95.33209067906634,93.33856487339783,94.94528818097686,20061700
2022-11-30,100.16215515136719,100.21174831439473,93.64601154608545,94.04273414974281,43647500
2022-12-01,100.16215515136719,101.4118287044889,99.42822325305634,100.191908022442,28687100
2022-12-02,99.61666870117188,99.94395785152076,98.08929158774455,98.23806351073277,21480700
2022-12-05,98.66455078125,100.54897014150208,98.18848208415297,98.58520473725795,24405100
2022-12-06,96.1850357055664,98.9620789139917,95.62962101039767,98.48601782310948,24910700
2022-12-07,94.16175079345703,96.08584288669229,93.94355298868143,95.6197019736811,31045400
2022-12-08,92.94183349609375,94.79650733675184,92.6839626659769,94.59814224941029,32213300
2022-12-09,92.06903839111328,93.48731643053576,91.9896923660196,93.00132770197703,28225400
2022-12-12,92.54511260986328,92.79306329851202,90.85905095379364,91.9500324704772,29420000
2022-12-13,94.8460922241211,98.7141243795283,94.2510121002556,96.95863687909693,40593700
2022-12-14,94.29068756103516,96.07593554575189,92.83273630132557,94.4196191950435,28733600
2022-12-15,90.11519622802734,92.87240659372344,89.27216542487523,92.36658508509045,40107000
2022-12-16,89.5201187133789,90.58134735770545,88.786179227131,90.01602009048204,58011800
2022-12-19,87.71504974365234,89.81766702120841,87.48693175023637,89.52013069523537,29493000
2022-12-20,88.29026794433594,88.44895999929471,86.72322551931313,87.38773147403228,23453800
2022-12-21,88.84568786621094,89.48044099017838,87.59601434290138,88.349786515183,24745600
2022-12-22,87.04061126708984,87.81421619968995,85.61241288884075,87.43733387958731,27658300
2022-12-23,88.49856567382812,88.81594226177606,86.35626803003854,86.39594104938888,23003000
2022-12-27,86.67363739013672,88.21093460263191,86.29675508801945,88.07208282991216,20097300
2022-12-28,85.31486511230469,87.31831080815121,85.23552664693922,86.2670023652313,19523200
2022-12-29,87.72494506835938,88.12166765847456,85.90003174742517,85.90995189306291,23333500
2022-12-30,87.50676727294922,87.57619316857544,85.8603709383056,86.26701373187004,23986300
2023-01-03,88.38946533203125,90.30364497529531,87.79437761826055,88.85560627643153,28131200
2023-01-04,87.35800170898438,89.90693487275944,86.55463621028365,89.60939097444722,34854800
2023-01-05,85.4933853149414,86.8521576681051,85.195849060361,86.75297891657829,27194400
2023-01-06,86.6240463256836,86.97118333274179,84.16437980636358,86.07855936732152,41381500
2023-01-09,87.29847717285156,89.31184316795068,87.13979266316744,87.63569405206921,29003900
2023-01-10,87.6952133178711,87.94316405055011,85.12644735940724,85.27521931238581,30467800
2023-01-11,90.76979064941406,90.84913669096524,88.28037102229985,88.44897568545483,26862000
2023-01-12,90.38298034667969,91.11691981733598,89.01429529901861,90.73011735676101,30258100
2023-01-13,91.36486053466797,91.43428641574049,89.39116786287846,90.10526696354064,26329200
2023-01-17,90.54167175292969,91.49380146174484,89.3118384915669,91.30535652243567,32602400
2023-01-18,90.3730697631836,92.0392986943226,89.89700111134908,91.38470524390696,29116700
2023-01-19,92.2872543334961,92.84266148471706,89.88708578674498,89.97635197425116,37000400
2023-01-20,97.21649932861328,97.49421044649547,94.24109116727796,94.3204372009586,63191100
2023-01-23,98.97199249267578,99.2199431680557,96.70076339817312,97.14707158711535,40005100
2023-01-24,96.89913177490234,98.79347877926642,96.40323036854797,97.29585441335684,33078500
2023-01-25,94.43944549560547,95.37174236803631,92.9914145966969,94.78657489485524,42330000
2023-01-26,96.7206039428711,96.77019710869844,94.59814659536165,95.70896843494373,30114000
2023-01-27,98.55543518066406,99.49764470130867,96.5123165113975,96.5123165113975,33879800
2023-01-30,96.14535522460938,97.48428734322064,95.60978086379407,96.68092958542469,27226200
2023-01-31,98.02977752685547,98.06945054380512,96.02633935545113,96.07593251835176,29870700
2023-02-01,99.60675811767578,100.36053038415385,96.78012157695186,97.90085604626204,35531100
2023-02-02,106.85682678222656,106.9659256907038,104.74428963661705,104.93273458159672,69883800
2023-02-03,103.92109680175781,106.92625809323451,101.7391336553045,102.08626312403277,65309300
2023-02-06,102.0564956665039,103.5045266483121,101.04485271151285,101.56059433437012,31999600
2023-02-07,106.75764465332031,107.29321903254016,102.27469966826962,102.37387842734272,49010200
2023-02-08,98.55543518066406,102.29452796034936,97.23633579827843,101.21346666964877,94743500
2023-02-09,94.23118591308594,99.21003262732542,92.86249320969232,99.18027975409596,119455000
2023-02-10,93.79478454589844,95.95691481547425,93.47740797269714,94.6675682304884,54980700
2023-02-13,93.83446502685547,94.4196250562035,93.07077262109874,93.96339666886732,50076100
2023-02-14,93.90387725830078,94.07248189644318,91.50371660885547,93.65592659037824,54726100
2023-02-15,96.14535522460938,96.32388001154781,93.37822481049062,93.7154340931221,50169000
2023-02-16,94.72708129882812,96.87929141683016,93.96338895576008,94.58822952133472,42462600
2023-02-17,93.57659912109375,94.77667968384696,92.445944456455,94.07250055529865,34284100
2023-02-21,91.03756713867188,92.33682620286696,90.96814125509322,92.23764745016229,33629300
2023-02-22,90.89871215820312,91.35494045799983,89.8672365194592,90.9482977493757,30884000
2023-02-23,90.14495086669922,91.18634677544837,89.02421648917793,91.1665064831145,41206400
2023-02-24,88.39938354492188,89.1531558147064,87.85389652834307,88.70684756779147,36585100
2023-02-27,89.13331604003906,89.42093974612138,88.60765422535826,89.13331604003906,27502300
2023-02-28,89.32174682617188,90.4821617111098,88.5878149626214,88.59773510812792,30142000
2023-03-01,89.61930084228516,90.28380689652273,88.93495449477956,89.24241850559551,31111200
2023-03-02,91.24584197998047,91.5235455057447,88.85559400906735,88.92502745736198,32204400
2023-03-03,92.88233184814453,92.96167788657921,91.69216397218837,91.7219244117424,35160100
2023-03-06,94.35020446777344,95.18332281482824,93.229469946737,93.2493026747561,32639300
2023-03-07,93.0905990600586,94.88575946844404,92.76330236344629,94.20142077271831,27835500
2023-03-08,93.4774169921875,95.17339892826718,93.22946628398542,93.34848534799025,34103300
2023-03-09,91.563232421875,94.74691844025844,91.14667706997915,93.27905456209555,28813500
2023-03-10,89.88707733154297,92.02937482791765,89.65896694454361,91.41445442058324,35941000
2023-03-13,90.36315155029297,91.81118269560834,88.687002437022,89.35150848107031,37335600
2023-03-14,93.19970703125,93.58650950422467,91.6822500116025,91.80126150060728,36050200
2023-03-15,95.32215881347656,96.13543673086967,91.88060220810499,92.45584959444147,50622100
2023-03-16,99.4976577758789,100.36052894620208,94.71716852573586,95.41142746724535,65492000
2023-03-17,100.78699493408203,101.99698789396676,99.27945056518114,99.43814263216196,61028500
2023-03-20,100.39026641845703,100.91592061736439,99.05133434132713,99.29928500623465,32960400
2023-03-21,104.05994415283203,104.23846895297474,100.39027695383191,100.4200298260466,42110300
2023-03-22,102.52265167236328,105.71625013011207,102.48297865485124,103.41526808239401,43427400
2023-03-23,104.734375,105.42864150563719,103.60372040435178,104.19880057571585,40797800
2023-03-24,104.57567596435547,104.62526155775176,102.98878563859677,104.12936022266562,30393300
2023-03-27,101.6201171875,103.90126672624382,101.0944628976051,103.7624149352095,31120900
2023-03-28,100.20183563232422,101.61019379170308,98.92240911282488,101.60028121184264,32057900
2023-03-29,100.55889129638672,101.64987292821645,99.82495929924386,101.44159523579167,28779600
2023-03-30,100.06298065185547,100.33077163663715,98.96207897409658,100.0828209446528,33086200
2023-03-31,102.87969970703125,103.0383842078249,100.2117479628211,100.46961878932184,36863400
2023-04-03,103.50455474853516,103.67315943118984,101.09447331738312,101.5507017587842,25035400
2023-04-04,103.86158752441406,104.71453851392779,103.18716133658586,103.47478504857116,24420100
2023-04-05,103.61363983154297,105.2302756731111,102.8102819841236,104.91289907946413,28290500
2023-04-06,107.53125,108.27510204632019,103.47478047282404,104.39715731293522,48711500
2023-04-10,105.56749725341797,106.70806447179427,104.25831780056538,106.10307169779246,27067400
2023-04-11,104.48641204833984,105.85510460555605,103.82190606100231,105.67657981839106,26311800
2023-04-12,103.78224182128906,105.87494628290851,103.48469796190201,105.70634162712136,24370300
2023-04-13,106.54936218261719,106.6088679220058,104.9723919871335,104.9723919871335,24843600
2023-04-14,107.97756958007812,108.04699547084493,105.96420361413152,106.01379677904549,26578000
2023-04-17,105.1013412475586,105.2897861961485,103.66322268410477,103.80208203407157,37571200
2023-04-18,103.64340209960938,105.66668090507896,103.21692655384585,105.61708773379148,26596400
2023-04-19,103.32601165771484,104.11945689106093,102.22510999070306,102.73093151613256,20905700
2023-04-20,104.42691040039062,105.37904011363008,103.01855233915232,103.05822535639409,27820800
2023-04-21,104.54593658447266,105.13109660328743,103.92109597885471,104.60544233096776,25800100
2023-04-24,105.1013412475586,105.75592714410803,103.84174748622819,104.62527258627793,23542800
2023-04-25,102.99871063232422,105.8154342829649,102.98879048643646,104.96248334111876,46664100
2023-04-26,102.85987091064453,105.4782297846258,101.78872203487352,104.05995143064801,53347600
2023-04-27,106.70803833007812,107.48165071588909,102.69124233160123,103.59377876476735,50089200
2023-04-28,106.46011352539062,106.47003367253913,104.22855712885315,106.16257721263207,36139800
2023-05-01,106.3212661743164,107.10479136096627,105.94438380233586,105.96421653060621,26681700
2023-05-02,104.4566650390625,106.3212514798493,102.85986201062076,106.26174573640694,30997200
2023-05-03,104.54593658447266,106.60888065380296,104.09962078519486,104.66494807746287,21795400
2023-05-04,103.83184051513672,104.73437715411653,103.11774126807067,104.62527823765616,23419500
2023-05-05,104.7046127319336,105.01206915340022,103.25658167035746,103.96076069275621,26639300
2023-05-08,106.88658142089844,107.07502636899285,104.29798314719713,104.3178158732233,26511400
2023-05-09,106.47001647949219,109.24706701792465,106.31133198501676,107.50149217757128,36360100
2023-05-10,110.83395385742188,112.01420151452291,107.04526777320253,107.08494078998831,63153400
2023-05-11,115.61445617675781,116.95338849067711,113.47216598785796,114.4540486758181,78900000
2023-05-12,116.54673767089844,117.06247174670034,115.15821237424916,115.7235396119098,41102300
2023-05-15,115.554931640625,117.5087841186648,115.05903030373587,115.15820905774291,36266800
2023-05-16,118.53034973144531,119.76018303268906,115.47559542065336,115.535101164742,45035600
2023-05-17,119.84943389892578,120.67263195090871,117.91542167256014,118.62952082286563,33323600
2023-05-18,121.82313537597656,122.29919646548392,119.83952984703524,119.95854133598478,35234200
2023-05-19,121.75370025634766,124.93738598095622,121.1487000105305,122.53722528891174,41353400
2023-05-22,124.02494049072266,125.39362560112353,121.73387092669454,121.93223602252743,35253000
2023-05-23,121.55534362792969,123.60837503480265,121.20821417591823,123.14223409458985,34046300
2023-05-24,119.9089584350586,120.9106813684256,118.87748262878495,120.12715625884692,34182600
2023-05-25,122.46781158447266,124.29272508219533,120.96026710936242,123.49927982509996,42317000
2023-05-26,123.58853912353516,124.23321241314245,121.44624158887478,122.16034076709491,35635900
2023-05-30,122.65624237060547,124.62993526057318,120.99993361988649,124.61009496844295,35076700
2023-05-31,121.86280822753906,123.04304837018027,121.49583848112029,121.74378917189807,37325800
2023-06-01,122.70584106445312,123.40009998321423,121.6148595206051,121.8132170497212,30772700
2023-06-02,123.6480484008789,125.11591981661117,122.74551182311099,122.97362222070807,26980100
2023-06-05,124.97706604003906,126.38542412216299,122.82484833216863,122.99346054966021,32305500
2023-06-06,126.26641082763672,127.23837332481472,124.33239841304952,124.97707174019685,26638300
2023-06-07,121.49583435058594,127.98221754198133,121.11895203748432,125.92919376166726,52539000
2023-06-08,121.13878631591797,122.21985523958173,120.24616233464845,121.22805249747213,29389200
2023-06-09,121.22805786132812,122.74551491320051,120.9106812724846,121.2478905876319,23778300
2023-06-12,122.62648010253906,123.03312282465018,120.66271507597186,121.78344935610956,28306400
2023-06-13,122.81492614746094,124.1340255114408,122.170252900137,123.955500728595,22278300
2023-06-14,122.65624237060547,123.03313225253616,120.45443908912067,122.09091511456377,30592300
2023-06-15,124.06460571289062,124.43157546435972,121.39666138886585,122.13059332494937,35246300
2023-06-16,122.51740264892578,125.07625577200433,122.26945194087992,124.8977309595371,45535600
2023-06-20,122.09092712402344,123.54887849797753,121.13879731318417,121.92232245860355,26097500
2023-06-21,119.56182861328125,121.65453309243799,119.11551282046045,121.39666224993185,30306300
2023-06-22,122.14051055908203,122.22976917477193,117.85592296831348,119.01633037340913,26952200
2023-06-23,121.3371353149414,121.78345105765439,120.06762910490728,120.38500565741582,34913600
2023-06-26,117.36993408203125,120.99993578775403,117.30050819204033,119.77010249354858,33969900
2023-06-27,117.36002349853516,118.10387557545451,115.14829999374557,116.1202700370029,39535900
2023-06-28,119.19486236572266,119.4031400484243,115.89215718247867,116.1301877388727,27091400
2023-06-29,118.12371063232422,119.07584040154654,117.33027294139967,118.26256241740738,24090900
2023-06-30,118.71878814697266,120.08748080780242,118.708875567441,119.1849366580173,29532200
2023-07-03,118.91715240478516,119.2047761131289,117.84600360823359,118.26255895127434,14467900
2023-07-05,120.75198364257812,121.60493460466255,118.25264406620929,118.26255664547801,27584800
2023-07-06,119.12541961669922,119.31386454589494,117.4294379544993,118.81796320957261,24745200
2023-07-07,118.50059509277344,120.05772509699975,118.42124905726847,119.1155079508008,21709500
2023-07-10,115.49542236328125,117.34017600620315,115.18796594507899,117.33026342725442,35315200
2023-07-11,116.1797866821289,116.74511401095428,114.40445865062509,115.33675576256198,23078800
2023-07-12,117.95510864257812,119.34363409167489,117.4393745101533,117.82617700118566,30404400
2023-07-13,123.51911163330078,123.80673533006852,119.46263457450904,119.93870320943425,44297900
2023-07-14,124.39190673828125,125.74075916657561,122.47772701039696,123.77699383825481,33283100
2023-07-17,123.62821197509766,126.05812564014278,123.18189620588134,124.9076384065508,25716200
2023-07-18,122.74551391601562,123.65797065567115,121.95206866692536,123.57862461739118,26193600
2023-07-19,121.02969360351562,124.15387391443447,120.80158319859368,123.57862647852336,37224000
2023-07-20,118.22288513183594,123.0727999886977,117.25092267132642,120.42468845421087,37906800
2023-07-21,119.03617095947266,119.99822090421563,117.7567519823055,119.63125870411923,72937900
2023-07-24,120.5337905883789,121.99174188501857,119.98830359973758,120.6627297925078,29686100
2023-07-25,121.20822143554688,122.14051850552042,120.02797366116377,120.36519055392536,52509600
2023-07-26,128.21034240722656,129.90631659089652,127.26813284588675,129.00378761340536,61682100
2023-07-27,128.33926391601562,132.14779780312753,127.73426366088836,130.59066029279523,44952100
2023-07-28,131.49322509765625,132.64372004824634,129.4997067956334,129.70797692151828,36591200
2023-07-31,131.63206481933594,132.43542264148525,130.6997677943249,131.64197739889866,28055500
2023-08-01,130.47164916992188,131.54279790983335,129.60877052366334,129.70795684787504,23166800
2023-08-02,127.32762908935547,129.02360314650636,126.51434365192316,128.3888500556574,26273300
2023-08-03,127.39705657958984,128.32935355941024,126.37550098690372,126.92099551059741,20089500
2023-08-04,127.05984497070312,130.43196810964983,126.8614874567136,128.22025231793552,26147200
2023-08-07,130.45181274414062,130.53115877911966,127.962393323222,128.10124510100812,22746300
2023-08-08,130.32289123535156,130.431990156543,128.4781372893849,129.54928620643435,23535200
2023-08-09,128.59713745117188,130.95761750800182,127.94254405878128,130.58074278541653,24912900
2023-08-10,128.6269073486328,130.9675625582551,128.38886922887625,130.2435507528464,20857800
2023-08-11,128.4979705810547,128.86493278064867,127.11936527043054,127.60535409901688,19591100
2023-08-14,130.25344848632812,130.29311393491162,127.9028809647762,128.3293488553076,24695600
2023-08-15,128.71617126464844,130.34272731563817,128.22026984503316,130.02535827661376,19770700
2023-08-16,127.64501953125,129.2120697982791,126.82182894388471,127.64501953125,25216100
2023-08-17,128.85501098632812,130.90804993539842,128.23017041335734,128.73599949955613,33446300
2023-08-18,126.41517639160156,128.19050420505582,125.34402761585469,127.4565647289768,30504800
2023-08-21,127.31771087646484,127.6747604625636,125.52255036686307,126.13747078000077,25248700
2023-08-22,128.0218963623047,129.21205659443743,127.2681317464859,127.45656155015928,22054900
2023-08-23,131.28492736816406,132.31641072027463,128.80542045173755,129.11287688798097,27819700
2023-08-24,128.71617126464844,133.14953116670597,128.5079011432878,132.85198728819475,28500700
2023-08-25,128.81533813476562,129.68811421046675,126.20689221900474,128.47811371877063,26762900
2023-08-28,129.93606567382812,131.45352258706555,129.0732021716326,130.23360950918428,20543300
2023-08-29,133.46690368652344,135.45050919179718,131.15600145683445,131.15600145683445,43075600
2023-08-30,134.76617431640625,135.16288939766932,132.97101360306888,133.67518514236738,28315800
2023-08-31,135.0537567138672,136.8687572675909,134.67686688730078,134.89506466755432,30053800
2023-09-01,134.5479736328125,136.3332217281178,133.7446157733526,136.3332217281178,21543700
2023-09-05,134.6570587158203,135.30172442643027,133.4768110647792,134.3297620041587,19403100
2023-09-06,133.35780334472656,135.41082715108524,132.57427070368973,134.9050132008134,18684500
2023-09-07,134.15121459960938,134.46859869666807,131.86015300865373,132.4949060690644,18844300
2023-09-08,135.2620849609375,135.5397885635056,133.74462772772205,133.8041334805993,23558300
2023-09-11,135.797607421875,136.35301444521784,134.67686566381838,135.4207175987325,20763400
2023-09-12,134.23057556152344,135.74803250189984,134.08181120803886,135.14303224154853,18405500
2023-09-13,135.58934020996094,135.77776999179343,133.0503128396787,133.98260970579463,20749500
2023-09-14,136.96795654296875,137.5630290724014,135.1232029476824,136.47205520158755,24751000
2023-09-15,136.27369689941406,137.3845263119322,135.36124015129133,136.84894433199983,38919600
2023-09-18,137.07705688476562,138.0192664165555,135.4901665221767,135.4901665221767,21861300
2023-09-19,136.908447265625,137.2754245802509,135.5000891528616,136.29353439301667,20353700
2023-09-20,132.64369201660156,136.94811189062173,132.5246654075392,136.94811189062173,29927500
2023-09-21,129.37075805664062,131.14607838789655,129.00379586795694,130.36256084439935,31503900
2023-09-22,129.18228149414062,130.947688813652,128.5376158933336,129.6880953439874,26397300
2023-09-25,130.03526306152344,130.0947688069164,127.90289313849301,128.76575671410941,20094600
2023-09-26,127.51609802246094,129.29141844193066,126.17715813897233,128.70625840016731,25718700
2023-09-27,129.46995544433594,129.82700512550136,127.51611748024226,127.51611748024226,22746500
2023-09-28,131.2254180908203,132.20730825142687,128.72607094890918,128.77566411264445,22513100
2023-09-29,129.7873077392578,132.9511609153293,129.29140636705122,132.18746856469267,30859800
2023-10-02,133.0701904296875,133.31814114938217,130.09478179335153,130.1344623833808,22288000
2023-10-03,131.3444366455078,133.15943757319482,130.75927662958244,132.8420685488848,22989400
2023-10-04,134.13140869140625,134.45870541332442,131.44361659343454,131.70147985901755,26752300
2023-10-05,133.96278381347656,134.3793390874644,132.35605331814457,133.96278381347656,19832600
2023-10-06,136.4522247314453,137.02747214489506,132.91148163496393,132.91148163496393,27597600
2023-10-09,137.2853546142578,137.80109635598646,134.49839090670235,135.8174905702575,19278100
2023-10-10,136.92828369140625,138.57467986983306,136.20427192955205,137.36467931785276,27786600
2023-10-11,139.3978729248047,139.95328001705715,137.44402038931838,137.44402038931838,25884300
2023-10-12,137.83082580566406,140.0623819353228,137.12663921258442,139.89377728823808,24765500
2023-10-13,136.2340087890625,138.85236710628996,135.500069400509,138.23745432331978,23420500
2023-10-16,137.9597625732422,138.4854167971643,136.8588609633149,137.03737818636395,28501900
2023-10-17,138.57470703125,138.75322429503643,136.05551910615523,137.4936454662008,23515800
2023-10-18,136.82911682128906,139.56648701861894,136.25386939858822,138.30689326315832,23375000
2023-10-19,136.62083435058594,138.51518131196565,136.25387216099756,137.36468644323884,26066000
2023-10-20,134.4884796142578,136.73986130635555,133.97273786758853,136.2042943979111,26335700
2023-10-23,135.38108825683594,136.53158318839846,132.85198797694417,133.93304944521964,26317900
2023-10-24,137.67213439941406,138.21762892713875,136.2935292113691,136.70017196237376,44814300
2023-10-25,124.5803451538086,127.25820957616193,124.04477075596701,127.10944521580694,84366200
2023-10-26,121.27762603759766,123.3108244835328,120.27590324893443,122.25950853595265,57061100
2023-10-27,121.16854858398438,122.2992031923221,119.22461596672207,121.87272767746805,44566500
2023-10-30,123.43977355957031,124.37207059770444,121.74379170735196,122.20002007986204,28940100
2023-10-31,123.06288146972656,124.34230786737872,121.6842763149313,124.03484388332474,26292300
2023-11-01,125.41345977783203,125.45313279745749,122.70584239837481,123.05297186152897,30082400
2023-11-02,126.44493865966797,127.92272273406017,125.889531505127,127.3673155795192,27124600
2023-11-03,128.041748046875,128.4682159884043,126.81190712180837,126.970599202535,26393100
2023-11-06,129.18228149414062,129.2715400911067,127.6152316569002,127.9921214668091,19052700
2023-11-07,129.8964385986328,130.82873582910264,128.81537697339124,129.63857526979092,29757300
2023-11-08,130.75927734375,131.1262546701782,129.70796879855988,129.89641375169958,26425800
2023-11-09,129.17239379882812,131.46345569784398,129.0037891497348,130.8782957156304,23747800
2023-11-10,131.5031280517578,131.71141329610631,128.34920244954847,129.03354879478132,26913300
2023-11-13,131.0072021484375,131.5031034497492,130.17409159432344,130.69974576301732,18324800
2023-11-14,132.52468872070312,134.58764041410248,132.2271599799759,133.09002359550504,32395200
2023-11-15,133.51649475097656,133.92313755134404,132.47511386601616,133.76444546334056,23861500
2023-11-16,135.8075714111328,136.09520274306146,133.21898022604742,134.0818439544092,28013200
2023-11-17,134.2008056640625,134.94465760452582,132.55440973708082,134.8851518706818,37240600
2023-11-20,135.13311767578125,135.53976041427174,132.52467173584012,132.5941051889177,27815500
2023-11-21,135.84722900390625,136.05549911438757,134.84551363674532,135.17279523893023,22635300
2023-11-22,137.35475158691406,138.2771207680308,136.34310866753836,136.34310866753836,17813900
2023-11-24,135.5695037841797,136.99770199138314,134.87524497059664,136.89851567499682,12514300
2023-11-27,135.29180908203125,137.2853270482676,134.88516634551732,134.91491921563218,23436500
2023-11-28,136.0753173828125,136.12491054089853,134.30990991764168,134.96450328347996,18730000
2023-11-29,133.8834686279297,137.15640583938017,133.73468912413915,136.44232172928395,23967200
2023-11-30,131.44361877441406,134.43886735166274,130.2038653225059,133.94296597089948,38988300
2023-12-01,130.7790985107422,131.02704917414542,129.59885093154966,130.7790985107422,31442300
2023-12-04,128.21034240722656,128.96410702955671,126.85156995087304,128.81534267439568,36669900
2023-12-05,129.91624450683594,131.05681158807658,127.19869958988002,127.89295847123121,27384800
2023-12-06,128.95420837402344,130.75928165761354,128.81535658297804,130.3625665785439,23576200
2023-12-07,135.8075714111328,137.42421507113212,133.5958550581541,133.9330644308803,56767100
2023-12-08,133.8834686279297,135.28189910781614,132.9313312582846,133.09993592227912,32260100
2023-12-11,132.19737243652344,132.2469655972193,130.2832005300675,131.29484350017327,31138000
2023-12-12,131.43370056152344,131.90976162921305,130.18401944998905,130.7295139721899,29032800
2023-12-13,131.4832763671875,132.4056455099315,130.49147377909813,132.28663404214686,30104800
2023-12-14,130.85842895507812,132.6238362575692,128.62687325020627,132.28662702758902,38722400
2023-12-15,131.51304626464844,132.41557523506742,130.10467308952005,130.54106870618423,50847100
2023-12-18,134.68682861328125,136.0257533662055,131.34444275367903,131.5428154285214,32258000
2023-12-19,135.52984619140625,136.34313174933595,134.96452646649996,135.71829114427823,25476800
2023-12-20,137.20599365234375,140.5384516154751,136.93821779664987,137.83083424971508,49107200
2023-12-21,139.26893615722656,139.5367271291243,138.03909533601887,138.34656689160218,27488300
2023-12-22,140.33018493652344,140.8260863411753,139.5565799559633,139.61608570312794,26532200
2023-12-26,140.35995483398438,141.51043473069583,140.032658051172,140.42937316952606,16780300
2023-12-27,139.2193603515625,140.91534987341666,138.74329922394273,140.4293610317835,19628600
2023-12-28,139.08050537109375,139.98304957042203,138.60444425438513,139.62599994946305,16045700
2023-12-29,138.544921875,139.20942786934887,137.6423777840169,138.4854161342685,18733000
2024-01-02,137.03738403320312,138.30689034141093,135.36123496575607,137.41427392066478,23711200
2024-01-03,137.78125,138.48543668179107,135.95633638949388,136.12494105781897,24212100
2024-01-04,135.27197265625,138.01927043379123,135.2323072061994,137.28533097133266,27137700
2024-01-05,134.6173858642578,136.03567169625202,134.0421384410589,135.6290289280703,22513900
2024-01-08,137.70188903808594,137.87049368814525,135.1430361482217,135.17278901977872,21404000
2024-01-09,139.7946014404297,140.33018342656837,137.01755057751834,137.3646876105234,24759600
2024-01-10,141.11370849609375,141.82780775984716,139.75494343237068,139.84420205691225,21320200
2024-01-11,140.91534423828125,144.02960443815402,139.4871457788245,142.3137898243085,24008700
2024-01-12,141.4806365966797,142.02613106020752,140.65745374610032,141.50047688636437,18785500
2024-01-16,141.3219757080078,143.16672938152487,140.29049239931624,140.83598692471,22670500
2024-01-17,140.31031799316406,140.67728012012063,137.7613779932037,140.19130652143912,20968600
2024-01-18,142.30386352539062,143.02789047593322,140.826087018,140.88559276545064,25746400
2024-01-19,145.18011474609375,145.24953308023393,143.19650892694762,143.55355857974237,34271900
2024-01-22,144.7932891845703,147.17360973542569,144.64450969157375,145.89419084442545,32200400
2024-01-23,145.83465576171875,145.9735075280984,144.30728633154266,144.6940887617222,21636100
2024-01-24,147.48106384277344,148.6216460696022,146.88599128129252,147.32237177289502,25233500
2024-01-25,150.62509155273438,151.79542676635216,148.3141891335314,148.83985855855067,29149100
2024-01-26,150.9424591064453,151.28958097989496,149.77212402167038,149.86139776851957,26115500
2024-01-29,152.25161743164062,152.51940838119864,150.18866612963436,150.81350663403398,27784300
2024-01-30,150.21844482421875,152.3607271720474,149.95065385559957,151.54745682095233,36331800
2024-01-31,138.95155334472656,142.81957751562527,138.72342784548118,142.44268767661725,71910000
2024-02-01,140.00286865234375,141.88728767351694,139.63589137319994,140.95499074150428,40466500
2024-02-02,141.21287536621094,141.45089833217304,135.38107056080497,138.11844060532798,62499600
2024-02-05,142.50221252441406,144.27754793012062,141.60959609870966,141.64927668377285,38505400
2024-02-06,142.9187774658203,144.1684434401665,142.01623336193828,143.46425685279377,29128200
2024-02-07,144.34695434570312,144.42630037557493,142.75015143708904,143.57334947158776,25208900
2024-02-08,144.7139434814453,145.13049882211826,143.91058567202538,144.63459744507298,22563800
2024-02-09,147.77862548828125,148.2150211661504,144.9817341712347,145.47763559904774,26829500
2024-02-12,146.32066345214844,148.11582406905052,146.161971374684,147.20336732419403,21564100
2024-02-13,143.95025634765625,145.46771340579025,142.51214532877424,143.7320585231407,27837700
2024-02-14,144.7436981201172,145.31894554055629,142.90885694916992,144.88254990203635,22704200
2024-02-15,141.59967041015625,142.34352240728126,139.30860868040443,141.96663255261817,37590700
2024-02-16,139.3681182861328,142.01622965333587,138.9912284210113,141.81787214200648,31468900
2024-02-20,139.9632110595703,140.915348438827,138.34658273143967,138.51518739713623,25144700
2024-02-21,141.38148498535156,141.5203367649503,139.5268035526364,140.29049590728383,23223300
2024-02-22,142.9088592529297,143.8114034168082,141.62944032274333,143.74196995787472,27191900
2024-02-23,142.77992248535156,143.4940065020115,142.25425313452644,142.4922912292185,19493800
2024-02-26,136.44232177734375,141.27239668798464,136.26378939947426,140.97485281400884,53641800
2024-02-27,137.74156188964844,138.10852404072233,135.9662266066363,136.8886109742461,33099200
2024-02-28,135.2620849609375,136.87871340437798,134.30003493285824,136.76961447953255,37328600
2024-02-29,137.3250274658203,137.72174254712453,135.28190090934368,136.15469224866533,42133000
2024-03-01,136.01583862304688,137.7316532704347,135.79764079115824,137.29525760665743,31151100
2024-03-04,132.2569122314453,134.54797432652032,130.8287137478375,134.54797432652032,55999400
2024-03-05,131.58248901367188,132.14782393122584,129.5988832123646,130.79897138098846,40194800
2024-03-06,130.32289123535156,132.48502936431544,129.77741176310514,132.02879338468463,35318600
2024-03-07,133.27847290039062,133.8338800794751,130.53117474630065,131.70149485455573,37738200
2024-03-08,134.3000030517578,136.95802694070352,132.90155765626992,133.1098428756074,39370400
2024-03-11,136.5414581298828,137.95974367590222,135.01408882941428,135.01408882941428,32437800
2024-03-12,137.3647003173828,138.2374917037032,135.90674885782994,135.90674885782994,27563400
2024-03-13,138.64410400390625,139.9334506450809,137.85067388660744,137.86058646627538,23347200
2024-03-14,141.92698669433594,142.41296038062768,139.30862790840655,140.03263971476812,42753400
2024-03-15,140.02267456054688,142.00627962960377,138.88210769932144,141.33186117030314,49475400
2024-03-18,146.4694366455078,150.90279656609297,145.96362264352206,147.3918211593764,69273700
2024-03-19,145.82476806640625,147.5703355892813,144.88255840993227,146.9455101008083,24070400
2024-03-20,147.52073669433594,147.639748173652,145.53713132595888,146.78679725990156,21311500
2024-03-21,146.3900909423828,149.13737364463717,145.6958169152109,148.24475722928597,24755600
2024-03-22,149.5341033935547,150.3374611918101,147.75876801352786,147.89761979182254,29211800
2024-03-25,148.83985900878906,149.1473154668572,146.60830262559878,148.71091979719523,19229300
2024-03-26,149.43490600585938,151.01186861414138,148.75055974430478,148.98859783249566,22149100
2024-03-27,149.63327026367188,150.3969625890798,147.679417711027,149.94072668288968,22879200
2024-03-28,149.69277954101562,150.1886809085542,148.93901491049212,149.61344863987313,24485400
2024-04-01,154.21542358398438,154.4633742852125,149.3754210532241,149.45476709366227,31730800
2024-04-02,153.29302978515625,153.43188156405296,150.90278153856184,152.24172129726563,24586000
2024-04-03,153.65008544921875,153.80877752671594,151.47803493131784,152.34091364414047,24705000
2024-04-04,149.29605102539062,153.501299690698,149.216704997701,152.24170609339924,34724700
2024-04-05,151.24993896484375,152.16239579697978,148.37371667079992,148.80018464435562,23459200
2024-04-08,153.58065795898438,153.99721328727458,151.35901440772807,151.52761905486636,20702000
2024-04-09,155.31629943847656,157.2602241375123,153.91785408433802,154.81047040663094,31079500
2024-04-10,154.860107421875,155.3262560052682,153.4120684989216,154.92954089050068,22838600
2024-04-11,158.10330200195312,158.37107788543062,155.17748650921038,155.62379478205062,27166400
2024-04-12,156.43704223632812,158.90663651169768,155.85188225072014,156.66516776322655,25353700
2024-04-15,153.59056091308594,157.93466141742405,153.32276995678504,157.5577715629048,27136500
2024-04-16,153.13433837890625,154.3740918150493,152.17228850176252,152.92606827651122,20779500
2024-04-17,154.19557189941406,155.7923749027095,153.3128680735991,154.3443362556772,21763100
2024-04-18,154.73114013671875,155.6535245551475,153.3525349324206,154.0666341164594,19883000
2024-04-19,152.82687377929688,155.07827013643043,151.05155361246563,154.91957807299633,32615600
2024-04-22,154.99891662597656,156.3477688326678,152.79711353661722,153.04506419862878,26446200
2024-04-23,156.9626922607422,157.66687884737183,154.99892712206798,155.67336083793805,21151600
2024-04-24,157.8256072998047,158.2620030164986,155.88166687099877,156.19905107721684,22779100
2024-04-25,154.7212371826172,155.2072260039545,149.63328396324783,150.08951991120836,57109700
2024-04-26,170.54049682617188,173.2778823744627,168.25934724716632,172.9406579042473,64665300
2024-04-29,164.78802490234375,168.1601634153097,163.8557430067843,167.67417460775002,45610000
2024-04-30,161.4456787109375,166.72207752926022,161.26716144885114,164.25248280108428,33562900
2024-05-01,162.5167999267578,165.7500714576766,161.7531075684998,162.95319556004813,33493200
2024-05-02,165.25416564941406,165.36326455481128,162.54654844018515,163.43916484164697,24294500
2024-05-03,165.86911010742188,166.5832093530068,161.71345384411,166.18647914228734,34662400
2024-05-06,166.7220458984375,166.76171134902742,164.66900697168114,166.08729275303767,21871300
2024-05-07,169.84622192382812,170.35203588113026,167.00966543700736,167.1187643454893,28039700
2024-05-08,167.99154663085938,168.75522381569002,167.35679350646177,167.6146567610361,19569100
2024-05-09,168.5668182373047,169.29083007689735,166.8013952497484,168.00148335133193,15346700
2024-05-10,167.26754760742188,168.4577231557963,164.82772102741802,166.65263467214967,29799900
2024-05-13,167.75350952148438,167.89236129533526,162.65564420480408,162.91350746089623,31327600
2024-05-14,168.9436798095703,169.8462239602229,167.41631020621995,168.37836010153808,25127100
2024-05-15,171.0958709716797,171.2347227383607,169.11226565697544,169.23129226677884,26948400
2024-05-16,172.75221252441406,173.684509621438,171.27443596883012,171.869508596453,27867900
2024-05-17,174.6167755126953,174.82506073205244,172.26620802954864,172.75218165186905,24479300
2024-05-20,175.4697723388672,177.3046138105442,174.6366615108058,174.74576043831703,22554400
2024-05-21,176.39212036132812,176.6896490712989,174.36883433127562,175.44989566739218,16989400
2024-05-22,174.93417358398438,175.69785080388766,173.77376618454468,175.19203685040134,17880000
2024-05-23,172.12738037109375,176.78885054238378,171.53229263275466,175.61853049301604,21024900
2024-05-24,173.5555877685547,174.32919278798485,172.22656043569077,173.54566005438852,16579400
2024-05-28,174.95401000976562,175.8168887472588,172.94065151179802,173.01999755281523,20572200
2024-05-29,174.45809936523438,175.39039638067896,173.28777937305267,173.99195085751208,23388700
2024-05-30,170.6991729736328,173.78368015073974,170.38178882747087,173.76383985817733,22931500
2024-05-31,171.08596801757812,171.6413751155462,168.05105413674661,170.4512148865134,37638900
2024-06-03,171.75047302246094,173.09932530985793,169.75695502874458,171.12563247401937,27459100
2024-06-04,172.3654022216797,172.42492310208857,170.480982952228,171.85958824102724,26879600
2024-06-05,173.97213745117188,175.20196327061797,172.5042583714889,173.76385219874723,22068500
2024-06-06,175.2812957763672,175.6978511153371,174.30933331877074,174.4580976777925,23251000
2024-06-07,173.02992248535156,176.4119585188029,172.8712304058679,175.59868809544102,19661400
2024-06-10,173.77459716796875,175.8101292272444,171.54047994095143,173.73488619485127,23726700
2024-06-11,175.3732452392578,175.59169348463175,172.54337230776866,174.97607487552963,21540600
2024-06-12,176.5349884033203,179.13650434238232,174.8668546571235,176.99174796777623,27864700
2024-06-13,173.92355346679688,175.49240210344783,173.64553119205647,174.8668444097431,20913300
2024-06-14,175.5420379638672,175.8101362841722,172.92067425165644,172.99018739624864,18063600
2024-06-17,175.98886108398438,177.10095011007647,173.57600667428076,174.2214273884837,19618500
2024-06-18,173.8540496826172,176.13781719186318,172.87104771224654,175.88958192240335,21869900
2024-06-20,175.05552673339844,176.03852876935733,173.7547762588124,174.1320835908328,20160100
2024-06-21,178.3620147705078,179.57340412547137,175.36332840403423,175.75057482727152,57759000
2024-06-24,177.9549102783203,179.61312014493922,177.40878962737892,178.88827736336933,18298000
2024-06-25,182.73094177246094,182.98910099326696,178.15348288701358,178.35206806848578,23130200
2024-06-26,182.58201599121094,183.2075585872156,181.19188934781172,181.34083960482536,19839000
2024-06-27,184.1011962890625,184.7366779293804,182.72100889129027,182.8798679380617,18848900
2024-06-28,180.8642120361328,183.82318736943728,180.67556595744807,183.01890751714419,29156600
2024-07-01,181.69830322265625,182.5820202242078,180.02023028518573,181.73801420146654,16006100
2024-07-02,183.93240356445312,184.2600759255339,180.27837266146466,180.7649192250836,17372500
2024-07-03,184.50831604003906,184.77639921891327,182.7011560285435,183.54516199454144,10242100
2024-07-05,189.2545623779297,189.5127215858847,184.48844250446135,184.54801654082962,20967500
2024-07-08,187.69564819335938,188.8276004007438,186.4544718628467,188.55950207105113,21035900
2024-07-09,187.64601135253906,190.00921610095705,187.3878521119617,188.96662487953267,15121400
2024-07-10,189.8304443359375,190.39642795230205,187.69562734501247,187.81477541116223,15952500
2024-07-11,184.26007080078125,189.51272208583228,183.77352425069444,188.5098571184734,25625800
2024-07-12,183.76361083984375,185.7892039533301,183.18770320192158,183.77353479614163,22898400
2024-07-15,185.21331787109375,186.91125396249922,183.61468195853726,183.61468195853726,16474000
2024-07-16,182.62171936035156,187.34811338839907,182.0755987428797,186.03743905754484,18290700
2024-07-17,179.74220275878906,182.2543425380115,178.63009842037727,181.6784348799773,20734100
2024-07-18,176.43569946289062,181.21174353968178,175.22431015700485,180.64575986268414,25315700
2024-07-19,176.40591430664062,179.01733902058587,175.87965675110726,177.61730362532302,18881900
2024-07-22,180.38758850097656,181.41031651236526,178.95775104592673,179.3152104096892,24100300
2024-07-23,180.50674438476562,182.31390434397233,180.258509125605,180.76491875098247,36352700
2024-07-24,171.41140747070312,174.9462749610045,170.60712769523397,172.37456144038464,49585200
2024-07-25,166.0991668701172,172.19582391606315,166.00980581766575,171.30218308939462,44852000
2024-07-26,165.82115173339844,166.90345381803442,162.90190268589552,165.97008682721892,41336900
2024-07-29,168.3332977294922,169.22693862858085,166.80417515412134,167.63824201341453,20293800
2024-07-30,169.0879364013672,170.02130347692145,167.25100442280618,169.0383014663059,18959700
2024-07-31,170.32911682128906,173.01999398241156,168.80991808621278,172.01712888344443,25729100
2024-08-01,169.5546112060547,172.82139580223534,167.6878923021726,169.0482167160951,24531400
2024-08-02,165.4835662841797,167.3204982165653,163.50760805366414,165.26511803151652,29130100
2024-08-05,158.1258544921875,163.26928160754815,153.83634209310054,154.4023257364845,53630700
2024-08-06,157.1726531982422,159.436573034586,155.3059340768458,158.20532051321726,49004600
2024-08-07,157.81805419921875,161.82952940748444,157.35137068982363,160.11174561926643,25138600
2024-08-08,160.88624572753906,162.53453159498838,159.0791007984094,159.37697100848436,25578800
2024-08-09,162.5146942138672,162.6338423167269,157.93723439900432,158.88052556583332,28602300
2024-08-12,161.14439392089844,163.73597062856854,160.69757348531624,163.1898651801224,15895300
2024-08-13,163.00120544433594,163.56717396094234,161.81960317762199,162.25649966122157,18551700
2024-08-14,159.23797607421875,162.06786456670994,156.59676398578475,161.25364550672174,40591100
2024-08-15,160.16139221191406,160.49898852805327,158.4833194361169,159.36703635252704,31524300
2024-08-16,161.80967712402344,163.89484419906685,159.9925932186499,160.33018953302678,24208600
2024-08-19,165.4934844970703,165.5133475605536,163.1004929084528,164.1132970310061,22416200
2024-08-20,165.99989318847656,167.4495939252533,165.64244892165763,165.72187088023108,18341500
2024-08-21,164.67926025390625,165.67220118965227,163.5075820711663,163.984189478023,22902000
2024-08-22,162.64373779296875,166.406977492495,162.15719125168386,166.07930514645545,22493300
2024-08-23,164.4508819580078,165.00692648837935,162.67352425192186,163.55724112720742,13955700
2024-08-26,164.98709106445312,166.36727853932712,163.29909428347517,165.20553931092914,14190400
2024-08-27,163.51751708984375,165.26510295168842,163.29908400819048,164.66933228950003,11821900
2024-08-28,161.70045471191406,164.4310425767687,160.38976526426643,163.87498286647468,16407400
2024-08-29,160.6380157470703,164.7984415304893,159.11881702129344,163.15015560870546,19699800
2024-08-30,162.22671508789062,162.50473737235887,160.54864227379994,161.472070186267,22123800
2024-09-03,156.24917602539062,160.7074859893918,155.375383210797,160.57839882785174,38945300
2024-09-04,155.34559631347656,157.87759856597614,154.85906498313753,155.55412056296137,19353800
2024-09-05,156.13006591796875,158.32445729106303,154.87895042005644,155.1966988484402,18688700
2024-09-06,149.8546600341797,156.71588626121135,149.48727669749047,156.18962872176218,37912100
2024-09-09,147.85621643066406,152.51927694187998,146.3747655212842,151.63438731483413,39260500
2024-09-10,147.80650329589844,150.40151913279468,147.48833322690425,149.58621970938498,31118800
2024-09-11,150.29214477539062,150.63018908340467,146.67304380954099,149.05925855823048,29607700
2024-09-12,153.8018798828125,153.931138367879,151.7735836501272,152.91699025153633,29621500
2024-09-13,156.55596923828125,157.47068534964538,154.318887339598,154.53761027887018,29591200
2024-09-16,157.1525115966797,157.3414231577179,155.7009025392383,156.4068176480649,18379800
2024-09-17,158.40528869628906,159.628222536102,157.47068317745328,158.107008079676,20715600
2024-09-18,158.89248657226562,159.57852752922,157.6894419945441,158.9422025434275,23677300
2024-09-19,161.2091064453125,162.8496272464335,160.41369644399956,162.77009990036774,26587700
2024-09-20,162.65077209472656,162.78996770160265,161.1295575441582,162.5612924555598,40896400
2024-09-23,160.92074584960938,164.53984621775962,160.7417714288647,163.4063921236461,24150900
2024-09-24,161.3582000732422,162.2828683373632,159.76739562737865,162.09395680108148,23332100
2024-09-25,160.56285095214844,161.87526461274848,160.3739393623142,160.5429615292226,18869200
2024-09-26,161.79571533203125,163.13797065652983,161.34830194759303,162.70049439754706,20319300
2024-09-27,163.0087127685547,164.74866551423864,161.69629915796872,161.87525844392792,21101300
2024-09-30,164.89781188964844,165.19607736347226,162.32267031989335,162.38233858584195,20413900
2024-10-01,166.03123474121094,168.18877389639653,163.6350680810018,166.72721266688677,28338100
2024-10-02,164.9077606201172,166.5582338236158,163.7842433523693,165.4645431053493,17760200
2024-10-03,164.9077606201172,165.6832812490026,162.97889617400253,163.46608843417303,15073100
2024-10-04,166.10084533691406,167.26412612073125,164.5299148711692,167.09510397311843,19047400
2024-10-07,162.04425048828125,167.51267238697537,161.81557527499385,166.75704136805373,22463100
2024-10-08,163.4362335205078,163.78421492779364,161.93489332497202,162.99875730912473,23072700
2024-10-09,160.9307098388672,163.89359644421285,158.8228863013817,162.5115774919813,31181800
2024-10-10,161.14942932128906,162.13375075790051,159.47906705048007,159.94636978765286,14144100
2024-10-11,162.3027801513672,162.9589793006072,160.3142629412503,161.19915249290503,15344300
2024-10-14,164.01292419433594,165.27562183830673,162.4618678561569,162.7004954092269,19016100
2024-10-15,164.51004028320312,166.71728049354707,163.68480379630955,164.83813228183462,20247200
2024-10-16,164.21176147460938,164.84808640066018,162.7999160190336,163.58537367338423,16406000
2024-10-17,161.9945526123047,165.4148047545223,161.82553046438127,164.77847983302945,21453400
2024-10-18,162.4817352294922,163.7643372928155,162.1436909535705,162.25306000415483,19757700
2024-10-21,163.12802124023438,163.5555451703661,161.68633408506915,162.01444125458505,20946500
2024-10-22,164.19186401367188,164.81825178422423,162.04426180421996,162.04426180421996,16568100
2024-10-23,161.84542846679688,164.86798338254357,161.00030251118483,163.81405642655295,18280500
2024-10-24,161.7857666015625,162.39226497688696,160.0855776572324,161.89513565846306,22412500
2024-10-25,164.32113647460938,164.63929136354844,162.48175184608664,162.7303165163636,19828900
2024-10-28,165.7628173828125,167.78116139958385,163.00871644109216,167.78116139958385,32138600
2024-10-29,168.70579528808594,169.40178845873763,166.13066910445878,166.76699401414237,42169000
2024-10-30,173.45835876464844,180.9749512117023,173.06064622942904,179.6426331826948,68890800
2024-10-31,170.1276092529297,175.8048331883122,170.01824018748218,172.1360161042455,44769000
2024-11-01,170.30653381347656,171.33063403813247,167.91038233009985,169.09355238654865,31796500
2024-11-04,168.26834106445312,169.7497767581588,167.04539198951443,168.95436679599575,21492700
2024-11-05,168.7654571533203,169.55091475770118,167.87061532690117,168.45722424913848,18242100
2024-11-06,175.49659729003906,175.92413641911588,172.50388407123629,172.8021647148181,33695500
2024-11-07,179.71224975585938,180.0403569286527,176.1726914135067,176.39142952870222,25352900
2024-11-08,177.32603454589844,179.86138194143007,177.05758046511664,179.6128172813832,22006200
2024-11-11,179.31455993652344,179.5134086393181,177.44534875364968,177.5547178158643,17450400
2024-11-12,180.57723999023438,181.44225527864106,178.3600475857902,178.78758666786376,25134900
2024-11-13,177.8529815673828,179.9210412566759,177.51492211643085,179.423911961303,23184000
2024-11-14,174.57192993164062,177.79333331489727,173.3191695348543,177.2564251654299,31007500
2024-11-15,171.4996795654297,173.1402002652983,170.236966835199,172.73255057874763,32504600
2024-11-18,174.2935333251953,174.43272892051993,171.90730361382492,172.4243223269658,20135300
2024-11-19,177.0973358154297,177.8430297605378,172.56351905656155,172.72260407260165,23434900
2024-11-20,174.96961975097656,176.65985629395433,172.7822539205829,176.32181201959514,18997100
2024-11-21,166.66758728027344,173.1302686962832,162.76014278127062,172.9015782767723,59734400
2024-11-22,163.8140411376953,165.5042928911672,162.9589781366054,164.89779453956643,38604600
2024-11-25,166.68743896484375,167.6618232619843,164.65915820880082,165.13639806236714,33135300
2024-11-26,168.1490020751953,168.84499520108912,166.61785057482837,166.66756653684672,20486700
2024-11-27,168.25836181640625,168.50692644156777,167.0553175264857,168.02968660918825,19266500
2024-11-29,167.97998046875,168.45722032902532,166.20026432388437,167.53256715154302,14257200
2024-12-02,170.5054168701172,171.09202581712017,167.60218350894124,167.80103219947992,23789100
2024-12-03,170.35629272460938,171.6885958252668,169.86911564054563,170.5054406416943,22248700
2024-12-04,173.3688507080078,173.90575879671132,170.07785748297476,170.16733710736509,31615100
2024-12-05,171.6488037109375,175.0491662947447,171.34058597302015,174.35318831054713,21356200
2024-12-06,173.70693969726562,174.07481055205204,170.87329640646647,171.0423185605895,21462400
2024-12-09,174.56295776367188,175.44886145410123,172.8508718378986,173.15945800345577,25389600
2024-12-10,184.31787109375,185.502397306232,180.21683563214248,182.00855531536865,54813000
2024-12-11,194.50079345703125,194.7098337526011,183.99935507018319,184.45722971599074,67894100
2024-12-12,191.07662963867188,194.28179760891206,190.8277801088796,194.10263323797517,34817500
2024-12-13,188.9464874267578,191.84308455058388,188.76730785856873,190.1309984875668,25143500
2024-12-16,195.7550048828125,198.08423292115103,191.73358782946704,191.98243736831273,44934900
2024-12-17,194.52069091796875,200.4930793963414,194.082713332717,196.3422712265007,43504000
2024-12-18,187.53298950195312,196.09341894237798,186.87603832190538,194.32161160052223,34166100
2024-12-19,187.64248657226562,192.1416901461699,187.513095150107,190.748138909751,32265200
2024-12-20,190.5291748046875,192.00235990101223,184.36765746162297,184.92507802841766,63462900
2024-12-23,193.7343292236328,194.20216752678672,189.27493498031782,191.73356940291157,25675000
2024-12-24,195.20753479003906,195.20753479003906,192.8882552424337,193.9433748674021,10403300
2024-12-26,194.69989013671875,195.84459196860374,193.48550314170072,194.25194880473947,12046600
2024-12-27,191.8729248046875,194.42115659969988,189.77263428806026,194.05284898883724,18891400
2024-12-30,190.35995483398438,191.66392402935992,188.2497003483825,188.92657901389887,14264700
2024-12-31,188.42886352539062,191.07662611886298,187.6424905201336,190.2006709297877,17466900
2025-01-02,188.5582733154297,191.1164539742449,186.63716208422355,189.77266033181004,20370800
2025-01-03,190.90740966796875,192.32088844513342,189.10574139792004,190.48934425629204,18596200
2025-01-06,195.96401977539062,197.30781329054136,192.9579284385956,193.08731986382298,29563600
2025-01-07,194.59039306640625,200.0750314967655,193.70448930563006,196.20293323603758,26487200
2025-01-08,193.05746459960938,195.38669258245946,191.49469743094454,191.683825506133,24864800
2025-01-10,191.15626525878906,195.61566016820694,189.4342306110514,193.40587493046604,26665200
2025-01-13,190.1309814453125,190.3001972959748,186.49778453538255,189.19532001022134,21823700
2025-01-14,188.78721618652344,191.09653198927745,187.4434226127788,190.35994708125565,17174900
2025-01-15,194.65013122558594,195.4564013795728,190.97710924535946,192.20144484257764,21776000
2025-01-16,192.0222625732422,194.5804279448186,191.92271668187493,193.2465980564925,17815400
2025-01-17,195.0980224609375,196.32235783888785,192.85837679493184,195.6255822249555,27735100
2025-01-21,197.1385955810547,201.3590737795005,196.9594160260543,198.15390588987137,29971300
2025-01-22,197.45712280273438,199.5574134711185,196.62099201618707,198.14394994474472,26200600
2025-01-23,197.06893920898438,199.37827041520416,194.30173331818185,197.2282065725661,26951400
2025-01-24,199.28866577148438,199.9754777209976,197.08882922694013,197.18837511510904,23877500
2025-01-27,190.92730712890625,195.97398278636885,189.85227535828872,191.5245520643281,41728900
2025-01-28,194.4012451171875,194.58040947836048,189.80249572901596,191.86297701391987,24157900
2025-01-29,194.51075744628906,195.88439657430914,192.5398581602494,194.66006109436606,18218300
2025-01-30,199.9456329345703,200.4731927690754,196.76036171060426,197.0888449414686,24354700
2025-01-31,203.08111572265625,204.534388379424,200.87133082232867,201.07040739589794,32001100
2025-02-03,200.30393981933594,202.81234708889096,199.17915038211245,199.7664315701441,27838300
2025-02-04,205.43028259277344,206.09719755510824,201.8767037764101,202.4540365472158,43856400
2025-02-05,190.4495086669922,191.86297206005932,187.16469209984552,190.1907106446792,70373900
2025-02-06,190.7183074951172,191.21600661155688,187.85155572408166,188.62796513064183,29297400
2025-02-07,184.4871063232422,190.3002284048439,182.3967791304942,190.17083696175564,49315000
2025-02-10,185.6118927001953,187.33392723255807,185.00469922620795,186.4878479252447,23105600
2025-02-11,184.46719360351562,186.07973375626966,183.43197101543439,184.17851963260873,21239500
2025-02-12,182.7650604248047,184.25815769470228,180.9932528796119,182.37685574217417,22072600
2025-02-13,185.2834014892578,185.42275661553663,182.29720719308074,183.47178484763324,21402500
2025-02-14,184.37759399414062,185.54220800020582,183.4717932262479,184.20837813225802,20448400
2025-02-18,182.92433166503906,185.10425615557287,180.90367453193494,184.7459121956417,29916700
2025-02-19,184.4174346923828,184.60656278663114,182.74515776459327,183.22295985171695,19549400
2025-02-20,183.71066284179688,184.45721138402692,181.87913406344907,183.9495638431953,20441500
2025-02-21,178.83323669433594,184.48709094071828,178.255903940123,184.29796286054517,35199200
2025-02-24,178.42510986328125,182.27729565940143,178.06676593885823,181.15250613186586,29854200
2025-02-25,174.6127471923828,177.91747644578498,173.8861107726199,177.2206855678133,41913400
2025-02-26,171.9351043701172,175.26969397988614,170.79040266509935,174.2643473971189,35431300
2025-02-27,167.72459411621094,173.75670468511518,167.16717356296937,173.1893356179125,39991000
2025-02-28,169.4963836669922,169.82486685567105,166.00254187779413,167.90374066525882,48130600
2025-03-03,166.24143981933594,172.57217267061702,165.1664079930538,171.13879690224084,40770500
2025-03-04,170.13343811035156,172.49252670098738,165.03700479811678,165.4749823837437,45388000
2025-03-05,172.22378540039062,172.98028249678805,168.2820021982634,169.73529012314535,30954900
2025-03-06,171.55686950683594,174.0055403400316,169.71537693678601,169.7452376648565,28302000
2025-03-07,173.05992126464844,174.1648138078256,169.48644558654738,170.4718800246714,27385800
2025-03-10,165.2968292236328,167.87789100205225,163.12436954047675,167.6785699397653,43604000
2025-03-11,163.47312927246094,166.17377116466406,160.8123576698439,164.340133201267,39587400
2025-03-12,166.53256225585938,167.06072965689114,162.96493090148982,166.0043948548276,28372400
2025-03-13,162.1975860595703,165.5559515451144,161.54983818219623,165.46625097868807,31756200
2025-03-14,164.9181671142578,165.91471168879448,161.88866309227078,162.70583694230132,31995900
2025-03-17,163.72230529785156,165.72536967150563,163.10445251309577,164.4597537744784,31184300
2025-03-18,160.1148223876953,163.6824539546305,156.1784741770312,163.11441622190455,42074800
2025-03-19,163.32366943359375,165.29682318848322,160.44365657902026,161.20102488744715,34275600
2025-03-20,162.23745727539062,164.32023175461748,160.4038189359583,161.0117117252994,28138500
2025-03-21,163.42333984375,163.67247597151626,160.33404577702316,160.65294731947398,36625800
2025-03-24,167.10060119628906,167.73840437615397,164.5693844519754,166.49272355185173,30879100
2025-03-25,169.9706268310547,170.04039224469534,167.7383768915496,168.3960847024039,24174400
2025-03-26,164.48963928222656,169.0239199788623,164.27039826701778,168.41602720143118,28901600
2025-03-27,161.6793975830078,164.84840203770966,161.44022141043914,164.06113851285755,24508300
2025-03-28,153.7967071533203,161.26083057547865,153.09912907789933,159.935424629148,48669300
2025-03-31,154.10565185546875,155.00253588696825,150.13940872047658,152.58093987828155,54603500
2025-04-01,156.52725219726562,157.55369181763876,153.0891615011919,153.0891615011919,30672900
2025-04-02,156.49734497070312,157.86262130532444,154.1654344397735,154.61387643325034,25041700
2025-04-03,150.19918823242188,152.25206746912303,149.87032672274708,150.58783997911712,46883400
2025-04-04,145.09689331054688,150.54799324363788,144.8776522919314,147.49855413182192,62259500
2025-04-07,146.242919921875,152.32184805897472,140.04441129882048,141.0608910476278,76794100
2025-04-08,144.19998168945312,151.7139355045659,142.5357542501846,150.69745588802078,52200200
2025-04-09,158.16159057617188,158.99868434001036,143.41272834835817,143.9209605893895,70406200
2025-04-10,152.2919464111328,157.17500865516934,149.41191804525613,155.99907817143998,48022000
2025-04-11,156.59701538085938,157.12518279409443,152.29195068350106,152.37166086891528,33636200
2025-04-14,158.5203399658203,161.16117679260088,157.0155480479404,159.44711904636745,30333000
2025-04-15,155.76988220214844,159.09833747842598,154.6736922783896,158.58014524074957,27551500
2025-04-16,152.8001708984375,155.35132240030543,150.98645259897873,152.57096991980188,28187400
2025-04-17,150.63768005371094,154.14550597318726,147.98686786207978,153.75685420118594,33046600
2025-04-21,147.15972900390625,148.43530478654532,145.59516199807078,148.36555457655837,26049100
2025-04-22,150.9466094970703,151.6641228147109,148.02672595604838,148.3755226432022,26971800
2025-04-23,154.81320190429688,156.98566172409713,153.27851478210604,155.07229801307963,31128800
2025-04-24,158.7296142578125,159.03854063446718,155.2516683139833,155.6104249592094,45894000
2025-04-25,161.40036010742188,165.52605388757996,160.4835257508864,164.49961422965615,56034000
2025-04-28,160.05502319335938,162.5862396977989,158.0519740918863,161.86872639451175,29745800
2025-04-29,159.6065673828125,160.18456500527563,156.97569056687874,159.76601814888411,26809000
2025-04-30,158.25128173828125,158.71965890557001,154.86302105563792,157.43410788690483,34981100
2025-05-01,160.74264526367188,161.39039316416392,158.3609043039561,159.8955762805081,30203200
2025-05-02,163.46319580078125,164.39995007912242,161.3106559960053,162.84534306658284,25715000
2025-05-05,163.642578125,164.81849332954616,162.15772135408076,162.436752596043,21341800
2025-05-06,162.66595458984375,164.23053675483612,160.63301049910467,161.6096198520829,21277200
2025-05-07,150.85690307617188,164.4298335624806,147.32912722252786,163.5130144970414,127490100
2025-05-08,153.7468719482422,155.39116415932176,152.3716357822811,154.464385147347,57498700
2025-05-09,152.22218322753906,154.5142387821615,151.67408067225014,153.6372746936992,32435300
2025-05-12,157.91246032714844,158.5502482480448,155.7100901217978,156.94581087118723,44138800
2025-05-13,158.97874450683594,160.01515931291138,155.62039437316713,158.24129609505388,42382100
2025-05-14,164.79856872558594,166.4229412214118,159.0584775444673,159.4072742222668,48755900
2025-05-15,163.39344787597656,165.6356730691148,161.80893051621783,165.26694125278715,33146700
2025-05-16,165.61572265625,168.76480673115492,165.04768502743337,167.15039440077075,42846900
2025-05-19,165.96450805664062,166.06416858529283,163.65253281131433,163.94152401470697,30426100
2025-05-20,163.41336059570312,167.91774593119885,162.337090725838,165.8548915457752,46607700
2025-05-21,167.9775390625,172.54171471286378,162.9948165454298,163.1243721968136,73416000
2025-05-22,170.27955627441406,176.15917803179707,170.12012070875053,171.25618084668935,74864400
2025-05-23,167.88784790039062,169.3727046333075,167.30985028367255,168.47580548761593,35211400
2025-05-27,172.3025360107422,172.5716072803838,169.41256307598843,169.5720138436325,37995700
2025-05-28,171.76441955566406,174.66436785084326,171.31597754856884,172.56165823831284,34784000
2025-05-29,171.26614379882812,173.81729536660228,170.04039828273065,173.39874848808273,29317300
2025-05-30,171.14657592773438,171.61495310854446,166.86143108525064,170.7579241400477,52639900
2025-06-02,168.4459228515625,169.28301661805224,166.81159040962694,167.26003241267054,38612300
2025-06-03,165.6057586669922,167.89781407143477,164.70887469424017,166.91124474262,45084900
2025-06-04,167.4693145751953,167.63872532387313,165.78515185366567,166.1638436483944,26900800
2025-06-05,167.62876892089844,170.33935616350743,167.01090094696792,169.75139851627495,36379100
2025-06-06,173.07984924316406,173.897023068816,170.239706414102,170.239706414102,35731800
2025-06-09,175.6939697265625,176.0731199779413,173.9778367906517,174.14745263351276,28935900
2025-06-10,178.1983184814453,180.70266778284787,174.51661519040564,175.8037071645682,61766100
2025-06-11,176.95114135742188,179.96433833777158,176.352484683136,179.36569688795734,31646800
2025-06-12,175.30484008789062,176.32255032681226,174.3569797237004,175.78375628436552,20941900
2025-06-13,174.2771453857422,176.7316192634362,172.00227458420645,172.05216517338764,27663100
2025-06-16,176.37245178222656,176.5420676284148,174.25720927061568,174.33703117902292,27389200
2025-06-17,175.5542755126953,176.96110799729416,174.1873615915514,175.30483777675101,24973000
2025-06-18,172.93020629882812,176.16290971424257,172.81046582918458,175.6141436330853,28707500
2025-06-20,166.2652130126953,173.94789206625825,165.08787423262584,173.55876981570484,75659900
2025-06-23,164.81846618652344,166.96362443515676,161.63563852290417,165.89603893694584,57671000
2025-06-24,166.3949432373047,167.84167918331357,165.75638318822968,166.5445998017471,40524300
2025-06-25,170.29611206054688,171.9723414475006,167.17316217400943,167.25298407095676,35479000
2025-06-26,173.1497039794922,173.29937576602373,169.5578094698184,172.0421997468365,31796700
2025-06-27,178.1284637451172,178.27812028762878,171.34375470263782,173.14968136313868,108140200
2025-06-30,175.8336639404297,180.82241920920578,174.1873807915227,180.3734342799105,63378900
2025-07-01,175.44451904296875,175.6939567742825,173.139716841545,175.3447530851258,35904500
2025-07-02,178.23822021484375,178.4577266308603,174.67625741761273,175.14518633422566,29128900
2025-07-03,179.126220703125,179.265905222364,176.65180269468908,178.09853847776557,21689700
2025-07-07,176.39239501953125,178.8967598076696,175.28489078530595,178.65729408356307,34175600
2025-07-08,173.96786499023438,177.54978742679873,172.421347895151,177.45002146146976,40442500
2025-07-09,176.2227783203125,179.03644347316074,172.3814460707259,174.85586430994886,43025600
2025-07-10,177.2205047607422,178.02868052999747,173.98780168372105,175.2349902719471,29252400
2025-07-11,179.7847442626953,181.0219456842772,176.08308157759498,176.39238193299045,34282900
2025-07-14,181.1516571044922,183.2569121837853,179.27588047712075,180.60289104600895,32536600
2025-07-15,181.59068298339844,183.8056914333515,181.19158867102598,182.39885886185957,33448300
2025-07-16,182.55848693847656,183.91542879782378,181.62059863833602,182.82788394956327,33104200
2025-07-17,183.16712951660156,183.64604573142148,180.07409534184728,181.73036564766983,31992600
2025-07-18,184.64378356933594,186.00072543502688,183.2968289565469,184.98301522964096,34014500
2025-07-21,189.67245483398438,189.86201471908177,185.73132654425748,185.83110772544197,45803100
2025-07-22,190.90966796875,191.21896833519165,187.03840453704987,191.0693117786785,44660200
2025-07-23,189.80215454101562,192.09698471753413,188.7545130229886,191.06930248089483,58681900
2025-07-24,191.73779296875,197.50479208340965,190.5704262162467,196.58686306155585,74881700
2025-07-25,192.74551391601562,193.8929365997576,190.82983399147875,191.54821586623893,39785900
2025-07-28,192.14688110351562,193.61357622809174,190.41078895772904,193.2144667106556,38139500
2025-07-29,195.30975341796875,195.47936925683575,191.64800916549822,191.99721287217557,41389200
2025-07-30,196.08799743652344,197.155598285003,194.2521393007246,195.1600963397073,32445400
2025-07-31,191.46839904785156,195.54921195775628,190.66022322341527,195.26984291287636,51329200
2025-08-01,188.7046356201172,190.40080913246982,187.39758435603645,188.6048544387261,34832200
2025-08-04,194.601318359375,194.8308120156372,189.69238602262155,189.86200183955253,31547400
2025-08-05,194.23216247558594,197.41499022677854,193.45391800516853,194.27208103659058,31602300
2025-08-06,195.6489715576172,196.18776557270928,193.23441619136784,194.06255127051267,21562900
2025-08-07,196.07801818847656,197.09571318148866,193.8929412029117,196.6167969951023,26321800
2025-08-08,200.96697998046875,202.15430596097147,196.72653874979915,196.77642933858343,39161800
2025-08-11,200.54794311523438,201.02685931355308,198.62229106869012,200.48808049350347,25832400
2025-08-12,202.88267517089844,204.04006993048975,200.1388600495838,200.91710457512625,30397900
2025-08-13,201.5057830810547,204.06999503609887,197.06577929471834,203.6709007567403,28342900
2025-08-14,202.4835662841797,203.9801926061093,200.777405578413,201.04680257921203,25230400
2025-08-15,203.44140625,205.97570210941166,200.82730371462006,203.39153088363753,34931400
2025-08-18,203.0423126220703,204.80833601681928,202.0345896716843,203.74073522255918,18526600
2025-08-19,201.11666870117188,202.98245812812408,199.51028904350812,202.57337657986534,24240200
2025-08-20,198.87171936035156,200.82730262485018,196.15783565803162,200.27853657760338,28955500
2025-08-21,199.30075073242188,202.02460654215824,198.9814631231269,199.30075073242188,19774600
2025-08-22,205.62648010253906,208.07096677186306,200.84725997228378,202.27403645691825,42827000
2025-08-25,208.02110290527344,210.04653613391585,204.81831562838462,205.96572314134983,29928900
2025-08-26,206.67413330078125,207.38254318133843,205.23736948208096,207.0432962842493,28464100
2025-08-27,207.01336669921875,208.4401585010209,205.18748059977113,205.2373711930947,23022900
2025-08-28,211.1640167236328,211.742714118765,206.43467159929352,206.78389053195886,32339300
2025-08-29,212.43115234375,214.167229203444,209.72724064780297,210.0365409975429,39728400
2025-09-02,210.87466430664062,211.20390871469678,205.73623790289355,207.97120545801465,47523000
2025-09-03,230.1412353515625,230.78976737242826,224.28442698424496,225.7012467158241,103336100
2025-09-04,231.7775421142578,231.84737676203946,225.60146147412655,229.13349303754427,51684200
2025-09-05,234.47146606445312,235.22975128240526,231.37843212445287,231.677760445174,46588900
2025-09-08,233.72247314453125,237.8069358559837,233.3529799966882,235.15054099905157,32474700
2025-09-09,239.30491638183594,240.14377315813266,232.91358965088386,233.85231685973005,38061000
2025-09-10,238.84552001953125,241.33214736167037,237.5273187664355,238.5758820575914,35141100
2025-09-11,240.0438995361328,241.9213539288796,235.92949376965038,239.55457404217233,30599300
2025-09-12,240.4733123779297,241.75157459718335,237.67710805902945,240.04388783032,26771600
2025-09-15,251.26864624023438,252.06756394348793,244.32807821701437,244.32807821701437,58383800
2025-09-16,250.8192596435547,252.696698721273,249.13154999644232,251.73800966841424,34109700
2025-09-17,249.19146728515625,251.25866627901078,245.94587648389523,250.87917693990602,34108000
2025-09-18,251.68807983398438,253.64542748570952,249.46110945180462,251.338548569648,31239500
2025-09-19,254.3744354248047,255.65269769422878,251.4683796180924,252.90642848071656,55571400
2025-09-22,252.18739318847656,255.4329839373953,249.96042287972912,254.0848093772248,32290500
2025-09-23,251.31858825683594,254.01492224497756,250.1401811840686,252.69670571321294,26628000
2025-09-24,246.80470275878906,252.00764101873446,246.10565550148698,251.31857470864836,28201000
2025-09-25,245.45654296875,246.1556055061487,240.41340622781078,244.06842931794486,31020400
2025-09-26,246.2055206298828,249.08161830530747,245.63630185383965,246.73481561544992,18503200
2025-09-29,243.71890258789062,250.80926093832198,242.4406403715287,247.51375020937843,32505800
2025-09-30,242.77020263671875,242.9599320717839,238.92541967317948,242.48058753408858,34724300
2025-10-01,244.5677490234375,245.96585884887978,238.2862890899911,240.42338523813993,31658200
2025-10-02,245.35667419433594,246.47514981131818,241.97127402542458,244.81739828037135,25483300
2025-10-03,245.01715087890625,245.96585900937905,241.3321544964398,244.15831699237452,30249600
2025-10-06,250.09024047851562,250.97904766602093,244.24818617214953,244.44791178946252,28894700
2025-10-07,245.42657470703125,250.1002333278666,245.18691006468788,247.93317917084852,23181300
2025-10-08,244.2881317138672,245.67624536262252,243.48922922331397,244.62768203424937,21307100
2025-10-09,241.2023162841797,244.42792989328805,238.82554034163272,244.13833003954065,27892100
2025-10-10,236.2490692138672,243.75885638035138,235.5200485827795,241.10246136059908,33180300
2025-10-13,243.81875610351562,244.16828735447277,239.38479264234815,239.88411429337978,24995000
2025-10-14,245.1169891357422,246.78472157869837,240.1836889124138,240.9027132904423,22111600
2025-10-15,250.68942260742188,251.7679591837619,245.65626715592245,246.91455220927548,27007700
2025-10-16,251.1188507080078,256.6113736152233,249.76069521164578,251.42842769264908,27997200
2025-10-17,252.9563446044922,253.87509458891947,247.4737875390444,250.4197821526697,29671600
2025-10-20,256.2019348144531,256.98087539491434,253.88509020638818,254.3444728441902,22350200
2025-10-21,250.12020874023438,254.53421031738455,243.81875668908756,254.39440086428343,47312100
2025-10-22,251.34854125976562,256.01218852739623,248.95178813355238,254.02489806023604,35029400
2025-10-23,252.73666381835938,254.69399627404513,251.50833675008087,252.63679338694976,19901400
2025-10-24,259.5673828125,261.32497431611404,254.9736174865258,256.23188733462473,28655100
2025-10-27,268.9046630859375,269.7735083332291,263.92144290721717,264.4607188078389,35235200
2025-10-28,267.1071472167969,270.3627344019799,266.1384619149823,269.3241367489819,29738600
2025-10-29,274.197509765625,274.96645416764926,267.3068768000952,267.38675485794886,43580300
2025-10-30,281.09814453125,291.1944142933695,279.6800575475708,291.1944142933695,74876000
2025-10-31,280.8085021972656,285.6119738650845,276.6541425566326,282.82575062167336,39267900
2025-11-03,283.3350830078125,285.14262497278366,279.42038779718166,281.797163766903,29786000
2025-11-04,277.1634521484375,280.88837191256465,275.8851900258856,276.374515458966,30078400
2025-11-05,283.92425537109375,286.0314084420774,276.96371081227676,278.49163374098424,31010300
2025-11-06,284.3636779785156,287.9587999323025,280.7585903155872,284.9428776795432,37173600
2025-11-07,278.45172119140625,283.3950181298404,274.8166751233446,282.8257840870045,34479600
2025-11-10,289.7064208984375,290.40545290698407,282.47622284552773,284.03413439651047,29557300
2025-11-11,290.914794921875,291.52398321941854,286.9302176656824,287.35962699643375,19842100
2025-11-12,286.3210144042969,291.613842224268,283.30512258449664,291.2842728658537,24829900
2025-11-13,278.19207763671875,282.45627365196606,276.8638649512614,281.9569519907634,29494000
2025-11-14,276.0350036621094,278.1820807042813,270.3327588398133,271.04178706348836,31647200
2025-11-17,284.63330078125,293.55120856159544,283.1852862901624,285.392279437324,52670200
2025-11-18,283.8943176269531,288.4081743957296,277.8225797399186,287.52939388700526,49158700
2025-11-19,292.4127502441406,303.39782684502376,286.2411417953812,286.77042153983126,68198900
2025-11-20,289.05731201171875,306.0042898345543,288.2783714658303,304.1268355762142,62025200
2025-11-21,299.25347900390625,303.50770955644725,293.4513634023398,296.0178842040454,74137700
2025-11-24,318.14776611328125,319.0465694557707,309.17996886834777,310.70789188393536,85165100
2025-11-25,323.0011901855469,328.3838617048627,317.2190369667809,325.767421144808,88632100
2025-11-26,319.5159606933594,324.0597758686898,316.36024396458464,320.2449508538883,51373400
2025-11-28,319.7456359863281,326.40660086319315,316.36025071335513,322.9313108653273,26018600
2025-12-01,314.46282958984375,319.41609223758667,313.464186206563,317.2690150587685,41183000
2025-12-02,315.38153076171875,317.948051296999,313.4841146313127,316.3102616947243,35854700
2025-12-03,319.19635009765625,321.1436861691208,313.6738540884245,315.4614340573081,41838300
2025-12-04,317.1890869140625,321.92264650582644,314.27306548179905,321.7928484740126,31240900
2025-12-05,320.8341064453125,322.72155681925386,318.73697999805336,319.05652267664885,28851700
2025-12-08,313.49932861328125,320.21460294317257,311.0010871288888,319.82486263347363,33909400
2025-12-09,316.85693359375,317.7662971049956,311.6805848338384,312.15025542764414,30194000
2025-12-10,319.9847412109375,321.0839735202244,314.45863248382005,315.6078174223929,33428900
2025-12-11,312.210205078125,320.8940942947929,308.3829128168011,319.85481737290655,42353700
2025-12-12,309.07244873046875,314.6485102459599,305.34506149685063,313.47935032153816,35940200
2025-12-15,308.003173828125,311.2009348824072,304.66552711937686,311.1009991314403,29151900
2025-12-16,306.3543395996094,310.5513666605185,302.37712849550337,304.7354841263937,30585000
2025-12-17,296.5112609863281,307.87325739956634,295.9116769824828,307.7933270972379,43930400
2025-12-18,302.2472229003906,303.7461677101471,299.0195145942255,301.50775321966603,33518000
2025-12-19,306.9439392089844,307.03387224107576,300.7582909786616,301.5177661333593,59943200
2025-12-22,309.56207275390625,309.9118326328777,305.0852133945127,309.66200850448513,26429900
2025-12-23,314.1288757324219,314.7184570357758,309.1024153195162,309.41219480947996,25478700
2025-12-24,313.8690490722656,314.8583428959372,311.70059264113144,314.5485634057752,10097400
2025-12-26,313.2894592285156,314.86833429915043,312.0603135401851,314.25877806497726,10899000
2025-12-29,313.33941650390625,313.79908436732376,310.4014822754237,311.15095467052413,19621800
2025-12-30,313.6292419433594,316.72706748217655,312.24020504037514,312.28018544302313,17380900
2025-12-31,312.7798156738281,314.3586907819443,311.22091551782626,312.62992729269524,16377700
2026-01-02,314.9283142089844,322.2731502440002,310.11169732658084,316.67708324131615,32009400
2026-01-05,316.3173522949219,318.79558832967825,314.4086921415047,317.4365596004392,30195600
2026-01-06,314.1188659667969,320.71422913013345,311.5606693028291,316.17741436833177,31212100
2026-01-07,321.7535095214844,325.9205589972494,313.96898096999803,314.13884430323384,35104400
2026-01-08,325.2110595703125,330.0876314322289,321.2738288701313,328.7385750407063,31896100
2026-01-09,328.3388671875,330.5972566011106,325.5707962902668,326.8598973489763,26214200
2026-01-12,331.62652587890625,333.80501545240315,324.77136644379436,325.57079145505844,33923900
2026-01-13,335.7336730957031,340.25048265726696,333.38532003422745,334.7144015630273,33517600
2026-01-14,335.603759765625,336.2832741209541,330.2475447349911,334.8243096530742,28525600
2026-01-15,332.5458984375,337.4524480652932,330.507324974913,337.4124676651339,28442400
2026-01-16,329.7678527832031,334.4145755186536,327.46948297740045,334.1747541117482,40341600
2026-01-20,321.77349853515625,327.49947891315526,320.20459558658575,320.6442885211675,35361000
2026-01-21,328.1490173339844,332.24613943011235,319.12537039479025,320.6942733516965,35386600
2026-01-22,330.3074951171875,334.9142376434696,328.5187457270175,334.2147483456718,26253600
2026-01-23,327.6993103027344,333.45526818914374,327.21966747627397,332.25610013077164,27280000
2026-01-26,333.02557373046875,335.60374537803585,326.7699676491338,327.5793954045391,26042100
2026-01-27,334.31463623046875,337.6722883721735,333.2454121385867,335.1340666902067,21636200
2026-01-28,335.7736511230469,337.30257365930305,331.7065067534381,335.82360375323316,27434400
2026-01-29,338.0120544433594,342.0492210013424,326.3103005061971,340.06060015063264,39785600
2026-01-30,337.7622375488281,339.76083067041884,332.0562627255977,339.76083067041884,31024000
2026-02-02,343.4482421875,344.5874244246442,335.3939142353609,335.983495554882,32006100
2026-02-03,339.47100830078125,348.7544814019383,337.2325938809106,347.09564553860224,36506700
2026-02-04,332.80572509765625,343.0684894885568,328.2888852617291,342.7187296036167,70618400
2026-02-05,331.0169677734375,332.45595718246585,306.24439883874277,312.0003564748562,88205800
2026-02-06,322.63287353515625,330.147603202773,319.694969697787,326.94984200428365,56380500
2026-02-09,324.09185791015625,327.4694850607409,317.03682684844796,320.70422803551696,39640100
2026-02-10,318.3558654785156,321.4437184993816,314.38865715458337,320.7441987510988,39170000
2026-02-11,310.7412414550781,320.8341425405983,309.44216816023624,318.7456164455411,45406400
2026-02-12,308.7826232910156,316.0175203045161,306.9839017615506,311.87044586439265,47761300
2026-02-13,305.50494384765625,308.41290048065196,303.4963480144474,307.5135396808651,38499700
2026-02-17,301.8075256347656,304.22583664461854,296.04159566157676,299.82893803190484,39247600
2026-02-18,303.1166076660156,305.1651838815364,301.0380842700908,301.87748970860525,28482100
2026-02-19,302.636962890625,305.25511494304027,299.828942056139,301.6076886754516,25834400
2026-02-20,314.7584228515625,316.2773425544253,303.68620054308417,304.1059184917761,53210800
2026-02-23,311.2708740234375,319.29522413676915,309.65201848441603,318.82555353627805,31423000
2026-02-24,310.6813049316406,312.05033638585,305.71479964031533,310.3015673465962,25615600
2026-02-25,312.67987060546875,313.4193707572093,309.22231323387047,311.84046520002283,29963600
2026-02-26,307.1637878417969,312.9197459051382,302.1373272609355,312.42009761480955,36431200
2026-02-27,311.54071044921875,312.1502667227519,303.5862877430576,303.92607541564644,44640600
2026-03-02,306.3043518066406,308.27296712894787,301.088022863519,303.0166882830762,34790200
2026-03-03,303.3664245605469,303.72618716624237,296.5012623376298,298.37994467731505,35497000
2026-03-04,302.9167785644531,305.2551289128473,300.5384478137644,302.6769571429086,29536200
2026-03-05,300.6683349609375,303.08661540637286,297.78035344585857,302.82681905445145,35752300
2026-03-06,298.30999755859375,300.31859339921897,294.97235071392555,295.88171424137005,25576900
2026-03-09,306.3599853515625,306.79998779296875,294.0799865722656,294.3599853515625,29312100
2026-03-10,307.0400085449219,309.510009765625,305.57000732421875,306.1700134277344,23239700
2026-03-11,308.70001220703125,311.4200134277344,305.9200134277344,306.75,24125700
2026-03-12,303.54998779296875,308.94000244140625,301.0299987792969,306.82000732421875,24928300
2026-03-13,302.2799987792969,307.69000244140625,300.44000244140625,307.010009765625,23693100
2026-03-16,305.55999755859375,306.489990234375,303.0199890136719,304.3500061035156,23519700
2026-03-17,310.9200134277344,311.4200134277344,305.5,305.8599853515625,21955200
2026-03-18,307.69000244140625,312.4700012207031,306.92999267578125,309.2699890136719,20009800
2026-03-19,307.1300048828125,308.05999755859375,302.3500061035156,304.010009765625,25075800
2026-03-20,301.0,306.0,298.2699890136719,305.4599914550781,44364100
2026-03-23,302.05999755859375,305.9800109863281,300.92999267578125,302.1099853515625,29326900
2026-03-24,290.44000244140625,299.9200134277344,290.3299865722656,299.20001220703125,36864300
2026-03-25,290.92999267578125,296.0,289.239990234375,293.44000244140625,29460700
2026-03-26,280.9200134277344,287.95001220703125,278.5,287.9100036621094,39080600
2026-03-27,274.3399963378906,279.3699951171875,273.95001220703125,277.2799987792969,35890600
2026-03-30,273.5,277.0899963378906,272.1099853515625,276.4200134277344,35141200
2026-03-31,287.55999755859375,288.0799865722656,277.0899963378906,278.0400085449219,43875400
2026-04-01,297.3900146484375,300.5199890136719,290.4100036621094,290.8399963378906,37684500
2026-04-02,295.7699890136719,298.0799865722656,289.45001220703125,290.69000244140625,21666500
2026-04-06,299.989990234375,300.6199951171875,295.17999267578125,295.8699951171875,16945500
2026-04-07,305.4599914550781,305.6300048828125,297.7200012207031,302.7300109863281,23205400
2026-04-08,317.32000732421875,322.0799865722656,315.0199890136719,320.45001220703125,33547100
2026-04-09,318.489990234375,319.5400085449219,311.05999755859375,315.9100036621094,23739200
2026-04-10,317.239990234375,321.8299865722656,316.32000732421875,320.0199890136719,19152600
2026-04-13,321.30999755859375,321.6300048828125,315.4700012207031,317.1400146484375,18866400
2026-04-14,332.9100036621094,333.2900085449219,323.75,324.7900085449219,27721400
2026-04-15,337.1199951171875,337.4800109863281,330.8999938964844,332.8900146484375,24918800
2026-04-16,336.0199890136719,339.8800048828125,334.5199890136719,338.75,20541500
2026-04-17,341.67999267578125,342.32000732421875,336.239990234375,337.6499938964844,25581900
2026-04-20,337.4200134277344,341.3999938964844,336.6099853515625,340.760009765625,18784200
2026-04-21,332.2900085449219,339.3399963378906,331.3500061035156,337.69000244140625,23123800
2026-04-22,339.32000732421875,339.82000732421875,335.1700134277344,337.0199890136719,20293000
2026-04-23,338.8900146484375,341.9599914550781,336.17999267578125,341.17999267578125,18650300
2026-04-24,344.3999938964844,345.2699890136719,335.3900146484375,338.7300109863281,26426100
2026-04-27,350.3399963378906,353.17999267578125,342.7300109863281,345.9800109863281,28576900
2026-04-28,349.7799987792969,352.4200134277344,346.1199951171875,348.54998779296875,27824100
2026-04-29,349.94000244140625,355.7900085449219,344.2099914550781,347.57000732421875,35376300
2026-04-30,384.79998779296875,385.8399963378906,365.82000732421875,374.07000732421875,72040000
2026-05-01,385.69000244140625,386.760009765625,379.04998779296875,381.6300048828125,30105200
2026-05-04,383.25,387.3800048828125,379.7900085449219,385.6300048828125,26298600
2026-05-05,388.42999267578125,392.82000732421875,384.0199890136719,386.2300109863281,23878600
2026-05-06,398.0400085449219,399.8500061035156,392.760009765625,394.25,31308500
2026-05-07,397.989990234375,400.1000061035156,392.67999267578125,399.9200134277344,24433500
2026-05-08,400.79998779296875,402.0,396.3599853515625,397.0,21461800
2026-05-11,388.6400146484375,397.44000244140625,388.4700012207031,393.6499938964844,30753700
2026-05-12,387.3500061035156,388.5199890136719,382.7699890136719,387.3399963378906,26017500
2026-05-13,402.6199951171875,403.70001220703125,385.0,385.6000061035156,28144600
2026-05-14,401.07000732421875,402.92999267578125,395.8399963378906,397.2799987792969,21136700
2026-05-15,396.7799987792969,399.5400085449219,393.17999267578125,396.32000732421875,20309700
2026-05-18,396.94000244140625,408.6099853515625,394.5299987792969,395.69000244140625,26837200
2026-05-19,387.6600036621094,397.1499938964844,386.1099853515625,396.9599914550781,39545700
2026-05-20,388.9100036621094,393.8599853515625,382.8999938964844,387.70001220703125,31744400
2026-05-21,387.6600036621094,392.5,383.0199890136719,385.70001220703125,24818800
