Date,Close,High,Low,Open,Volume
2021-05-24,761.4424438476562,766.5034992813909,757.279345729583,760.3812668590155,4191877
2021-05-25,767.8095703125,770.4217328273297,763.3607878586255,765.6872162945572,5032874
2021-05-26,772.0543212890625,774.6256788619444,761.2383772320625,767.319804798494,5017674
2021-05-27,769.2789306640625,781.1152466717624,765.7688108862537,774.6664752625633,9078274
2021-05-28,769.4013061523438,775.2786589380291,765.1974033337301,767.3605621172345,4098094
2021-05-31,771.5646362304688,773.7277953545315,761.2792547805208,768.5851295409876,4171524
2021-06-01,776.05419921875,777.1153762175012,768.9932044951946,773.8501855611252,2944472
2021-06-02,770.3807373046875,776.0540146856987,765.3604879351009,773.0337040821605,3657189
2021-06-03,766.8707885742188,775.3194487862351,764.8708494941089,771.4012302795442,4164240
2021-06-04,764.5034790039062,770.7481753417898,763.0341533428895,767.4013254120213,3550303
2021-06-07,775.1563720703125,777.0747017968012,764.9526495555766,766.503635306962,3282517
2021-06-08,789.5231323242188,793.4413512547326,776.6664437622209,777.1153975252113,6385642
2021-06-09,792.8699340820312,804.0532223678613,787.8088784538246,794.9923379637215,5521459
2021-06-10,790.6250610351562,801.318589901659,788.9924657721348,799.5635300647696,3878256
2021-06-11,802.706298828125,808.1346982963287,792.2168936329161,796.7065308456735,4777035
2021-06-14,803.400146484375,806.8694114510578,796.7064958782046,802.4205793527408,2236373
2021-06-15,804.4205932617188,810.5836310457831,802.5839234028537,804.1348591677357,2559001
2021-06-16,799.4819946289062,804.8695395690895,795.0739670794048,803.2777490749442,3138753
2021-06-17,805.1961059570312,807.277655217288,798.7881388417836,799.9717805224346,3609989
2021-06-18,796.09423828125,813.603831851186,791.8902856916136,808.1346279399513,5622783
2021-06-21,801.6043090820312,802.7879506638824,784.6661324899212,790.1761417427763,1639495
2021-06-22,800.05322265625,806.6652628192604,796.9104969635616,801.6858177844724,2529648
2021-06-23,794.1760864257812,804.0532690915693,792.6251007999125,804.0532690915693,2395543
2021-06-24,807.889892578125,811.8897216566289,791.0741290460949,793.441412448594,4686567
2021-06-25,812.7467651367188,824.4606163407351,807.5224403119527,812.2161517416152,5196000
2021-06-28,804.2979736328125,816.2975576955063,803.4000662484871,816.2975576955063,1844159
2021-06-29,802.9103393554688,811.318244911832,800.3798365987806,805.6449663451587,1895170
2021-06-30,802.8287353515625,809.3183116059604,800.7879912352646,800.7879912352646,2682591
2021-07-01,804.4613647460938,806.5021089488997,796.0127036756198,805.6858112677774,2861509
2021-07-02,803.7673950195312,806.1754329112316,797.7267732768859,802.8694378292201,1646631
2021-07-05,799.7676391601562,812.9508664099787,798.3391182430546,809.5224062443639,2598033
2021-07-06,793.4821166992188,801.7675577338977,791.9719859835088,799.9716929484222,2486069
2021-07-07,796.1759033203125,798.0125730566239,783.8906334931121,791.8087307653366,3014899
2021-07-08,797.3594970703125,801.6042546153308,791.8086832758358,795.8901713339587,2555624
2021-07-09,797.4003295898438,799.5635382646733,789.0332787810506,793.4413059655564,3218471
2021-07-12,799.5227661132812,802.4614178081475,795.8902315023659,799.9717198690447,2037878
2021-07-13,790.13525390625,802.4205225421472,786.9108684950456,802.4205225421472,2997764
2021-07-14,807.6857299804688,810.5427717916322,790.2577450386588,790.3802096168507,4371180
2021-07-15,848.7454223632812,859.1532166745405,808.7876452194058,810.5835098886639,12701032
2021-07-16,820.3790893554688,856.0921094144754,814.7058110615247,852.9493835784235,8665827
2021-07-19,816.4609375,831.2359053616908,810.1754354918147,820.3791563418376,4644600
2021-07-20,797.6861572265625,826.2565779737685,791.2781901081162,815.4814378988217,10216774
2021-07-22,798.8289184570312,801.1962017433378,791.8087780856216,791.8087780856216,6156400
2021-07-23,811.39990234375,819.4812693887914,802.0940887659968,803.8083438055077,5265839
2021-07-26,816.5426025390625,819.562914079425,805.8899272160481,811.3999368475581,2477027
2021-07-27,814.6536254882812,823.0301143234452,807.960634624638,821.2234127906061,2883514
2021-07-28,807.3447875976562,817.8975394480424,802.5817014120498,817.1173671130327,2952249
2021-07-29,827.46484375,828.6145767899941,809.3568741728985,809.3568741728985,4732101
2021-07-30,841.7130126953125,862.2436008409322,829.3536587798569,831.8994316605113,9330054
2021-08-02,850.2947998046875,853.251184243522,840.1526598890002,849.1450668987504,2536478
2021-08-03,853.6207275390625,856.4950097909579,840.9328645545,845.860205557749,3359006
2021-08-04,854.0313110351562,860.4368942262658,849.6377855020133,854.975738078936,3122161
2021-08-05,871.4413452148438,881.1728237313471,848.8986997810593,854.0724479781929,7896314
2021-08-06,862.2435913085938,878.7091629181543,856.536127966014,871.441354844355,11584782
2021-08-09,862.736328125,876.04010780253,856.9466627531662,868.6901980866296,6321578
2021-08-10,873.535400390625,880.598002716849,860.6422314871876,864.3377372521612,5871606
2021-08-11,876.2044067382812,886.1001903905678,868.1564762786786,879.4893008639182,5011239
2021-08-12,900.4716186523438,904.2903281926117,877.0667475793006,879.5304182185683,6540144
2021-08-13,919.3184814453125,923.0139866906995,895.297697350297,902.5245032622964,7270809
2021-08-16,922.7677612304688,927.4486948554529,915.1303429507531,920.5503977394201,3159376
2021-08-17,938.617431640625,946.0084437108424,913.6523155121712,919.1544732878596,5295838
2021-08-18,931.4727783203125,950.894734633568,929.2965159411337,950.894734633568,4871006
2021-08-20,917.5941162109375,936.8107673862116,909.2586771047996,909.5050842693222,3467046
2021-08-23,955.165283203125,967.5657412545805,924.7390046998922,927.1615745611803,9383780
2021-08-24,946.7886352539062,963.2952082876942,944.4070669487198,959.147989329679,3947317
2021-08-25,947.9791870117188,960.7492506473991,936.4410586908994,952.5370168616225,3447912
2021-08-26,958.7372436523438,962.4738503202195,948.5130521500457,952.5370669661428,4654833
2021-08-27,955.0419311523438,960.6262916471343,952.2087498737783,958.7374372967439,3050466
2021-08-30,955.41162109375,961.1190854020714,948.143811790188,955.9043352377658,2956868
2021-08-31,970.9325561523438,980.0481166900984,954.3027807568568,957.5465733895196,7199002
2021-09-01,956.4378662109375,977.666471347882,954.0562982682923,977.25585964215,3200410
2021-09-02,963.0897827148438,970.6860994832192,947.6918433194882,962.4738651390295,5224479
2021-09-03,964.7324829101562,969.5366212136125,951.1822926841357,963.705953347579,4533364
2021-09-06,985.59130859375,993.7624415325007,964.116296088878,964.9375195097374,4331916
2021-09-07,970.8505859375,997.7456612231447,969.1260362739334,996.965538832755,3721585
2021-09-08,976.2708129882812,978.2006687096427,958.4091968120144,973.150122706946,3118518
2021-09-09,984.2775268554688,989.5332773826844,971.507460542432,978.8984724992214,3388292
2021-09-13,992.36669921875,997.7867553713613,966.1285429107668,978.8986110309982,3723138
2021-09-14,1017.20849609375,1018.8098418006922,991.2167525818662,998.6077639929986,5593286
2021-09-15,1045.622802734375,1058.515971355721,1010.3101928639034,1017.2084901903272,6063895
2021-09-16,1037.2874755859375,1063.73093479951,1030.7997893062122,1057.0789436568818,3616292
2021-09-17,1037.45166015625,1051.9872756222512,1033.5097473619073,1038.847699970451,4817180
2021-09-20,1048.0040283203125,1066.6047542329181,1026.529021148491,1033.0988068838415,5453683
2021-09-21,1067.179931640625,1079.9088958117907,1048.702403005062,1058.557084944029,4645597
2021-09-22,1080.31982421875,1091.118936391667,1067.2623467728558,1067.5908563165146,5367303
2021-09-23,1090.8314208984375,1097.524313488225,1079.0057802185158,1089.64058645062,3037295
2021-09-24,1115.3857421875,1131.440702065201,1097.9758437025396,1100.439514256846,7951730
2021-09-27,1063.648681640625,1123.392693767357,1059.4194606361373,1121.7913479741057,7653504
2021-09-28,1042.1328125,1071.655762637103,1029.8144577423168,1071.655762637103,8572321
2021-09-29,1052.151611328125,1068.7813888346777,1033.7562833209608,1042.953947324543,4639821
2021-09-30,1050.796630859375,1060.5691108821927,1042.0094787482587,1060.5691108821927,3589722
2021-10-01,1046.0333251953125,1054.450865201791,1035.2753185047252,1046.238631049129,3372796
2021-10-04,1050.0576171875,1062.3348703880404,1046.0336013409835,1052.398084489476,2706626
2021-10-05,1071.8201904296875,1078.7594909734903,1036.5485704470902,1042.9541557544767,3710314
2021-10-06,1047.4295654296875,1083.8919120975122,1044.4321795877247,1077.4453271028933,2861608
2021-10-07,1072.7642822265625,1082.249353362577,1054.4920596227635,1054.4920596227635,2421641
2021-10-08,1085.780517578125,1098.796888169599,1062.7041605291938,1072.764146986651,5197831
2021-10-11,1069.9722900390625,1088.0392099406454,1014.7450007944508,1067.590721457176,5264998
2021-10-12,1026.8167724609375,1074.981550282748,1015.2786425545415,1073.2980020265118,12811641
2021-10-13,1039.1351318359375,1043.610860042605,1021.1503172029905,1037.2052766674703,5705730
2021-10-14,1027.4736328125,1062.0471164176006,1021.6429669724224,1058.8854265128466,10360519
2021-10-18,1003.04248046875,1045.0069845125417,997.7866296131539,1018.3172186998443,23861603
2021-10-19,1011.8296508789062,1028.993245412852,1005.9989829455257,1010.1051012432624,10189780
2021-10-20,1012.486572265625,1037.533891466367,1002.2212775112226,1017.4960160563696,8222562
2021-10-21,1002.3858032226562,1025.733745906925,984.4195656224498,1025.733745906925,5998795
2021-10-22,988.5587768554688,1012.8587567264673,981.9352674628022,996.2172095907393,3812305
2021-10-25,964.8799438476562,985.2472190877155,958.0494484212078,980.3210234189781,6690819
2021-10-26,966.0391235351562,978.6237540574149,954.8205113085564,968.6884875187609,5126660
2021-10-27,974.6082153320312,978.0855179962691,961.6509524107784,968.6884324757733,3536653
2021-10-28,953.78564453125,981.1076291402181,949.4804025347241,979.7001733900979,4096585
2021-10-29,946.9549560546875,971.1721647669058,942.1943081881831,953.7854508196722,3558520
2021-11-01,984.5850219726562,986.4478847294663,946.7482499610446,946.7482499610446,4511112
2021-11-02,969.2266235351562,989.4696877522156,967.736293196031,986.0751587206001,3016082
2021-11-03,973.94580078125,983.3428860792604,970.0958650940828,972.8281035989755,2063067
2021-11-04,979.5344848632812,982.8876778092651,975.312016719021,981.107588974567,256369
2021-11-08,979.3272094726562,987.565259659446,967.4877474475126,983.1357070397183,3808317
2021-11-09,971.0067749023438,986.0752223401153,969.0610376488528,983.5914056591578,3565461
2021-11-10,967.9849243164062,972.8283473643975,962.1479138055099,963.7210181550286,2401325
2021-11-11,960.9887084960938,966.8671559535844,953.9926647249911,965.3768254019003,2861259
2021-11-12,970.63427734375,975.4363640244204,962.8930678201158,967.7779281883619,3812518
2021-11-15,969.3922119140625,978.2925548233759,963.3068813940694,969.5164229587067,3619915
2021-11-16,963.2241821289062,973.2422230803961,960.7817016180798,969.4337241732304,3141207
2021-11-17,954.1580200195312,964.3417075836231,952.1296104066681,960.8229677190768,3172985
2021-11-18,927.4569702148438,956.2692798526874,921.9098208796255,950.4737084596409,5384530
2021-11-22,919.0951538085938,932.135194337236,912.3888674643629,927.457318315192,3961223
2021-11-23,921.164794921875,927.2915629619398,902.4533960968878,914.8724795294138,4545069
2021-11-24,926.8361206054688,937.7649742471076,921.4545179910518,927.2915274072371,2675632
2021-11-25,931.2656860351562,936.3988666279879,919.8400891456185,924.3937529532701,3106454
2021-11-26,919.0537719726562,932.259359236732,913.465183451477,927.2917249956838,2207274
2021-11-29,938.1790771484375,947.9901338663641,910.8156533817439,911.6435923632866,3661152
2021-11-30,942.732666015625,958.6704901333906,938.054790931344,938.054790931344,7421904
2021-12-01,957.6768798828125,962.8929353505381,948.1555825857091,948.8179741287332,2918586
2021-12-02,980.859130859375,982.2666875669445,954.6135093212181,961.9821854174477,4011279
2021-12-03,969.84765625,984.9988776139305,968.398763162187,983.5914218981881,2571036
2021-12-06,940.9939575195312,970.8825303351282,939.5864008088623,968.6056984561917,2493755
2021-12-07,951.8399047851562,956.2693573526166,936.7300210001474,952.1296631649429,2299958
2021-12-08,970.01318359375,978.2925724961664,957.9667333807896,958.2564917790223,2525711
2021-12-09,967.4880981445312,976.8024113098435,956.2694849720489,976.8024113098435,1734844
2021-12-10,962.2305908203125,966.2047381391072,956.4350182693496,956.4350182693496,957733
2021-12-13,959.6640014648438,971.5449049949833,954.8205788977486,965.376800342315,2225682
2021-12-14,962.3548583984375,965.2940822200542,948.4041067232823,957.0974660603356,1972685
2021-12-15,951.2190551757812,962.0235975527478,945.7546784609837,958.960263943975,1604301
2021-12-16,960.2021484375,966.9498707502406,951.7572120036203,957.0973775328735,2121810
2021-12-17,969.84765625,979.3689536841996,964.5488270297889,970.3443993810408,6373455
2021-12-20,960.3263549804688,970.6341539087525,948.4040145492992,960.4091286575182,3091768
2021-12-21,997.6663818359375,1005.904333524808,964.5902629644297,967.7778075395161,6217986
2021-12-22,1012.4038696289062,1015.0532340545411,1001.8889834810988,1008.4297219236795,3809814
2021-12-23,1016.2536010742188,1018.9444026016765,1006.442544948995,1018.2821120965147,2814281
2021-12-24,1047.50830078125,1062.908045835158,1031.7361246998328,1044.9831476680015,15952929
2021-12-27,1049.163818359375,1057.2776575677144,1038.2765059496303,1049.8262097070178,3372907
2021-12-28,1062.990966796875,1067.2134357396653,1051.4825937853957,1051.4825937853957,3446067
2021-12-29,1069.6141357421875,1075.492480897872,1057.3606013067988,1062.2454603479366,2254162
2021-12-30,1090.436767578125,1098.2193109494942,1061.996990754456,1069.6140878698004,4518139
2021-12-31,1092.1341552734375,1100.7033024592886,1083.7305554367133,1092.879320478024,2231508
2022-01-03,1097.9710693359375,1109.3552279344638,1087.994366282893,1089.8572285990156,2661272
2022-01-04,1104.01513671875,1106.7059382679065,1082.3231769645636,1100.744818339558,3367100
2022-01-05,1085.2205810546875,1101.1584000020862,1077.976117896779,1100.330461355468,3510253
2022-01-06,1063.8187255859375,1074.4991577374221,1057.2779879841164,1068.0411938132422,4409632
2022-01-07,1068.496826171875,1075.078901468438,1061.583453961297,1074.2923997646967,3898684
2022-01-10,1066.46826171875,1080.3362406973717,1059.7619756797571,1080.3362406973717,2529949
2022-01-11,1112.4599609375,1116.0614744138395,1059.7616374256042,1066.9233280793687,6772189
2022-01-12,1119.497802734375,1123.5960605907528,1102.318067507284,1121.0294697581335,3162044
2022-01-13,1104.6776123046875,1125.5002983973473,1093.8316316027779,1109.4382615613874,4598005
2022-01-14,1107.1197509765625,1111.8803991971492,1070.5248955163167,1092.8792436825506,5636243
2022-01-17,1042.1680908203125,1053.9662201503538,1029.4592489132342,1053.9662201503538,11973283
2022-01-18,1009.8784790039062,1051.4409715929805,1007.60164701599,1051.4409715929805,7799487
2022-01-19,992.8641967773438,1010.4993341457103,986.0751388509143,1010.0853647339341,8464215
2022-01-20,981.3009643554688,1003.0501782641195,976.8342639591535,1001.8812963683627,6172404
2022-01-21,975.1224975585938,985.0578389796931,964.3105713135433,981.3007848057442,5514748
2022-01-24,939.1799926757812,972.2420461681653,927.5748504017447,970.572244457271,5878438
2022-01-25,938.17822265625,951.4949548942348,908.7062782007902,930.9146246476233,4725254
2022-01-27,899.814453125,931.7076270272245,893.5109105062606,930.9145119316864,8304735
2022-01-28,902.0686645507812,920.2277596876725,899.397022354759,900.8580989749687,7654724
2022-01-31,917.89013671875,930.0378845488395,912.4214946586715,918.9337629197863,7572995
2022-02-01,945.7760620117188,948.8651554952436,919.4348900036401,932.3340719843661,6783774
2022-02-02,977.62744140625,980.0486750764834,946.1934952664693,954.2085257639299,6982539
2022-02-03,965.7720336914062,977.5441210885361,960.9713514405088,970.1552653117908,4169794
2022-02-04,971.6578369140625,974.4129490990978,949.5746440334632,968.4851723070952,3625482
2022-02-07,966.2725219726562,977.9611344001705,956.7964172808153,965.9803270452908,3824483
2022-02-08,970.1130981445312,976.7088358972754,958.9255071777956,967.6083953460171,3267641
2022-02-09,985.9346923828125,992.6973706557612,973.4946460762133,978.5040524882693,3772972
2022-02-10,993.8243408203125,995.1184780794764,980.2572001729742,989.3158552372573,2053245
2022-02-11,971.5742797851562,984.3483062048477,966.8571705380883,984.3483062048477,3912397
2022-02-14,957.1721801757812,972.1169279827784,946.4437230510503,947.9047997544819,3243813
2022-02-15,975.6235961914062,980.173765836861,958.5498097336256,963.058295479403,3000492
2022-02-16,974.9972534179688,987.3955106574184,968.4849860211832,983.5132013215119,1885868
2022-02-17,971.0317993164062,980.1739259166897,968.4853101050767,980.1739259166897,1644055
2022-02-18,972.6597290039062,976.9177040007686,960.219682901989,962.5156608030712,2166690
2022-02-21,972.4508056640625,976.4165848672428,960.3029570224128,962.7241899718873,1706058
2022-02-22,959.7604370117188,963.6009610350993,945.1078844325343,945.1078844325343,3254855
2022-02-23,962.6409301757812,967.6503365773899,958.5082106611079,965.1456333765856,1937649
2022-02-24,917.180419921875,947.570730998161,911.7117782872976,923.4003908294425,5469084
2022-02-25,943.1876220703125,952.622044168341,930.914618096144,931.4155383144847,3213276
2022-02-28,940.8916015625,946.1933042225465,924.2353680805427,934.7550998542326,4571884
2022-03-02,931.3740844726562,938.9716650912752,925.9054407870101,938.9716650912752,3867328
2022-03-03,951.5365600585938,961.8058823819232,935.5065027855425,939.2635570135968,3969380
2022-03-04,950.4930419921875,964.1854393417791,937.3016667966172,941.768366948018,3522375
2022-03-07,963.6427612304688,969.6541100033729,927.1576257302062,927.5750762595759,5249845
2022-03-08,981.2590942382812,984.8491070523444,964.3105647577112,965.1454656795794,3805165
2022-03-09,987.437255859375,997.706577718859,969.4034167625912,985.1830641910072,3781326
2022-03-10,995.3271484375,1000.3782378346326,981.0085773297469,1000.3782378346326,3834327
2022-03-11,996.4124145507812,1007.8506177576828,982.0939459909002,985.1830384805082,2770879
2022-03-14,1004.2606811523438,1014.2378095869797,983.2212160132725,996.412591105772,5740660
2022-03-15,982.5533447265625,1013.8204522489513,975.2479600601126,1007.7256334177147,3003066
2022-03-16,1001.4637451171875,1004.3441127879314,989.3576806701685,993.6574411846763,1894018
2022-03-17,999.29296875,1014.4046555815116,994.200093331639,1014.4046555815116,6987787
2022-03-21,975.2061767578125,1010.1467640464444,972.7431575998958,1001.7977538500388,4046440
2022-03-22,982.1776733398438,986.6443738365887,970.4055882261578,976.8342859224107,4516870
2022-03-23,985.7676391601562,994.2419052885978,976.8342385994471,993.5322597720872,2338886
2022-03-24,995.2855834960938,996.8719159735166,975.9993884196323,975.9993884196323,2351703
2022-03-25,984.640380859375,1001.0462043413705,981.3425629878661,1001.0462043413705,2489854
2022-03-28,971.7830200195312,991.5284499029159,966.9823390628574,989.2742578725212,3406258
2022-03-29,974.913818359375,981.0086361848745,971.5325305931365,974.3294284491476,2443230
2022-03-30,972.8265380859375,986.8111288821791,970.2383655457777,982.9706049274306,3073672
2022-03-31,971.615966796875,980.8416629303155,969.3199892169039,980.8416629303155,3006639
2022-04-01,976.5419921875,980.1737912179718,961.8477547127026,969.3200780273129,2479745
2022-04-04,991.0692138671875,992.6554441395367,975.1643099965714,979.5057541716891,2282137
2022-04-05,998.0824584960938,1004.3860024368113,988.6063515912598,993.5322883622655,2634464
2022-04-06,977.2513427734375,997.6229417673267,974.7466404852527,993.5319076466387,2838968
2022-04-07,979.5895385742188,985.8095112386251,970.9900161511928,973.1607387102489,3391918
2022-04-08,972.9518432617188,985.1831630850401,970.6141816518304,984.3482620993747,2656091
2022-04-11,946.3602905273438,971.8247712164341,944.8992137664942,971.8247712164341,5679058
2022-04-12,944.398193359375,953.2063368903915,934.7133630982017,943.2710975038991,2906617
2022-04-13,939.3469848632812,954.3752011057832,937.5937133516455,947.6125241799801,1971580
2022-04-18,919.8521728515625,929.0360838126401,905.533600378921,926.7401060723707,4391701
2022-04-19,893.5526733398438,931.7076030675983,883.9513131497871,931.6659191732609,3422431
2022-04-20,909.5411987304688,914.0496846572814,888.9190822241718,897.5186035645113,2573318
2022-04-21,917.7230834960938,922.6073355870107,902.6113966840433,914.2165402726548,2547848
2022-04-22,920.1026611328125,947.5708217029094,902.6114245400992,907.2033799069281,9567571
2022-04-25,909.9168701171875,916.7213339171113,899.4389233066375,915.8029631644548,3565801
2022-04-26,913.6320190429688,924.2352188174116,905.9091863654068,921.7305163273916,3213714
2022-04-27,914.717529296875,918.307644418788,897.1846080269917,907.5374009696769,3288792
2022-04-28,927.3654174804688,935.6841601558217,911.0675952982166,926.940993948441,5202061
2022-04-29,916.1181640625,934.1561635865474,911.9587928602092,928.63865784978,2988180
2022-05-02,905.6349487304688,918.4525186083138,901.475577414075,910.8128950709064,2584604
2022-05-04,887.002685546875,913.3594279592955,879.2358179162329,913.2745639778998,3385725
2022-05-05,910.0065307617188,912.6803161015054,888.827734474929,898.9290351976501,2982126
2022-05-06,891.4590454101562,896.9341705317009,873.4210473186238,891.2044534908612,4075606
2022-05-09,913.4443359375,919.216537616779,877.7927580360272,886.196364979466,4207192
2022-05-10,910.4308471679688,920.9989503581131,905.380145591371,910.8127868518483,2473518
2022-05-11,900.5418090820312,916.1606147109076,894.7272278167185,907.4174491044821,2895668
2022-05-12,899.2686157226562,909.0727373083064,885.9841382197945,891.3742964446794,3195189
2022-05-13,893.1144409179688,915.0571163515741,887.1300277910653,908.2663399779075,2496626
2022-05-16,886.6631469726562,905.6772362700257,882.9705797454026,894.6847094187956,1415370
2022-05-17,919.2164916992188,921.8478968319322,887.3422435057165,898.2499073807056,2620776
2022-05-18,911.4071044921875,931.4823594541203,908.9455307577912,919.7683314569924,2865869
2022-05-19,856.8262939453125,898.3349383668915,852.751786367857,895.6185654422438,4729354
2022-05-20,873.3361206054688,878.1321263596541,863.1075257255775,873.4634683654751,2005622
2022-05-23,864.3809204101562,880.2543702353183,861.3675238151294,868.3705118136264,2285466
2022-05-24,841.8441162109375,867.8613006976531,837.8120924630152,867.5641731252547,3418456
2022-05-25,827.1589965820312,842.7353188179881,817.439687752049,842.0562515576664,3904551
2022-05-26,832.4642944335938,836.9631733401527,822.5752057894923,829.3235500540865,4278059
2022-05-27,852.157470703125,857.7174078433301,839.5096304707142,839.5096304707142,2795530
2022-05-30,882.7159423828125,894.1328921327407,862.1314043500872,864.9750208390535,3562969
2022-05-31,883.4375610351562,887.7242800549277,866.2059764040116,887.0451609721242,5185485
2022-06-01,864.0414428710938,887.4271171965422,858.6512329558003,883.4375774631993,2554081
2022-06-02,882.5463256835938,890.3557815047283,855.0437095681394,858.5240139107875,3560227
2022-06-03,885.3474731445312,907.9692677506964,882.9706599569361,894.642306894364,3556955
2022-06-06,880.5089721679688,889.0398217421897,866.8000733653716,881.1031235782687,1997494
2022-06-07,868.2857666015625,877.4957374143411,860.0095069258286,874.3125606159819,1839248
2022-06-08,874.4821166992188,877.538048720163,862.4285310397732,868.4553238694959,1665512
2022-06-09,873.1664428710938,875.7553639180294,858.7784765908561,870.0256469594,1654005
2022-06-10,861.876708984375,869.0070439146562,855.8074845252772,859.0330924948787,2260855
2022-06-13,841.8865356445312,850.5447863464883,833.9922680493262,845.4517037935153,1738804
2022-06-14,846.2156982421875,849.6535186496187,830.2998150508246,838.660938296881,2461791
2022-06-15,840.2736206054688,854.7888827970885,838.6607906688415,839.5096376229598,2408630
2022-06-16,819.0950317382812,854.7890424643896,816.2938466283548,854.7890424643896,3198618
2022-06-17,813.8320922851562,817.5670399513907,801.3540305474086,808.4419343534086,4302066
2022-06-20,814.9354858398438,819.9861354417848,808.1871423757045,819.1372885106856,1305407
2022-06-21,837.4725341796875,848.7622421387703,817.9915345417181,824.8247433841259,2128325
2022-06-22,815.9967041015625,831.0213080825265,814.1717139284591,830.1300289924513,2575065
2022-06-23,824.442626953125,829.747920562862,813.7046919632143,816.6756563846669,2169033
2022-06-24,820.5804443359375,835.7323432836303,814.893158803221,835.2654877733015,1922313
2022-06-27,842.3531494140625,854.6189967372081,835.4350786842502,837.090340400782,3626024
2022-06-28,850.5023193359375,854.788986612958,834.6288690041617,840.2737226584298,2702471
2022-06-29,838.2789306640625,849.0592990341977,836.1143809534464,836.1992449383667,3150015
2022-06-30,826.1404418945312,845.9185690061885,823.3392568202648,840.3586308508461,3741119
2022-07-01,827.9229736328125,833.1009718744908,818.4583598350673,818.7130035955894,2827579
2022-07-04,835.7747192382812,839.9340901812743,826.3101064578708,827.9228846408313,2738846
2022-07-05,833.6951293945312,851.096493471047,830.554385028575,838.1515762921756,2476050
2022-07-06,837.4725341796875,847.998259019451,831.9125959964682,833.5678582153162,2998254
2022-07-07,840.2312622070312,849.6110638974933,836.071942596815,846.3005395585639,2985141
2022-07-08,834.8833618164062,847.9980568411657,831.1484665256306,847.9980568411657,3141642
2022-07-11,800.9296264648438,831.1486126361664,797.9162297887144,827.6258766425495,5787815
2022-07-12,787.5602416992188,805.1738170713552,784.6741929649118,793.6719505035005,5305354
2022-07-13,779.0294189453125,794.5208783795288,768.2066185186683,789.4277958258139,12874342
2022-07-14,766.5089721679688,787.3481592221489,757.4262973518046,786.1598043044986,4916497
2022-07-15,749.6592407226562,768.2065267496595,744.7358867279244,760.566903831707,5591590
2022-07-18,764.2169799804688,770.3286890322134,754.4976710076365,759.718101029015,5156225
2022-07-19,763.7019653320312,770.3973299777832,759.6675621507947,763.95946928159,4636293
2022-07-20,787.4791870117188,788.6808896432087,768.3372381844234,776.4918622061411,4827089
2022-07-21,793.5306396484375,795.6765929968343,784.174262092852,790.5692135493622,3498709
2022-07-22,789.925537109375,799.925702056526,780.26874570217,797.7797484104804,3514659
2022-07-25,798.852783203125,800.0115772995001,784.560709926763,789.9255944311857,2120224
2022-07-26,784.1314086914062,797.9942892542956,782.0712723753771,797.0071296879811,2780103
2022-07-27,796.9641723632812,797.7366841409722,782.0712245530557,782.9296059003387,1742497
2022-07-28,812.1146240234375,814.6039510474939,800.6123446637444,803.3591756302858,2843497
2022-07-29,814.0889282226562,828.9389157364631,813.0159514891234,821.4709871927857,3617725
2022-08-01,817.307861328125,821.0417994175137,811.3421001901902,818.8958459428209,2489519
2022-08-02,816.363525390625,818.7669825538212,807.7797123853264,817.3077762560699,2545241
2022-08-03,821.6426391601562,825.5911724158,815.5051915476304,816.3206643088766,4119614
2022-08-04,822.4152221679688,832.5870734870081,811.8571411209138,828.3380749558369,3513266
2022-08-05,822.1146850585938,828.2950408591696,819.7541364979974,826.5353696831942,2565683
2022-08-08,829.2391967773438,830.9130506945296,815.505096765864,822.1146428746754,1746911
2022-08-10,817.221923828125,830.0547350184349,813.8313071416443,829.239262287544,3271939
2022-08-11,826.0633544921875,831.3424212834514,822.9732022772421,828.3380862555814,3594584
2022-08-12,820.9559936523438,827.4796713495597,818.8958573314108,827.4796713495597,3022304
2022-08-16,822.5010375976562,831.7715458971694,817.7370314817966,831.7715458971694,2784861
2022-08-17,841.7288818359375,843.7032012082267,819.7543362908973,826.6213883226535,4649125
2022-08-18,835.6341552734375,844.1750592750635,830.9988755202777,844.1750592750635,2829269
2022-08-19,832.6727905273438,847.2652729943256,829.8830512321855,836.4925978866943,2880969
2022-08-22,823.5740966796875,832.6300105428697,819.9259754994739,828.3381032720301,3616799
2022-08-23,812.8014526367188,816.3207957839397,806.0202179191582,815.419505699061,3753715
2022-08-24,814.7327880859375,818.7242304614804,810.4408807629151,815.3765741843908,1494361
2022-08-25,810.1403198242188,818.8100030243462,809.1532126917512,818.8100030243462,3316314
2022-08-26,811.7283325195312,820.612558403411,810.0973870221957,814.2176069626698,2195046
2022-08-29,787.5648193359375,791.4275350711001,772.6289642034012,783.3587301344086,4974880
2022-08-30,805.9773559570312,811.385149170648,792.8870374964628,795.6338688976265,2998417
2022-09-01,794.9041137695312,799.1531123316457,786.4919862232765,787.3932762476172,2953921
2022-09-02,793.5306396484375,804.3033149791014,788.8524508706448,799.3247136891088,1750283
2022-09-05,803.4448852539062,808.852676887905,791.8567378704365,794.861072377262,2279812
2022-09-06,804.9900512695312,809.3678277618861,795.76245139345,803.4449752569409,2108615
2022-09-07,799.7539672851562,800.4835705244421,792.3718557509674,795.719564194447,2709547
2022-09-08,799.1959838867188,807.6510720258377,796.5779311215581,803.7883557650111,3214686
2022-09-09,814.1748046875,818.0375212094756,801.9857776287549,806.0201809188851,2206526
2022-09-12,820.226318359375,827.0504608184696,818.4666470061346,819.8829972417466,2517615
2022-09-13,820.0975341796875,823.8743805532628,815.8485361669071,819.7541606950725,2442828
2022-09-14,800.0114135742188,805.5479837279935,795.3332247654807,801.1272988444786,6761712
2022-09-15,789.6251220703125,804.0459200480627,786.5349173948648,803.8742332786302,2995215
2022-09-16,769.88232421875,787.9941514044755,766.8779892188419,785.5048243051166,5095937
2022-09-19,770.65478515625,778.6806824177831,761.8134675046255,770.783563318602,2686561
2022-09-20,784.5606079101562,790.4404996058596,774.2600310010514,774.5175349454903,1836721
2022-09-21,773.35888671875,784.3461603471,771.5562539851322,780.2688478856512,1819649
2022-09-22,770.526123046875,776.7493885068591,763.7448886925212,770.4831620615809,2315711
2022-09-23,768.9808959960938,783.3587833198168,765.6761488215449,769.538864818963,2569608
2022-09-26,778.2944946289062,787.4791868987603,757.092461697192,765.0324903487782,4182702
2022-09-27,788.6378784179688,790.9555185797709,779.0669052498438,782.2000181859853,3545337
2022-09-28,790.3976440429688,795.6767110196449,782.7151194378708,783.7022790811345,4154139
2022-09-29,792.328857421875,799.1529993121188,786.7922874961513,795.7194740733986,2928360
2022-09-30,800.3119506835938,803.0587818936348,781.1700541874897,791.3419061446257,3229901
2022-10-03,798.50927734375,800.7410479712569,786.277342700215,800.3118572820101,1598950
2022-10-04,812.0287475585938,816.3206542581635,804.346224088076,809.0244128688948,2331351
2022-10-06,827.9517822265625,830.8702999901449,820.1834409097355,820.1834409097355,3713623
2022-10-07,822.0718994140625,835.1622161168615,819.7542590933109,828.3380733246545,2174327
2022-10-10,826.8358764648438,830.1835848527344,808.7669586279649,808.7669586279649,2758812
2022-10-11,805.6767578125,834.3467174126815,803.4449871381378,830.9990090096956,3134969
2022-10-12,817.1791381835938,827.393898367467,809.7112091105596,809.7112091105596,3502390
2022-10-13,843.016357421875,848.9821186686498,832.0290859092827,834.389634774511,9698562
2022-10-14,860.5701293945312,878.1240367960631,853.2309800344934,862.6731739785371,7424383
2022-10-17,853.7460327148438,864.2182952088071,850.7416981201826,863.2740967213458,2136170
2022-10-18,866.2784423828125,870.0982497516819,857.6087595783146,858.3813237262434,2487826
2022-10-19,863.2007446289062,872.6073702255845,861.7702195769806,872.6073702255845,2517099
2022-10-20,882.0574340820312,883.7046493195313,856.5684332226573,858.3023774194643,3931399
2022-10-21,890.5536499023438,892.8945379427788,877.0289070510665,886.4789235886392,2071897
2022-10-24,894.368408203125,900.6539560054985,892.9812739923608,897.3161345457218,398105
2022-10-25,889.9468383789062,899.2667882206728,885.0918159067152,898.1830731227928,3068136
2022-10-27,894.7586059570312,899.4401706726999,883.9647397187691,893.8482429114533,3313674
2022-10-28,892.9812622070312,901.434240174525,889.0798877604957,894.671815467908,2423629
2022-10-31,902.64794921875,912.4880605822349,898.5298320807303,900.7839381899687,2418565
2022-11-01,919.0337524414062,920.5942386129609,905.9857809194684,909.453669076098,2275488
2022-11-02,906.1592407226562,924.4957226970616,903.8184582712685,923.2819405316324,2799322
2022-11-03,906.1159057617188,909.6270792456223,895.6688496900407,896.4491457414263,2396164
2022-11-04,906.289306640625,909.4537761223293,895.9723169939929,906.1159545450083,1709158
2022-11-07,907.849853515625,915.2624014540091,900.4805906832045,908.6734346760383,2213508
2022-11-09,913.3118896484375,920.2476677640088,909.6272575245404,919.7708965175084,2307691
2022-11-10,912.4447021484375,921.0711376437442,907.763137690016,910.3206629342111,2321667
2022-11-11,945.5632934570312,952.542356480749,926.879999377403,928.5272677975132,3923101
2022-11-14,952.8024291992188,956.2269269897381,945.0430704933252,949.3345404669194,2170007
2022-11-15,957.0506591796875,958.9579557397394,944.0460758205058,948.0341268843408,2172420
2022-11-16,958.1775512695312,964.4630991826833,953.1057854990237,960.1716294918442,2213697
2022-11-17,947.2103271484375,954.1893884426704,944.219210166727,949.4210423106974,2460883
2022-11-18,956.4002075195312,958.8710566166557,939.7976721269935,951.9786713723278,2623894
2022-11-21,949.7678833007812,959.174508901987,947.2536431827851,952.7156094449301,1733741
2022-11-22,956.6170043945312,958.784434572228,943.2656133336092,945.9532055876427,2529146
2022-11-23,956.6170043945312,963.6394570039582,953.4525351687837,961.428635890087,2217599
2022-11-24,979.3316650390625,984.0133355551513,956.7037143481141,958.8711446026409,3295202
2022-11-25,978.1178588867188,986.2241325046298,971.5722831778805,984.186663450214,1977441
2022-11-28,969.9685668945312,982.062787091076,968.4079745581389,975.3437523526466,2368293
2022-11-29,978.76806640625,987.2644349407755,969.3181556020244,969.9683846480885,1785948
2022-11-30,971.7023315429688,979.5917561580774,968.4077953675582,977.07751600648,6053488
2022-12-01,985.2272338867188,997.5815877949076,978.2914562540514,979.6785906142712,3919684
2022-12-02,984.4901733398438,988.6949666998732,974.3465366536606,985.227078430727,2944923
2022-12-05,980.415283203125,990.0386514151604,977.2508141781713,982.496037207995,2646466
2022-12-06,971.83251953125,975.3437995422322,959.7382987495565,972.396072670634,2807894
2022-12-07,958.7846069335938,968.0611674291686,955.4033940822336,965.8070608054521,2399879
2022-12-08,954.839599609375,965.5900736722366,952.6288844884457,965.5900736722366,1752350
2022-12-09,890.8139038085938,931.9950818435409,884.918503641484,931.9950818435409,12415478
2022-12-12,891.5941772460938,900.9141278274411,877.7659609166594,888.6464507796344,4275785
2022-12-13,905.7255859375,907.6329877940335,893.9347881658608,894.8017601465922,2284909
2022-12-14,915.69580078125,916.6495546638929,905.9857565366333,905.9857565366333,2425507
2022-12-15,903.6883544921875,911.8813044016098,899.136750930805,911.6645613748773,1906369
2022-12-16,892.6777954101562,907.2428623995445,886.3488570915412,892.9812144623529,5159215
2022-12-19,895.7988891601562,899.4835204487415,887.2158445216122,892.6778108820179,3328172
2022-12-20,892.7211303710938,895.8855997071324,876.9422804601423,890.3803480302187,2629849
2022-12-21,901.954345703125,913.1383062481204,897.3160664294371,897.3160664294371,2878658
2022-12-22,900.8707275390625,914.3521866192262,896.1023807794826,906.8528564583021,2623451
2022-12-23,893.5013427734375,905.2054650451108,890.4669407030036,892.5476947176102,2177675
2022-12-26,894.4551391601562,903.1682517399487,892.1143566502589,893.8483009780534,1680715
2022-12-27,898.486572265625,902.301270916475,893.2847393321647,900.7840696442157,554319
2022-12-28,897.7062377929688,900.1771929960079,889.9468796648026,892.9812820796363,1397806
2022-12-29,905.5089721679688,906.8528212625001,891.3339994264005,892.9812675911808,1277244
2022-12-30,901.0442504882812,914.8724147563304,896.7093894849345,910.3208107028163,1860560
2023-01-02,901.174072265625,903.8183794012899,894.2816866689982,900.870653208635,701880
2023-01-03,902.8214111328125,906.6795006304336,896.0157010430163,900.7840477829646,2484372
2023-01-04,898.7031860351562,903.3848561681721,894.2816498440206,898.3563760564982,1219170
2023-01-05,905.20556640625,910.1473709732464,895.6688731170075,903.2115940356155,2294943
2023-01-06,895.4087524414062,908.5000088919082,888.8630713003821,905.1187968179457,1887689
2023-01-09,925.44921875,928.5270116815616,901.694270623381,905.9423487566899,4562242
2023-01-10,922.3281860351562,929.9141914052863,915.7826106147158,919.8573368809093,2297082
2023-01-11,914.4821166992188,935.9829590064089,910.7974856638964,926.7930768846195,3594167
2023-01-12,929.0907592773438,931.5616088277912,919.8574843799781,919.8574843799781,4748542
2023-01-13,934.4224853515625,939.797669542156,902.5178726876239,905.0321127115642,8253765
2023-01-16,948.2073974609375,954.0594594693553,935.0728540628488,942.398726392614,4508538
2023-01-17,963.2493896484375,965.7635240617373,949.3344451742208,951.8486854190754,4390338
2023-01-18,966.8038940429688,976.0804525620557,965.8935310660231,970.0983243044589,6905092
2023-01-19,972.2715454101562,973.9773956870201,961.205090023833,964.3544095752912,2298287
2023-01-20,969.1221923828125,981.0196807157828,968.4660797160402,971.9653472721592,4747128
2023-01-23,980.8445434570312,982.3317960753836,969.4282484067721,971.9214549035534,1696834
2023-01-24,995.4102172851562,1000.5278739130542,980.8444970448667,984.956199841936,4861107
2023-01-25,982.2008056640625,992.7860702100642,976.9519035629853,992.7860702100642,2692236
2023-01-27,975.94580078125,992.3049423682057,966.6727621582023,982.2007635412865,3864525
2023-01-30,992.698486328125,997.2474915339417,967.372579557829,975.9457211825102,3508427
2023-01-31,981.719482421875,995.2791443712887,973.6712096578921,993.7919983570218,4582858
2023-02-01,990.3802490234375,994.6668734418405,974.9397084780481,994.6668734418405,2393911
2023-02-02,1005.689697265625,1010.8511394131981,992.9173892115793,995.3669197596735,3048359
2023-02-03,1002.671630859375,1011.857210320847,996.0667191023526,1009.5389236703506,1814055
2023-02-06,1002.2777709960938,1005.9082828199369,986.7935531700033,993.0921927086071,2070175
2023-02-07,987.0120849609375,1008.6638014269541,984.9562867755322,1004.1584734105361,1931191
2023-02-08,1001.6653442382812,1005.1646118164062,990.9050537198782,991.9548980668187,2848255
2023-02-09,1002.84619140625,1007.78892755635,995.5414926728527,1000.7903933372087,1501083
2023-02-10,975.9895629882812,988.5431650091007,962.2986562035493,984.8689764919953,3185163
2023-02-13,973.671142578125,980.8883815055908,966.6726078605823,980.8883815055908,2009185
2023-02-14,984.5625610351562,999.3907704137117,978.0452183512541,980.6696688477243,3938046
2023-02-15,991.080078125,992.5672241254618,979.4449707478403,984.1690033216183,1648954
2023-02-16,986.9247436523438,1007.9203500301022,983.2942320250211,996.0665378803222,2369355
2023-02-17,970.6532592773438,981.2822005516181,968.9036252517268,981.2822005516181,1958807
2023-02-20,976.0330200195312,992.6545385208924,968.9470255952032,970.6529823569941,1706036
2023-02-21,966.84765625,981.5884073776622,965.0105620017664,980.6698068589558,1313278
2023-02-22,955.8248901367188,967.1538326688091,953.5941711932777,957.9244719810863,2212194
2023-02-23,957.3557739257812,972.7525287337014,955.7373841525548,966.4976738476952,2139983
2023-02-24,957.79345703125,966.2354631965553,946.5520789304418,959.6743351078508,1684570
2023-02-27,948.2578735351562,953.5505592632559,941.3031208873975,953.5505592632559,1834553
2023-02-28,942.7027587890625,959.5867692634912,934.3919974570325,947.8642003425807,20793703
2023-03-01,963.260986328125,965.7979770096288,942.4840823843037,942.4840823843037,1655100
2023-03-02,967.5037231445312,977.1704927581214,953.8129238742907,953.8129238742907,4074162
2023-03-03,978.9200439453125,988.280541417506,971.9652927830829,975.4207765853649,3253621
2023-03-06,985.6563720703125,1004.2900187932167,982.682079397229,987.6684940919353,4091674
2023-03-08,980.363525390625,983.2941404835211,968.6847417880891,972.7963382719532,3209393
2023-03-09,976.8644409179688,985.6562878430503,974.5899380373639,981.5009070228197,1834324
2023-03-10,976.5581665039062,978.1765564414295,966.672692632806,966.672692632806,1193681
2023-03-13,961.0739135742188,991.692507896649,957.9245938017481,980.6260517337056,3028387
2023-03-14,948.3453979492188,965.273085298332,932.5549086102666,961.0302442670882,3683544
2023-03-15,944.4960327148438,960.4614402147423,940.8655214323761,957.9682335520434,1528510
2023-03-16,938.153564453125,951.4070604266731,935.7478182357509,948.2576344925999,1812907
2023-03-17,969.6906127929688,977.2577992643819,948.3451688865612,951.9755730762023,5350523
2023-03-20,954.2939453125,969.5595635120462,950.2698091356737,966.6726251736887,2066169
2023-03-21,948.214111328125,964.3982248666897,942.265313365846,961.4238258855503,2421127
2023-03-22,946.07080078125,967.3288965710143,943.9713254151565,955.2563792700545,1382329
2023-03-23,932.4674072265625,945.1522529861052,928.1807828189503,942.1778540018939,2178855
2023-03-24,920.0887451171875,953.5504941076629,915.9771480876249,938.6786056674516,2688253
2023-03-27,919.8699340820312,932.1173701991481,914.0087037987926,921.4446471556136,1459887
2023-03-28,910.7717895507812,930.6301958657801,909.2408600828243,924.506477993952,2965015
2023-03-29,933.8670043945312,936.0540465593897,911.6466346417365,915.0584417767492,2478745
2023-03-31,949.3950805664062,959.5867192369334,935.5292534773607,947.776690591325,3131614
2023-04-03,960.6801147460938,961.6423918927707,951.8007026421054,953.506552729889,1540702
2023-04-05,972.0966186523438,973.6713319857848,932.6861764311925,949.4826203050304,3342291
2023-04-06,955.1687622070312,970.2156761933543,949.5699129746591,970.2156761933543,2378264
2023-04-10,965.010498046875,966.6726715095675,954.8626433961022,955.1688079523205,711625
2023-04-11,950.926025390625,970.9593549190636,949.1763914892623,965.797913552208,2318905
2023-04-12,957.4871826171875,960.0678499871435,944.88979677357,955.3001401717394,2715967
2023-04-13,937.6724243164062,952.6755547317694,929.9303165104416,952.6755547317694,3071057
2023-04-17,911.7340698242188,922.9317681151205,889.0326154947784,922.9317681151205,9509446
2023-04-18,930.6738891601562,932.9047148544579,914.3585334683843,918.1640722162128,3686404
2023-04-19,908.6723022460938,939.5095990208142,906.7039641540903,939.5095990208142,4322881
2023-04-20,907.6224975585938,916.1081784345587,902.6797609128507,909.8095397213855,3057560
2023-04-21,917.6392211914062,939.5534290826089,907.8413138086381,922.0570896211077,7708194
2023-04-24,922.1007690429688,926.3436095253583,915.0584504894047,924.6814361064061,2033625
2023-04-25,921.5760498046875,926.2564068151287,913.6590189640588,918.9515984519312,1237595
2023-04-26,932.1612548828125,933.4296967597381,916.8081745119077,922.9318932347927,1647101
2023-04-27,937.1476440429688,940.4282075577049,928.1807704360233,932.1612302162406,1654910
2023-04-28,946.8016357421875,950.9390766053463,937.5925632494817,943.1090786575576,2629188
2023-05-02,949.8712768554688,956.3220908147409,946.7125589883561,946.801514009784,1905168
2023-05-03,942.21923828125,946.7126075428033,938.7047001481743,944.9330725662192,1649820
2023-05-04,949.2039794921875,950.2271251903095,932.7432813136531,939.6389791992553,1403672
2023-05-05,939.1942138671875,952.0067801462732,936.1244505432428,949.2040991566024,1641673
2023-05-08,957.1675415039062,958.7246348784188,938.7048629204007,941.3741658481365,1389075
2023-05-09,960.059326171875,963.2624680952025,948.536878168141,952.941184735939,2981949
2023-05-10,959.4364013671875,968.7789607274544,953.9197773383171,964.6415198593526,2091411
2023-05-11,968.1559448242188,972.159898366597,960.9933819891457,962.8618719194174,2653108
2023-05-12,974.7402954101562,981.7694803769392,958.6799486033153,966.2875041674392,1585037
2023-05-15,978.5219116210938,984.0384272588847,972.3380702877213,977.8100541001235,1523466
2023-05-16,970.469482421875,983.4601763341158,968.1561083738765,978.9222746614843,1166324
2023-05-17,956.0995483398438,973.3609480195745,945.5557183625618,970.2912941111116,3602382
2023-05-18,960.8599243164062,965.3977167460141,954.7205069755513,962.683882483677,1515743
2023-05-19,974.6067504882812,982.3032606208753,963.1287287092754,968.600820226333,1984436
2023-05-22,996.4060668945312,998.2301336305286,968.9122306980788,974.6067641565525,1864932
2023-05-23,985.283935546875,1006.6383537294488,982.3032363983949,996.5395151867774,2138096
2023-05-24,989.376953125,992.090787514104,976.9647396327231,977.8990389769588,1302744
2023-05-25,992.9805908203125,994.9825678179341,981.4581444352384,986.9301280040414,1124803
2023-05-26,1013.6231079101562,1014.6463622734974,991.2010100161525,992.090777529632,1635167
2023-05-29,1002.0562133789062,1021.4086584028229,1000.454696890279,1019.6736550532581,1288914
2023-05-30,1010.6422729492188,1017.8938989345702,1003.7021524431751,1004.5473880219665,1983735
2023-05-31,1018.8727416992188,1026.2133235682538,1007.3057642086181,1009.708201625184,5967930
2023-06-01,1016.0255737304688,1027.814993613209,1012.2440616926086,1021.4531339913805,1445692
2023-06-02,1011.710205078125,1024.211373602878,1006.8609069111471,1021.453116005494,1336554
2023-06-05,1012.8223876953125,1021.8979727406697,1010.7758790016551,1017.8940189946245,1435758
2023-06-06,1004.1914672851562,1007.4836718381518,990.9784430999932,1005.4371633696901,1943605
2023-06-07,1004.5921630859375,1008.8185592316274,993.158562410966,1008.8185592316274,2459039
2023-06-08,1002.5455932617188,1006.5495472618765,995.0271008626595,1004.5921020852586,1385218
2023-06-09,987.4196166992188,1006.3271786319589,984.03845629615,1004.6365984304246,1824218
2023-06-12,1014.0234985351562,1015.180131054402,988.9765230350472,990.2666423949496,1670970
2023-06-13,1006.593994140625,1018.7392333581585,1004.8144591796157,1018.7392333581585,2014656
2023-06-14,1010.6422729492188,1012.9112232500349,1001.9226176548281,1012.5552945695287,836964
2023-06-15,1017.5381469726562,1020.5633783610832,1011.2653509228295,1014.33500552017,2109652
2023-06-16,1021.6307983398438,1027.0139340976566,1007.6169629817861,1023.2324229692919,2909817
2023-06-19,1012.155029296875,1026.7027057136056,1010.2864307178694,1021.6309659643225,1278608
2023-06-20,1039.826904296875,1041.6953944924057,1007.6617845506295,1008.1066683407181,3504867
2023-06-21,1041.4283447265625,1046.0996241813914,1033.5984557612735,1045.4768303664268,2019683
2023-06-22,1035.15576171875,1041.4285588219823,1031.1072752466036,1041.161693681078,972005
2023-06-23,1036.7127685546875,1041.5175354458704,1024.1225349555455,1033.8210237774454,1699790
2023-06-26,1038.8035888671875,1046.3220810325804,1034.8441668135451,1038.581146985203,1190307
2023-06-27,1041.02783203125,1044.9872534168073,1032.3080682830932,1038.3585298978367,1504039
2023-06-28,1041.2503662109375,1044.5424623550755,1037.9137382482875,1044.097578626722,1424076
2023-06-30,1056.999267578125,1062.3824044466705,1036.5791467172287,1041.3393811617173,3036648
2023-07-03,1051.3492431640625,1063.2721492381918,1045.0319157156955,1058.8233117936804,1749952
2023-07-04,1059.3570556640625,1061.4925191689663,1048.635423551781,1051.7050776678275,1094468
2023-07-05,1063.0943603515625,1070.0344823874786,1056.687968532785,1062.3825028336291,1653610
2023-07-06,1050.50390625,1065.9413489717879,1045.4321668835432,1063.094136727387,2334220
2023-07-07,1029.9947509765625,1052.5503335107478,1026.6136999250875,1048.2795150329605,2159585
2023-07-10,1000.54345703125,1033.8207800372966,996.539503668297,1032.1302002278792,3960400
2023-07-11,992.001708984375,1006.994268148036,989.4213617677191,1006.994268148036,4982603
2023-07-12,988.1312255859375,1000.5434373209011,980.9240227832524,996.2725103722125,3824027
2023-07-13,986.5740966796875,1000.454445835685,967.221656512083,978.7441004305708,12294227
2023-07-14,1024.0777587890625,1029.549850092458,989.021009668379,991.3788064174333,6605038
2023-07-17,1026.5689697265625,1042.8072221187704,1017.5823421802836,1024.9673452230343,3159479
2023-07-18,1038.53662109375,1041.0280136318827,1020.0295215754815,1031.1960389463457,2431478
2023-07-19,1040.1827392578125,1045.3878574096586,1029.4609974377818,1036.5791374373516,2242397
2023-07-20,1037.26611328125,1043.548223063414,1030.26600427489,1041.0353353300281,1990001
2023-07-21,1001.0542602539062,1022.9968404269547,982.7015670460373,996.1632323480378,5259150
2023-07-24,998.7656860351562,1012.0477946498264,997.0605201210897,1005.1375180338619,2672505
2023-07-25,997.5541381835938,1004.2400536118776,991.7655573984866,1003.7913315146426,2506726
2023-07-26,1000.6503295898438,1005.900356494024,996.2528308948393,996.342553408758,1969964
2023-07-27,1002.75927734375,1007.560582010668,995.2207239852125,1000.6503053369315,1769815
2023-07-28,990.3746948242188,1003.7914432038735,984.9001969877845,999.797859914644,2031899
2023-07-31,1002.1760864257812,1004.6889744879923,983.5990317452787,994.368364209643,2526624
2023-08-01,1021.7402954101562,1024.8813503367576,997.868299878247,1005.1375765124067,2710536
2023-08-02,1014.919677734375,1020.3940654982932,1006.4836802606296,1020.3940654982932,2701150
2023-08-03,1010.0736083984375,1019.0929678692547,1000.6953588313445,1010.5223305700939,1608187
2023-08-04,1026.9903564453125,1034.1699108009245,1010.5222755523886,1014.5158588421756,3315303
2023-08-07,1032.7789306640625,1037.2212360700573,1025.9134599491847,1036.144346744757,1655404
2023-08-08,1024.2978515625,1038.2531518183778,1020.3939914474308,1036.4582635308711,1667697
2023-08-09,1026.810791015625,1028.4710408554386,1009.6247128816477,1023.9389038793194,1559337
2023-08-10,1017.9710083007812,1027.394172478726,1012.9004266185806,1023.0863964625762,1676669
2023-08-11,1051.310791015625,1065.2211738232224,1035.919713163078,1041.0351004395552,7391806
2023-08-14,1050.9073486328125,1056.292014808557,1035.650794468203,1050.593265016157,1720940
2023-08-16,1056.4263916015625,1064.5931113675495,1050.0993665923093,1055.16994789496,2567226
2023-08-17,1056.022705078125,1059.8368435015288,1044.5802898079137,1056.157343638625,2331256
2023-08-18,1053.3302001953125,1057.054615487752,1039.8237308895043,1052.7020330838955,3406088
2023-08-21,1058.3111572265625,1066.9715163572905,1049.0674374090656,1052.65721449527,1661946
2023-08-22,1058.5355224609375,1065.2663545240634,1055.5291060496684,1060.779133148646,1805887
2023-08-23,1061.227783203125,1072.4458358796908,1057.7726448890019,1070.6060314202157,2347850
2023-08-24,1051.1314697265625,1067.0611035260472,1049.1122203716982,1067.016187497646,2464221
2023-08-25,1035.6055908203125,1050.7276117718793,1032.0607303929544,1045.522392093732,2105159
2023-08-28,1028.8748779296875,1040.7660137953512,1022.4582394243472,1036.54806979937,2571967
2023-08-29,1038.83642578125,1043.9967291774524,1030.5350681438806,1035.5607330194919,1794652
2023-08-30,1050.4583740234375,1054.6315112170857,1042.516015233048,1046.4198753620915,1497356
2023-08-31,1051.9393310546875,1066.2535234503957,1046.33030432419,1058.535524579492,4483967
2023-09-01,1064.189453125,1066.1637866872334,1050.9969567003616,1052.7021227139098,1669640
2023-09-04,1106.099853515625,1108.3434637661637,1063.471258755388,1064.3687028556035,4517935
2023-09-05,1108.8372802734375,1114.3564747368741,1099.5486447004748,1109.914169546474,2842400
2023-09-06,1109.1065673828125,1114.9848716393687,1097.305152383418,1112.696344748328,1767709
2023-09-07,1125.3951416015625,1128.0874744762073,1104.12575571239,1111.0360329367898,2582004
2023-09-08,1132.61962890625,1139.3504611935152,1125.6644355427427,1129.8823799555728,2280777
2023-09-11,1150.119873046875,1152.5878450576217,1140.1133464384936,1145.6326512091537,2691836
2023-09-12,1150.88232421875,1159.2734045594175,1135.7154971704608,1153.2156569451142,2140769
2023-09-13,1144.4656982421875,1150.8824460826022,1136.2540620297013,1150.5234464979294,2275523
2023-09-14,1151.9593505859375,1158.3311824811658,1144.7797970022903,1149.4913790415587,2655172
2023-09-15,1170.8056640625,1175.6518845809549,1158.6453610634496,1161.2927775937064,4286280
2023-09-18,1171.164794921875,1176.8187377523645,1157.4338535057175,1168.4724620599857,2761885
2023-09-20,1160.7542724609375,1170.267158433653,1150.0746652858331,1150.0746652858331,2220756
2023-09-21,1146.9337158203125,1153.215825374884,1130.1515526879048,1152.3183811528022,3112700
2023-09-22,1143.0748291015625,1151.959550110458,1135.3568295726086,1141.953023659816,1321467
2023-09-25,1133.8758544921875,1148.7286001347609,1127.7283835032881,1139.7541579462081,1246703
2023-09-26,1132.0809326171875,1138.8117640597995,1128.1770722907313,1134.3694591281928,903152
2023-09-27,1131.766845703125,1137.6451489660874,1124.7668467543476,1129.4335127201991,1670373
2023-09-28,1114.5360107421875,1136.1643947670673,1111.5295944830395,1131.766896131406,1807072
2023-09-29,1108.1641845703125,1121.5360160231937,1101.3884367793844,1108.433352109881,2338327
2023-10-03,1111.6640625,1127.818057748058,1097.3049556128374,1106.0999524017411,2162636
2023-10-04,1112.4268798828125,1117.1384614158908,1099.3690243849117,1107.44602129876,2253785
2023-10-05,1108.7474365234375,1125.35015487413,1101.882075765406,1120.9078497305452,2995200
2023-10-06,1110.7667236328125,1127.1899975126335,1103.9461691250028,1123.6002204504914,2497711
2023-10-09,1121.4464111328125,1136.747880756301,1104.8886070903045,1109.2411901738476,3430211
2023-10-10,1132.3951416015625,1135.042558185589,1120.1898127734748,1126.7861153207482,1532394
2023-10-11,1117.8565673828125,1143.7478128144796,1113.7283456267692,1136.1644525088557,2186131
2023-10-12,1098.247314453125,1120.5039739209858,1090.5293164211591,1117.3180032638536,3921609
2023-10-13,1127.100341796875,1136.6132296650974,1084.6063752155121,1086.8050699758649,5740821
2023-10-16,1140.3375244140625,1148.1004388570082,1131.0489986118012,1133.4720541945487,2527113
2023-10-17,1146.1708984375,1147.8311483211378,1140.6515946178,1147.741425810105,1687345
2023-10-18,1139.2606201171875,1150.0748677271063,1137.4209250373267,1146.933812684543,1743126
2023-10-19,1137.375732421875,1144.016840521469,1135.177038247268,1136.8822039088404,2279726
2023-10-20,1140.3204345703125,1142.8119976212402,1128.4062109525398,1134.3407053677865,1625449
2023-10-23,1120.4332275390625,1142.0418513169507,1116.4920500925352,1130.716565207104,1646367
2023-10-25,1113.50244140625,1135.1564166175824,1110.1502000205976,1115.4956480790388,1420065
2023-10-26,1116.0390625,1121.8375206333678,1098.1451100640145,1100.8178334036606,4617424
2023-10-27,1149.4713134765625,1150.6491875930296,1117.5340033484883,1120.750429175258,2675348
2023-10-30,1145.892578125,1154.998153426002,1137.9648769519667,1150.64919882882,1158770
2023-10-31,1156.08544921875,1159.5736159544474,1138.5991595483686,1152.4613569014498,2525870
2023-11-01,1140.6375732421875,1165.1001934193216,1137.3306778822325,1159.7094009900597,1572719
2023-11-02,1153.729736328125,1155.1793510411014,1146.1191208368573,1147.0251438572818,1368604
2023-11-03,1147.25146484375,1166.3232905915083,1144.3068905016041,1162.064916722231,2052536
2023-11-06,1150.377197265625,1159.2562656577752,1146.2548595538015,1156.3116913214033,1175823
2023-11-07,1154.2279052734375,1157.6254913723214,1148.0216701191773,1149.743135862313,1385282
2023-11-08,1148.5198974609375,1160.4341201570867,1146.9343574602692,1159.7092576316695,937671
2023-11-09,1148.3839111328125,1155.9039446916572,1143.2196253576458,1148.519836673946,1483749
2023-11-10,1137.466552734375,1151.555254891612,1133.1177086108078,1143.6728988811692,1469902
2023-11-13,1142.4949951171875,1144.8506327812324,1135.5186623047261,1141.5889721234387,730991
2023-11-15,1156.6741943359375,1162.4274178149312,1149.1995051722795,1155.1792343835054,2410620
2023-11-16,1187.8414306640625,1194.0929005288235,1157.8973279819354,1163.1523053217247,3936945
2023-11-17,1186.1199951171875,1201.1599543225886,1183.6284319458603,1189.9705927456023,2882039
2023-11-20,1200.8428955078125,1206.5507739973148,1190.5142112811056,1191.374888883952,2831858
2023-11-21,1201.93017578125,1210.4468147110465,1197.5813314288246,1210.0843833653812,1514256
2023-11-22,1204.7386474609375,1210.2201304344792,1196.3127005592935,1201.9299984937227,1535630
2023-11-23,1204.1044921875,1209.7671355856728,1201.114572233863,1208.5892615194514,1307344
2023-11-24,1186.1199951171875,1207.4115349448932,1182.9489147173165,1204.0139488021741,1795933
2023-11-28,1192.914794921875,1195.859368659472,1173.5712326422786,1186.1196247581897,2152951
2023-11-29,1208.5892333984375,1212.983533051978,1197.3092922511362,1199.5743495577028,1835524
2023-11-30,1214.88623046875,1220.2317881461065,1204.7387067798597,1211.352718743141,4104385
2023-12-01,1211.080810546875,1222.224936864432,1203.1984552675804,1219.5068680648817,1854324
2023-12-04,1212.2132568359375,1223.1308766782788,1205.9164421176215,1223.1308766782788,1547057
2023-12-05,1193.730712890625,1220.4130474541314,1185.349999684277,1220.4130474541314,3932040
2023-12-06,1204.60302734375,1214.0255788741738,1195.5427965656345,1200.4805781002995,2077245
2023-12-07,1203.1983642578125,1211.3525700396801,1200.797381546786,1205.9164328517684,1985003
2023-12-08,1235.90576171875,1241.205973332249,1204.1043814392629,1207.7284728807656,4509751
2023-12-11,1246.0535888671875,1253.029922358917,1237.6728753590023,1241.3422024818522,2824656
2023-12-12,1246.0535888671875,1256.6540146867808,1241.2516222933596,1247.5937838671214,2730422
2023-12-13,1240.526611328125,1252.8486122490274,1229.5185206766757,1249.7227666307147,1896931
2023-12-14,1281.6600341796875,1285.873062988058,1252.1237083315104,1260.2779148257098,5145574
2023-12-15,1351.152099609375,1356.316386299771,1288.3646635392613,1288.3646635392613,7374290
2023-12-18,1362.930419921875,1368.0041265157422,1341.820040142086,1349.8383214357925,3075527
2023-12-19,1348.4339599609375,1363.2474126259226,1338.8300285024627,1360.3934182999985,2590417
2023-12-20,1304.627685546875,1361.7978214228192,1300.1429162424436,1345.4440631498458,4368383
2023-12-21,1288.409912109375,1311.0604846607966,1286.6431010912647,1287.594469377824,2841508
2023-12-22,1325.2396240234375,1329.4526525404992,1289.2705598810526,1296.5187429302784,2303438
2023-12-26,1321.117431640625,1329.452798825007,1306.6210639470853,1325.2397698443704,1363265
2023-12-27,1333.711181640625,1337.2899281982288,1320.5738483351547,1327.7313414503624,1402329
2023-12-28,1334.073486328125,1343.3602218290366,1330.4493944253304,1332.397365942784,1928616
2023-12-29,1328.320068359375,1342.5899281404577,1320.5736394087394,1335.432325559137,1481617
2024-01-01,1344.311767578125,1355.1840447211325,1318.3089489838408,1322.7937190659225,1222315
2024-01-02,1331.4461669921875,1348.8871100448166,1324.0167119041678,1344.583500720142,1440888
2024-01-03,1302.6346435546875,1327.3237717319544,1300.5960916868398,1322.7936564700706,1651716
2024-01-04,1286.5072021484375,1309.0219602090813,1283.9704043293023,1301.9549371874525,3392241
2024-01-05,1298.1497802734375,1303.6311529867817,1288.2741075934543,1291.0827567340161,1776925
2024-01-08,1311.830810546875,1316.089074688991,1296.111332577338,1300.1430909544795,2025264
2024-01-09,1323.156005859375,1341.7747120734339,1315.8624765000693,1323.337166219223,3119270
2024-01-10,1351.8768310546875,1366.282618180402,1328.2749994007936,1336.2932804448171,4368914
2024-01-11,1345.2628173828125,1359.0343209288262,1335.4777260327264,1359.0343209288262,2271368
2024-01-12,1396.0003662109375,1408.8658493417252,1357.6755467772186,1363.5646966297725,5862043
2024-01-15,1438.9456787109375,1467.3948229189414,1427.439230895519,1458.6970242727932,9712071
2024-01-16,1409.2734375,1437.858507519004,1393.4633803177242,1437.858507519004,4459799
2024-01-17,1427.8016357421875,1436.046422737255,1374.029194019961,1377.1549290603327,3846289
2024-01-18,1420.236328125,1435.3215218551811,1392.6026279824139,1428.798200815022,3205598
2024-01-19,1431.5574951171875,1451.6894595615947,1422.5187631152307,1433.429214787235,2374099
2024-01-23,1391.1114501953125,1431.5122513535805,1385.0855902789988,1423.2951392535938,3196630
2024-01-24,1439.272705078125,1443.6550975304858,1391.1568868857905,1397.0001882739757,2136023
2024-01-25,1415.3973388671875,1433.4293320570775,1403.0716726361234,1433.4293320570775,2641656
2024-01-29,1437.5833740234375,1450.4111282941326,1415.3971334467917,1428.864063115129,2521598
2024-01-30,1423.6600341796875,1453.9263008544206,1419.7340369566234,1442.5593430170193,1939386
2024-01-31,1438.9073486328125,1443.7463582818618,1411.8365123279034,1423.6600881867337,7025931
2024-02-01,1440.185791015625,1458.0808118766813,1430.0969593521377,1438.9075513573262,2845408
2024-02-02,1445.983154296875,1473.510495988666,1437.9942970908148,1446.9418617422787,2337374
2024-02-05,1420.0537109375,1450.320092090156,1416.492940545711,1447.0788537248234,1452864
2024-02-06,1482.503662109375,1485.4709519642513,1422.5188010083978,1429.7772039188799,4988311
2024-02-07,1474.8343505859375,1488.1187237179192,1459.8609270418947,1486.3839781116028,3320199
2024-02-08,1491.6795654296875,1504.3703474519502,1476.6148622261078,1484.558024789134,3496692
2024-02-09,1488.7578125,1503.502983221508,1474.195311106861,1497.34015028588,3341297
2024-02-12,1521.9456787109375,1538.4255938968577,1496.4270316895845,1496.4270316895845,4885445
2024-02-13,1520.71337890625,1529.2957174617495,1505.1921686394742,1529.2957174617495,3129897
2024-02-14,1526.10009765625,1531.0303864900202,1484.055835607984,1506.2420796341003,1386643
2024-02-15,1517.9287109375,1548.9254353098218,1506.561640429811,1532.0347070143712,2555162
2024-02-16,1522.40234375,1531.1216559600284,1506.516018591917,1529.2956313256097,1776881
2024-02-19,1529.52392578125,1536.5540762332603,1515.280955537827,1524.7306109862334,762624
2024-02-20,1518.3851318359375,1527.2413064587565,1501.9052154384424,1516.5134120627677,2240414
2024-02-21,1493.9619140625,1519.9827618778347,1490.081612195301,1511.5373989904015,2890991
2024-02-22,1539.7039794921875,1544.2690410351247,1496.4271737748036,1500.9922353177408,3820901
2024-02-23,1520.850341796875,1549.7015101418522,1518.7503687838757,1549.381978105536,2191549
2024-02-26,1506.2877197265625,1523.6805369696979,1496.883648564479,1520.8502211627208,1844253
2024-02-27,1514.5050048828125,1527.83496355486,1504.64442643954,1505.557438834224,2049420
2024-02-28,1508.205078125,1526.556603520523,1501.1748163693462,1519.8915689842809,936575
2024-02-29,1519.1156005859375,1531.806494744524,1494.2817088489016,1499.3032768543223,3532888
2024-03-01,1501.08349609375,1533.1302054470343,1496.5184346060544,1529.7064093312626,2371138
2024-03-04,1495.4683837890625,1510.1222751143493,1492.7750422079573,1505.5572138231935,1788071
2024-03-05,1478.486572265625,1488.1644811836657,1467.2565868854133,1482.7321021143603,3339546
2024-03-06,1501.1748046875,1506.4703206985137,1464.3347800443942,1472.6888650222438,2366177
2024-03-07,1495.194580078125,1510.6245098741051,1488.301292795223,1506.470259426524,3181239
2024-03-11,1496.1075439453125,1515.417775299821,1490.0816853929307,1511.0352719244393,2970902
2024-03-12,1493.3228759765625,1520.165459534355,1490.9947615131578,1493.5968242436431,2414182
2024-03-13,1489.5794677734375,1507.6114594918104,1470.2692366302597,1496.1988065054984,2564135
2024-03-14,1533.1759033203125,1536.5996994420639,1469.949801605302,1491.8620967845113,3513306
2024-03-15,1504.0052490234375,1531.1216705217655,1499.9422773021959,1531.1216705217655,3931561
2024-03-18,1500.4443359375,1518.6133017848408,1492.090251659897,1506.378915491295,1183544
2024-03-19,1460.043701171875,1498.7554465554692,1455.432944288814,1498.7554465554692,1915379
2024-03-20,1449.0418701171875,1478.2582651502923,1440.8247590141266,1465.1565602929747,1815178
2024-03-21,1456.9852294921875,1479.0343897452915,1445.6181582646338,1468.1239361685039,2684744
2024-03-22,1422.3363037109375,1434.75324969971,1377.0052170780964,1424.2993026042268,7468824
2024-03-26,1426.3536376953125,1454.0179583023485,1420.2364991282554,1426.3536376953125,4496344
2024-03-27,1411.6995849609375,1439.68343446991,1406.038953236379,1432.5163101479732,2589697
2024-03-28,1409.280029296875,1425.2577428354928,1397.8216815785067,1414.2559012182278,5301493
2024-04-01,1421.2861328125,1432.5162281299506,1413.3429707744826,1414.255983029505,1014857
2024-04-02,1395.3565673828125,1428.8640700028452,1392.4348615188258,1423.385996891013,2031775
2024-04-03,1402.249755859375,1422.8838091533619,1385.9525104868721,1392.6631278224104,3343884
2024-04-04,1405.7193603515625,1417.4515457019777,1386.591686470913,1406.7693467498284,3388449
2024-04-05,1410.8321533203125,1413.0689887109263,1391.248085499292,1408.275674486735,2773570
2024-04-08,1406.08447265625,1418.8209481701542,1403.89322110233,1418.8209481701542,1820136
2024-04-09,1406.495361328125,1425.9425666983427,1401.0629830591402,1406.0388552063048,2432095
2024-04-10,1405.262939453125,1417.1320996539607,1402.5694862288387,1406.9976851574331,1829986
2024-04-12,1389.1483154296875,1408.7323861076102,1384.3093053072525,1403.3000071083993,4319991
2024-04-15,1374.129150390625,1397.3652678928445,1364.040320308337,1376.0007586579177,3295684
2024-04-16,1348.793212890625,1370.9793465137004,1339.6630892305022,1357.0559079320133,2446933
2024-04-18,1339.2520751953125,1352.0799426410924,1325.7851437177155,1348.564867562703,5180223
2024-04-19,1321.58544921875,1328.889548419959,1310.172794216861,1316.563881017919,5219506
2024-04-22,1338.3848876953125,1345.1412016863137,1324.3244745684633,1325.8765510541477,1939632
2024-04-23,1357.3297119140625,1370.8422266233993,1343.1323265513258,1346.6018177539854,2783858
2024-04-24,1350.5733642578125,1366.7336364237062,1347.8800227140603,1360.3882458976782,1321471
2024-04-25,1373.3074951171875,1383.2593516353718,1351.212530235724,1351.212530235724,4558032
2024-04-26,1345.643310546875,1398.2328027739018,1337.5174778536757,1384.9028439539384,4328477
2024-04-29,1266.71337890625,1311.0857576044725,1260.870077473382,1291.9124979180563,11493223
2024-04-30,1247.72265625,1276.2999874092795,1243.9336327040305,1256.6702218680698,7606726
2024-05-02,1242.3358154296875,1258.0396941565004,1239.8707267539344,1239.8707267539344,6555505
2024-05-03,1230.7862548828125,1250.8268299498716,1217.5475767556059,1250.8268299498716,5964228
2024-05-06,1240.60107421875,1246.2617055166113,1231.1970035817951,1239.8706198472953,2504082
2024-05-07,1231.487060546875,1248.0957113185734,1227.0458359248566,1247.216637764158,5096525
2024-05-08,1215.4801025390625,1234.3093111959843,1209.6046647642574,1231.4871945032128,6832455
2024-05-09,1221.4017333984375,1238.9355407186154,1216.2664438197312,1216.7290784503207,5653762
2024-05-10,1217.8392333984375,1224.0386045910243,1206.18086447451,1221.4478057421975,3357203
2024-05-13,1214.7861328125,1223.1135568295663,1204.3768527911673,1217.8394538500074,2316566
2024-05-14,1222.3270263671875,1227.7860247556966,1210.8998604116662,1223.2059870031921,3200462
2024-05-15,1233.29150390625,1240.1385194898637,1219.7362857271335,1220.661555050651,2975965
2024-05-16,1247.40185546875,1256.3307269900424,1229.2202907539765,1244.4872345232204,5055915
2024-05-17,1233.5689697265625,1250.0388082340512,1230.793161862238,1250.0388082340512,2487831
2024-05-21,1241.6187744140625,1248.9746194480358,1215.8037408878229,1215.8037408878229,4966721
2024-05-22,1242.6829833984375,1251.7968634494564,1239.8608668432485,1248.141981931432,2390777
2024-05-23,1252.3983154296875,1256.9320446747904,1238.0103325294217,1246.0139346230249,3326149
2024-05-24,1244.6722412109375,1258.3662722944846,1240.6473422678139,1258.3662722944846,1769966
2024-05-27,1252.1668701171875,1257.9959983856218,1238.0102059906005,1250.0387057498515,1942325
2024-05-28,1256.8857421875,1261.4195839953006,1245.0422508872743,1256.376798932824,2147233
2024-05-29,1251.9818115234375,1264.4729465175442,1246.2913829920963,1263.917807551832,3845920
2024-05-30,1232.31982421875,1250.5476961562244,1226.07425680053,1245.4124066554145,4150461
2024-05-31,1225.1490478515625,1240.6936171477962,1217.4230718472443,1232.3198848698532,10319045
2024-06-03,1216.22021484375,1253.508613690932,1211.9639985531128,1249.6225277185927,5384064
2024-06-04,1206.135009765625,1225.981993845308,1142.7077452067585,1225.981993845308,5447244
2024-06-05,1243.2843017578125,1255.4979241738529,1217.7468919030541,1221.3554647293367,3005139
2024-06-06,1293.063720703125,1295.191885064838,1249.946198115771,1252.8145100765876,5936709
2024-06-07,1324.5230712890625,1331.1387697149835,1293.5265481397898,1301.8539722694452,5884025
2024-06-10,1312.725830078125,1334.2383414785243,1293.063857292814,1332.3878028634363,3293739
2024-06-11,1322.02490234375,1330.491026601215,1309.6262703714635,1318.5088336082933,2269082
2024-06-12,1331.231201171875,1361.9964052997393,1327.298806659291,1361.9964052997393,5990861
2024-06-13,1336.227783203125,1348.7651153971972,1329.704588965808,1339.5587303453615,4232861
2024-06-14,1324.106689453125,1337.939420439639,1317.9536259604138,1336.2276948080507,3065114
2024-06-18,1329.7969970703125,1332.1564789720883,1320.405604003349,1324.1066812152874,2223029
2024-06-19,1337.800537109375,1343.3984613120736,1323.4126678837436,1332.4340431696064,3117522
2024-06-20,1335.5799560546875,1340.668937319564,1322.718802852695,1340.668937319564,3163919
2024-06-21,1339.651123046875,1371.2027833430911,1331.6475210742383,1352.7437061301246,6489262
2024-06-24,1333.1744384765625,1336.04275112611,1319.9893490708696,1330.3986301806272,1988692
2024-06-25,1339.7437744140625,1341.7331262015655,1319.850482434882,1333.266888653399,2079037
2024-06-26,1335.8111572265625,1344.6938322929943,1330.7221764042092,1339.743551498381,1917424
2024-06-27,1346.17431640625,1351.4021104990725,1317.1208380287487,1327.761434893751,6613193
2024-06-28,1350.523193359375,1358.9431223079755,1334.2384745124693,1358.295478907285,4943575
2024-07-01,1359.0819091796875,1368.1032856543109,1346.266950828397,1355.5196446485234,3723295
2024-07-02,1370.138916015625,1380.9182137213384,1362.921769815033,1364.772308538475,3811366
2024-07-03,1370.323974609375,1377.7261297726939,1361.2562893551399,1377.7261297726939,2070876
2024-07-04,1408.5836181640625,1419.8719707669077,1374.0248343148164,1374.0248343148164,6822557
2024-07-05,1405.8541259765625,1414.9680055314868,1393.039169408641,1409.1850726986786,3061687
2024-07-08,1418.8079833984375,1424.9147382585343,1393.6405903825255,1413.8115065318443,2939620
2024-07-09,1416.6798095703125,1430.7439707678568,1411.035689402286,1418.8079741498877,2658608
2024-07-10,1397.110107421875,1418.0674762523315,1376.6616818029152,1416.6795725277702,3507096
2024-07-11,1398.91455078125,1419.3629778728891,1395.3522868879031,1401.7828627623383,3304053
2024-07-12,1443.60498046875,1448.9715870815462,1397.6191457769319,1415.661895424499,6430647
2024-07-15,1452.302734375,1514.1107715044948,1450.2671870049048,1461.9255581065509,10337489
2024-07-16,1452.256591796875,1464.7014197036278,1438.793877219925,1448.0465709641046,3540650
2024-07-18,1475.3883056640625,1479.7370264842543,1440.6443959580952,1441.6159739669074,4399468
2024-07-19,1475.3883056640625,1495.6516143240196,1469.8828851939934,1490.1463068018704,5633838
2024-07-22,1459.2421875,1475.341895877141,1453.5055630307245,1469.8827844285588,2704495
2024-07-23,1490.2432861328125,1492.5276451627333,1446.1891075453211,1467.540256015057,2907674
2024-07-24,1476.5841064453125,1489.9169507163356,1470.197438899955,1486.1874965218014,2484299
2024-07-25,1480.2203369140625,1486.1874863472472,1457.1443392433634,1463.810761333236,2934731
2024-07-26,1524.7406005859375,1529.0761135487187,1486.1873932906449,1494.392237474272,2814159
2024-07-29,1521.943603515625,1533.7380250730414,1510.4289365460954,1529.2626345503043,1639491
2024-07-30,1519.9857177734375,1522.5497176040628,1508.56426398247,1518.8202633049714,1783877
2024-07-31,1531.500244140625,1533.7379392768185,1509.6829157370678,1511.3612155426886,1984986
2024-08-01,1529.5889892578125,1543.5277780919457,1525.439903384143,1529.1228075066522,1785188
2024-08-02,1500.4527587890625,1528.1439116627548,1492.8539728291769,1510.4756673005784,1692851
2024-08-05,1456.7247314453125,1487.7723672014722,1433.0426761681078,1468.4724885912622,3279717
2024-08-06,1475.6983642578125,1496.443452619674,1457.2841847006544,1457.2841847006544,2138704
2024-08-07,1486.746826171875,1505.7670644860589,1482.4579768005162,1496.4434294118419,1897787
2024-08-08,1452.482421875,1493.646292203822,1449.4056906850183,1488.9844748124242,2373805
2024-08-09,1482.411376953125,1493.6464032270571,1469.2650736949945,1477.7030093261794,2021762
2024-08-12,1478.0291748046875,1492.2477175681452,1467.4002085990605,1482.457901239207,1273739
2024-08-13,1484.9287109375,1499.613435665941,1470.943258815175,1471.2695632685825,1973825
2024-08-14,1516.1629638671875,1519.5194497831724,1490.149998843967,1491.874848596663,3932148
2024-08-16,1555.41552734375,1560.7766178770792,1522.2699568686448,1524.4144386075416,3101056
2024-08-19,1564.9722900390625,1571.0326533904201,1546.8378636901812,1552.385381540089,1631947
2024-08-20,1572.664306640625,1580.4029700675505,1556.3012798898958,1566.3708523232547,2786109
2024-08-21,1563.8067626953125,1574.6221571018648,1560.5434902735308,1571.9649437497671,1410370
2024-08-22,1562.78125,1572.89737216191,1559.8442819364998,1572.89737216191,1749127
2024-08-23,1549.0753173828125,1571.9182235137555,1545.0662225542965,1562.6879157609478,2158185
2024-08-26,1603.1524658203125,1616.7184010432115,1554.3432565792812,1557.979497199081,2672708
2024-08-27,1595.8333740234375,1638.0228231964782,1589.7730111588019,1609.119554149754,3556487
2024-08-28,1603.1524658203125,1620.2147643672668,1578.5381590700906,1596.7192483551787,2516461
2024-08-29,1633.3612060546875,1637.2305378905044,1582.4541745072088,1598.0712653441483,5112407
2024-08-30,1634.6663818359375,1646.833771598181,1624.3637191597752,1633.361050112899,4792561
2024-09-02,1684.4544677734375,1689.4425895216625,1640.9596896016149,1644.8755706080592,4445349
2024-09-03,1669.3502197265625,1694.2443940118521,1666.180274808039,1683.8485179956647,2553290
2024-09-04,1664.5020751953125,1674.198679155144,1645.6217127683667,1645.714926363248,2644961
2024-09-05,1669.4434814453125,1676.1097893033675,1647.766030446941,1670.795362971263,2878565
2024-09-06,1637.3236083984375,1674.2918459414382,1622.359241700087,1667.0660284244977,3351716
2024-09-09,1628.60595703125,1646.8337091318574,1623.384744151051,1639.4213509574986,1418238
2024-09-10,1658.76806640625,1668.278243462811,1628.9790947608028,1631.1234627633241,2307528
2024-09-11,1658.4417724609375,1675.3175310510946,1653.733290701539,1657.9289269495077,2303930
2024-09-12,1685.34033203125,1691.4939087050914,1656.9032437256415,1678.254391806405,3349489
2024-09-13,1690.188720703125,1696.901692863614,1674.1986627575893,1682.9162393510019,1599349
2024-09-16,1689.3028564453125,1700.8641870990236,1685.8997067630235,1695.9692785161703,836199
2024-09-17,1691.074462890625,1704.3606440601309,1684.9674358450404,1689.3961629015425,830317
2024-09-18,1637.696533203125,1685.806468375602,1622.4057486159593,1685.806468375602,2629136
2024-09-19,1619.0491943359375,1655.8775520533402,1605.0637420381897,1655.8775520533402,4167373
2024-09-20,1641.0064697265625,1646.6472007714283,1604.9705966780684,1629.7714437108875,4644317
2024-09-23,1634.246826171875,1644.6892520881418,1615.3198011579964,1644.6892520881418,1541597
2024-09-24,1655.5047607421875,1662.8704558352754,1620.7742171594211,1631.6362757004383,1907389
2024-09-25,1661.8447265625,1663.3831491015765,1636.297943878202,1658.4882407224536,2240579
2024-09-26,1663.1968994140625,1686.0864728929027,1658.5817448024147,1661.7051403143125,4303250
2024-09-27,1686.086181640625,1704.8733289894424,1675.037696892511,1687.5779404826906,4099016
2024-09-30,1674.6180419921875,1697.5541610884195,1668.1381612608325,1685.7131902883928,2117894
2024-10-01,1693.638427734375,1699.1859454595779,1668.9307930880989,1668.9307930880989,1642542
2024-10-03,1658.2554931640625,1686.9256767489398,1650.2837380563549,1657.7426476068922,3552386
2024-10-04,1656.4368896484375,1685.6199112848103,1647.719314116134,1657.7422212468446,2982759
2024-10-07,1656.763427734375,1682.1703354393378,1648.3256055739196,1664.2223364184008,3419048
2024-10-08,1668.417724609375,1672.6600238185317,1625.1094880243593,1654.0127548796406,2353030
2024-10-09,1687.29833984375,1701.5635482671169,1669.0706999849085,1671.774577153157,2499596
2024-10-10,1686.3193359375,1715.5022463915145,1675.4572779559167,1696.9016393320915,3753869
2024-10-11,1715.22265625,1727.4832599006452,1678.860477190939,1681.9838723729733,2977110
2024-10-14,1730.37353515625,1739.3242024732015,1708.4629917319025,1721.1897769518055,1751092
2024-10-15,1743.6131591796875,1755.4075815743472,1706.178737585296,1706.2254012912258,5696544
2024-10-16,1739.091064453125,1757.5052440660183,1728.648638502009,1742.587427670763,2144442
2024-10-17,1741.4686279296875,1750.0929904884401,1726.2243933287673,1743.426568558623,2399099
2024-10-18,1732.0517578125,1747.156115929171,1718.3460588642158,1740.7227845358063,2366406
2024-10-21,1718.905517578125,1760.768666160667,1715.5490313664957,1748.4615121133868,1284980
2024-10-22,1710.599853515625,1738.050159764607,1707.5498194879603,1717.2161269994644,2089660
2024-10-23,1732.184814453125,1750.2504017093745,1683.1496490433046,1683.1496490433046,2522186
2024-10-24,1731.3873291015625,1748.3266830319271,1724.6302607427576,1731.4811534066312,1621637
2024-10-25,1738.378662109375,1756.3973940310239,1726.9762039001303,1745.5579961344235,4078295
2024-10-28,1756.5850830078125,1761.324412747332,1731.5747796299381,1731.5747796299381,2418907
2024-10-29,1756.5850830078125,1760.479764979155,1737.299436299349,1756.5850830078125,1719955
2024-10-30,1725.6624755859375,1754.4265526745207,1722.3778233648327,1746.4965095645418,1732047
2024-10-31,1657.388671875,1730.4487007951857,1648.4731870656876,1726.7886367510255,3616088
2024-11-01,1649.2708740234375,1671.700379888333,1643.2646297349913,1667.6649040771442,242223
2024-11-04,1654.479248046875,1672.4510106437638,1637.6337206411872,1654.526217473016,2843690
2024-11-05,1664.4271240234375,1673.6240812335957,1653.1184901742884,1660.15703043901,1818350
2024-11-06,1725.2869873046875,1738.9886559072063,1673.2956143996487,1680.89721486218,3477029
2024-11-07,1719.2337646484375,1747.951099998408,1702.5758863570634,1736.220199793215,2173869
2024-11-08,1724.4425048828125,1740.0680884512183,1715.573989252963,1725.8032436206552,1521324
2024-11-11,1752.408935546875,1758.6966525684056,1721.1577699095283,1733.0763193298906,1679869
2024-11-12,1757.617431640625,1776.4806977462522,1749.7342431691384,1774.6507229937558,2711052
2024-11-13,1750.0157470703125,1763.9520340358577,1744.7133571006432,1751.1888371273378,1254074
2024-11-14,1744.5726318359375,1780.281540396774,1732.7479065090558,1756.8197383356674,2462563
2024-11-18,1722.09619140625,1750.2973219994303,1703.3267506279803,1744.572550914398,2483933
2024-11-19,1708.535400390625,1750.2504387504152,1705.4853661139823,1723.973220367031,2354204
2024-11-21,1723.3631591796875,1726.3663385330692,1708.2068123693975,1722.0962447997886,1841245
2024-11-22,1781.595458984375,1784.9739356351747,1723.504013035751,1732.747940316267,2765950
2024-11-25,1775.3074951171875,1801.819329991419,1762.9197101325267,1800.9278273858497,6531524
2024-11-26,1782.6746826171875,1797.1270609790615,1772.9145500884408,1773.8060527392233,2079873
2024-11-27,1774.6976318359375,1799.0509359272405,1770.9905984695636,1780.0468767449104,1631975
2024-11-28,1727.63330078125,1783.5662146725344,1722.0962925146546,1769.1137215128113,3631255
2024-11-29,1734.34326171875,1757.1012081950098,1721.110714594174,1728.6654601761015,2482280
2024-12-02,1756.3504638671875,1762.966737727494,1722.5185002114504,1734.3433398391962,2014744
2024-12-03,1774.4161376953125,1779.6247037170615,1756.8667551045473,1768.081450968118,2954648
2024-12-04,1780.8914794921875,1793.4200582430378,1762.075069373343,1766.2043692377797,3730643
2024-12-05,1805.6202392578125,1818.8526723612479,1768.0813569447603,1769.0198290025864,3881814
2024-12-06,1804.4002685546875,1820.0258519983574,1797.4556666326857,1807.497272321751,2250408
2024-12-09,1792.3878173828125,1807.54416412357,1784.035393103919,1797.1740019957942,1379520
2024-12-10,1817.21044921875,1823.2636630704365,1794.5463248262354,1798.5348312979763,2695207
2024-12-11,1812.0958251953125,1815.7558893464986,1798.1125678051615,1807.7319069596515,1387117
2024-12-12,1817.069580078125,1829.0820684241883,1803.2740864428313,1806.51176926757,2306173
2024-12-13,1847.663818359375,1853.482299247105,1794.6870023869205,1819.6973054380437,2569918
2024-12-16,1834.1500244140625,1858.174888955304,1830.2553420126674,1849.5878457232136,1371189
2024-12-17,1830.583740234375,1842.4084663307847,1818.759014137965,1825.6099066094819,1987909
2024-12-18,1839.7337646484375,1850.62001813395,1826.9705669564717,1829.0821291887316,3460812
2024-12-19,1815.2396240234375,1826.4543195758906,1792.4816760422725,1792.4816760422725,1916115
2024-12-20,1793.7486572265625,1837.1999620507947,1779.718544906639,1834.337576271211,3786921
2024-12-23,1785.9124755859375,1820.0728842631352,1782.2993807726812,1800.4587937002739,2058339
2024-12-24,1780.234619140625,1805.291893155666,1773.0084297341011,1791.1678421088616,1310301
2024-12-26,1783.8006591796875,1791.4492289138109,1770.2397845641383,1788.35222548099,1065107
2024-12-27,1775.589111328125,1785.8184795431462,1766.861275475039,1783.096887697377,1328546
2024-12-30,1810.265625,1847.8045072068758,1750.8604126433652,1771.8352401645416,6262203
2024-12-31,1799.42626953125,1809.186401426601,1762.9666545579234,1797.3615623567025,1968650
2025-01-01,1794.3116455078125,1817.7734474813428,1790.5109023238485,1799.42638707379,880695
2025-01-02,1850.8544921875,1854.7023191590852,1792.5285471566256,1794.3115523663953,3487645
2025-01-03,1826.876708984375,1869.5302194659869,1821.5743187869634,1858.17473013817,2853344
2025-01-06,1832.8829345703125,1851.9808184124433,1811.251107386246,1831.193639009022,1789037
2025-01-07,1798.0186767578125,1859.1131861102986,1791.4493722132531,1839.4052724766207,2494547
2025-01-08,1813.3626708984375,1819.22812138006,1777.982319417122,1789.0093663225723,2372138
2025-01-09,1815.755859375,1824.8120234647586,1801.8664265134591,1808.2480825978605,2742139
2025-01-10,1872.3455810546875,1879.149503479006,1816.1780512637806,1816.8819053076754,4802079
2025-01-13,1866.9962158203125,1888.3933086399697,1844.4728878672604,1872.1578118095536,5694121
2025-01-14,1701.966064453125,1819.6973395396874,1687.1381599574383,1816.9757476310388,15819311
2025-01-15,1713.368408203125,1730.1202262594975,1701.027592160338,1723.0347163244192,3350594
2025-01-16,1681.9766845703125,1724.8648153316992,1675.4543490535063,1720.219424085581,5362008
2025-01-17,1695.86474609375,1699.8462705112652,1659.0352402054184,1680.791633847206,2424374
2025-01-20,1702.7850341796875,1705.4394609523824,1670.9324915163777,1697.0022998411084,3401004
2025-01-21,1708.6627197265625,1726.05836928653,1698.2347960345937,1698.2347960345937,4005357
2025-01-22,1732.646728515625,1736.2017022014138,1710.226787048023,1714.1608653495227,3009261
2025-01-23,1713.0233154296875,1733.8317150588878,1710.368888796085,1722.5506911705756,3750930
2025-01-24,1699.609130859375,1734.2583193400426,1697.9501432031257,1706.3873035706954,3171259
2025-01-27,1622.91650390625,1687.1904729749676,1618.508429213378,1682.6875064085223,4174844
2025-01-28,1605.189208984375,1640.5019495924764,1603.0562246523418,1622.9166324774376,5079829
2025-01-29,1629.60009765625,1634.434839199524,1607.796256908086,1607.796256908086,3733620
2025-01-30,1624.0068359375,1642.8244744315575,1609.5499422354403,1632.443997045686,2543744
2025-01-31,1635.714599609375,1647.8015112760131,1620.167605807775,1620.167605807775,2033832
2025-02-01,1605.9002685546875,1641.876559451117,1600.212310106442,1636.236046945331,569018
2025-02-03,1604.004150390625,1612.1568670177537,1575.0903639917397,1578.4083394801364,2659929
2025-02-04,1642.4453125,1645.6210658941568,1604.0515961388232,1606.9429053452877,3647768
2025-02-05,1623.7698974609375,1655.954331435314,1621.0681403713472,1640.02800166224,2681942
2025-02-06,1633.8660888671875,1638.5586083689427,1623.7699393251253,1634.19786330397,2057798
2025-02-07,1635.9041748046875,1640.9759143070874,1612.204349352534,1633.534192259472,2428098
2025-02-10,1643.677734375,1649.5079148044463,1623.0588854399443,1634.2925799912337,1823071
2025-02-11,1633.58154296875,1658.0398094308953,1625.8080464116554,1652.1622989337561,1702553
2025-02-12,1627.9884033203125,1651.7830041563245,1610.7823074570779,1634.2451338919068,2214307
2025-02-13,1614.5269775390625,1639.9805683741201,1611.8252204286257,1622.9641390229715,1838463
2025-02-14,1622.2530517578125,1633.771190068781,1611.540684367637,1622.0160535033556,1460459
2025-02-17,1620.973388671875,1630.690317730099,1605.995051737303,1622.2531561839617,1127023
2025-02-18,1635.7618408203125,1638.6058196800407,1612.7730117041765,1617.2759782320795,1511900
2025-02-19,1623.2484130859375,1641.5446080219447,1614.858582701949,1633.5814439086562,1294110
2025-02-20,1599.785888671875,1625.3817037554843,1595.9939160668957,1616.5178752138893,1681532
2025-02-21,1612.2515869140625,1615.5222320715775,1597.5103657630852,1602.1081084922093,1222563
2025-02-24,1558.5478515625,1602.1080812096295,1552.4332276182972,1597.368116472323,4455420
2025-02-25,1551.01123046875,1566.036895466783,1546.4134878408313,1550.9164543188351,1951519
2025-02-27,1544.47021484375,1573.668446771363,1531.198312280618,1535.7487251624145,2266866
2025-02-28,1493.136474609375,1530.9613040915435,1481.1916698025786,1528.164770929743,4910121
2025-03-03,1490.624267578125,1520.012051588203,1486.879625666338,1493.1364722588314,1784684
2025-03-04,1455.643310546875,1478.8691399890101,1443.7933975661938,1478.8691399890101,3246644
2025-03-05,1491.1456298828125,1499.1562406323092,1451.4248134475206,1452.325360561234,3112003
2025-03-06,1502.9954833984375,1511.764418810848,1493.2312247506734,1497.8289677414684,2011489
2025-03-07,1476.92578125,1504.4650266722015,1474.6980206434616,1500.3412798946838,2091986
2025-03-10,1468.7255859375,1490.6715310821724,1466.545155771421,1476.0250856729815,1855766
2025-03-11,1486.3106689453125,1492.0934025836484,1443.4139895327044,1450.381714315035,1846190
2025-03-12,1460.47802734375,1483.6090802375006,1428.7202610894649,1475.0771430348568,3113860
2025-03-13,1454.9322509765625,1467.445712238186,1449.6235133419889,1460.4779868601956,1983351
2025-03-17,1464.79150390625,1467.0667104009847,1440.0489081153078,1448.533399737349,2029100
2025-03-18,1464.79150390625,1464.79150390625,1464.79150390625,1464.79150390625,0
2025-03-19,1464.1278076171875,1480.1489131734172,1445.7841653964808,1477.4471561477299,4522829
2025-03-20,1480.7650146484375,1499.81965014328,1466.5925660786456,1467.3508910192666,4608677
2025-03-21,1485.2205810546875,1509.252296088984,1442.3713439094884,1455.264025515157,8109210
2025-03-24,1520.7230224609375,1527.1219753302994,1478.8691075858615,1508.256891134042,2487843
2025-03-25,1540.3939208984375,1572.673014625256,1534.7532928515081,1537.6447179254792,4906013
2025-03-26,1548.4517822265625,1559.4010318931507,1537.6446389318796,1540.3938417636025,3096513
2025-03-27,1545.3707275390625,1559.448399674439,1529.6340677444575,1541.1047592724758,3383080
2025-03-28,1509.678955078125,1541.0101721457072,1499.3458075316585,1532.051568253916,2211077
2025-04-01,1450.7611083984375,1502.568950563816,1446.7321380262633,1494.9850063338408,4126827
2025-04-02,1448.1068115234375,1458.5347349417098,1428.0567356248528,1436.2094526075043,3167863
2025-04-03,1393.64453125,1421.9895460115242,1388.809789937922,1421.9895460115242,3966161
2025-04-04,1348.1409912109375,1380.4675334202877,1345.2970118543058,1373.6420292530981,4421312
2025-04-07,1302.6370849609375,1311.7852400412664,1234.997811355924,1275.0505133553772,6484139
2025-04-08,1330.365966796875,1350.1790438406704,1300.6464090920833,1308.230353168422,3938359
2025-04-09,1308.2303466796875,1316.4778395330777,1286.4739535073224,1308.8465652771943,3306801
2025-04-11,1318.231689453125,1350.8900014449514,1289.2704575193923,1289.2704575193923,4859622
2025-04-15,1352.31201171875,1354.4924419029862,1332.8781552587188,1346.150057231423,3265147
2025-04-16,1357.2415771484375,1361.4127696321318,1332.4042060074933,1341.4101398083264,2553111
2025-04-17,1363.2138671875,1367.100615152646,1312.0222476964534,1346.1499940238177,3549969
2025-04-21,1404.92578125,1421.0416640308704,1355.6301398026314,1360.370105326417,2840104
2025-04-22,1402.934814453125,1421.8946737856309,1388.335699622736,1412.509520271681,2608145
2025-04-23,1511.100830078125,1516.7887880332496,1463.4167362656094,1474.1291033698146,13293318
2025-04-24,1504.1805419921875,1519.9173193654142,1494.1318387006902,1512.0489306788008,3193118
2025-04-25,1496.1224365234375,1533.852602452204,1486.5477308144177,1507.3087996903614,3800415
2025-04-28,1485.6702880859375,1504.9447575741863,1473.9712719127308,1500.725442184782,2618810
2025-04-29,1504.5611572265625,1515.8765779532505,1484.5194969853353,1491.1361373405382,2231069
2025-04-30,1503.122802734375,1522.6849985066974,1490.1772474955144,1506.4790577963017,3682256
2025-05-02,1507.821533203125,1516.068307670284,1493.1498575964658,1502.6432878680168,1370848
2025-05-05,1504.177734375,1532.0825769279095,1499.0954750692506,1515.1095609476474,1012225
2025-05-06,1514.246337890625,1518.753379119702,1500.8213179056793,1512.040869127229,2055057
2025-05-07,1499.09521484375,1513.575033457013,1481.5467502030601,1488.2592597509056,5469936
2025-05-08,1515.7806396484375,1532.3701758594077,1491.903375735187,1497.7528254606946,2789018
2025-05-09,1504.94482421875,1512.9038732956278,1493.341794176726,1501.6844386799698,2035161
2025-05-12,1601.7008056640625,1606.2077297845854,1528.5344007621666,1533.1373115269892,4028207
2025-05-13,1553.0830078125,1618.769712948852,1548.8636923923646,1615.7970533540583,3118470
2025-05-14,1570.4395751953125,1574.8507467313248,1550.5897715107842,1563.0558612013472,1569126
2025-05-15,1626.345458984375,1632.6743742695148,1558.261421491515,1582.2346741298459,4961582
2025-05-16,1591.7279052734375,1623.947929353214,1589.905914890835,1622.4136647888215,2586263
2025-05-19,1581.850830078125,1595.6594448390697,1570.8231355975665,1592.7826549745762,1642018
2025-05-20,1571.01513671875,1597.577452094687,1569.1931462251512,1592.5910626924176,2421580
2025-05-21,1584.15234375,1589.4264586958989,1561.5216193935196,1577.439833818856,1420835
2025-05-22,1565.9327392578125,1573.31645366732,1547.7130686846965,1571.110984832076,2202093
2025-05-23,1580.5084228515625,1602.1803350959322,1555.8639679933142,1565.9327332715452,1459454
2025-05-26,1604.865234375,1606.9749506219957,1578.01519421127,1584.535965073787,1078813
2025-05-27,1584.248291015625,1606.687277297042,1574.0836560328826,1605.05714305659,2740015
2025-05-28,1589.2347412109375,1598.3445762418237,1579.3577153546962,1595.6595254099664,1775441
2025-05-29,1596.330810546875,1606.6873019299678,1587.604570486118,1601.4131866446114,2374051
2025-05-30,1569.3848876953125,1596.3307985391575,1560.466908514017,1596.3307985391575,4408910
2025-06-02,1564.4942626953125,1568.0422567992973,1539.7538223834151,1558.35708741066,1883100
2025-06-03,1563.4395751953125,1583.8647150034976,1550.589889128203,1579.2619210027433,2380133
2025-06-04,1559.3160400390625,1577.056244930418,1555.5761896505892,1564.0148204216632,1659720
2025-06-05,1565.3572998046875,1585.9742940723036,1557.8775992476376,1567.7546247195266,1409322
2025-06-06,1570.4395751953125,1572.453421790832,1555.38442139177,1564.206530350031,1261281
2025-06-09,1580.6043701171875,1589.9059443197057,1571.6862742702035,1580.316644293652,1299786
2025-06-10,1599.591064453125,1615.7011348213027,1581.2755253813098,1585.3989710877127,3055223
2025-06-11,1651.181640625,1654.5378957270661,1597.5774285834805,1607.166728875098,5085821
2025-06-12,1631.331787109375,1655.1132996513404,1625.3864675023303,1654.1543695820176,3607962
2025-06-13,1625.6741943359375,1640.7293496107186,1596.2349709556595,1597.5774964649079,1988422
2025-06-16,1652.2364501953125,1658.373625830283,1614.2628442232112,1622.509619112286,2116100
2025-06-17,1658.5653076171875,1667.387533867428,1649.3596030117546,1657.0310430257628,1777245
2025-06-18,1645.427978515625,1673.3328175633276,1639.7702682139197,1656.9351382925647,1794428
2025-06-19,1643.5101318359375,1649.0718555389462,1627.495930782804,1649.0718555389462,2514527
2025-06-20,1668.4422607421875,1671.031324811322,1638.9071711527313,1643.5100817832813,2719770
2025-06-23,1633.24951171875,1658.757143091596,1629.4137917597516,1658.1816914522394,2221446
2025-06-24,1622.31787109375,1661.4421460719686,1619.8245593709817,1649.2637815173498,3601071
2025-06-25,1646.57861328125,1650.0307377308566,1631.139864314342,1632.098794275726,1307518
2025-06-26,1653.2911376953125,1655.9761884337884,1632.7700129280502,1639.7702485310815,2971055
2025-06-27,1652.5240478515625,1680.5247558770907,1640.5374233445932,1663.743481567334,6478283
2025-06-30,1657.6064453125,1663.5518818003004,1642.9348859206502,1654.1543205765877,1855229
2025-07-01,1647.7296142578125,1673.3330007415293,1643.6061680635996,1657.606523913439,1639826
2025-07-02,1648.0172119140625,1667.0999439155592,1640.7293667181602,1651.27759759712,2069447
2025-07-03,1641.59228515625,1659.4283596877756,1636.4140397614499,1645.5238747322871,1839063
2025-07-04,1655.017333984375,1657.9899936153388,1636.126342481173,1644.5649734241215,768500
2025-07-07,1640.1539306640625,1654.6337505639078,1633.3455509291034,1654.6337505639078,1366412
2025-07-08,1637.9483642578125,1648.3048554262311,1618.1944290098697,1630.1810544099428,2139193
2025-07-09,1605.248779296875,1643.8937041397376,1602.3719893698196,1639.770258421539,2894808
2025-07-10,1595.371826171875,1610.9065627175496,1581.2756017119339,1606.2077822119402,2740853
2025-07-11,1571.01513671875,1587.5086866403087,1563.0559705368187,1575.7138002852812,2548153
2025-07-14,1553.2750244140625,1574.9468212851646,1541.0006722985709,1572.6453656313977,3334703
2025-07-15,1502.068115234375,1554.8092701438904,1486.3416383590677,1524.6988419296242,14685607
2025-07-16,1498.6158447265625,1509.3558138601197,1495.930793914731,1502.0679693011427,5218099
2025-07-17,1480.491943359375,1502.4514621828941,1479.0535484633829,1499.3828161706522,4966082
2025-07-18,1496.824951171875,1497.9846340215815,1478.6558000342063,1492.1859838253688,3902458
2025-07-21,1479.0423583984375,1498.661053555402,1474.7899914469424,1496.8249087577028,3368842
2025-07-22,1469.0880126953125,1488.1269850748508,1467.348488410002,1481.651754864756,3218227
2025-07-23,1478.462646484375,1484.4545381859512,1467.0585865665846,1472.9538576872671,3471536
2025-07-24,1456.620849609375,1486.2906799025195,1451.2087998083928,1478.6557670530337,4654421
2025-07-25,1440.0948486328125,1461.4531880178627,1436.7123024595378,1450.7257080345328,2733655
2025-07-28,1416.900146484375,1444.0571345390333,1414.387421670299,1440.0947471813938,4404841
2025-07-29,1422.98876953125,1427.9175985609565,1411.9713106582453,1416.9001396879519,6223556
2025-07-30,1426.951171875,1434.4894643341772,1419.5096179650186,1430.816938679944,1642426
2025-07-31,1418.6397705078125,1432.943036636319,1410.5216367733422,1415.8370660314808,2306285
2025-08-01,1403.369873046875,1417.673256418693,1401.3403692103711,1415.836993719444,2152783
2025-08-04,1424.921630859375,1425.8880725354904,1392.255855017138,1403.3699342924656,2384774
2025-08-05,1432.943115234375,1435.5525787067136,1421.8290352668328,1430.2371491570193,2614394
2025-08-06,1414.097412109375,1433.9094664530244,1407.5256795016378,1431.2035005464868,1735697
2025-08-07,1425.9847412109375,1429.5605283436514,1402.3069193473875,1409.0720113084017,1495363
2025-08-08,1426.1778564453125,1432.4597269973397,1410.038328524252,1425.3081533633274,2815614
2025-08-11,1438.065185546875,1479.6221767958773,1416.4168688363486,1425.5014440064788,2374556
2025-08-12,1448.792724609375,1459.2303421281783,1439.0316870628837,1439.998128760038,3422656
2025-08-13,1450.7255859375,1456.9108362999757,1439.0316651745698,1449.6625236815678,2916128
2025-08-14,1439.804931640625,1465.318898846668,1435.9391647337889,1450.6290317902285,4227538
2025-08-18,1435.165771484375,1451.4986580677505,1426.371176546812,1447.8261328097747,2795155
2025-08-19,1426.5645751953125,1432.84644626918,1419.8961038452082,1426.7579343203515,2515817
2025-08-20,1445.7967529296875,1449.9524993422156,1409.0719690985857,1418.736385896244,10219330
2025-08-21,1443.3807373046875,1454.4948173040207,1436.2290448407825,1449.6626086086583,2157601
2025-08-22,1417.093505859375,1441.4477894060321,1414.8706427693135,1439.611526589091,2802805
2025-08-25,1453.7215576171875,1459.036986965969,1426.6611900233913,1430.3337156720854,2764914
2025-08-26,1442.7042236328125,1455.944427794611,1435.1659311483554,1451.4988195487851,4092265
2025-08-28,1401.147216796875,1438.0652423615124,1397.4746911658247,1438.0652423615124,4367902
2025-08-29,1405.9793701171875,1413.5175442592238,1390.9027858854445,1401.1471618310738,3404604
2025-09-01,1419.123046875,1423.0854343367887,1397.4747287273321,1397.4747287273321,2105254
2025-09-02,1416.5135498046875,1427.8209884574726,1410.714899615723,1419.702854598154,1295198
2025-09-03,1416.900146484375,1425.501501170954,1403.8531835923018,1425.501501170954,1800307
2025-09-04,1394.8653564453125,1416.7069153276318,1392.5458727644818,1415.9337147760748,2192155
2025-09-05,1371.3807373046875,1403.5632922829793,1355.724429353746,1399.4075458894908,3895199
2025-09-08,1355.9176025390625,1380.6584845929062,1353.9847192852649,1376.1162561360143,2929976
2025-09-09,1379.2088623046875,1383.7512088676497,1361.8129125140701,1362.8759747398408,2906889
2025-09-10,1414.7740478515625,1422.50558155882,1384.0411541756769,1386.7472381627538,3205017
2025-09-11,1418.4464111328125,1421.0558744615525,1409.3619536905094,1414.774003521241,1982922
2025-09-12,1417.963134765625,1430.3336350147456,1413.9041270449816,1425.5014267883444,2110883
2025-09-15,1417.2867431640625,1419.0263854014643,1403.2733386118095,1417.9632051598078,1725617
2025-09-16,1433.32958984375,1435.359093717273,1412.0678735092833,1414.7739573232038,1724524
2025-09-17,1431.783447265625,1448.696177827318,1425.791555627592,1440.7714026965202,2656774
2025-09-18,1443.6705322265625,1452.4651273316472,1436.2288610039293,1442.5107315038226,2792406
2025-09-19,1418.1566162109375,1443.6707014419792,1414.87069073877,1443.6707014419792,3197957
2025-09-22,1391.5794677734375,1400.5673050597345,1367.5150451509246,1375.2465789750993,4457129
2025-09-23,1381.818359375,1395.7350251690104,1372.7337840005825,1395.7350251690104,3106480
2025-09-24,1393.8988037109375,1396.218169233177,1372.3471082717847,1377.2759369672904,2894044
2025-09-25,1376.019775390625,1394.0921884605063,1368.4814827452874,1391.869325303233,2713246
2025-09-26,1348.4761962890625,1378.6291311477619,1345.2868913828845,1372.3472598877124,2568054
2025-09-29,1340.8411865234375,1355.5310526080243,1336.5888196124774,1350.2156234627832,2990852
2025-09-30,1338.618408203125,1357.8506221038485,1335.5258418761268,1345.3835002705462,2782077
2025-10-01,1342.87060546875,1349.9256763502005,1335.6222934565042,1339.5846804284329,2253527
2025-10-03,1346.736572265625,1352.8252024514127,1334.0762089951772,1349.6358975019343,2793839
2025-10-06,1370.124267578125,1373.3135721837077,1344.1270818081825,1346.7364270499625,1970901
2025-10-07,1385.297607421875,1393.512362174582,1369.641180520644,1374.2801480411224,1592836
2025-10-08,1404.4329833984375,1409.7484125673295,1379.3055000545844,1385.104150057012,1735807
2025-10-09,1436.615478515625,1441.0610864049972,1403.7564631980797,1404.4329251474378,2681316
2025-10-10,1445.3134765625,1448.2128014904088,1424.438360676324,1440.964489170637,2129445
2025-10-13,1444.5404052734375,1451.7887182415732,1426.9512129936327,1439.9981763362766,1820492
2025-10-14,1445.217041015625,1483.4881113688732,1440.1914730462227,1464.5458763429067,5802489
2025-10-15,1445.5067138671875,1458.7470351204831,1436.2288977172564,1447.6329562596472,1710696
2025-10-16,1464.1591796875,1468.894767625812,1447.7296707405117,1449.5659335705313,2021043
2025-10-17,1447.7933349609375,1462.5032134848466,1440.97423007755,1460.262602885433,3210161
2025-10-20,1456.755615234375,1470.8809035024256,1450.6183734550607,1451.3977472706317,2354881
2025-10-21,1447.598388671875,1464.1590701035182,1442.7276000155093,1463.8667752178408,274400
2025-10-23,1484.51904296875,1507.5091424566692,1466.5945162962944,1470.9782262420488,5011470
2025-10-24,1484.421630859375,1492.9941477321242,1477.2128397075637,1485.590572596105,1491451
2025-10-27,1493.8709716796875,1509.4574963271443,1487.3441620498634,1491.825264102858,1394846
2025-10-28,1482.7655029296875,1502.1512661396707,1472.9265333353972,1495.3321618186735,1936466
2025-10-29,1517.055908203125,1518.7119288080755,1482.6680921397633,1490.461354122101,2596355
2025-10-30,1509.749755859375,1519.5887255294203,1498.3520386285063,1517.44550709116,2183395
2025-10-31,1501.664306640625,1517.9326949620302,1497.8650672908846,1509.7498642588992,1723467
2025-11-03,1503.612548828125,1509.6522795596784,1488.707887075192,1500.300388559057,2252136
2025-11-04,1489.584716796875,1502.0539846100032,1485.5906934697132,1496.6961165351945,1666863
2025-11-06,1486.9544677734375,1492.3123355944192,1475.1671823504266,1489.5846462283484,2474769
2025-11-07,1473.3162841796875,1479.5509178983948,1451.9822045233007,1475.946462679952,2238714
2025-11-10,1500.690185546875,1504.9765039203578,1472.3422155621492,1478.7716336644962,1558896
2025-11-11,1529.427734375,1531.8631288564889,1501.3719423819498,1507.8014789456774,2270763
2025-11-12,1552.8074951171875,1558.6524417738394,1532.8372607069603,1534.2984973711232,2331564
2025-11-13,1557.1912841796875,1563.523310045917,1539.1693644065724,1558.0680500058538,1944022
2025-11-14,1553.3919677734375,1556.7041279991377,1533.4217333404072,1548.9108657813697,2543918
2025-11-17,1564.8870849609375,1566.1534187282307,1544.5271635317379,1552.8075046796532,2000978
2025-11-18,1553.9764404296875,1562.5490764453111,1549.0082595433407,1562.5490764453111,1640123
2025-11-19,1619.634765625,1626.3564783573356,1547.5470870395295,1554.0740157744206,6342672
2025-11-20,1602.8792724609375,1625.284901924648,1600.1515830468825,1619.634739102283,2724035
2025-11-21,1566.4456787109375,1601.0282792048667,1564.4973631901528,1593.722096001924,2958835
2025-11-24,1568.7838134765625,1597.6188618338274,1561.4776296572004,1572.5830528457811,6392688
2025-11-25,1559.7239990234375,1577.0640550876165,1551.443657886809,1576.4795842022975,2285950
2025-11-26,1576.0899658203125,1585.4418571391816,1559.724066825479,1559.724066825479,1243303
2025-11-27,1586.9029541015625,1590.9943690320295,1572.2905880416954,1577.2587687189023,2106176
2025-11-28,1582.22705078125,1594.5989261874731,1577.1614777888692,1586.90305578633,1841289
2025-12-01,1600.44384765625,1603.950791896683,1585.928872886608,1587.8771884552648,2034350
2025-12-02,1593.235107421875,1610.1854771965507,1582.0322925424182,1608.3345535637516,2326220
2025-12-03,1598.10595703125,1611.8415589683923,1586.7083577232659,1593.2351677687348,2371611
2025-12-04,1611.8414306640625,1628.7917997314983,1602.5869318019516,1607.3603286823998,3935708
2025-12-05,1639.507568359375,1647.3008307164012,1608.3345189312704,1619.7321175621228,3391204
2025-12-08,1644.962890625,1651.587211446053,1633.5652915617993,1639.507630551295,2702407
2025-12-09,1614.763916015625,1643.4041785958807,1613.5949742432656,1643.4041785958807,2817704
2025-12-10,1622.94677734375,1627.8175659912404,1614.1793577782676,1620.3165990404007,1482249
2025-12-11,1629.1815185546875,1634.0523075249444,1606.3862023907357,1624.4081215806864,1408684
2025-12-12,1629.960693359375,1634.5393061159139,1617.1018586759587,1634.0522272428186,1284337
2025-12-15,1640.481689453125,1644.3783205444627,1617.1019029050995,1629.9607379402162,1689723
2025-12-16,1609.016357421875,1638.53338571781,1602.879234758229,1637.559227937954,1929309
2025-12-17,1612.2310791015625,1621.485577742931,1603.7559542278689,1608.3344480946705,1394918
2025-12-18,1618.4656982421875,1630.6426700314844,1608.529217912677,1614.179380389207,1822056
2025-12-19,1599.956787109375,1637.5592542324557,1590.3126011507936,1631.7143074594667,3487150
2025-12-22,1627.1358642578125,1630.253121734566,1601.5154658689135,1609.2113364771028,1339691
2025-12-23,1636.4876708984375,1643.3067753271575,1613.4000602688955,1631.8116660095889,1614314
2025-12-24,1631.4219970703125,1636.5850809037474,1622.0701061054401,1632.6884497587384,989858
2025-12-26,1617.9786376953125,1633.0780828850523,1607.847373268726,1624.8951339668192,921138
2025-12-29,1588.656494140625,1617.8812264175626,1583.3960185476283,1616.8095577681495,1516288
2025-12-30,1573.4595947265625,1593.4298291662626,1569.4655716217715,1588.656551188881,3323273
2025-12-31,1581.3504638671875,1589.5332945627927,1575.0184379286943,1582.5194057049164,1359963
2026-01-01,1592.2608642578125,1603.171383641462,1576.576948050413,1580.9606579856593,773806
2026-01-02,1597.8135986328125,1600.5412880777594,1583.1038394275422,1589.8255521259302,950573
2026-01-05,1566.05615234375,1591.2868647071987,1539.2668111870632,1583.0065228951319,3245802
2026-01-06,1574.5313720703125,1583.980655598294,1556.022373019656,1558.9448465539701,2112043
2026-01-07,1605.1197509765625,1611.744071547711,1574.9208593368048,1578.9150014282086,3816569
2026-01-08,1604.1456298828125,1617.6864473239102,1593.1377178988225,1610.5751666083943,3266398
2026-01-09,1618.4656982421875,1631.7142197657945,1604.5351949489357,1604.5351949489357,3281306
2026-01-12,1624.5054931640625,1633.8573840862946,1599.0799988419571,1616.3225440137053,4175707
2026-01-13,1621.97265625,1653.7301751658008,1583.9805039414414,1641.45581128003,7149266
2026-01-14,1625.38232421875,1634.5394315186254,1606.5810307085353,1621.9727718455013,2470615
2026-01-15,1625.38232421875,1625.38232421875,1625.38232421875,1625.38232421875,0
2026-01-16,1666.1026611328125,1668.9482078899503,1633.5263790380302,1638.6286478750276,3098089
2026-01-19,1684.549560546875,1686.7081851242312,1653.4449805546499,1666.1026750092756,2087629
2026-01-20,1655.603759765625,1687.689435423555,1650.207078431422,1687.689435423555,1739341
2026-01-21,1650.893798828125,1663.0608855505577,1637.5493023294396,1655.8979700429832,1728435
2026-01-22,1671.1068115234375,1676.8960024857017,1649.912596945411,1658.8416271869417,1853439
2026-01-23,1674.93359375,1688.6706003771237,1666.8876806364187,1680.5264699658806,1874357
2026-01-27,1687.8856201171875,1693.0861063727632,1668.5557368223028,1687.6894250716618,2671530
2026-01-28,1697.1090087890625,1701.8188875031153,1659.2341433689587,1673.0692473978506,2713867
2026-01-29,1689.25927734375,1692.5954314248952,1664.2383014009472,1690.4368069014902,2235602
2026-01-30,1663.7476806640625,1681.0170360441418,1651.3843989588458,1681.0170360441418,4448681
2026-02-02,1645.3009033203125,1656.7810677235416,1622.5366497713308,1638.6285952610688,1916380
2026-02-03,1663.4534912109375,1746.660434027475,1657.3698876107314,1746.5623365033355,3200948
2026-02-04,1591.3341064453125,1614.098240405197,1556.2065709924877,1611.154596197771,5834470
2026-02-05,1579.7557373046875,1601.1462666275152,1570.1397849058696,1583.386183945381,3184531
2026-02-06,1563.761962890625,1581.7182414582567,1544.5301769623286,1581.7182414582567,3342992
2026-02-09,1571.906005859375,1589.4697735756636,1564.4487978269658,1570.336086238424,1863558
2026-02-10,1543.5489501953125,1572.2985912297154,1538.3485837150533,1565.0375778847172,3234785
2026-02-11,1522.4527587890625,1548.4549492651706,1517.0560777468513,1544.4319928073237,2944646
2026-02-12,1448.37109375,1506.164667487195,1441.8951002426272,1500.2773788846391,5397659
2026-02-13,1427.8636474609375,1449.0579817516502,1369.775782530959,1396.2685806171596,7214938
2026-02-16,1434.33984375,1439.4421128033866,1419.6216217376955,1423.8407735149042,2388700
2026-02-17,1454.7490234375,1482.3211350761128,1430.6111635632708,1436.4984523022142,2840341
2026-02-18,1439.6383056640625,1455.3377424533203,1416.2854653063598,1455.3377424533203,2036245
2026-02-19,1423.1539306640625,1473.5883939499088,1415.8929173886818,1442.38571625874,2397127
2026-02-20,1409.5150146484375,1427.6674878618005,1404.118333422843,1415.8929106423218,2392491
2026-02-23,1399.408447265625,1414.519178573271,1388.9094972110074,1411.1830244231892,2629763
2026-02-24,1314.042724609375,1380.274719192049,1297.65648645313,1375.9574701817446,10004684
2026-02-25,1352.3101806640625,1365.2622878062396,1328.564830569199,1329.5460453628248,5703505
2026-02-26,1347.698486328125,1378.6067515770044,1342.3018050941937,1364.8697447997247,2329520
2026-02-27,1363.00537109375,1378.410514374845,1356.0387703966437,1371.7382062333631,8651443
2026-03-02,1345.2454833984375,1359.9637053174577,1324.6399727118094,1325.6211875064107,2088938
2026-03-04,1338.376953125,1356.03881907533,1330.5272349248532,1330.5272349248532,3161598
2026-03-05,1328.662841796875,1352.3100928319334,1307.468627586557,1352.3100928319334,2217963
2026-03-06,1331.2139892578125,1354.861360303096,1328.7609524088984,1330.5271868509924,1871596
2026-03-09,1333.078369140625,1346.913473510414,1303.053220985995,1305.0156505356726,2256550
2026-03-10,1335.9239501953125,1338.769497070742,1319.7339059953692,1335.4333427953143,1671877
2026-03-11,1324.934326171875,1350.1514973614264,1321.5981720630728,1341.516759641843,1837000
2026-03-12,1332.5877685546875,1337.7882547987542,1315.8090197747438,1324.6399527933663,2616965
2026-03-13,1300.5020751953125,1331.2140255138524,1296.184706268201,1324.6399344905913,2190786
2026-03-16,1303.6419677734375,1312.570998555867,1277.9341877577049,1288.1388456992804,3618375
2026-03-17,1296.2828369140625,1303.641947849284,1273.3223868407317,1303.641947849284,2285672
2026-03-18,1331.70458984375,1352.5064140828886,1301.5813454034121,1301.5813454034121,2564106
2026-03-19,1287.1575927734375,1328.7610035092155,1284.6063385307011,1316.201526226088,1663249
2026-03-20,1308.6461181640625,1327.0930041361307,1303.9363590360338,1309.8236477789667,5050431
2026-03-23,1333.078369140625,1339.3581676550325,1285.3913550388957,1290.1012338689998,5166409
2026-03-24,1347.5023193359375,1367.8134175828534,1334.4521147149787,1354.0764105196108,3555664
2026-03-25,1355.35205078125,1384.8865922977561,1322.677550039282,1322.677550039282,4167275
2026-03-27,1338.7694091796875,1380.9616428095928,1334.2558453514612,1351.1326908925473,8956139
2026-03-30,1316.397705078125,1333.6670609907476,1311.0991213904404,1324.6399330615018,5541018
2026-04-01,1328.957275390625,1373.4062314998082,1323.6586918089686,1373.4062314998082,2469237
2026-04-02,1375.8592529296875,1386.2602249380814,1316.0051541197643,1321.6962474912555,6509389
2026-04-06,1376.938720703125,1395.5818011442657,1367.9114730442573,1370.7570198038698,2134581
2026-04-07,1414.5191650390625,1419.3271412878366,1362.0241757138642,1364.8697224551543,3459049
2026-04-08,1433.5548095703125,1438.4608835250363,1405.0014831092587,1422.6633493462648,4239052
2026-04-09,1437.3814697265625,1441.4044261299628,1409.0243403149261,1431.4941813965559,3101205
2026-04-10,1423.9388427734375,1430.218641329469,1394.4043018104655,1424.7238625093896,3450066
2026-04-13,1402.5484619140625,1420.6028382260422,1390.871981814991,1413.9305296616592,2252652
2026-04-15,1424.0369873046875,1447.1936310056226,1410.1036662553024,1417.8552865872377,3993858
2026-04-16,1422.9576416015625,1441.110115230014,1408.1413222170224,1432.5735944615665,5229848
2026-04-17,1415.2060546875,1430.6110780561037,1403.137065583147,1416.187269418677,3319268
2026-04-20,1401.4691162109375,1424.6257610308828,1397.2498447520022,1418.738472359175,2352656
2026-04-21,1414.126708984375,1427.6675210120688,1395.6799427785093,1403.1371512352293,3091487
2026-04-22,1261.1553955078125,1332.489661586118,1256.9361240735032,1319.7338695385338,33066256
2026-04-23,1253.5999755859375,1269.9863342339863,1248.1051967882206,1265.7670627805069,8304759
2026-04-24,1203.199951171875,1264.800048828125,1198.0999755859375,1264.4000244140625,10903519
2026-04-27,1228.199951171875,1232.0,1201.0,1209.0,6066942
2026-04-28,1196.0,1232.699951171875,1192.300048828125,1227.9000244140625,6643295
2026-04-29,1200.199951171875,1210.800048828125,1192.0999755859375,1200.0,4777201
2026-04-30,1199.0999755859375,1213.699951171875,1184.0,1200.0,5070033
2026-05-01,1199.0999755859375,1199.0999755859375,1199.0999755859375,1199.0999755859375,0
2026-05-04,1200.5,1213.5,1191.4000244140625,1208.0,3318673
2026-05-05,1200.199951171875,1205.4000244140625,1190.0,1200.0,2459953
2026-05-06,1189.0999755859375,1212.0,1186.4000244140625,1208.0,3541520
2026-05-07,1183.4000244140625,1196.0,1181.0999755859375,1195.0,3725309
2026-05-08,1198.4000244140625,1202.800048828125,1176.800048828125,1179.800048828125,2813749
2026-05-11,1194.9000244140625,1206.300048828125,1191.0999755859375,1196.9000244140625,2505962
2026-05-12,1145.800048828125,1184.0,1142.5999755859375,1183.0,3959561
2026-05-13,1143.199951171875,1154.5999755859375,1137.0999755859375,1146.300048828125,2635034
2026-05-14,1124.0,1143.199951171875,1103.4000244140625,1139.0,5837032
2026-05-15,1132.5999755859375,1152.0,1121.800048828125,1121.9000244140625,3729249
2026-05-18,1146.5999755859375,1149.5,1121.4000244140625,1129.0,2588569
2026-05-19,1179.4000244140625,1198.300048828125,1152.300048828125,1156.0,5756760
2026-05-20,1169.800048828125,1181.0,1162.4000244140625,1166.199951171875,1415960
2026-05-21,1168.199951171875,1180.5999755859375,1163.199951171875,1173.699951171875,2245247
2026-05-22,1164.0,1176.0,1159.9000244140625,1169.9000244140625,2044524
