Date,Close,High,Low,Open,Volume
2021-05-24,2148.7041015625,2170.222778711057,2138.312515353154,2165.6707767580597,1194864
2021-05-25,2155.6015625,2179.2814068199305,2150.037903689205,2165.671198968382,1098457
2021-05-26,2164.751220703125,2179.6487840313525,2156.7046730475804,2166.360530234234,811095
2021-05-27,2139.369873046875,2163.831466038069,2136.1512542066143,2163.831466038069,3755182
2021-05-28,2135.048095703125,2161.072976880512,2132.8871574340847,2145.76163474316,1215325
2021-05-31,2151.9228515625,2156.474853792628,2133.622567775573,2138.0827441653987,1178704
2021-06-01,2168.70556640625,2173.0276670962567,2143.2325404757803,2158.3139799724563,1141451
2021-06-02,2169.16552734375,2182.821534493742,2161.072953932793,2166.590587006664,1113091
2021-06-03,2173.25732421875,2180.4302907880874,2156.474526729279,2178.5450549346106,868532
2021-06-04,2153.76171875,2179.464642948839,2146.312825734713,2179.464642948839,1283795
2021-06-07,2151.232666015625,2164.7508186637274,2143.5998973258916,2164.7508186637274,1128300
2021-06-08,2169.349365234375,2172.108181722592,2147.4166843478283,2151.2331818643643,1106664
2021-06-09,2166.59033203125,2181.2579933238453,2157.0265256339503,2172.1079644557776,1072858
2021-06-10,2187.557373046875,2207.0069374749924,2165.9006209482873,2173.94716820794,1944339
2021-06-11,2176.24609375,2196.523436927352,2170.2686588844285,2189.580371527044,1128097
2021-06-14,2190.23291015625,2199.9586331566993,2164.2976488217178,2184.489921379292,1761632
2021-06-15,2215.56591796875,2218.3910541002247,2185.97197815304,2185.97197815304,1215463
2021-06-16,2230.339599609375,2240.482319497836,2207.8778123739994,2209.1283528400472,2153668
2021-06-17,2239.4169921875,2247.012272975136,2210.4250318046466,2221.1697297932656,1555777
2021-06-18,2299.808837890625,2312.591259859503,2227.6533378997237,2241.5472256620924,3937751
2021-06-21,2328.940185546875,2342.509793977499,2285.081716782321,2291.5191737565333,2506277
2021-06-22,2306.617431640625,2347.0949215050528,2298.6515104810155,2332.4138459471405,1945883
2021-06-23,2297.5859375,2328.615620590607,2276.93031218532,2311.0166958526506,1035668
2021-06-24,2306.52490234375,2320.094739106344,2291.658618930599,2306.386053879867,759681
2021-06-25,2268.08447265625,2306.3390223888828,2264.703717071449,2304.532862197859,1112942
2021-06-28,2278.783447265625,2283.2295378406566,2257.5721963751926,2269.428362529423,694906
2021-06-29,2308.747802734375,2313.3327413184898,2264.7041251346172,2273.9667186934503,1354397
2021-06-30,2289.064453125,2320.2793435775648,2281.376456379857,2308.7474615286023,1447245
2021-07-01,2295.2705078125,2300.828063521489,2281.3766185400273,2300.828063521489,735043
2021-07-02,2303.884765625,2308.8864753107655,2271.1877676254007,2295.270509043941,860231
2021-07-05,2314.768310546875,2328.0599955991747,2301.800680561692,2314.721952355138,761700
2021-07-06,2290.17626953125,2313.749525035621,2286.9343617685163,2306.385808344919,461782
2021-07-07,2298.6513671875,2307.126775707618,2265.491464208337,2276.7454245704653,623145
2021-07-08,2267.06591796875,2287.628828503072,2258.636868169932,2280.635525798011,1114426
2021-07-09,2270.678466796875,2282.766196693423,2258.6370950959154,2260.0728423339224,538094
2021-07-12,2263.916748046875,2278.5053331199697,2250.810268420349,2272.1142339239163,543898
2021-07-13,2257.015869140625,2274.475946457303,2250.8099773934214,2273.966458642325,994396
2021-07-14,2236.77734375,2261.323215010044,2231.3586364319244,2259.88746787865,1377829
2021-07-15,2234.461669921875,2246.178759386968,2223.9485366136537,2246.178759386968,693792
2021-07-16,2239.139404296875,2250.810363302352,2228.5801374919583,2241.547769214688,545405
2021-07-19,2231.0341796875,2238.768534629119,2221.6327390599677,2223.0684860783977,463873
2021-07-20,2255.348876953125,2278.598077877544,2225.801293146235,2225.801293146235,1061476
2021-07-22,2202.783447265625,2323.0583069206527,2200.328950594103,2269.33526792488,3546044
2021-07-23,2184.2119140625,2215.380445745828,2181.062497094106,2206.349418528928,1517589
2021-07-26,2175.505126953125,2185.971902050617,2165.5941978789588,2183.4246890291597,1311535
2021-07-27,2169.669677734375,2185.462443909467,2160.0366715410023,2175.5051565084955,1656945
2021-07-28,2187.2685546875,2193.798727783325,2170.3181909180407,2176.70928944054,912373
2021-07-29,2162.583984375,2196.531298578877,2158.1842525297143,2187.26870522038,1012663
2021-07-30,2161.24072265625,2182.7762499138757,2147.068911104375,2167.446614315892,1708251
2021-08-02,2160.777587890625,2179.858392442542,2153.182307393745,2169.2991276221856,1229936
2021-08-03,2210.841796875,2216.5382003322648,2154.571552131922,2158.1838724505546,1733476
2021-08-04,2201.81103515625,2218.159421069075,2192.965213763714,2210.842063178141,1588974
2021-08-05,2183.841796875,2214.686280895408,2180.4146822366333,2214.686280895408,921757
2021-08-06,2196.6240234375,2205.1919223271466,2183.6563926856024,2183.84159932598,1432661
2021-08-09,2208.66552734375,2218.3912509911015,2199.7272146371556,2203.987872171562,921476
2021-08-10,2206.16455078125,2217.4648695506175,2185.1385088998186,2217.4648695506175,1061370
2021-08-11,2214.176513671875,2218.3910387433393,2188.0096882670737,2213.759742211516,1300594
2021-08-12,2215.890380859375,2235.5270346727034,2202.135338481883,2218.391235981406,1226064
2021-08-13,2227.1904296875,2231.960574505061,2211.9071516297568,2223.948522220706,1033159
2021-08-16,2247.4755859375,2257.1551770100336,2216.2143330203194,2226.7274670489633,1146309
2021-08-17,2300.642822265625,2304.023578149369,2251.782645726145,2253.588806076878,1921902
2021-08-18,2302.72705078125,2315.648323197184,2273.0403940503556,2301.754433258001,1545643
2021-08-20,2426.24365234375,2436.062091914466,2293.418151931641,2306.3857828391706,5779927
2021-08-23,2439.906005859375,2475.7524240479847,2403.179912642669,2431.4308231593777,2163220
2021-08-24,2438.8408203125,2461.997303604491,2417.5368556838685,2439.76707964418,1482854
2021-08-25,2449.9560546875,2469.8242731170976,2427.4015483793105,2437.914682774102,1746570
2021-08-26,2469.77783203125,2498.8625112053965,2436.988341607171,2436.988341607171,2117291
2021-08-27,2480.476318359375,2491.6377893719896,2455.606389118247,2472.186341945666,1176229
2021-08-30,2489.507080078125,2506.2261057021647,2474.5944410025118,2493.1196270374535,1168190
2021-08-31,2523.22314453125,2535.5885709690333,2478.3456988475396,2489.692375699503,2535891
2021-09-01,2531.373779296875,2570.369383644284,2514.7938294033265,2542.581606523805,1775792
2021-09-02,2594.498779296875,2602.788755193561,2528.8268561612495,2545.3606758974756,1946183
2021-09-03,2562.681396484375,2601.6306427904124,2552.77046783458,2595.5635995352195,1561823
2021-09-06,2575.556884765625,2616.682710180346,2570.647664896009,2584.263632355103,1444978
2021-09-07,2572.87060546875,2601.584645923653,2565.738453551008,2582.9669682789668,1219915
2021-09-08,2594.35986328125,2602.788914277167,2561.1999576677576,2583.244750480066,946711
2021-09-09,2603.390625,2615.431995964337,2576.85338636822,2576.85338636822,879454
2021-09-13,2580.8828125,2614.3206391215053,2570.3696784951053,2591.2105137261465,1341412
2021-09-14,2558.837646484375,2597.2310488223798,2548.18566465076,2595.378530242621,1755061
2021-09-15,2570.786376953125,2579.632198660778,2546.3332214316033,2569.443346170556,1362350
2021-09-16,2564.1171875,2591.0250641361094,2549.065474577802,2549.065474577802,1259196
2021-09-17,2521.50927734375,2577.7795275406947,2499.9737494905985,2565.830873509436,3095032
2021-09-20,2593.850341796875,2601.8623943504554,2510.2090811155267,2519.425315996169,2671330
2021-09-21,2605.057861328125,2648.4531989598404,2590.4229195074095,2602.788571324403,2277437
2021-09-22,2579.1689453125,2630.48361857461,2569.4432229473423,2619.3685073001443,1580594
2021-09-23,2577.131103515625,2609.920589836455,2568.377999010595,2592.599587445084,1054473
2021-09-24,2544.110107421875,2575.000946643274,2529.98465258867,2565.8310696983704,1635284
2021-09-27,2509.699462890625,2561.1068517780323,2505.068166594462,2561.1068517780323,1465932
2021-09-28,2522.99169921875,2551.3351005254744,2510.07019997538,2524.0568070492764,1078052
2021-09-29,2487.2841796875,2542.0723276242175,2479.5961821581964,2514.7476778768632,1503894
2021-09-30,2502.5673828125,2505.8092903117777,2484.181045540162,2487.2841046016215,1620199
2021-10-01,2504.651611328125,2512.0153278470725,2482.467745382351,2506.4577718120127,956111
2021-10-04,2488.11767578125,2523.130322398871,2482.0969903570235,2500.9000992940355,1025005
2021-10-05,2508.912353515625,2514.7478327774365,2487.9326692282666,2488.117875874863,562784
2021-10-06,2487.978759765625,2532.392846576655,2478.669808865812,2495.3888339326377,862471
2021-10-07,2472.556396484375,2504.8366223892344,2469.4072054320786,2499.0475019713986,1082816
2021-10-08,2445.37109375,2481.0320794768295,2431.8012583038894,2473.5756463246203,1579941
2021-10-11,2450.04833984375,2468.943937373146,2441.1561609255027,2447.3620524379758,1086252
2021-10-12,2478.80859375,2489.831214473345,2431.430523714342,2431.430523714342,1174337
2021-10-13,2451.576904296875,2494.972244762773,2447.733018496922,2489.8778184007692,1660007
2021-10-14,2454.170166015625,2479.364371617675,2426.7991607876374,2451.576594967435,2158809
2021-10-18,2458.292724609375,2481.356495813265,2448.1502282639913,2475.7064485191263,1758177
2021-10-19,2358.997314453125,2530.540497692944,2334.6366487683254,2473.019702660064,5431133
2021-10-20,2295.872802734375,2393.4543223131136,2287.860749269888,2379.5604311232155,4864654
2021-10-21,2265.398681640625,2320.279545133299,2248.9575790753092,2318.797439799162,3254632
2021-10-22,2273.133056640625,2314.0273146054406,2250.810116878303,2277.6716367916656,1845622
2021-10-25,2274.75439453125,2281.886547174693,2232.2853076628053,2273.133440469669,1560381
2021-10-26,2271.026123046875,2300.894986853421,2252.57343768493,2300.894986853421,1595060
2021-10-27,2233.51513671875,2288.1273600782697,2228.4358188382043,2287.941015276972,3083879
2021-10-28,2227.038330078125,2251.5953488381597,2206.8616664109113,2236.68412136241,2015791
2021-10-29,2230.300048828125,2238.5479121214094,2211.5213136819752,2236.6840087807586,2453400
2021-11-01,2243.30078125,2246.842015298541,2207.0943706778917,2230.160172714956,1941114
2021-11-02,2254.2978515625,2262.7787029510246,2238.5479590149757,2250.663330983,1350154
2021-11-03,2247.26123046875,2268.3698398989964,2223.8225148754063,2268.3698398989964,1591607
2021-11-04,2257.97900390625,2264.642366772894,2255.3228508602483,2263.7104151816297,245719
2021-11-08,2266.4130859375,2282.3495498773123,2236.777206021329,2282.3495498773123,2555533
2021-11-09,2265.7138671875,2279.7397831949247,2252.0142252258966,2273.775384424244,1696949
2021-11-10,2236.823486328125,2255.3228161408374,2232.9559782948127,2246.981895032872,1794509
2021-11-11,2214.5029296875,2243.160435994706,2205.183415441254,2239.199642440052,1282647
2021-11-12,2241.297119140625,2249.3586375876625,2214.5035086773823,2225.500583868618,1651974
2021-11-15,2259.74951171875,2264.642257336452,2240.5048033000144,2240.5048033000144,1007999
2021-11-16,2242.880859375,2268.975499896391,2236.776759417656,2268.975499896391,1245209
2021-11-17,2228.436279296875,2246.050303440039,2224.7551154835023,2240.4119499905555,956809
2021-11-18,2236.124267578125,2242.6015123206575,2208.7249853529866,2227.364014765248,1236943
2021-11-22,2226.012939453125,2245.9099687008593,2215.3885551751696,2245.443992921841,1629290
2021-11-23,2231.278564453125,2236.683929454758,2177.5050004879345,2225.314164985481,1932539
2021-11-24,2213.152099609375,2242.2755876029714,2205.929474586963,2242.2755876029714,999070
2021-11-25,2189.20068359375,2224.568196980391,2181.698428626349,2224.568196980391,1363272
2021-11-26,2176.199951171875,2204.065208890729,2166.97349517647,2184.4942281775343,2450902
2021-11-29,2170.887939453125,2182.8636083774177,2129.229748948553,2175.5476973960804,1724612
2021-11-30,2159.84423828125,2200.337485337394,2145.352346991394,2163.9913769391906,3931035
2021-12-01,2185.28662109375,2196.3767532135435,2165.156377173381,2180.766565193462,1263139
2021-12-02,2221.1201171875,2225.5002438537936,2185.4263282400107,2196.6097465508337,1673117
2021-12-03,2184.168212890625,2227.270973138719,2178.8094913462674,2221.120229273713,1890178
2021-12-06,2149.546142578125,2203.0867109426626,2144.4204093094586,2184.4943239553977,1079171
2021-12-07,2163.619140625,2182.3045900404536,2154.672313364827,2169.4902542667655,895313
2021-12-08,2181.325927734375,2184.913804749343,2160.4967192105473,2160.4967192105473,839769
2021-12-09,2180.53369140625,2188.7815538324444,2163.5722182949253,2181.698630871688,716666
2021-12-10,2174.056396484375,2187.29006162018,2162.1273723727386,2187.29006162018,724539
2021-12-13,2147.542724609375,2191.9501265969234,2144.4205957906124,2191.9501265969234,1804894
2021-12-14,2160.54296875,2166.7403545279653,2147.216018270055,2148.1479696668735,1219031
2021-12-15,2163.012939453125,2166.601043989555,2143.9545754528085,2158.399824711456,755122
2021-12-16,2152.34228515625,2167.0671663860862,2147.1699081147017,2163.0130857928384,926493
2021-12-17,2078.485107421875,2151.8296546545043,2074.524313023694,2146.284588002501,2439222
2021-12-20,2114.69140625,2119.584152010436,2051.3651148145655,2074.5242024248582,2175705
2021-12-21,2118.186767578125,2146.0053926586534,2099.4544451401425,2134.1696501480083,1591415
2021-12-22,2122.6591796875,2159.704250708184,2114.5978904636963,2143.4883861024687,1661605
2021-12-23,2144.094482421875,2148.148563128922,2119.8173238495356,2142.510210115041,1423081
2021-12-24,2140.64599609375,2155.60386347937,2127.9249488700993,2152.808008922328,895503
2021-12-27,2144.79296875,2151.0372254656045,2123.2183837665043,2140.6458303169975,584302
2021-12-28,2151.96923828125,2160.6362049622685,2141.3914980470654,2152.8079035964406,783710
2021-12-29,2149.87255859375,2163.851832067857,2142.603290881767,2157.3745866697304,1410236
2021-12-30,2167.3466796875,2171.4471756176845,2140.366499496552,2150.944240912281,963711
2021-12-31,2199.544921875,2209.051007814483,2171.446679246696,2180.766192891532,1123597
2022-01-03,2200.6171875,2216.180732504574,2192.881944315922,2216.180732504574,879278
2022-01-04,2237.8486328125,2244.23259186494,2195.0721481873306,2207.746552600195,1484275
2022-01-05,2251.408447265625,2255.3225980046523,2229.227956374846,2240.2250294242795,1202512
2022-01-06,2228.668701171875,2247.8669928681206,2206.5814963742614,2234.8196720139936,1198901
2022-01-07,2251.734375,2257.0930957663277,2225.5000330418175,2225.5000330418175,1026186
2022-01-10,2243.25390625,2259.9823901894633,2238.547505663955,2259.9823901894633,919447
2022-01-11,2240.085205078125,2253.738431515085,2229.228060759648,2252.666550738767,1321335
2022-01-12,2248.93896484375,2251.5951179764356,2235.2859645970534,2243.39389820021,1487554
2022-01-13,2249.9169921875,2257.0929723594018,2239.7121700089283,2253.4584529622757,1586299
2022-01-14,2202.85400390625,2256.254877364186,2200.1514352127488,2255.3229257419785,1596037
2022-01-17,2226.945068359375,2231.278552438457,2185.426577636983,2203.1336586498196,912205
2022-01-18,2208.25927734375,2244.79173391548,2196.982572171275,2244.79173391548,1667579
2022-01-19,2152.714599609375,2207.4203326677316,2148.1947715170586,2203.1332649146266,2145255
2022-01-20,2107.88818359375,2167.3000983532907,2090.3674479317615,2166.7874794656022,2829711
2022-01-21,2167.159912109375,2175.501059998497,2096.8908605059737,2110.6837881160795,4596050
2022-01-24,2129.136962890625,2185.380111946327,2112.4548908027623,2179.7417586080473,2231103
2022-01-25,2168.884521484375,2174.8955642434294,2088.4104038625874,2128.1116359693074,1843543
2022-01-27,2139.15478515625,2167.3463156408807,2120.1894827284355,2152.807782462719,2620474
2022-01-28,2128.15771484375,2160.915716310477,2123.031982023641,2138.4558235605014,1967721
2022-01-31,2119.02490234375,2154.532348507718,2116.462035501993,2134.1691154995874,1639875
2022-02-01,2148.75390625,2162.1275014183693,2123.3582276234265,2146.563956719639,1270508
2022-02-02,2169.490234375,2174.24327897475,2140.2736855952353,2165.948999997283,1246111
2022-02-03,2141.764404296875,2173.2644127905533,2134.1690900310223,2170.5152011712885,1448039
2022-02-04,2149.6396484375,2155.371059758247,2127.6454996986613,2149.0803864674167,1014561
2022-02-07,2103.97412109375,2159.052326700844,2084.7758262293273,2139.0620094559067,1207402
2022-02-08,2110.264892578125,2113.6664252233313,2093.6761070510775,2113.6664252233313,1190660
2022-02-09,2122.6591796875,2125.1756306842617,2102.109831746855,2113.2466063344223,1049611
2022-02-10,2127.78515625,2129.5093576817767,2102.343060169074,2124.8495997875057,1195100
2022-02-11,2104.346435546875,2123.917416568347,2095.9588722519584,2123.917416568347,2100036
2022-02-14,2076.900634765625,2084.076616065637,2056.8170337202287,2068.9324036515213,1661501
2022-02-15,2134.262451171875,2147.356189136219,2071.3090750569004,2094.9805546971043,1533070
2022-02-16,2130.9072265625,2146.983390856488,2120.1897836998414,2134.2623431651828,995668
2022-02-17,2150.524658203125,2155.6037482046927,2121.1215438451713,2126.7132526602286,869374
2022-02-18,2155.184326171875,2169.3965854874195,2137.8965816301484,2137.8965816301484,890713
2022-02-21,2138.642333984375,2147.2628853040674,2129.2761759640216,2141.6245332597973,737919
2022-02-22,2115.483642578125,2124.8498023439092,2096.984538490743,2124.8498023439092,902667
2022-02-23,2106.5830078125,2119.210995712677,2098.9876943571803,2115.5298329185475,1324411
2022-02-24,2023.6396484375,2089.435523553151,2013.295122013868,2050.2935556721377,2997629
2022-02-25,2022.9871826171875,2046.5656023205902,2015.0189513650007,2045.6336507712638,2193728
2022-02-28,2024.2923583984375,2031.5613995641477,1975.737584301627,2016.743458692793,2334036
2022-03-02,2002.8572998046875,2008.1693784861645,1978.5799148133701,1984.0783383117457,2034688
2022-03-03,1948.710693359375,2020.4243197114147,1944.6101975454092,2011.0581611173682,2372998
2022-03-04,1882.076171875,1936.5486949489505,1840.8373154226756,1933.799483357576,6320118
2022-03-07,1811.6669921875,1845.403703242281,1795.8704604718741,1844.7979120415541,2976453
2022-03-08,1816.3736572265625,1824.7612215749662,1772.152599584038,1793.587486252181,3211938
2022-03-09,1861.9461669921875,1870.47354708001,1818.237613199455,1830.3529842766425,2879079
2022-03-10,1958.9154052734375,1970.1454663272466,1909.5686189709218,1912.271187303623,4879791
2022-03-11,1951.879150390625,1966.604029745451,1929.1396245708247,1957.09816985446,2481643
2022-03-14,1919.1678466796875,1952.438471063,1906.8660181265152,1952.438471063,1730325
2022-03-15,1899.50341796875,1939.2046411276087,1887.2017042170737,1905.8407333945263,2391023
2022-03-16,1931.1434326171875,1938.4593437475185,1893.7723096699424,1919.8203115961,2808685
2022-03-17,1959.009033203125,1972.662034016759,1940.6496309991296,1955.3278696500838,2995889
2022-03-21,1911.6190185546875,1967.2564818852334,1906.772915886816,1963.1559859802433,1674982
2022-03-22,1857.845458984375,1913.9955412034915,1835.012645467888,1913.9955412034915,5356303
2022-03-23,1843.9127197265625,1879.3268773775708,1840.8372342145824,1875.0864524691758,3212162
2022-03-24,1832.1234130859375,1855.841532433224,1818.5634737255946,1835.9443913507482,3054664
2022-03-25,1820.101318359375,1842.4681548369097,1812.6457062001969,1840.5110793978479,2233647
2022-03-28,1840.697509765625,1846.0097019341574,1799.878099554704,1826.5784208300988,1794533
2022-03-29,1851.8343505859375,1859.1035043300467,1839.7189805821397,1845.2640467322778,1249125
2022-03-30,1878.7210693359375,1881.6100962604849,1859.2899031302493,1863.903017593348,1476829
2022-03-31,1909.242431640625,1914.2284633911195,1880.6782079470688,1881.9829628559494,2540524
2022-04-01,1936.735107421875,1943.9113166928735,1899.690145450972,1915.0672329356435,1714996
2022-04-04,1983.6123046875,1987.340111025808,1929.326124885889,1936.5953927510382,1693019
2022-04-05,1994.189697265625,2011.1511676317778,1982.2606735647782,1998.5698234413103,1277652
2022-04-06,1996.286865234375,2017.115845881939,1976.948870552003,1989.7165612946765,1736115
2022-04-07,2017.4886474609375,2026.9945072307826,1989.809733488334,1994.3295617352514,1824732
2022-04-08,2034.4967041015625,2044.2355514672536,2016.2770073395957,2029.5106727212442,1693462
2022-04-11,2015.85791015625,2044.7950522139772,1993.3511429881326,2039.1100565664012,1380107
2022-04-12,1987.1534423828125,2017.674851803864,1980.3967944957094,1995.2147312648187,1370233
2022-04-13,2005.6995849609375,2017.6752542708587,1985.709268247399,1992.232929577605,1071601
2022-04-18,2029.4644775390625,2034.3572238412173,1989.7634726322226,2001.8322013387515,1828131
2022-04-19,1969.26025390625,2056.6773541657226,1958.076835387611,2036.9664425102826,1775996
2022-04-20,2017.628173828125,2021.0763485640457,1950.29468397993,1970.5179842143627,1511804
2022-04-21,2048.383056640625,2053.7884216449033,2020.4711505960977,2036.3143284374878,2244813
2022-04-22,1982.2142333984375,2040.0418705285028,1975.7372158613184,2033.5182099100928,3520828
2022-04-25,1957.797119140625,2014.8791486764399,1907.7047258745017,1957.0981555136557,2437310
2022-04-26,2002.1580810546875,2011.1046788714114,1976.6691167095207,1996.4264428562417,1447088
2022-04-27,1999.1290283203125,2005.932091481698,1960.3597592794717,2001.6452515812412,2214481
2022-04-28,2089.29541015625,2096.890723320953,2017.67485155105,2078.251694669211,5865359
2022-04-29,2082.77197265625,2134.1690086439226,2071.308923305249,2091.671927766584,2678692
2022-05-02,2078.718017578125,2098.75497672537,2055.791917496427,2068.9325259015636,1543544
2022-05-04,2023.7794189453125,2097.683221819358,2002.4375920917612,2089.3887165693423,1608395
2022-05-05,2019.1663818359375,2052.1107336333866,2007.0510113103558,2029.7905388243976,1101451
2022-05-06,2002.9500732421875,2022.3347095116133,1962.8761596435704,1980.3968929549208,1585602
2022-05-09,1972.615234375,1993.8171329659476,1966.5575490633007,1977.1352905800113,1341414
2022-05-10,2032.0269775390625,2048.3361289331297,1974.8052459444818,1988.784518567968,2162232
2022-05-11,2016.27734375,2040.6944308566365,1972.0096414952623,2036.314303717934,1858636
2022-05-12,1993.258056640625,2017.535440461984,1965.6721992515734,2017.535440461984,1531515
2022-05-13,2044.7947998046875,2067.0683488011728,2007.5631567664125,2022.334678493483,2057239
2022-05-16,2066.36962890625,2070.7497558016858,2024.478451130906,2050.293464243432,1396818
2022-05-17,2092.2314453125,2122.053897985106,2070.144236807303,2085.6144976148626,2055096
2022-05-18,2135.473388671875,2145.352164715765,2083.9366572667113,2083.9366572667113,2137455
2022-05-19,2110.45068359375,2128.3907488531613,2092.650320039763,2092.7902492723942,1734602
2022-05-20,2167.672607421875,2188.222184085362,2127.365703903267,2134.1689955517377,2599505
2022-05-23,2217.8583984375,2225.5003558289523,2149.4066009213248,2151.8761815783296,2363306
2022-05-24,2152.481689453125,2218.04456844299,2145.39899457443,2218.04456844299,3078655
2022-05-25,2142.277099609375,2171.400587139213,2130.9073355831756,2171.400587139213,1884260
2022-05-26,2125.03564453125,2139.760522903361,2104.346367907574,2134.308515926021,2299127
2022-05-27,2172.006591796875,2176.01380184294,2125.3157234370588,2140.6929255579585,1011303
2022-05-30,2189.107421875,2204.065288897061,2172.378938020739,2182.816749274554,939562
2022-05-31,2193.114990234375,2206.767989463334,2147.1230901219974,2199.4056632117813,3123979
2022-06-01,2151.36376953125,2249.544968174599,2145.3527268143075,2208.725439856607,2197599
2022-06-02,2129.322998046875,2149.965634363882,2103.5544005546167,2138.8288585795585,1460335
2022-06-03,2135.986328125,2166.740729542921,2111.009980861968,2128.5773587434023,1845303
2022-06-06,2125.3154296875,2145.3057441762653,2094.654315858785,2117.5801866085376,2131405
2022-06-07,2061.103759765625,2106.0704137796497,2056.86333548788,2096.890601690262,2034730
2022-06-08,2047.5443115234375,2067.953960584815,2037.246200821703,2064.272797264443,1506843
2022-06-09,2048.150146484375,2058.0755683193356,2023.0340943995625,2047.497825818652,1497867
2022-06-10,2050.2001953125,2058.5413439975937,2015.6249281184046,2015.8112729294546,1641981
2022-06-13,2047.404541015625,2066.136860668587,2009.2878085708044,2020.4712286556141,1519441
2022-06-14,2023.2667236328125,2063.293995391315,2013.015257046004,2041.7660520753516,1592475
2022-06-15,2018.142822265625,2029.7539040767374,2003.522981724058,2029.5659140401,1432377
2022-06-16,2018.2841796875,2034.5493381408578,2007.3311754809924,2016.6859197375877,1353485
2022-06-17,1984.2022705078125,2031.1642022380368,1974.377438210597,2030.7882221594712,3252189
2022-06-20,2064.540771484375,2071.1220302134116,1982.0399924168078,1984.7195967137795,2022000
2022-06-21,2073.096435546875,2098.481289859694,2042.2114376518462,2063.6946376532383,1606187
2022-06-22,2071.0751953125,2091.8059765846137,2055.2801285283426,2058.2416031283337,1741378
2022-06-23,2117.84912109375,2122.314975168631,2060.9682428768456,2075.917009965697,1585753
2022-06-24,2166.080322265625,2180.0891401252234,2124.8535724672506,2129.507416941425,1930048
2022-06-27,2181.827880859375,2192.3580768959264,2160.5799578297406,2177.3152020277726,1450391
2022-06-28,2179.00732421875,2184.9775569482404,2141.588356915346,2181.8278632337433,1404108
2022-06-29,2099.8447265625,2162.3196342609617,2091.9002524100065,2158.8410145799057,1682914
2022-06-30,2097.164794921875,2114.4640084679777,2080.993521499509,2091.8055873498342,2387212
2022-07-01,2145.819091796875,2155.831913142057,2071.7799451941987,2092.8398773023196,1235612
2022-07-04,2233.115234375,2236.029883855692,2139.8494349622497,2139.8494349622497,2410245
2022-07-05,2257.842041015625,2267.713930014444,2229.730753681051,2241.8589826365846,2463079
2022-07-06,2348.94482421875,2359.0049304386744,2256.43123538249,2256.43123538249,4770394
2022-07-07,2325.017333984375,2379.5948112600763,2318.0130411543732,2355.150139157049,3333262
2022-07-08,2347.488037109375,2354.0222408446275,2306.0730708063625,2328.308231372418,1346970
2022-07-11,2341.612060546875,2373.9541560464945,2331.646062176359,2338.2273212228242,1587197
2022-07-12,2303.017333984375,2341.6117583184705,2298.222325483538,2326.9448625220853,1116476
2022-07-13,2348.333984375,2368.641958908877,2314.1583584470563,2316.6029176258635,2528792
2022-07-14,2348.381103515625,2371.979478303374,2320.5516901761675,2353.034947525601,1663307
2022-07-15,2414.851806640625,2419.928685725884,2352.3769050877404,2378.6548844854124,2996964
2022-07-18,2400.749267578125,2449.168530268657,2381.522635387842,2426.6042136750107,1566888
2022-07-19,2414.33447265625,2420.9627856075535,2371.838395103478,2397.411237650061,1473121
2022-07-20,2448.6982421875,2461.3906692443366,2383.919947022965,2420.9629386188567,4012897
2022-07-21,2451.4716796875,2472.5786694816798,2436.6638484047844,2460.4504423407425,1990695
2022-07-22,2482.638916015625,2485.083245817612,2454.856556522425,2460.450580525075,1905780
2022-07-25,2466.65576171875,2495.237135205847,2455.749584460314,2487.2456070787753,1253821
2022-07-26,2394.732177734375,2467.9720959286383,2386.2705591197623,2467.9720959286383,1685576
2022-07-27,2427.4970703125,2435.5356531176712,2373.953879221046,2383.684831490896,1404133
2022-07-28,2463.365234375,2467.972023671418,2430.364830929758,2467.972023671418,1442054
2022-07-29,2479.630126953125,2486.7755852886153,2440.7067748239115,2482.0746862616047,1463059
2022-08-01,2437.885986328125,2480.19407324859,2425.6636501066573,2479.7239833939184,1559918
2022-08-02,2477.60888671875,2481.2286708636548,2443.52736802278,2444.4675478488757,1359934
2022-08-03,2469.241455078125,2504.639134819982,2442.49315456275,2458.805366868603,1767904
2022-08-04,2470.745361328125,2485.3181476490777,2458.5700793091246,2476.4334947993248,1189384
2022-08-05,2487.151611328125,2498.668814156996,2470.369539213423,2480.1943724540997,1176666
2022-08-08,2491.8056640625,2498.997947831553,2468.959248654791,2487.1515903501963,1024511
2022-08-10,2484.707275390625,2516.5792794894205,2473.8010976589776,2491.805678942235,1098949
2022-08-11,2457.34765625,2508.164415361328,2450.672518046582,2497.164358687816,810674
2022-08-12,2439.7197265625,2469.0064674604973,2430.45909249325,2467.878067978915,1473527
2022-08-16,2486.3056640625,2489.9254483733066,2435.583006027133,2451.94204393653,1584117
2022-08-17,2524.0537109375,2532.8444842395543,2486.3055822462884,2492.416751194899,1711381
2022-08-18,2521.609130859375,2552.588007548374,2505.2498655755444,2524.382615199773,1465489
2022-08-19,2476.950927734375,2537.498419677946,2469.3824338574036,2528.143675858579,1324508
2022-08-22,2469.5703125,2507.2716154813493,2463.3652633463025,2489.596188777673,1410895
2022-08-23,2437.65087890625,2472.39047236866,2430.5995312669493,2446.394595886194,1305045
2022-08-24,2433.42041015625,2453.8693211659665,2408.08261000775,2421.9032074036513,1242489
2022-08-25,2420.210693359375,2471.1683904667857,2411.9841204557224,2445.595546890646,1106593
2022-08-26,2417.71923828125,2458.2879019454017,2408.7404759239685,2444.3731959899155,1048791
2022-08-29,2421.71484375,2451.8944734834326,2397.458162318159,2397.458162318159,1450034
2022-08-30,2500.737060546875,2507.4592535704824,2430.9287179980906,2433.843137339098,2227943
2022-09-01,2450.108642578125,2496.177454353385,2438.826484592347,2491.4765551926444,1702269
2022-09-02,2447.85205078125,2466.091445832684,2430.3646158892443,2458.5700079498542,937600
2022-09-05,2445.03173828125,2465.527474783493,2431.399130854591,2441.6469991057124,1274074
2022-09-06,2419.1767578125,2463.2710990303262,2409.6808499292847,2436.193874629951,1250776
2022-09-07,2411.185302734375,2441.552927852562,2407.612573445149,2417.9545516562225,1344964
2022-09-08,2422.98388671875,2440.706364888387,2409.6804365211615,2425.66349052852,1004533
2022-09-09,2433.84326171875,2488.6557867987513,2428.907318053962,2442.5869792607314,1785443
2022-09-12,2426.039794921875,2449.1683091567497,2420.022736187898,2436.005792332107,1595709
2022-09-13,2431.869140625,2452.9290761411776,2424.723682394824,2442.5870984341814,1342130
2022-09-14,2417.57861328125,2450.1089311189967,2394.356214599587,2397.4588543182813,1610054
2022-09-15,2407.23583984375,2443.338875462452,2398.3982431104455,2425.6634524598,1199906
2022-09-16,2376.91552734375,2410.4801306486484,2367.9838190266,2402.1594474019203,2516820
2022-09-19,2424.958984375,2433.185558422991,2358.018222028853,2379.5953046246486,1166725
2022-09-20,2429.00146484375,2464.6812408283668,2425.287800698982,2443.1512161388982,1253333
2022-09-21,2466.65576171875,2488.4208318033448,2425.663831511336,2427.5441910706472,1960049
2022-09-22,2531.6689453125,2539.660472946018,2463.3179254600923,2466.1855195181556,2620240
2022-09-23,2521.609130859375,2560.8145803167163,2514.0406380052864,2536.5108420952433,1789791
2022-09-26,2501.39501953125,2565.750270816187,2484.941875617991,2508.869401858921,2678551
2022-09-27,2518.976806640625,2551.4130107384512,2494.6730662485415,2515.921222196627,1898501
2022-09-28,2540.4599609375,2546.712064870694,2493.4039154560223,2510.2330422705436,1526197
2022-09-29,2539.002685546875,2563.870396140543,2530.118032061527,2548.921628659551,2019666
2022-09-30,2535.147705078125,2552.493975996988,2508.305526629742,2545.066647598627,1340054
2022-10-03,2465.621337890625,2570.4513776140966,2460.967494141953,2560.109400601019,1683197
2022-10-04,2508.3525390625,2516.3911218993767,2476.5744173397807,2491.4763583162144,1327939
2022-10-06,2457.630126953125,2531.2462550869814,2449.2155632060862,2520.904276740966,1752351
2022-10-07,2444.18505859375,2456.6894941958726,2420.9626664961243,2455.655204737511,1025923
2022-10-10,2449.732421875,2454.5272008264124,2389.9368986083723,2416.2619313231776,1043728
2022-10-11,2398.069580078125,2454.3864893467826,2392.757655878528,2453.8693445355434,1129783
2022-10-12,2436.335205078125,2448.792588392129,2401.4073850836153,2410.1040489065995,882873
2022-10-13,2412.87744140625,2451.189769756758,2409.5868119773722,2428.484518511937,753331
2022-10-14,2421.71484375,2467.877527898887,2416.449745775194,2435.0653491780513,1001536
2022-10-17,2435.582763671875,2453.8221595047135,2414.3816638241474,2419.6467623821204,778918
2022-10-18,2446.582763671875,2483.9549088754325,2441.6468199657447,2463.270954297363,1123374
2022-10-19,2428.484375,2460.9205774535426,2424.1594561917627,2458.852227841982,1241979
2022-10-20,2445.313232421875,2453.8689593051386,2414.522347970824,2414.522347970824,1428125
2022-10-21,2495.142822265625,2507.224223264995,2450.1083063011447,2450.1083063011447,2458302
2022-10-24,2419.1767578125,2482.07469520613,2397.458512415012,2453.9634107377374,719908
2022-10-25,2355.526611328125,2431.3052024932863,2350.449731722048,2431.3052024932863,2923789
2022-10-27,2368.313232421875,2378.6552116027565,2339.1676547303,2344.808734283508,1846329
2022-10-28,2373.2490234375,2398.3047250169825,2361.7318200950776,2374.9884480016117,1164951
2022-10-31,2398.116455078125,2418.1423297660617,2389.98399201212,2392.7574763820476,1324443
2022-11-01,2415.248046875,2438.0111287575533,2411.2728436181856,2431.5275937357715,1280132
2022-11-02,2383.540771484375,2426.79522677603,2367.5449856731047,2426.79522677603,1338284
2022-11-03,2410.089599609375,2412.5977001586793,2374.0756881563893,2381.0796063109324,730444
2022-11-04,2385.48095703125,2409.7582801093517,2380.6537761370964,2408.764421563361,889055
2022-11-07,2397.2646484375,2415.4371702744916,2382.3100930959617,2395.655665189773,1283685
2022-11-09,2374.548828125,2408.716901782784,2359.262910290921,2375.6845673603025,1436444
2022-11-10,2379.092041015625,2402.1862529874106,2367.2135718394065,2370.0056648859245,1459152
2022-11-11,2369.106689453125,2410.5155369158833,2361.487415304746,2408.811812405041,1162847
2022-11-14,2326.27783203125,2379.2337798417407,2323.7695006390454,2372.6557356462654,2137131
2022-11-15,2325.994384765625,2336.8789973494722,2313.358676857381,2326.2783773960928,1558333
2022-11-16,2345.255126953125,2350.129447190016,2298.167354098633,2331.7203038169064,1330395
2022-11-17,2328.3603515625,2364.3268935785063,2322.9180458627097,2347.2427399056714,960476
2022-11-18,2350.7919921875,2355.38255101336,2317.8070269404766,2337.8251539456232,1075675
2022-11-21,2367.544921875,2377.577786813517,2337.872662584153,2350.7921309777334,1354881
2022-11-22,2381.079833984375,2388.935730660975,2363.380554461353,2371.804205296685,921265
2022-11-23,2373.1767578125,2389.8821784312645,2368.112954627732,2386.0962264654327,734152
2022-11-24,2412.739501953125,2423.0089879457746,2376.772962288305,2382.310008851373,999929
2022-11-25,2401.665771484375,2418.6551837521515,2383.4458786822634,2418.276681007505,783480
2022-11-28,2390.071533203125,2406.445822378894,2386.8535663234343,2391.775257876682,830905
2022-11-29,2493.23876953125,2498.681075806606,2391.9645484072375,2391.9645484072375,2542932
2022-11-30,2540.704833984375,2553.624301120372,2482.637710095899,2493.049076779488,3698270
2022-12-01,2520.355224609375,2539.4268620598414,2505.2114192448735,2536.5873985539974,1675569
2022-12-02,2475.16064453125,2517.657859580169,2467.635880729102,2517.657859580169,2101890
2022-12-05,2479.65673828125,2484.531059166859,2446.8134190381784,2460.868858603365,1640511
2022-12-06,2512.49951171875,2517.610453969769,2464.512621202319,2467.3047143038234,1484562
2022-12-07,2562.47412109375,2574.257849291455,2514.1084967355036,2517.705196988416,2368561
2022-12-08,2560.67578125,2565.9762062069585,2542.030014827384,2550.832398988402,1314703
2022-12-09,2576.576904296875,2594.891539145615,2566.165536513877,2578.895753633309,1883397
2022-12-12,2571.84423828125,2578.233031586393,2544.7745919949284,2557.5995492152956,1163204
2022-12-13,2565.266357421875,2574.447244394373,2553.435257953151,2571.607780521879,1265839
2022-12-14,2540.98876953125,2574.4472108229606,2528.400664721609,2574.4472108229606,886858
2022-12-15,2520.73388671875,2539.6636446214534,2506.7258196555204,2525.5610674143977,990722
2022-12-16,2528.353271484375,2543.875581215562,2511.3164886240284,2525.2298150780803,1793864
2022-12-19,2572.64892578125,2574.4471604113696,2528.3532446001177,2528.3532446001177,1546941
2022-12-20,2531.429443359375,2561.243814378814,2511.2692034071883,2561.1964437651377,827567
2022-12-21,2523.526123046875,2550.9269029512657,2508.2878057158546,2544.112235934674,779092
2022-12-22,2503.791748046875,2544.6326066965603,2500.6209212915423,2533.274752398491,852567
2022-12-23,2480.83984375,2507.7673817265318,2468.4881288633214,2491.156470746252,1189702
2022-12-26,2477.385009765625,2496.6935039260525,2467.2576342157854,2480.6977178196216,605144
2022-12-27,2454.479736328125,2493.900864766486,2437.4429541999434,2484.5307270264448,870960
2022-12-28,2445.346435546875,2463.802951141692,2440.1407516611575,2454.2433301210895,822651
2022-12-29,2430.62841796875,2445.0623591572944,2403.511399647527,2442.1755247043534,1345863
2022-12-30,2424.003173828125,2448.0438769468897,2418.466126517221,2441.8917048575186,696432
2023-01-02,2421.494873046875,2441.986477453442,2402.2339803653995,2436.1654374484147,681703
2023-01-03,2406.019775390625,2424.902164059462,2399.3469890283905,2413.591679103535,821843
2023-01-04,2400.387939453125,2421.4944337407533,2391.8221781574375,2414.0172721230715,1672649
2023-01-05,2445.44091796875,2453.2494437087807,2401.7132200398096,2401.760590653467,2008493
2023-01-06,2438.57861328125,2472.1315618763815,2437.1115108754425,2441.938691416838,991782
2023-01-09,2483.631591796875,2488.7425339679457,2432.4738751719024,2450.7885082578377,1267078
2023-01-10,2502.3720703125,2511.3637051593632,2475.1605438022557,2483.6315641006513,1413088
2023-01-11,2454.479736328125,2506.1580678807336,2449.6054160941317,2502.513997050636,1471687
2023-01-12,2451.451171875,2463.3296419148805,2435.076884052882,2447.712590671319,1703829
2023-01-13,2483.583984375,2498.017923308582,2429.302816676294,2451.5926505561647,1348015
2023-01-16,2458.123779296875,2487.3227919121446,2445.7246955692203,2487.3227919121446,930068
2023-01-17,2524.8037109375,2531.854999206043,2462.5721347887907,2466.026723011459,1892865
2023-01-18,2542.45556640625,2549.3649737904643,2517.657631439627,2525.2295340905735,2038075
2023-01-19,2507.956787109375,2535.9255560566003,2472.1321208919035,2527.217911945805,1649842
2023-01-20,2412.361083984375,2465.601029437684,2400.340733626147,2413.5441938833374,4569549
2023-01-23,2457.461181640625,2464.654582376025,2415.437209763293,2423.009113242175,1388360
2023-01-24,2461.342041015625,2470.3336770047226,2442.6962736534674,2464.654749011608,1462462
2023-01-25,2482.02294921875,2500.6213463628555,2455.1899214478603,2461.342093571766,1591810
2023-01-27,2472.36865234375,2504.927979711483,2440.2354294568736,2494.469240607341,1581382
2023-01-30,2430.72314453125,2470.333761061501,2394.803969967833,2470.333761061501,2744039
2023-01-31,2438.86279296875,2451.593009512975,2405.215100575178,2430.581023515572,2366794
2023-02-01,2436.49658203125,2463.708110334017,2410.5629048792493,2461.0578978840813,2014615
2023-02-02,2493.853759765625,2498.4914580898353,2425.848511065157,2432.0006824744128,1980667
2023-02-03,2507.009765625,2515.2441639443396,2490.3514865498996,2498.727996696555,1638238
2023-02-06,2496.456787109375,2503.4607057270673,2460.632124655555,2490.209874014334,1697446
2023-02-07,2462.00439453125,2503.9812272919867,2456.420208090268,2503.460612707383,1495745
2023-02-08,2444.589111328125,2467.9673173617275,2440.3772861867856,2453.9592495561014,1061956
2023-02-09,2448.280029296875,2460.7736224664864,2428.6877773858782,2448.5640218617564,1102484
2023-02-10,2439.572509765625,2448.232781433851,2418.607895662112,2446.671168862906,1523011
2023-02-13,2442.88525390625,2452.1135108708318,2413.5441291983484,2423.0090081363815,1146525
2023-02-14,2441.56005859375,2462.7612932070497,2432.6629344922144,2446.671000361346,1944364
2023-02-15,2412.0771484375,2434.177734303244,2401.2399077219407,2413.54425096214,2009134
2023-02-16,2391.869873046875,2424.8074699775007,2387.8472991211815,2423.0092352411875,1982857
2023-02-17,2380.890380859375,2409.9948846206253,2372.750492255035,2389.8820161677286,1395341
2023-02-20,2377.057373046875,2406.9191173161125,2373.9812868764943,2383.256916005494,632091
2023-02-21,2381.50537109375,2407.8177801990973,2377.8615314255153,2392.721344828088,862797
2023-02-22,2360.58837890625,2388.5097741526906,2349.8930185796685,2381.5056244960197,885515
2023-02-23,2357.3701171875,2381.268937894084,2347.3848541888447,2358.647968348811,757215
2023-02-24,2351.265380859375,2376.8679267937805,2339.670903167698,2358.837284658021,732783
2023-02-27,2336.073974609375,2353.915363623792,2324.574239268208,2353.915363623792,853991
2023-02-28,2328.97509765625,2341.942165293726,2305.312902808479,2337.5882290112872,1780454
2023-03-01,2334.27587890625,2337.825208676508,2317.0024740243284,2326.467353411683,967339
2023-03-02,2323.959228515625,2337.825184242716,2313.216498092793,2334.275854509554,827174
2023-03-03,2338.771484375,2356.660012363278,2324.242803403406,2334.039045110785,1176008
2023-03-06,2351.880859375,2365.131691713863,2343.1258451511085,2349.1359054591003,1214503
2023-03-08,2352.1171875,2367.5447555060214,2335.1749153378546,2353.9154220908404,1448340
2023-03-09,2329.685302734375,2358.600555264015,2325.4261070415814,2351.8806295944114,1038910
2023-03-10,2333.5185546875,2338.2983648138043,2314.2576645034133,2318.895362798551,772024
2023-03-13,2323.72265625,2355.3352613192606,2314.1630355336915,2334.039282464656,1314549
2023-03-14,2311.749267578125,2339.7180305419433,2309.1937965269844,2330.253151777615,1250763
2023-03-15,2277.3447265625,2327.8870901657224,2264.945642108792,2320.693689385896,1738040
2023-03-16,2327.745361328125,2337.1628707375603,2278.9064879697203,2295.186035397131,1628035
2023-03-17,2316.434326171875,2350.318638214497,2309.24115698828,2339.386657074509,2127178
2023-03-20,2376.8203125,2381.9786252187464,2295.233103649422,2316.4343396815416,1561128
2023-03-21,2330.821044921875,2388.2254399309595,2327.1769743110062,2380.4169152586396,1595161
2023-03-22,2343.835693359375,2348.6152729843475,2323.0600965250096,2340.286363295578,1063244
2023-03-23,2352.1171875,2366.2671354786817,2334.0391760659477,2342.557567219473,1578627
2023-03-24,2348.047119140625,2364.231922830893,2337.8250040816397,2339.9072311494,1449326
2023-03-27,2365.2734375,2370.952365321128,2332.146358543417,2352.022605917367,1387736
2023-03-28,2349.93994140625,2378.99707046989,2339.623085804889,2375.495111846945,1412387
2023-03-29,2395.418701171875,2403.8897206255906,2347.337075517307,2352.0221438340664,2613254
2023-03-31,2423.34033203125,2431.0067452010458,2381.8841167397177,2421.8732296044172,2146167
2023-04-03,2400.387939453125,2432.473785279864,2380.464323907104,2432.473785279864,918048
2023-04-05,2444.541748046875,2450.0314243612925,2368.112846234936,2378.0509696903587,1489612
2023-04-06,2427.97802734375,2446.6711629211945,2416.383550846348,2437.206284147805,797414
2023-04-10,2396.649658203125,2431.480465164494,2389.882360977762,2427.9785055438433,853322
2023-04-11,2411.41455078125,2418.27658806637,2397.4538542356613,2404.0792695454325,913184
2023-04-12,2393.62060546875,2419.2231502023587,2383.871733569996,2419.2231502023587,1109809
2023-04-13,2400.482666015625,2425.233464279976,2389.8820473081432,2389.8820473081432,1261711
2023-04-17,2415.29541015625,2440.992466020651,2405.404426043704,2435.3135382206806,1566977
2023-04-18,2405.0732421875,2423.009142554852,2394.6145041655373,2423.009142554852,1474786
2023-04-19,2396.12890625,2411.6512156786957,2375.9212967650888,2411.6512156786957,1320243
2023-04-20,2359.2158203125,2396.8858536854373,2347.289980400972,2383.0672690594097,1401364
2023-04-21,2364.279541015625,2375.2115231112857,2352.6376929537028,2358.647983898515,1206288
2023-04-24,2365.983154296875,2370.8574746055406,2342.6523197332685,2368.112752095522,1735797
2023-04-25,2357.180908203125,2365.9832925002665,2345.4445498577115,2357.5596420351417,1701098
2023-04-26,2376.44189453125,2383.2565612791695,2349.372247830502,2356.754899755811,1245903
2023-04-27,2336.83154296875,2387.0427784774947,2325.521057382714,2379.423503726675,2743893
2023-04-28,2325.804931640625,2335.7430553117138,2289.554396225135,2305.692062306279,3761927
2023-05-02,2320.50439453125,2345.397073120602,2318.895411277431,2339.5288942134157,1760370
2023-05-03,2352.968994140625,2356.7549458608837,2321.4035292425083,2325.4734735570173,1258140
2023-05-04,2372.608642578125,2375.0696036515333,2347.4319709544525,2353.8681351589257,1150227
2023-05-05,2366.929443359375,2385.149334106018,2361.2031457666326,2366.2195774861293,1354871
2023-05-08,2381.647216796875,2391.632708964344,2363.5218373942857,2371.6617246294063,972810
2023-05-09,2381.174560546875,2389.8822039460183,2366.2673745222614,2389.8822039460183,1651327
2023-05-10,2387.704833984375,2399.3466806619854,2371.756652484432,2386.095850867402,2025658
2023-05-11,2453.675048828125,2459.9219611676635,2388.5568685761714,2401.192342928406,1749356
2023-05-12,2483.01611328125,2498.7279038952875,2447.9960631130207,2455.1894631455966,2170011
2023-05-15,2519.787353515625,2527.832500479615,2482.685074908687,2496.787651862166,1561055
2023-05-16,2532.70703125,2535.073251142074,2508.761070803139,2527.1228447351696,1477905
2023-05-17,2519.31396484375,2530.9084406845823,2505.4006400499766,2529.0154650370996,839404
2023-05-18,2486.9443359375,2526.3654646700757,2481.5494011052074,2522.863505643931,1434067
2023-05-19,2500.100830078125,2507.2468611183695,2461.484071166161,2487.985736742346,1174757
2023-05-22,2496.929931640625,2513.3513587848156,2482.6852419016027,2493.9957265906437,768232
2023-05-23,2487.654052734375,2508.003541430552,2484.5305966262467,2491.156011550583,703864
2023-05-24,2475.018310546875,2496.834901293877,2468.4402663284422,2479.798120314616,628872
2023-05-25,2458.265625,2485.6190320642017,2442.459323756377,2470.3333453652904,1072231
2023-05-26,2510.41748046875,2514.5345645266775,2463.8029475598632,2464.418072314996,947073
2023-05-29,2508.476806640625,2536.1615763808218,2503.5077454052052,2527.122571156402,698267
2023-05-30,2514.392578125,2522.390354986555,2508.997643093168,2513.398719574783,948051
2023-05-31,2524.8037109375,2536.5874384568956,2496.8349487497353,2514.392344585625,3388305
2023-06-01,2553.529541015625,2585.0950040215016,2512.452059743735,2524.2831581603095,1541080
2023-06-02,2571.323974609375,2591.6734671730474,2547.6144033373953,2564.9825510489545,1509260
2023-06-05,2551.5419921875,2576.3399276417117,2540.5152700895683,2571.0868738591034,1000190
2023-06-06,2547.14111328125,2562.9947874338136,2527.2648650899764,2555.517624592328,655372
2023-06-07,2570.8505859375,2581.072702260696,2535.9726427796395,2546.0526472611928,1428490
2023-06-08,2536.49267578125,2575.9140330530045,2531.7602365704365,2562.142588734311,923536
2023-06-09,2495.13134765625,2545.058584219,2479.893031161459,2545.058584219,1413808
2023-06-12,2501.993408203125,2514.8183655410803,2492.1026558034114,2503.4605106722456,775484
2023-06-13,2532.70703125,2552.67801956957,2486.8971065699093,2488.884823709716,1787924
2023-06-14,2554.333984375,2557.5048109778104,2510.0856791338583,2528.0689475741083,1536248
2023-06-15,2545.7685546875,2572.0809655177795,2534.8365728138583,2568.720887130483,1830192
2023-06-16,2570.330078125,2578.2333454580303,2539.6165883416616,2545.7687604214993,1748145
2023-06-19,2560.40625,2587.267401923163,2552.533949035684,2578.2978431007173,1068263
2023-06-20,2553.58349609375,2557.6864481081543,2526.8653856788046,2547.762671710834,1129279
2023-06-21,2554.060302734375,2582.925400746352,2546.2832853101286,2562.982102341851,1201840
2023-06-22,2532.8291015625,2555.3962681763737,2527.437629105136,2546.4742350703746,830052
2023-06-23,2520.662841796875,2538.7452297462055,2507.1605147486616,2529.918711566066,991214
2023-06-26,2530.68212890625,2551.7702109107204,2521.187471642475,2521.187471642475,758700
2023-06-27,2529.966552734375,2539.747289419602,2515.3192099764915,2530.6822163942697,687747
2023-06-28,2539.413330078125,2564.557074272448,2521.0446286769024,2531.4932719721824,1397573
2023-06-30,2555.539306640625,2562.9344974808137,2529.966445976903,2543.8978915235925,1160181
2023-07-03,2577.39111328125,2581.9714072296324,2537.6955430131725,2563.98430099116,980665
2023-07-04,2576.38916015625,2582.7823755535815,2552.533704969618,2577.391135866774,721907
2023-07-05,2629.682373046875,2633.069661354906,2572.667834439286,2576.3414348058154,1717547
2023-07-06,2630.875244140625,2638.41347517002,2610.407076199385,2633.5468688839683,1265020
2023-07-07,2574.576416015625,2642.850547089924,2567.801373090765,2627.0584210397765,1178930
2023-07-10,2534.928466796875,2587.2196720077654,2529.632509066761,2585.835869213727,1518183
2023-07-11,2561.59912109375,2592.372662406946,2524.861715184974,2535.4536318921096,2476367
2023-07-12,2551.24560546875,2581.1126841590863,2521.5217992981634,2581.1126841590863,2395826
2023-07-13,2533.1630859375,2564.413732937298,2529.8233221359947,2562.028187364794,1495067
2023-07-14,2554.3466796875,2563.5072678557194,2529.680278287794,2533.449393693257,1419016
2023-07-17,2558.9267578125,2579.4424479697554,2547.7624520870486,2547.7624520870486,912701
2023-07-18,2559.976806640625,2577.4390474739866,2554.728606185778,2562.6009068680487,1215904
2023-07-19,2549.289306640625,2573.43083950197,2539.0789860492114,2559.928745844099,1166542
2023-07-20,2579.490478515625,2591.943073242828,2536.502899857043,2546.8562610316517,1430764
2023-07-21,2484.7841796875,2553.8219592785504,2473.333561347926,2528.678216655866,5198952
2023-07-24,2462.121337890625,2486.644697318208,2457.1116926919326,2484.784018551376,1777469
2023-07-25,2450.575439453125,2468.180952061506,2444.9934026192527,2462.0738156481693,1653775
2023-07-26,2465.031982421875,2479.8223648804947,2454.5355819673705,2461.4059065812685,1300033
2023-07-27,2452.197998046875,2464.7458755402995,2436.1193264631765,2443.7530728837423,2276136
2023-07-28,2466.272705078125,2475.003709315486,2447.760730327246,2452.34102474826,966450
2023-07-31,2443.56201171875,2464.6500941483187,2437.0732813698723,2457.159621060771,2003252
2023-08-01,2434.306396484375,2455.967105285392,2428.4855716733723,2452.341029155429,1758897
2023-08-02,2451.3388671875,2455.632849208174,2419.897423206584,2421.805859660217,2082908
2023-08-03,2434.496826171875,2443.800453185906,2421.042256996987,2440.842283719155,1475310
2023-08-04,2429.439453125,2441.7965317946764,2418.9908107892793,2434.4968560026655,1359318
2023-08-07,2451.5771484375,2456.1574420082857,2422.5212532628343,2423.714025913382,803823
2023-08-08,2448.380859375,2466.844841749746,2438.5523653314685,2451.577350563966,1002061
2023-08-09,2435.355712890625,2451.338868196379,2424.668515338569,2448.380931470091,1212549
2023-08-10,2420.5654296875,2434.592391610331,2411.8821832416734,2432.350118462447,1313334
2023-08-11,2387.262939453125,2420.517301160485,2384.59108212417,2418.942934447687,1472199
2023-08-14,2417.130126953125,2423.7141391062746,2374.190309528014,2387.2630517958637,1060479
2023-08-16,2435.737548828125,2438.0753369006125,2408.8284083521016,2417.9889965520374,1155882
2023-08-17,2426.8154296875,2443.418733131073,2417.034693167576,2435.7374630154354,1532873
2023-08-18,2437.788818359375,2450.193654307578,2416.175870450372,2416.175870450372,1970819
2023-08-21,2445.422607421875,2457.0162649652852,2422.80768345719,2437.788862086054,977004
2023-08-22,2448.333251953125,2457.112013330394,2436.119211663105,2455.7762009551248,960025
2023-08-23,2456.205322265625,2465.222637361762,2445.1840558310487,2457.1117829326636,1136112
2023-08-24,2463.07568359375,2473.0949745100634,2449.4303169912287,2466.6540017781476,1143934
2023-08-25,2446.18603515625,2462.5507835787557,2434.6876596204243,2449.478041248532,802955
2023-08-28,2438.695556640625,2450.4324878127904,2422.7601583164624,2447.5698330373084,619841
2023-08-29,2410.498046875,2441.7486907746006,2406.6336498016562,2441.7486907746006,958564
2023-08-30,2416.03271484375,2419.897345130354,2404.629853993885,2410.4982027140945,1227377
2023-08-31,2390.364501953125,2423.5235865317863,2377.053203801286,2416.1283950070488,3235414
2023-09-01,2390.125732421875,2399.3816021309085,2385.5454385871035,2390.3642869657338,813413
2023-09-04,2386.88134765625,2398.9045903397455,2377.911789628737,2398.9045903397455,1143301
2023-09-05,2392.27294921875,2407.9220355882544,2387.549615397008,2395.087846509409,844088
2023-09-06,2407.969482421875,2410.4505427775584,2392.6542346431925,2398.379543497772,1094146
2023-09-07,2392.654296875,2406.3951782614326,2385.5454181216815,2395.087599794168,1894798
2023-09-08,2398.713623046875,2405.6317046083727,2387.02445075331,2389.36223861934,1018234
2023-09-11,2420.135986328125,2422.6645714527635,2394.1812970595506,2398.7138336529692,1121083
2023-09-12,2384.4482421875,2432.302191730767,2374.0948815324236,2432.302191730767,3946716
2023-09-13,2391.795654296875,2394.1334422731693,2377.9117330190265,2379.820169401867,1231305
2023-09-14,2386.308837890625,2398.904471098458,2378.961404599674,2396.0418165983406,2081195
2023-09-15,2356.632568359375,2376.003243807194,2353.102007722305,2361.499174212782,3750697
2023-09-18,2374.715087890625,2378.8182728429147,2349.2852654286894,2358.207299000642,1499641
2023-09-20,2353.9130859375,2366.4609611550345,2333.0633266226046,2337.500347739406,1795159
2023-09-21,2360.11572265625,2369.323835274501,2331.0595915476433,2353.1021255686346,2223720
2023-09-22,2368.799072265625,2376.0034667192494,2345.4684824079977,2355.010665005264,1176741
2023-09-25,2362.5009765625,2385.2589384741987,2347.376526488988,2368.79867624577,1122778
2023-09-26,2365.458984375,2375.048923164469,2348.5693700837887,2360.735651228966,1263548
2023-09-27,2387.215576171875,2390.1259885114714,2355.9649275780394,2362.64445552176,1086791
2023-09-28,2347.7109375,2386.499815729826,2340.888137313114,2385.5455974908296,1612346
2023-09-29,2352.720458984375,2359.5907833495717,2338.3116711512257,2352.67270148226,1249567
2023-10-03,2355.869140625,2384.5912006529666,2349.0943314136016,2376.003237145213,1585626
2023-10-04,2393.0361328125,2396.0895843663584,2352.290830548836,2354.103984851398,1587335
2023-10-05,2404.20068359375,2409.2103295004617,2381.1086481021675,2402.7215986857464,1909928
2023-10-06,2384.972900390625,2404.6298886978925,2379.820215243073,2404.5821311947166,1083342
2023-10-09,2396.328125,2401.290012866647,2367.41526800006,2371.232140661084,1468771
2023-10-10,2401.003662109375,2405.440916284318,2388.742098661599,2397.1867895098962,1092373
2023-10-11,2439.36328125,2446.5676751580454,2401.0515142086524,2403.0554655876986,1697398
2023-10-12,2439.935791015625,2450.002839014336,2422.950661481965,2438.0273547301217,1625010
2023-10-13,2451.816162109375,2458.7342447780748,2426.2908226076215,2436.167075189008,1531977
2023-10-16,2441.176513671875,2463.7914388455088,2435.737516422029,2442.7986380497687,954899
2023-10-17,2439.125,2452.3410165625755,2429.8691291371815,2441.1767091109923,1253538
2023-10-18,2431.586669921875,2453.53368980148,2423.285017690539,2452.388674487406,1084689
2023-10-19,2431.443603515625,2437.4549920889817,2409.4010688685216,2409.4010688685216,1272343
2023-10-20,2380.91748046875,2427.1017817460606,2371.280016297584,2404.6298962420647,3608160
2023-10-23,2369.801025390625,2395.0400515265787,2366.7953310865787,2379.820317022033,922707
2023-10-25,2363.885009765625,2376.003535421874,2352.1480782389235,2361.7380186191594,1435836
2023-10-26,2363.02587890625,2376.0033397303096,2343.225851075164,2348.331011677226,2650560
2023-10-27,2368.4169921875,2380.7740695228053,2351.0502700165257,2354.342275744429,1784812
2023-10-30,2365.411376953125,2377.911728421933,2349.6667768251305,2357.8731464408493,875135
2023-10-31,2370.27783203125,2377.9115770619464,2354.8195449367718,2357.1095752606166,920414
2023-11-01,2359.06591796875,2379.772406079239,2353.8654754309146,2371.232199879601,1267131
2023-11-02,2390.353759765625,2399.196906557308,2367.7651670957143,2379.011355660792,1595123
2023-11-03,2411.932861328125,2415.05681541772,2389.3923779852994,2400.1579574519587,1125583
2023-11-06,2400.54248046875,2420.1033340828108,2394.4870030272687,2417.459988171291,1338677
2023-11-07,2399.629150390625,2408.0397956975985,2388.8635713321037,2399.1966498520997,1473411
2023-11-08,2421.64111328125,2427.071893153558,2400.8306332753555,2401.1190451871635,745022
2023-11-09,2380.645263671875,2424.188425464951,2377.136916718744,2422.314099905442,1823094
2023-11-10,2390.11328125,2392.0838222948596,2369.7355354324045,2380.9336154108005,771062
2023-11-13,2382.038818359375,2390.7378755052937,2375.1662135527877,2381.1257095257197,760809
2023-11-15,2389.96875,2405.9731464541132,2379.9721916904596,2404.8676066119556,1457029
2023-11-16,2394.582763671875,2408.6166199984764,2379.3476212589244,2384.0093809981963,1420578
2023-11-17,2430.724609375,2435.242280505872,2369.3989427459933,2369.3989427459933,1756043
2023-11-20,2409.241455078125,2436.203629376514,2403.0416545438093,2436.1555216090155,944231
2023-11-21,2408.087890625,2419.382185691298,2401.1190702649437,2407.8475864746533,1088806
2023-11-22,2424.09228515625,2426.3512382545014,2406.8866002136365,2410.4911628137966,816610
2023-11-23,2422.169921875,2429.7155670052152,2409.001299729014,2409.001299729014,1023670
2023-11-24,2417.652099609375,2422.0737901202465,2410.2026704841705,2417.5561187464655,735137
2023-11-28,2413.1826171875,2433.5603641585562,2403.041734135041,2433.5603641585562,1880641
2023-11-29,2427.120361328125,2430.5806007675874,2410.827784619846,2414.576436013944,1265214
2023-11-30,2446.8251953125,2455.4280377646614,2418.565283786909,2418.565283786909,3095684
2023-12-01,2464.222900390625,2481.81321151669,2443.412654382418,2448.6993458061406,1345599
2023-12-04,2501.3740234375,2507.237303937237,2475.1327631308727,2477.055196344955,2188039
2023-12-05,2463.8388671875,2534.728603442285,2457.1584576206137,2534.728603442285,3108717
2023-12-06,2468.067626953125,2483.4951998039073,2463.5980637807365,2470.3265797567274,1573754
2023-12-07,2420.583984375,2460.5225856827965,2401.69616985785,2452.1600472249447,3925967
2023-12-08,2424.476806640625,2435.6748867600672,2411.019773521691,2421.304744756755,1605805
2023-12-11,2406.5498046875,2431.8298477603535,2402.0802414443756,2424.4766347675964,2012243
2023-12-12,2405.68505859375,2420.3436130412797,2400.1580626545174,2403.0417127097694,1677929
2023-12-13,2414.480224609375,2419.094111875286,2401.167513622758,2410.5874845673156,1513205
2023-12-14,2418.7578125,2426.8800469344105,2404.1952382366917,2423.56389615019,2166569
2023-12-15,2425.053466796875,2433.8006324489797,2409.770215461924,2422.266032295193,2543337
2023-12-18,2437.164794921875,2445.81574469679,2417.459853767902,2422.410025603624,1969036
2023-12-19,2461.387451171875,2467.395055289173,2436.684229975954,2436.7323377432995,1656220
2023-12-20,2458.311767578125,2473.162519005037,2448.21899199276,2473.162519005037,1468642
2023-12-21,2454.17822265625,2479.9388749584405,2437.6453437575988,2443.652947621355,1945695
2023-12-22,2475.7099609375,2479.6989165904715,2448.0268715385837,2459.945865397533,1174984
2023-12-26,2484.5048828125,2491.137184220364,2467.4913940371575,2475.7098438144135,893776
2023-12-27,2507.1416015625,2510.6980564691835,2480.8041228009033,2485.706421910149,1073278
2023-12-28,2531.65234375,2537.6118397726373,2505.747603153392,2512.4761193952136,1635216
2023-12-29,2560.63330078125,2563.661274331084,2519.5893927061984,2531.652709789761,1305681
2024-01-01,2551.7900390625,2565.8717698748246,2535.689659307609,2560.5372049175576,526353
2024-01-02,2512.42822265625,2551.020978758828,2505.8919022522155,2545.3017864073136,1310629
2024-01-03,2505.45947265625,2526.6543481330496,2494.8860888029035,2498.2022395315885,1008270
2024-01-04,2492.00244140625,2521.2714434435734,2487.6769661887524,2505.459475416242,1376844
2024-01-05,2518.43603515625,2527.903879499855,2494.3575082291054,2494.3575082291054,1150738
2024-01-08,2478.2568359375,2524.1549311245517,2466.9625402631996,2523.145606704356,1189828
2024-01-09,2479.69873046875,2488.589984759606,2471.816800626399,2482.390184107417,1017205
2024-01-10,2477.43994140625,2493.684645178425,2465.520947652891,2479.939198808756,881278
2024-01-11,2437.837646484375,2488.5899330735856,2433.6564948160362,2479.9389831324256,2399600
2024-01-12,2445.335205078125,2455.908588433416,2414.432183049432,2435.2424300571656,2979841
2024-01-15,2473.40283203125,2478.737631794146,2432.839533134652,2447.2577840224512,1391204
2024-01-16,2469.4619140625,2484.3607728897164,2457.206401156241,2473.402761723246,1599406
2024-01-17,2463.502197265625,2471.6246661535556,2441.250124432753,2450.1413789463877,3047652
2024-01-18,2449.18017578125,2470.3269433900364,2439.1355081014863,2470.3269433900364,1273095
2024-01-19,2465.905029296875,2474.123478353003,2433.8004879767354,2465.5206365167164,1323064
2024-01-23,2283.418212890625,2384.2978512994473,2273.709831056434,2355.9419607074965,4369332
2024-01-24,2346.95458984375,2351.039760693699,2275.343947885817,2295.3854093361483,1551469
2024-01-25,2334.122314453125,2372.2825665017513,2326.3363661318594,2359.594554328448,2364765
2024-01-29,2349.597900390625,2354.019590877666,2316.5321412883522,2316.5321412883522,1587091
2024-01-30,2363.29541015625,2397.803231432302,2352.385741116403,2358.8258462479507,1793711
2024-01-31,2385.307373046875,2389.488524931115,2347.050901063896,2354.9809389194415,1445004
2024-02-01,2377.66552734375,2414.143651172756,2372.61914008399,2379.1073522751103,1727534
2024-02-02,2357.480224609375,2390.4497704134455,2347.291233494428,2380.933818741072,1956115
2024-02-05,2325.66357421875,2369.158625565474,2319.1753621394046,2368.4377131122133,1315445
2024-02-06,2332.248046875,2346.666296218703,2324.2699019704123,2330.902202799705,1557511
2024-02-07,2331.3828125,2345.272345774969,2318.021995302354,2345.272345774969,1149076
2024-02-08,2323.30908203125,2347.099197510304,2305.9590720909005,2347.099197510304,1758661
2024-02-09,2330.13330078125,2334.266579403876,2312.7835275950797,2323.3088032155542,886474
2024-02-12,2293.126220703125,2335.612180915358,2289.617874084773,2330.08518562737,1292460
2024-02-13,2301.152587890625,2307.8329964640893,2287.7917707436964,2297.307721411276,957865
2024-02-14,2295.337158203125,2301.152565631293,2278.083366978348,2292.5016161364383,1397975
2024-02-15,2259.676513671875,2292.2135601882605,2255.7354310878236,2276.4978069685776,2553695
2024-02-16,2283.1298828125,2289.618095299179,2266.1645025494804,2278.0353875552187,2363302
2024-02-19,2294.568115234375,2302.0656516566646,2281.7360144140926,2296.8270681155595,576683
2024-02-20,2310.86083984375,2315.0419911020167,2276.353024326304,2278.1794766046387,1032995
2024-02-21,2313.74462890625,2328.835682964777,2301.2488127974525,2310.8609790349888,1127778
2024-02-22,2295.481689453125,2326.4328201820526,2273.9984023925185,2326.4328201820526,2258516
2024-02-23,2301.2490234375,2312.2068000824784,2291.492533010144,2295.914223752952,1210775
2024-02-26,2311.005126953125,2313.2159721788876,2287.6956232290477,2298.365221895274,831596
2024-02-27,2312.014404296875,2315.52275112335,2296.4906149378007,2310.8128835108178,1120424
2024-02-28,2327.63427734375,2330.9504279253597,2307.8812278139335,2317.5896100629743,629152
2024-02-29,2318.742919921875,2334.6029942925143,2304.276562728189,2330.950324169719,2848084
2024-03-01,2316.243408203125,2344.2149028871736,2310.7645209572192,2323.2122279938653,2326244
2024-03-04,2328.06689453125,2333.737979307242,2311.1493863999403,2322.491790623974,1501261
2024-03-05,2306.775634765625,2326.144054407695,2298.3649899408038,2311.725806136573,1587199
2024-03-06,2307.689208984375,2315.427050718229,2283.178181979929,2310.7650556348353,1354111
2024-03-07,2325.7119140625,2331.911714844805,2309.803730738692,2311.678056369801,1820704
2024-03-11,2297.163818359375,2319.415891037393,2291.1081062307944,2315.571024247443,2040761
2024-03-12,2285.917236328125,2292.5016641169373,2269.2402685894435,2287.695580963652,1012157
2024-03-13,2222.90966796875,2282.889491692188,2214.499022473042,2282.889491692188,2322669
2024-03-14,2244.05615234375,2250.8806487439997,2212.576311722207,2215.459961244791,2292515
2024-03-15,2237.424072265625,2246.315326766892,2226.0816682377067,2239.6830253861167,2751403
2024-03-18,2210.75,2234.828521977646,2207.9144580570546,2230.7914593239598,2487402
2024-03-19,2179.030029296875,2214.546937441648,2159.709715510338,2194.6979075652634,4220638
2024-03-20,2154.999755859375,2177.588348542376,2153.1254302094503,2162.7375973086,2995013
2024-03-21,2155.38427734375,2171.5325295385032,2147.358024341876,2147.358024341876,3504486
2024-03-22,2169.033447265625,2178.116897542949,2145.4836396796577,2152.212156132791,3507809
2024-03-26,2153.12548828125,2171.5326949037612,2145.435754394531,2145.531969936937,3027027
2024-03-27,2152.8369140625,2175.233309253919,2149.2804593423607,2162.7374926298353,2168861
2024-03-28,2176.53125,2199.16771681085,2153.221743723947,2157.9316119480163,3186360
2024-04-01,2197.244873046875,2205.9920377407097,2174.271890792804,2181.9616233862357,1427873
2024-04-02,2198.01416015625,2208.8759556978766,2188.738512957842,2208.8759556978766,1221495
2024-04-03,2177.347900390625,2193.3522983556677,2173.3589451770617,2193.3522983556677,1175309
2024-04-04,2177.107666015625,2193.496457295735,2162.0166111185067,2181.961857169728,1890255
2024-04-05,2179.030029296875,2192.0545617880575,2170.523402780724,2177.1075960043618,1153449
2024-04-08,2180.952392578125,2200.176724886131,2179.2702635011747,2188.6902332665027,1127294
2024-04-09,2176.33837890625,2186.38327968871,2168.264253676801,2182.9228062063685,1189343
2024-04-10,2173.214599609375,2188.5940657934834,2170.1387533069596,2188.5940657934834,2308993
2024-04-12,2145.723876953125,2177.011524419317,2142.167422444592,2173.2145310872115,3388551
2024-04-15,2108.957275390625,2141.3502270656313,2105.064301323637,2141.302119302431,4909564
2024-04-16,2134.669921875,2144.714588644273,2087.8106115348733,2098.335886615327,2821129
2024-04-18,2128.902587890625,2150.9143543197647,2123.375592400965,2129.142892042349,3392171
2024-04-19,2145.051025390625,2156.7297130319407,2110.831621088865,2133.9008191335524,2337694
2024-04-22,2154.567138671875,2166.149846333918,2142.600038215488,2162.7374802639833,1804108
2024-04-23,2174.992919921875,2185.3259986487164,2161.4877793956443,2165.6210578207865,1991778
2024-04-24,2172.590087890625,2180.3760371789404,2158.556229932344,2178.165191792081,1404398
2024-04-25,2144.330322265625,2152.981272376825,2129.1911595710244,2151.251035420177,4951866
2024-04-26,2136.447998046875,2167.543449157478,2132.5552585254745,2157.931283085826,2307512
2024-04-29,2139.764404296875,2147.357921699967,2133.900889066216,2147.357921699967,1395292
2024-04-30,2143.945556640625,2153.3655264224535,2138.706973011922,2145.4835970967697,2119102
2024-05-02,2139.956787109375,2156.2012554778817,2119.530932225164,2119.530932225164,2140383
2024-05-03,2131.0654296875,2148.9439186486993,2118.521505418379,2145.4355717304093,2595307
2024-05-06,2168.697021484375,2173.7915168110444,2126.211291260681,2138.7071080718874,1619256
2024-05-07,2287.118896484375,2296.9234944521527,2171.3885009699343,2178.1170177945423,8277810
2024-05-08,2250.25634765625,2280.246261031328,2234.8287730626357,2274.623049604483,1813439
2024-05-09,2235.453369140625,2270.489903158512,2229.49387294917,2249.823745544639,1558987
2024-05-10,2270.92236328125,2279.0445967528176,2230.983765948245,2230.983765948245,2610266
2024-05-13,2269.095947265625,2289.2814965269827,2256.840435214087,2281.928283164871,1170617
2024-05-14,2258.474853515625,2280.294425684034,2255.735292050197,2269.0482372218366,689430
2024-05-15,2233.19482421875,2264.4343672229857,2227.763809016323,2258.4267627990944,812282
2024-05-16,2252.274658203125,2257.032868270841,2212.095990708857,2246.363269783034,1880021
2024-05-17,2230.359375,2260.685575660522,2225.312987073205,2260.685575660522,1264582
2024-05-21,2221.083251953125,2234.636500499877,2212.4804099252933,2217.5267973053774,1663959
2024-05-22,2275.103759765625,2281.928492343645,2221.083427058202,2221.3718390084937,1914851
2024-05-23,2290.098876953125,2294.232155858532,2263.6654166734984,2275.103801980224,1614718
2024-05-24,2277.17041015625,2290.819640002725,2272.9890237524455,2286.253860797852,974100
2024-05-27,2292.02099609375,2306.871745716128,2270.874230770176,2277.1702464713717,1116934
2024-05-28,2303.02685546875,2315.5707789766893,2286.301780572845,2297.307663658899,1631747
2024-05-29,2281.351806640625,2302.1141829106496,2277.506939529292,2288.8493444421374,1592495
2024-05-30,2260.20458984375,2280.4382459438207,2243.527622854832,2276.160879064105,1837380
2024-05-31,2238.7216796875,2285.2444715554675,2227.7157960085565,2261.74277145962,5529186
2024-06-03,2264.530029296875,2294.8564590938263,2253.3800578590203,2288.6566591355686,1207445
2024-06-04,2399.4853515625,2412.7020814982593,2251.2657798718847,2281.9284994540258,7826048
2024-06-05,2501.806396484375,2618.3057963865517,2427.071809095398,2435.2902576011925,11061076
2024-06-06,2450.718017578125,2499.1632419376433,2420.343478153456,2499.1632419376433,4102547
2024-06-07,2477.82421875,2495.7989223831146,2427.07193491907,2456.1968450725035,3974253
2024-06-10,2465.857177734375,2493.0594206488636,2447.2575420592607,2478.977690876211,1449122
2024-06-11,2457.2060546875,2476.766670941292,2452.35186410996,2466.481700651621,1402423
2024-06-12,2430.628662109375,2468.4045259716218,2419.3824734698487,2468.4045259716218,1754677
2024-06-13,2390.93017578125,2408.6167027553947,2351.568401318949,2391.4588918675045,3123098
2024-06-14,2406.799072265625,2436.5472954840825,2397.724041974404,2400.2476482358666,1729552
2024-06-18,2413.10791015625,2424.512241154475,2400.3931995365956,2406.944623727065,1820933
2024-06-19,2384.718505859375,2421.600599153089,2379.380308145811,2421.600599153089,986976
2024-06-20,2409.17724609375,2416.7478288529137,2374.6730278925506,2384.7186407596823,2163310
2024-06-21,2369.48046875,2405.1007594830376,2355.1643928006965,2402.189015222162,3646215
2024-06-24,2370.35400390625,2395.2495606319985,2355.6497895105103,2363.3658647573675,1945519
2024-06-25,2360.64794921875,2374.7213790151695,2356.4744019564196,2367.5877481554376,833789
2024-06-26,2373.654296875,2394.424646941484,2360.8424310457776,2365.3072008903105,1738656
2024-06-27,2389.716796875,2410.1475818616186,2364.336189135392,2377.875751693822,3402726
2024-06-28,2400.296630859375,2417.233230677223,2390.3967469308704,2390.542239372817,2129791
2024-07-01,2431.40380859375,2448.777122647256,2378.021826134139,2388.649646159423,3312865
2024-07-02,2412.04052734375,2441.012479991009,2406.411344193174,2441.012479991009,1305210
2024-07-03,2436.499267578125,2445.71979146585,2401.5097584861905,2413.496297365214,1406405
2024-07-04,2422.522705078125,2462.2196282687923,2419.5623842855302,2441.060905421345,1977010
2024-07-05,2472.071044921875,2478.8651153240944,2422.5228126683,2422.5228126683,1754286
2024-07-08,2511.03955078125,2518.6587094834504,2461.637052765858,2484.688360800629,2818809
2024-07-09,2513.951171875,2537.099631698892,2492.4528899015895,2511.039427844741,1479529
2024-07-10,2533.654296875,2548.746885802939,2497.3060689912268,2505.0707205854474,1764036
2024-07-11,2532.1015625,2540.060283161406,2513.854583474437,2540.0117066962384,1432671
2024-07-12,2545.107177734375,2561.8497075526293,2524.4823221611628,2524.4823221611628,1912642
2024-07-15,2543.214599609375,2551.9012561227323,2536.760090845706,2550.688029320354,920101
2024-07-16,2609.359619140625,2644.834418084959,2547.3395600466733,2548.698279276291,3298003
2024-07-18,2657.840087890625,2670.2635775618123,2576.8936915714958,2620.5698558354193,5569762
2024-07-19,2646.775390625,2662.3046925135222,2636.050419116571,2658.4223670413917,1668862
2024-07-22,2654.831298828125,2669.050221276368,2626.0534187066073,2626.101995167326,1911629
2024-07-23,2684.96826171875,2728.595853311204,2651.6286919831223,2665.2168331572675,3906259
2024-07-24,2637.1181640625,2676.3295567061523,2596.402322900649,2667.1576101328446,3611927
2024-07-25,2627.557861328125,2644.688764839163,2591.452281427988,2637.118182692761,2166670
2024-07-26,2631.294921875,2646.7756488135715,2608.1950356707994,2643.863904425438,2135309
2024-07-29,2631.82861328125,2639.9814022401224,2613.581635609391,2631.4402385470876,957011
2024-07-30,2612.22265625,2673.3209442701027,2606.399167914487,2635.7109154365803,1560399
2024-07-31,2626.0537109375,2629.9360368935118,2596.3540595490326,2625.4229277529967,1751085
2024-08-01,2635.662353515625,2644.7857238415877,2615.910927352041,2634.157904962315,1886392
2024-08-02,2613.3388671875,2678.3192413238753,2602.274097597715,2632.216627095615,1738872
2024-08-05,2636.001953125,2661.334222675603,2587.764104503914,2597.227273238811,3118731
2024-08-06,2669.1474609375,2690.20903019787,2628.96524828348,2640.0785950237046,2296031
2024-08-07,2663.323974609375,2700.0119994244997,2655.025456133828,2699.8662700374903,1713875
2024-08-08,2652.793212890625,2678.076907446923,2640.3697227462762,2672.9813547553963,1464161
2024-08-09,2666.38134765625,2676.8636748479075,2638.622859990569,2674.9225119219846,1284031
2024-08-12,2667.837158203125,2682.1046579872973,2642.3108189254185,2657.451984181087,1297178
2024-08-13,2660.751708984375,2676.5236564605643,2649.784328921455,2661.334152597603,1051237
2024-08-14,2641.97119140625,2661.8681104387065,2626.9757559173618,2660.363661851899,946995
2024-08-16,2667.400390625,2672.593096011396,2630.9550108698363,2657.3547781329457,1727926
2024-08-19,2661.867919921875,2678.561871694314,2656.5297225147483,2669.147280022503,1130327
2024-08-20,2670.1181640625,2675.165140246076,2654.588860754042,2661.8682216798816,1097889
2024-08-21,2709.086669921875,2712.872079436205,2662.2561188648465,2668.613474223842,1417729
2024-08-22,2710.639892578125,2727.333845951709,2700.254718563504,2720.4911994091617,1552947
2024-08-23,2732.769287109375,2738.010332274373,2689.821056977102,2716.851608794936,2111401
2024-08-26,2738.15576171875,2751.549833114722,2721.1222468451892,2732.7692242402322,1152244
2024-08-27,2685.50146484375,2741.018908091678,2678.367834036984,2726.363034801577,1357212
2024-08-28,2683.02685546875,2699.9148774708824,2664.9739461905906,2678.804731489039,1723549
2024-08-29,2703.31201171875,2727.333902856005,2664.246107950083,2688.462067987683,2129934
2024-08-30,2696.275390625,2733.448709240914,2678.902076663861,2713.4546356789924,4029712
2024-09-02,2707.000244140625,2726.2661437739175,2697.245853163385,2711.804574932889,957950
2024-09-03,2712.095703125,2744.7556730503247,2693.363434369963,2698.216341458918,2022116
2024-09-04,2757.66455078125,2760.188157340057,2690.111986931693,2698.216436840079,1640986
2024-09-05,2754.946533203125,2771.0097016322748,2740.581882104223,2756.49955811697,1945173
2024-09-06,2755.43212890625,2782.123118479223,2744.9014624679285,2744.9014624679285,1672730
2024-09-09,2835.844970703125,2851.7624119394613,2759.5571728010573,2769.166071475763,3342754
2024-09-10,2813.327392578125,2851.180067874474,2802.553844056592,2847.6858799868537,1536584
2024-09-11,2818.7138671875,2863.2151189897136,2812.8420393067595,2825.944888156373,1913665
2024-09-12,2869.427001953125,2876.221072335061,2809.0568810938826,2825.3626974022027,2454564
2024-09-13,2846.666748046875,2869.426835111309,2832.641893822737,2869.426835111309,1902001
2024-09-16,2782.754150390625,2824.3919995176966,2724.810248668883,2824.3919995176966,1489057
2024-09-17,2788.965576171875,2828.176968869778,2775.9598805530186,2782.753950166105,1098661
2024-09-18,2791.246826171875,2808.42607086622,2777.512956142777,2789.451155662023,464796
2024-09-19,2826.090576171875,2847.9772355641235,2788.8203427591193,2791.6349342197495,1713010
2024-09-20,2890.00341796875,2901.4077499970376,2810.2214332765097,2838.7566700584757,3641632
2024-09-23,2939.45458984375,2945.7147930006277,2882.5784203092207,2892.33281157887,1300470
2024-09-24,2863.7490234375,2931.15585489431,2859.429983559541,2931.15585489431,1929308
2024-09-25,2862.196044921875,2873.260815338254,2819.636191624619,2863.749069984707,1055354
2024-09-26,2898.25341796875,2904.8048428813454,2854.674167856613,2864.2830665701063,1902889
2024-09-27,2878.9873046875,2940.8618738147916,2865.884454754662,2898.253441779502,2977081
2024-09-30,2871.271240234375,2909.706124674832,2856.0331583870834,2876.9975761841415,1627702
2024-10-01,2837.737548828125,2875.541649372102,2806.339143756762,2875.541649372102,1184642
2024-10-03,2808.23193359375,2837.106731735907,2776.9306818262016,2823.1787931428157,1233447
2024-10-04,2764.94384765625,2828.2742859395566,2734.176463728675,2805.9509130580846,2456486
2024-10-07,2750.04541015625,2782.1231747563133,2741.9411971515387,2761.3042498599384,1280975
2024-10-08,2735.875244140625,2801.0982750877915,2716.366460746994,2760.333851126015,1761488
2024-10-09,2687.491455078125,2742.717681686061,2679.484158126076,2740.3395675699758,1476282
2024-10-10,2673.66064453125,2705.398610217547,2652.793143577846,2688.5105879502285,2065078
2024-10-11,2701.322021484375,2707.92202219178,2656.529786044002,2683.4634190604256,679307
2024-10-14,2707.048828125,2722.1897566323278,2683.657720300339,2709.475281759991,874010
2024-10-15,2699.623779296875,2716.9487533001934,2683.9004068922713,2710.9311955846492,1082666
2024-10-16,2699.4296875,2715.2502127006615,2674.5343678170534,2707.09718625598,1170797
2024-10-17,2658.08251953125,2700.157315839255,2643.3297304021567,2697.6822860049597,1368242
2024-10-18,2637.1669921875,2659.3932129429836,2614.212598375217,2658.0828331824578,1137277
2024-10-21,2614.309814453125,2657.4521142040253,2601.595102176689,2635.128739979521,792345
2024-10-22,2602.80810546875,2630.275606612126,2595.0920306934213,2606.1082244195836,1272253
2024-10-23,2581.0673828125,2613.8245078342925,2543.8940646553547,2543.8940646553547,1431962
2024-10-24,2431.40380859375,2569.1292285561976,2380.4482798823033,2569.1292285561976,9216267
2024-10-25,2453.678466796875,2465.276867660535,2426.5507628298415,2428.6859946148834,2761166
2024-10-28,2500.023681640625,2513.4177526958706,2445.9623436655493,2469.159144937238,852829
2024-10-29,2472.70166015625,2509.632330583052,2461.394481395327,2509.632330583052,1695654
2024-10-30,2479.787109375,2487.891559530861,2458.871031051871,2481.776848804237,1200637
2024-10-31,2453.87255859375,2488.0855548126483,2449.8447403470686,2479.7870359976687,1901355
2024-11-01,2462.8505859375,2471.0519523196854,2437.4699741899085,2469.1107892962864,118532
2024-11-04,2450.52392578125,2472.0707851149646,2429.850494909821,2472.0707851149646,1097260
2024-11-05,2447.175537109375,2455.813616889939,2433.247599068502,2445.865157420273,702046
2024-11-06,2455.3740234375,2476.386285924596,2449.77738556988,2469.6112066402106,1219166
2024-11-07,2430.630859375,2464.407253718044,2421.401332931118,2455.374054274254,1322446
2024-11-08,2462.247314453125,2469.6605169147483,2422.579669604473,2438.927788649835,1700877
2024-11-11,2445.899169921875,2469.316739128912,2430.189173754933,2463.5237739285594,1175577
2024-11-12,2416.884765625,2451.692178555918,2411.484454346943,2449.7775706822567,1624222
2024-11-13,2420.272216796875,2427.980029788182,2405.985890652603,2417.4740174733843,1262017
2024-11-14,2345.89501953125,2420.026560463074,2340.4947086024417,2415.804451248359,2443393
2024-11-18,2378.984375,2381.0464079817834,2332.6890737165863,2357.62859793872,1374215
2024-11-19,2366.661865234375,2395.970682267616,2361.507022871615,2387.8210740176746,1133370
2024-11-21,2339.611328125,2380.800928160588,2333.0328148891485,2380.800928160588,1291829
2024-11-22,2400.92919921875,2407.6551370493976,2334.7509378705845,2347.613353088314,1696471
2024-11-25,2426.654296875,2460.2835069783887,2413.0554754508216,2425.2306264341637,4368045
2024-11-26,2434.263916015625,2449.7284438602323,2415.80462213737,2441.186181184411,982442
2024-11-27,2441.82421875,2447.7646089278323,2413.4481343744396,2430.2871904428803,948232
2024-11-28,2417.57177734375,2493.1269856575846,2408.7349052669156,2440.9404425567004,2540530
2024-11-29,2450.906494140625,2462.050868133835,2410.600728530422,2410.600728530422,1795164
2024-12-02,2434.21484375,2445.359218749969,2415.9521160801214,2439.9589072851527,1006993
2024-12-03,2437.847900390625,2446.291879693493,2421.3032144140357,2435.0494613734018,1641588
2024-12-04,2419.830322265625,2447.8137526509245,2412.024465943355,2436.12953900783,1321495
2024-12-05,2449.384765625,2469.414913971408,2405.642199026858,2420.910398823739,2071795
2024-12-06,2438.78076171875,2450.5632597319986,2430.1402152325936,2449.777711921342,1308086
2024-12-09,2357.23583984375,2432.054648922866,2340.1021731538126,2420.3212934353196,3385021
2024-12-10,2353.897705078125,2369.2639501866993,2345.0116899782884,2365.0418405006158,2063838
2024-12-11,2357.824951171875,2365.6799489199275,2341.77120363809,2361.4086980082207,1718225
2024-12-12,2302.447021484375,2356.450129788821,2295.623040287186,2341.8202926979993,3231056
2024-12-13,2346.779052734375,2351.1483476463695,2291.155701547438,2302.447261734775,2260902
2024-12-16,2323.262939453125,2349.626373461965,2320.170129749529,2346.975359470951,1247552
2024-12-17,2320.41552734375,2336.861929579234,2310.6950631027157,2310.6950631027157,2131569
2024-12-18,2316.43896484375,2339.8076328717684,2307.454906369584,2307.454906369584,988403
2024-12-19,2317.0771484375,2343.685809457716,2293.659340534284,2304.459962428923,1655915
2024-12-20,2291.597412109375,2330.479748587135,2282.515070557055,2309.467724557705,2069691
2024-12-23,2296.5068359375,2309.124022795506,2273.285593186901,2294.641369734494,1066199
2024-12-24,2293.217529296875,2314.229552226785,2288.848234775878,2288.848234775878,683646
2024-12-26,2290.46826171875,2299.403417590653,2282.564122249837,2289.9773243568984,1033769
2024-12-27,2298.814208984375,2303.134361905232,2286.049837508968,2300.5324897599107,556816
2024-12-30,2301.0234375,2316.389681190017,2282.8587549338595,2299.05968803339,924180
2024-12-31,2284.675537109375,2310.00771587375,2281.1406918459334,2297.5870951983143,1878762
2025-01-01,2280.011474609375,2294.7884979654154,2278.1949104183414,2282.8588155253287,559893
2025-01-02,2327.04296875,2336.517963432763,2273.5307992154535,2287.767981935654,1650744
2025-01-03,2362.635986328125,2370.834735922727,2321.9373281379058,2338.678339641274,1274239
2025-01-06,2333.130615234375,2375.10575867804,2318.8442903999216,2374.1730256557257,900419
2025-01-07,2347.46630859375,2358.708727057057,2332.1981075834215,2334.063573808319,922768
2025-01-08,2357.481201171875,2365.3361989267164,2325.0793354331527,2347.662453978323,953351
2025-01-09,2391.2578125,2428.814523921439,2343.1459468882217,2361.458055894267,2425267
2025-01-10,2397.787109375,2411.4842132129756,2370.049149674973,2391.257498926049,1651911
2025-01-13,2406.5751953125,2415.903006147045,2365.3855943599074,2373.2405929574184,2595013
2025-01-14,2325.0302734375,2423.2668904188554,2321.2501994677364,2420.3212661598373,2052741
2025-01-15,2329.989013671875,2341.6732284736895,2307.5041755449906,2330.8726051486196,1215150
2025-01-16,2302.496337890625,2336.861954874067,2283.8898589241226,2333.867188879549,2762596
2025-01-17,2311.3330078125,2336.1744852788183,2300.532386280666,2307.405509073651,1333005
2025-01-20,2302.692626953125,2325.079419305078,2293.315675101929,2313.7387179443335,1382273
2025-01-21,2298.077880859375,2334.2109200503423,2290.173741080801,2310.8422527675875,1842885
2025-01-22,2300.4833984375,2319.1881603751613,2289.928244871017,2300.0907444235577,2658047
2025-01-23,2279.618408203125,2298.8632479151706,2212.9983546557087,2273.0398957567777,3408925
2025-01-24,2325.177490234375,2337.6472505376432,2280.894846953598,2290.5664082907183,1688664
2025-01-27,2349.47900390625,2366.023448998165,2318.353383718259,2322.1336972511494,2477358
2025-01-28,2345.551513671875,2363.3724438998315,2336.321747502455,2357.48119559763,1892156
2025-01-29,2340.740234375,2352.5718729143537,2321.151881289454,2341.9184361178313,699576
2025-01-30,2365.0908203125,2381.0462851096263,2340.7894200830306,2340.7894200830306,1419960
2025-01-31,2424.052490234375,2434.0675649870627,2357.9722699945264,2357.9722699945264,2116148
2025-02-01,2460.627197265625,2554.838028984739,2391.0121355827387,2430.139939176491,2970999
2025-02-03,2397.68896484375,2474.3243359703793,2372.7003007430244,2459.5962149229367,2528480
2025-02-04,2393.85986328125,2405.5932189981568,2359.2979188534423,2405.5932189981568,1992474
2025-02-05,2347.711669921875,2408.538762766955,2343.735029239593,2408.538762766955,1357416
2025-02-06,2329.694091796875,2365.2870502684787,2317.518941198998,2356.499319499281,1132113
2025-02-07,2321.0048828125,2338.776673176707,2293.7578566318184,2336.8620652260356,855602
2025-02-10,2318.648193359375,2354.535765162653,2309.418666146116,2327.9268622556306,1326354
2025-02-11,2273.285400390625,2334.848896170445,2254.924391433907,2328.024914944897,1389260
2025-02-12,2290.222900390625,2297.4886778004043,2263.319627586285,2283.5461040133705,1341909
2025-02-13,2279.42236328125,2303.0856420040236,2271.4201794945166,2287.8665825033304,1334967
2025-02-14,2276.329345703125,2323.1155800749834,2271.4688740822953,2279.9130925334366,1135380
2025-02-17,2287.178955078125,2293.659424337889,2258.311933209394,2276.3294308235972,1409168
2025-02-18,2254.384521484375,2296.1633418095184,2246.5295231516766,2287.17904363718,1035705
2025-02-19,2209.611083984375,2263.9088115608124,2207.2546802120023,2257.084829242589,1521343
2025-02-20,2207.3037109375,2213.587613824965,2186.1442608736543,2209.6109729078917,2206196
2025-02-21,2201.019287109375,2212.7037396655705,2186.045698194655,2207.303428909442,1781509
2025-02-24,2200.822998046875,2210.1999493735907,2178.5836319813607,2189.5805806766357,1627949
2025-02-25,2218.349609375,2228.4629669638985,2197.3864881550335,2202.345003448744,1988040
2025-02-27,2204.259765625,2228.512025036238,2192.6246931729806,2228.512025036238,1699658
2025-02-28,2150.551025390625,2208.8253837386137,2146.230872669716,2204.3578059858905,3683249
2025-03-03,2137.394287109375,2159.1427183773503,2119.3767883663077,2159.1427183773503,1306470
2025-03-04,2118.24755859375,2140.4869254884225,2097.284437084069,2140.437783808497,1800330
2025-03-05,2131.10986328125,2152.1710273429244,2111.0305739051128,2112.9943232761875,1145673
2025-03-06,2178.73095703125,2189.3843940941274,2124.5315180663188,2135.5776091481193,1856868
2025-03-07,2164.592041015625,2186.340470972133,2149.5201676266793,2186.340470972133,1738356
2025-03-10,2207.0087890625,2226.0570617705903,2154.87114820946,2167.9792709376043,1242387
2025-03-11,2176.76708984375,2221.44238913751,2171.170451941259,2199.399349846657,1325891
2025-03-12,2153.153076171875,2189.5315841563634,2145.39636141498,2177.160105947309,1526212
2025-03-13,2135.38134765625,2169.894150742321,2125.2188476629813,2145.3964226012604,1845629
2025-03-17,2131.8955078125,2155.656828338742,2117.412855542962,2121.8312918285837,1111886
2025-03-18,2131.8955078125,2131.8955078125,2131.8955078125,2131.8955078125,0
2025-03-19,2160.173583984375,2172.7416286827006,2153.6931147712576,2166.9975655294597,1341405
2025-03-20,2201.755859375,2208.1380452959766,2148.783764173998,2163.9536812276774,1426689
2025-03-21,2205.487060546875,2214.32393347734,2185.45691112403,2204.308858765917,2152415
2025-03-24,2215.3056640625,2224.9280841258274,2200.3812164721885,2209.4635575040347,1454404
2025-03-25,2230.13232421875,2250.4570850278583,2202.6889709722714,2209.9547487462705,2229340
2025-03-26,2205.241455078125,2238.576053510754,2197.239272084734,2230.8193391946506,1416907
2025-03-27,2203.965087890625,2219.920552767721,2160.124475668381,2203.5232921909783,3752627
2025-03-28,2217.90771484375,2254.3842632873084,2199.6938916027498,2206.2724040098356,2280152
2025-04-01,2193.361083984375,2243.240131281449,2179.7620223282347,2218.0551389367038,2495962
2025-04-02,2197.33740234375,2203.0323238244255,2150.3548394880845,2203.0323238244255,1351493
2025-04-03,2203.866943359375,2212.0654534146915,2180.3510918370066,2185.1130403837997,1310088
2025-04-04,2203.866943359375,2225.959124485599,2181.7256205542135,2189.580618287982,1120226
2025-04-07,2208.62890625,2220.6079696442002,2111.0306546602815,2111.0306546602815,3435185
2025-04-08,2247.756591796875,2264.399319536186,2211.5255123036677,2227.18636537145,2774874
2025-04-09,2307.40576171875,2311.480446220256,2248.002336789395,2252.3716316716723,2989089
2025-04-11,2323.262939453125,2351.442937710442,2301.858260794508,2351.1974690128386,3836083
2025-04-15,2318.697265625,2356.4994442091893,2302.692658956642,2356.4994442091893,3042779
2025-04-16,2323.704833984375,2332.934360568433,2308.3874922964587,2308.3874922964587,1131979
2025-04-17,2331.952392578125,2336.763482680823,2300.630685801908,2314.3769314844735,1962402
2025-04-21,2308.387451171875,2329.3994741521456,2306.2273747455256,2325.177604656988,1478430
2025-04-22,2355.222900390625,2362.3906339646264,2312.413305383334,2327.043143182113,2352346
2025-04-23,2379.867919921875,2393.810492567148,2350.0187855371846,2366.3180012661305,2226066
2025-04-24,2283.153564453125,2442.31532877599,2275.102238880822,2379.8682341199365,7065430
2025-04-25,2289.92822265625,2299.4523596993467,2252.8133095091957,2289.633612290894,2859858
2025-04-28,2276.57470703125,2306.423601129874,2273.0398623310593,2302.4961024476606,1555660
2025-04-29,2279.618408203125,2290.22270274414,2270.6834923989963,2285.8042666616752,1896387
2025-04-30,2299.64892578125,2309.8603271969996,2274.0218991661004,2277.949398128391,2083807
2025-05-02,2276.57470703125,2302.4961024476606,2268.1304889782928,2291.7937644248273,1424284
2025-05-05,2306.03125,2312.21686946445,2277.0659434146482,2281.9753174121656,2074103
2025-05-06,2338.629150390625,2346.778758141565,2297.7830679976596,2297.7830679976596,1888125
2025-05-07,2327.82861328125,2343.6366523024376,2312.609555257485,2326.06119085797,1610400
2025-05-08,2312.216796875,2328.9086679425363,2298.5688334765755,2318.8935932451186,2323073
2025-05-09,2290.615478515625,2300.2378988832365,2260.57025538677,2287.768137663965,1805685
2025-05-12,2339.316650390625,2343.7350868761478,2303.5765044828277,2317.2244679630116,1274873
2025-05-13,2317.224609375,2354.5358530852754,2310.155158509844,2332.5419526791165,1929665
2025-05-14,2307.896728515625,2327.0432872078413,2296.1142308588765,2327.0432872078413,1568111
2025-05-15,2312.51123046875,2326.9447405218516,2297.586783068839,2308.976625401022,3236681
2025-05-16,2338.236572265625,2343.735167077532,2306.423924367458,2317.2245472572163,1473000
2025-05-19,2339.512939453125,2361.408794513757,2331.95255175475,2331.95255175475,936655
2025-05-20,2298.6669921875,2351.1972894631904,2296.1140220411703,2351.1972894631904,1617408
2025-05-21,2321.053466796875,2332.6396359970754,2302.496131178057,2303.478005860862,1570754
2025-05-22,2288.45556640625,2320.268454005645,2271.174713619723,2312.3151721769136,2423653
2025-05-23,2316.43896484375,2321.642949192319,2287.3756147859463,2294.5431090059574,844118
2025-05-26,2350.706298828125,2353.8482499032,2321.250058032729,2325.07927344993,892618
2025-05-27,2337.058349609375,2365.8273291751543,2317.5191369873537,2350.706553150472,1865258
2025-05-28,2319.18798828125,2344.716729896539,2309.3692415061387,2344.716729896539,897517
2025-05-29,2323.802978515625,2332.9344618523432,2312.8060289954524,2326.0613384377953,1111275
2025-05-30,2305.736328125,2331.8540504341177,2301.0232817809842,2317.224213784136,3288892
2025-06-02,2328.6142578125,2340.789408851528,2301.121764755519,2305.343634416857,1178205
2025-06-03,2309.6640625,2336.3710082209473,2300.139925202615,2322.2321074614806,1643913
2025-06-04,2321.642822265625,2324.686729845221,2299.6489239802295,2316.733448566607,3287896
2025-06-05,2333.3271484375,2336.861993557662,2306.3255917892498,2321.642934355921,1787978
2025-06-06,2346.484130859375,2353.0626431956043,2327.141247831911,2330.283198828193,997488
2025-06-09,2349.82275390625,2355.517675763248,2335.1929150826363,2350.608301699548,1293622
2025-06-10,2351.786376953125,2356.695750752591,2335.2908330438154,2350.0189544422137,1778782
2025-06-11,2333.3271484375,2359.346830298541,2328.319730852048,2351.7864423801357,1977707
2025-06-12,2290.419189453125,2344.7169112625684,2281.9752104026784,2343.6367531475557,3339584
2025-06-13,2276.967529296875,2282.760494395082,2260.2756586638234,2263.221282893185,1740682
2025-06-16,2285.215087890625,2294.248526930686,2271.1744714100378,2277.94931097458,1105297
2025-06-17,2286.3935546875,2290.8119909000766,2271.1744966219585,2277.949336261707,1119284
2025-06-18,2255.660888671875,2289.1426734843863,2244.0747187940665,2285.5097848886408,2056563
2025-06-19,2252.616943359375,2265.9705354890243,2248.7877278228257,2258.410148058999,1214549
2025-06-20,2264.3994140625,2271.0762100507136,2250.849495086671,2253.402465225416,2685864
2025-06-23,2257.35498046875,2268.169866753373,2241.082750343553,2265.590049100476,842856
2025-06-24,2245.44873046875,2283.053027199062,2242.6705210148793,2277.099825042089,2440747
2025-06-25,2260.9267578125,2272.6347697099336,2253.683647230803,2261.2244663474958,1047270
2025-06-26,2263.010498046875,2273.130892683563,2253.8823037125367,2271.0471751540676,1874722
2025-06-27,2288.90673828125,2292.4787561982344,2261.5221557844948,2263.0104562105053,1050745
2025-06-30,2276.702880859375,2298.928070446473,2270.1542620550413,2291.8833514974594,1403754
2025-07-01,2277.595703125,2284.6404218850275,2268.7652176811503,2282.060604307341,759914
2025-07-02,2289.10546875,2290.9905524746237,2269.7575623951902,2277.099747912196,1128034
2025-07-03,2295.356201171875,2308.750905945756,2286.029614742405,2291.9828168641297,1060039
2025-07-04,2321.05419921875,2323.1376744970185,2292.2803906553454,2299.920284481797,1242346
2025-07-07,2391.599609375,2396.858319639088,2322.7410024796927,2322.7410024796927,2701583
2025-07-08,2374.03759765625,2399.6364137173014,2367.3899041263103,2386.6384929568344,1471046
2025-07-09,2404.498046875,2420.670959786851,2378.4033734605428,2380.2884570863953,1741690
2025-07-10,2389.615234375,2415.0156603181044,2378.8996643467794,2404.4982396768783,1053695
2025-07-11,2499.947998046875,2510.2667843766285,2441.8049629845386,2480.50077507572,7242235
2025-07-14,2496.971435546875,2512.7473238245966,2470.5788099993074,2480.5008132523167,2427712
2025-07-15,2507.19091796875,2510.167518959921,2490.422829279717,2501.0393243676117,1700294
2025-07-16,2497.963623046875,2513.144094156912,2487.9423029182253,2506.5957173853917,1284379
2025-07-17,2490.224365234375,2505.702544596446,2486.652347254296,2493.3993577519996,807474
2025-07-18,2470.181884765625,2495.2843577635995,2462.144965698126,2495.2843577635995,771112
2025-07-21,2445.674560546875,2474.150904552474,2436.2486571651175,2471.471769802211,1169960
2025-07-22,2460.359130859375,2465.6178411005535,2433.470647028656,2450.734836023488,861632
2025-07-23,2431.28759765625,2467.6022267172193,2422.953211758524,2461.6490247227266,1320795
2025-07-24,2418.785888671875,2446.7658880933027,2402.1168755368553,2436.744568380519,693984
2025-07-25,2396.560546875,2409.657784838074,2386.638543712917,2407.1772840475533,769388
2025-07-28,2422.556396484375,2429.204090176368,2393.4848786817606,2396.5605543297306,987995
2025-07-29,2434.462890625,2438.3323751192297,2410.7491567723273,2425.7314790440246,732282
2025-07-30,2418.388916015625,2433.768020676373,2379.7924212132107,2422.9531342933756,1224146
2025-07-31,2501.535400390625,2529.1186177565537,2401.224093298107,2401.224093298107,5505507
2025-08-01,2533.781982421875,2706.2264515000306,2517.112968113841,2530.110889578397,4259653
2025-08-04,2523.85986328125,2563.0517752650835,2515.327086013953,2527.1341727297113,1293028
2025-08-05,2514.93017578125,2533.0874906124764,2497.6659866058358,2517.7083852053106,756361
2025-08-06,2515.8232421875,2543.1087511382634,2506.893439258159,2518.898917854651,885487
2025-08-07,2497.8642578125,2524.1575657894737,2475.539751039598,2515.922254843745,847151
2025-08-08,2479.11181640625,2510.16749263262,2467.2054125664436,2496.3760050794067,839794
2025-08-11,2498.757080078125,2504.8095986608714,2459.168385930271,2470.678006035155,992436
2025-08-12,2464.42724609375,2516.815472347512,2460.7561532932295,2498.3604491802103,1406211
2025-08-13,2475.63916015625,2481.9891454246754,2454.108219033236,2465.6178398482184,969803
2025-08-14,2461.252197265625,2489.430589305409,2453.909769595819,2479.4092692334916,1104362
2025-08-18,2548.06982421875,2576.744317534717,2501.6347992367637,2519.1966970429903,3089136
2025-08-19,2584.4833984375,2594.603793083701,2538.445159023351,2552.13757165593,1400717
2025-08-20,2648.9765625,2659.096957697686,2568.3106250001715,2578.7287287523454,3156954
2025-08-21,2627.346435546875,2646.2975584682295,2606.807937462502,2646.2975584682295,2235686
2025-08-22,2609.387451171875,2637.76447641911,2598.5725648830726,2626.3541730605166,1223445
2025-08-25,2611.074462890625,2622.385449660888,2594.8022322765755,2622.385449660888,667598
2025-08-26,2671.5986328125,2683.901819675416,2604.1290122069813,2604.1290122069813,4348648
2025-08-28,2633.696533203125,2726.5665836002318,2626.1559558246827,2726.5665836002318,3198743
2025-08-29,2639.054443359375,2701.7614547505946,2620.797812241766,2644.0154449288766,1972773
2025-09-01,2628.834716796875,2652.4491325813005,2618.714322099665,2639.054428419475,1096729
2025-09-02,2656.120361328125,2671.400149963799,2624.469266767194,2628.338751273143,1525106
2025-09-03,2643.916015625,2665.9428132100716,2637.5660307805015,2660.0889285014373,1010692
2025-09-04,2645.801513671875,2728.5509248247226,2634.787993044382,2728.5509248247226,2494678
2025-09-05,2612.860107421875,2652.0520182863465,2603.335130123233,2646.793550617698,944879
2025-09-08,2603.434326171875,2623.9730666119685,2598.3742498750744,2609.486845026385,903410
2025-09-09,2621.393310546875,2625.560503547093,2590.9328084136164,2616.4323088236597,1610956
2025-09-10,2622.881591796875,2632.2081780734443,2598.5726835316877,2621.393291290843,1031486
2025-09-11,2601.54931640625,2636.9708204363524,2593.6117136101975,2623.1793324727764,1212707
2025-09-12,2560.372802734375,2608.395199020342,2548.9624996026387,2604.5257148528326,1368380
2025-09-15,2560.868896484375,2573.1720829359647,2548.3670761897,2560.37279634945,752745
2025-09-16,2560.769775390625,2569.7988954313,2552.534706310226,2568.01288636171,1040928
2025-09-17,2549.656982421875,2570.8902135171456,2546.4819900088273,2566.8220955202946,970247
2025-09-18,2566.623779296875,2589.5434608386845,2550.847649216938,2550.847649216938,1550153
2025-09-19,2539.635986328125,2584.384074543658,2534.8733764379313,2579.7207815780857,2214708
2025-09-22,2552.1376953125,2567.0207005828506,2540.231291096219,2548.962702635441,1174161
2025-09-23,2502.527587890625,2555.2135215505277,2498.558786627699,2548.8632941880032,1430474
2025-09-24,2529.61474609375,2555.9080548882134,2490.4228329850216,2502.5276285865116,1882881
2025-09-25,2518.502197265625,2547.474399043097,2512.0528949895665,2526.142091514596,1624258
2025-09-26,2492.208740234375,2525.54652468155,2479.905311279923,2515.2277385461766,885612
2025-09-29,2478.4169921875,2497.7648977229896,2423.945293497526,2475.5397082588324,2403556
2025-09-30,2494.788330078125,2506.5956589551924,2472.1663570938695,2478.4170251763394,1678088
2025-10-01,2516.41845703125,2530.110870187784,2478.4171355140884,2495.780641485965,1483899
2025-10-03,2525.050537109375,2528.721872140129,2488.7361501691885,2516.4184426371576,1242611
2025-10-06,2521.974853515625,2529.714064556161,2500.5432294397424,2515.4262344267695,818923
2025-10-07,2497.566650390625,2539.4374563414676,2488.736164248618,2520.188866616989,1291750
2025-10-08,2480.60009765625,2505.305788537764,2466.7092932841597,2491.414984165673,1225128
2025-10-09,2497.963623046875,2503.3214078814285,2478.814108419605,2481.493000836882,1259173
2025-10-10,2509.17529296875,2515.12849489021,2486.9501026898624,2490.422803810714,1018875
2025-10-13,2473.35693359375,2511.854353327809,2466.0145060992772,2499.5509243788547,1114750
2025-10-14,2482.782958984375,2489.6290444351353,2462.9389521863327,2473.555447376003,1461017
2025-10-15,2499.3525390625,2512.0527512652384,2483.0805511453786,2483.0805511453786,881070
2025-10-16,2541.52099609375,2548.466397996017,2487.545398204978,2498.1618926654496,1446646
2025-10-17,2583.391845703125,2594.603757423401,2540.0327414928897,2545.4898430859407,2050690
2025-10-20,2574.164306640625,2604.228023538072,2565.4331379755677,2588.6505276068815,1011485
2025-10-21,2571.485595703125,2586.3686009360827,2564.9372187424715,2573.7677049527942,82020
2025-10-23,2581.308349609375,2646.396542743126,2575.8512480603545,2580.7129325458322,3386744
2025-10-24,2496.772705078125,2563.845541367595,2455.1996099512826,2563.845541367595,3110800
2025-10-27,2492.208740234375,2505.3057356327795,2486.453930097325,2496.7727162326983,2127832
2025-10-28,2477.62353515625,2506.298027731777,2462.541896386315,2499.3526254379835,2294976
2025-10-29,2468.693603515625,2493.994710552656,2464.6254854896224,2493.002510276694,1870143
2025-10-30,2450.337890625,2477.5240812054235,2435.752352825584,2471.5708795685664,1195631
2025-10-31,2446.269775390625,2460.160579225737,2433.7679550444664,2449.742476349403,1401937
2025-11-03,2440.812744140625,2455.5964317532575,2421.2664466287306,2436.943259855451,1049185
2025-11-04,2426.624267578125,2444.0870900572017,2422.2586830765586,2440.812780562824,1251588
2025-11-06,2417.0,2444.682292267998,2413.6266157779787,2444.682292267998,1329256
2025-11-07,2414.0,2425.0,2400.60009765625,2417.0,817896
2025-11-10,2408.800048828125,2429.300048828125,2404.0,2405.0,780558
2025-11-11,2427.5,2433.699951171875,2403.10009765625,2422.199951171875,1422399
2025-11-12,2424.5,2434.800048828125,2416.199951171875,2430.60009765625,1680827
2025-11-13,2407.60009765625,2431.0,2405.0,2429.0,1256059
2025-11-14,2427.699951171875,2430.199951171875,2392.0,2405.10009765625,975973
2025-11-17,2425.0,2438.39990234375,2416.0,2431.39990234375,920038
2025-11-18,2404.0,2422.89990234375,2401.89990234375,2415.800048828125,1229034
2025-11-19,2441.60009765625,2450.699951171875,2411.0,2412.0,1465143
2025-11-20,2428.39990234375,2459.0,2425.0,2445.10009765625,1396929
2025-11-21,2433.699951171875,2443.199951171875,2413.0,2436.199951171875,1840712
2025-11-24,2424.199951171875,2444.89990234375,2413.0,2441.89990234375,4092327
2025-11-25,2414.10009765625,2424.199951171875,2406.0,2422.0,1240672
2025-11-26,2425.199951171875,2427.699951171875,2409.0,2412.0,1242683
2025-11-27,2451.699951171875,2459.699951171875,2425.0,2426.10009765625,1872248
2025-11-28,2466.60009765625,2470.0,2447.199951171875,2450.0,973225
2025-12-01,2464.5,2488.0,2458.800048828125,2466.60009765625,1924828
2025-12-02,2477.800048828125,2484.39990234375,2460.0,2471.0,2179406
2025-12-03,2448.0,2484.89990234375,2403.10009765625,2478.199951171875,3535932
2025-12-04,2462.199951171875,2483.0,2423.199951171875,2440.0,2587753
2025-12-05,2338.60009765625,2422.0,2286.699951171875,2422.0,4008271
2025-12-08,2314.0,2355.10009765625,2302.0,2350.10009765625,1898154
2025-12-09,2306.5,2330.39990234375,2298.10009765625,2318.0,1471488
2025-12-10,2301.699951171875,2316.89990234375,2295.0,2306.5,2857290
2025-12-11,2305.60009765625,2313.0,2292.0,2296.300048828125,1108032
2025-12-12,2260.60009765625,2309.0,2244.699951171875,2306.89990234375,3203114
2025-12-15,2293.5,2299.0,2252.0,2260.60009765625,1274115
2025-12-16,2281.10009765625,2302.699951171875,2276.0,2293.39990234375,1256042
2025-12-17,2275.60009765625,2286.199951171875,2268.300048828125,2281.199951171875,808100
2025-12-18,2265.5,2278.300048828125,2255.300048828125,2270.0,1057295
2025-12-19,2280.0,2284.800048828125,2263.699951171875,2263.699951171875,1237214
2025-12-22,2289.5,2295.0,2280.0,2280.0,790773
2025-12-23,2302.60009765625,2310.0,2280.699951171875,2289.300048828125,1128801
2025-12-24,2282.199951171875,2305.0,2278.10009765625,2302.60009765625,519380
2025-12-26,2285.39990234375,2290.0,2275.0,2282.300048828125,533626
2025-12-29,2293.300048828125,2298.699951171875,2280.0,2288.89990234375,1086695
2025-12-30,2290.199951171875,2298.0,2283.0,2293.300048828125,1556717
2025-12-31,2315.89990234375,2325.5,2286.800048828125,2290.0,1324220
2026-01-01,2323.0,2326.0,2300.0,2322.0,758866
2026-01-02,2348.0,2357.699951171875,2322.0,2326.0,973413
2026-01-05,2384.10009765625,2394.0,2336.39990234375,2341.5,1344113
2026-01-06,2424.699951171875,2428.10009765625,2367.800048828125,2398.800048828125,1584720
2026-01-07,2399.39990234375,2421.89990234375,2382.0,2416.0,892690
2026-01-08,2386.699951171875,2418.10009765625,2368.10009765625,2389.0,1163828
2026-01-09,2372.60009765625,2386.0,2361.0,2382.0,1189464
2026-01-12,2406.199951171875,2413.89990234375,2361.0,2362.0,1057665
2026-01-13,2389.5,2422.199951171875,2365.0,2415.10009765625,1519683
2026-01-14,2353.5,2398.89990234375,2341.0,2398.89990234375,1027639
2026-01-15,2353.5,2353.5,2353.5,2353.5,0
2026-01-16,2360.39990234375,2372.89990234375,2348.89990234375,2370.0,1367606
2026-01-19,2413.89990234375,2425.39990234375,2353.0,2353.0,1505238
2026-01-20,2379.10009765625,2439.0,2368.5,2423.0,1460806
2026-01-21,2368.0,2400.5,2360.0,2379.10009765625,1020245
2026-01-22,2390.60009765625,2402.0,2365.699951171875,2368.89990234375,1745964
2026-01-23,2409.5,2434.300048828125,2376.800048828125,2400.0,1378097
2026-01-27,2400.89990234375,2421.60009765625,2380.5,2412.0,2060117
2026-01-28,2378.39990234375,2420.199951171875,2340.60009765625,2403.10009765625,1797593
2026-01-29,2352.60009765625,2374.699951171875,2312.0,2370.5,1478536
2026-01-30,2373.0,2385.0,2340.0,2341.0,2090462
2026-02-02,2357.300048828125,2360.0,2303.0,2356.10009765625,1375089
2026-02-03,2368.60009765625,2399.89990234375,2343.300048828125,2390.0,1553270
2026-02-04,2371.0,2393.5,2356.800048828125,2360.60009765625,1232755
2026-02-05,2354.39990234375,2423.0,2351.60009765625,2362.5,1962066
2026-02-06,2424.199951171875,2429.0,2337.5,2354.39990234375,1421995
2026-02-09,2435.0,2439.0,2402.0,2425.0,958484
2026-02-10,2453.60009765625,2458.10009765625,2430.10009765625,2435.0,792532
2026-02-11,2462.89990234375,2470.60009765625,2447.0,2460.0,1137856
2026-02-12,2409.699951171875,2479.60009765625,2350.10009765625,2475.0,4656164
2026-02-13,2305.199951171875,2400.0,2300.300048828125,2400.0,2791519
2026-02-16,2319.0,2327.0,2288.10009765625,2308.10009765625,2036833
2026-02-17,2312.300048828125,2326.0,2303.39990234375,2309.300048828125,1233244
2026-02-18,2323.5,2328.89990234375,2306.0,2312.60009765625,830787
2026-02-19,2279.300048828125,2337.39990234375,2275.60009765625,2336.0,940180
2026-02-20,2314.5,2331.199951171875,2278.300048828125,2285.0,1716316
2026-02-23,2345.39990234375,2350.0,2320.800048828125,2325.0,1300035
2026-02-24,2358.60009765625,2372.0,2330.300048828125,2331.10009765625,1544803
2026-02-25,2374.89990234375,2380.0,2349.0,2368.89990234375,1158620
2026-02-26,2383.300048828125,2387.300048828125,2355.199951171875,2378.0,1470677
2026-02-27,2338.10009765625,2378.89990234375,2330.60009765625,2369.300048828125,3053227
2026-03-02,2320.60009765625,2354.0,2290.199951171875,2303.0,2273224
2026-03-04,2261.300048828125,2311.60009765625,2252.10009765625,2292.89990234375,2648737
2026-03-05,2255.0,2277.800048828125,2228.39990234375,2275.5,1751288
2026-03-06,2225.699951171875,2250.0,2219.5,2245.10009765625,1674258
2026-03-09,2194.60009765625,2200.0,2170.39990234375,2199.0,1512817
2026-03-10,2190.199951171875,2224.0,2175.0,2224.0,1084986
2026-03-11,2161.39990234375,2195.0,2156.0,2190.199951171875,1313256
2026-03-12,2136.89990234375,2165.10009765625,2109.300048828125,2165.10009765625,1791973
2026-03-13,2160.0,2191.89990234375,2120.300048828125,2136.0,2298875
2026-03-16,2175.699951171875,2186.699951171875,2154.0,2169.60009765625,1981511
2026-03-17,2158.199951171875,2184.800048828125,2145.5,2172.800048828125,1705956
2026-03-18,2135.300048828125,2175.0,2129.699951171875,2165.0,2441148
2026-03-19,2077.300048828125,2133.60009765625,2070.10009765625,2112.0,2098905
2026-03-20,2082.699951171875,2099.800048828125,2069.0,2099.699951171875,2429744
2026-03-23,2052.199951171875,2097.0,2033.300048828125,2062.300048828125,2599535
2026-03-24,2085.0,2115.0,2066.0,2070.0,1702418
2026-03-25,2134.800048828125,2154.699951171875,2086.0,2098.0,2069217
2026-03-27,2074.39990234375,2127.0,2069.5,2123.300048828125,2789151
2026-03-30,2055.199951171875,2082.39990234375,2046.199951171875,2064.0,2482193
2026-04-01,2064.699951171875,2119.89990234375,2052.0,2119.89990234375,2028470
2026-04-02,2065.300048828125,2069.89990234375,2022.5,2055.0,1431905
2026-04-06,2084.800048828125,2092.800048828125,2041.9000244140625,2065.300048828125,1661298
2026-04-07,2110.60009765625,2119.5,2050.800048828125,2064.699951171875,2709707
2026-04-08,2145.60009765625,2192.800048828125,2130.0,2130.0,3794437
2026-04-09,2133.199951171875,2162.89990234375,2115.0,2145.5,2506245
2026-04-10,2155.300048828125,2170.0,2121.39990234375,2133.199951171875,2144484
2026-04-13,2127.199951171875,2140.699951171875,2113.5,2131.0,1994541
2026-04-15,2157.60009765625,2168.0,2140.89990234375,2140.89990234375,1552971
2026-04-16,2139.10009765625,2163.699951171875,2129.10009765625,2158.0,1845734
2026-04-17,2240.800048828125,2245.0,2133.0,2142.0,4882697
2026-04-20,2231.5,2253.39990234375,2223.199951171875,2240.800048828125,1460822
2026-04-21,2310.699951171875,2335.699951171875,2227.199951171875,2238.699951171875,3217281
2026-04-22,2368.800048828125,2408.0,2310.39990234375,2310.39990234375,5558325
2026-04-23,2366.39990234375,2400.0,2336.0,2336.0,2063531
2026-04-24,2327.300048828125,2388.60009765625,2299.0,2388.60009765625,1676706
2026-04-27,2328.300048828125,2362.800048828125,2325.0,2334.89990234375,1099681
2026-04-28,2289.5,2334.39990234375,2281.10009765625,2321.0,1629120
2026-04-29,2314.39990234375,2349.699951171875,2291.0,2305.0,1778765
2026-04-30,2250.89990234375,2368.800048828125,2211.60009765625,2312.0,4434979
2026-05-01,2250.89990234375,2250.89990234375,2250.89990234375,2250.89990234375,0
2026-05-04,2309.300048828125,2365.800048828125,2268.800048828125,2268.800048828125,2554255
2026-05-05,2327.39990234375,2335.39990234375,2288.10009765625,2301.5,1741424
2026-05-06,2317.10009765625,2339.39990234375,2288.300048828125,2330.0,1196175
2026-05-07,2272.199951171875,2327.89990234375,2268.10009765625,2310.0,1859012
2026-05-08,2287.699951171875,2297.300048828125,2256.0,2272.199951171875,1104526
2026-05-11,2307.199951171875,2317.10009765625,2259.199951171875,2277.10009765625,1903862
2026-05-12,2262.0,2307.0,2256.0,2285.300048828125,983506
2026-05-13,2267.300048828125,2295.800048828125,2250.0,2265.0,1308559
2026-05-14,2248.699951171875,2285.89990234375,2245.0,2268.0,1380764
2026-05-15,2272.199951171875,2298.89990234375,2246.199951171875,2248.699951171875,1038522
2026-05-18,2254.199951171875,2265.0,2224.699951171875,2263.10009765625,1118204
2026-05-19,2232.89990234375,2282.0,2229.5,2242.0,1145022
2026-05-20,2209.300048828125,2226.89990234375,2201.0,2224.89990234375,1071994
2026-05-21,2179.0,2229.0,2176.0,2224.0,1581812
2026-05-22,2203.60009765625,2224.5,2175.39990234375,2180.0,1382855
