Date,Close,High,Low,Open,Volume
2021-05-24,166.26271057128906,166.6950711491929,163.3147907453518,164.69048915553992,29977506
2021-05-25,165.79103088378906,167.75631056623115,165.28005368180322,167.441868806741,26310600
2021-05-26,165.55520629882812,167.00952135024505,165.31938118928798,166.498544108249,18253046
2021-05-27,165.98757934570312,168.34591781801896,165.31939361850192,165.86966055352417,49385674
2021-05-28,167.36326599121094,167.83492866948632,166.3020218508196,167.04882420569402,26583388
2021-05-31,170.27186584472656,171.29380776933607,168.54241129105793,169.01408637709733,75852502
2021-06-01,169.21063232421875,172.47300643612786,168.42452783593546,171.37244769544404,40247686
2021-06-02,164.2974090576172,167.00950341125213,163.98296730728094,165.4765843070062,100377464
2021-06-03,164.33673095703125,165.6731146841739,164.06157884184444,165.6731146841739,48454441
2021-06-04,164.10089111328125,164.84769340751643,163.51130969903846,164.69047252752407,31286264
2021-06-07,166.22341918945312,166.9702216072871,165.24077918405564,165.3980000900687,32643869
2021-06-08,167.9528350830078,168.42451018362948,166.0268699457557,166.81297435164862,22080199
2021-06-09,167.04881286621094,168.81755713249416,166.26269599869443,168.22797571039973,25846432
2021-06-10,169.29049682617188,170.98906638458726,167.83458372389148,168.8051839139019,31902690
2021-06-11,168.15811157226562,170.22065292956617,168.0367833482013,170.09933752276615,22249404
2021-06-14,167.6728057861328,168.60296744352516,165.97423634157573,168.19854431616434,18358717
2021-06-15,167.47059631347656,168.56253753104377,167.43015784386725,167.8750194613631,15426377
2021-06-16,168.11767578125,169.33093240669035,167.47059618168782,167.47059618168782,20878518
2021-06-17,166.33822631835938,168.23901394245323,165.81248773101163,167.3897291275854,22304032
2021-06-18,165.44850158691406,166.98530449810372,163.79038326088707,166.62131980179623,24475206
2021-06-21,165.36761474609375,166.62130982916455,163.7094837020442,164.27567353979143,19809308
2021-06-22,165.89334106445312,166.82351550813178,165.2867128022464,166.70218729223774,18737552
2021-06-23,164.9632110595703,166.500014060043,164.68011610730602,166.33823452966402,13059519
2021-06-24,164.39698791503906,165.5293674951364,163.8307981249904,165.36760081473153,23299321
2021-06-25,165.8529052734375,166.2977668607156,164.80141541416782,165.0036205657438,14411660
2021-06-28,164.68008422851562,166.54042029509029,164.47786626332027,166.54042029509029,15190488
2021-06-29,164.43743896484375,166.05511870995298,164.3161107409393,164.68009541265263,13839294
2021-06-30,163.95213317871094,165.32715642814165,163.8308049590304,165.2462794931972,16556397
2021-07-01,164.1947784423828,164.84185801472717,163.50727321942588,164.11390150662976,10583793
2021-07-02,163.70947265625,164.76096250514976,163.58814443959548,164.43742913891344,13187847
2021-07-05,164.7205352783203,165.08451995312015,163.95214027676212,164.19478390936425,10642939
2021-07-06,163.79037475585938,164.84186468403908,163.58815677376725,164.39700306760673,11515716
2021-07-07,164.80142211914062,165.97424024397768,163.6286039943036,163.79037068559862,18568033
2021-07-08,163.3859405517578,165.40804333224568,163.22417386739042,164.59919709314508,21730892
2021-07-09,162.86019897460938,163.66904526218303,162.4962271172863,163.38595034325868,12289809
2021-07-12,162.6580047607422,163.8308229845877,162.53667652771244,163.38596134165545,13589278
2021-07-13,163.26461791992188,163.5477128315662,162.8601947865351,163.3859461416643,11247522
2021-07-14,165.08453369140625,165.93381851935203,163.14330756545436,163.26463580048454,21269167
2021-07-15,166.82350158691406,168.6433862216671,164.11388104893993,165.32713747210863,29963443
2021-07-16,168.15811157226562,169.57358615757553,167.59192173814168,167.99634487926798,30137464
2021-07-19,168.0367889404297,169.45226357284628,166.9044092344964,167.2683939188027,17099088
2021-07-20,167.26840209960938,169.29050515416927,166.94486868702347,168.40078186092538,24567907
2021-07-22,167.4301300048828,168.44118129785713,166.4999684549419,167.4301300048828,19016769
2021-07-23,171.79788208007812,172.76849498680951,167.02572011310522,167.43014322568192,46241640
2021-07-26,170.78683471679688,174.18397356147904,170.50373981307337,173.092032413613,49084040
2021-07-27,168.76473999023438,172.28320722143818,168.1985501557249,171.47436093863482,25378089
2021-07-28,169.1287078857422,169.85666434114893,167.7941103697773,168.4816283602345,15304399
2021-07-29,166.66177368164062,170.01846167475614,166.33822745191566,169.12873838185953,16204679
2021-07-30,165.7720184326172,167.51103916265964,165.4889363423467,166.70219290762893,15515733
2021-08-02,167.6728057861328,167.83457247362435,166.1764414966242,166.98528775134582,10046707
2021-08-03,169.77578735351562,170.58463361687345,166.98528953427999,167.8345742656265,19179805
2021-08-04,168.72430419921875,170.74640712105705,168.31988105139817,170.5846404253817,11421835
2021-08-05,174.10308837890625,175.3163577769582,167.34926179660232,168.72429788427505,48995450
2021-08-06,173.29428100585938,174.70974295733745,171.959683185463,174.22444281545347,24489836
2021-08-09,172.9302520751953,175.63987268015504,172.0405289672414,173.9008649280826,21142199
2021-08-10,169.73533630371094,173.45600833173563,168.68384649309982,173.09202369502617,18855165
2021-08-11,168.76473999023438,170.34198126961587,167.7941270143232,169.7353529661455,16012451
2021-08-12,168.96694946289062,173.25379865758592,168.52208787492475,170.05887779071102,28758718
2021-08-13,171.02951049804688,171.71702860160443,169.2096126515157,169.73536405140064,19576945
2021-08-16,170.5846405029297,172.48541519955947,170.26110711143198,170.9890636509341,11621038
2021-08-17,169.2095947265625,171.06993084762374,168.88606135349025,170.50374103611537,8161139
2021-08-18,169.00738525390625,171.06992647611568,168.52208520669916,169.53313658466152,11149120
2021-08-20,168.96694946289062,170.42286244482696,167.18749029376337,167.43014672984066,20168965
2021-08-23,166.8639678955078,170.01845050287187,166.62131144347535,169.4522606596391,10319044
2021-08-24,166.4191131591797,167.43016466143263,165.5698283592154,167.43016466143263,12971124
2021-08-25,166.94485473632812,168.1581113407725,166.62130853351388,166.94485473632812,10994627
2021-08-26,165.48895263671875,167.30883766383158,165.28673464441835,166.94486578531507,15407558
2021-08-27,166.54043579101562,167.30883080536913,165.73158948950118,165.81247924655847,10879860
2021-08-30,168.23899841308594,168.4007651032814,166.6213058766031,166.6213058766031,12550267
2021-08-31,170.9081573486328,171.15081377739654,167.6323468293755,168.27942636699106,26802390
2021-09-01,169.45225524902344,171.71701454964062,169.29048855858852,170.66551183591744,16867486
2021-09-02,169.65444946289062,171.06992393446035,169.04782120857885,169.04782120857885,14872714
2021-09-03,170.3419952392578,170.86774664792298,169.65447712421846,169.65447712421846,10622796
2021-09-06,169.29049682617188,170.8272996862522,169.08829165756924,170.66552017065237,11041632
2021-09-07,171.27212524414062,173.37510469691142,169.97797911271937,170.58460730804703,38933378
2021-09-08,170.86773681640625,172.2832114373175,169.61402889256135,171.67657030173794,17897021
2021-09-09,172.00010681152344,173.0111582241085,170.3015373622372,170.705960490724,19784972
2021-09-13,173.21336364746094,174.0222099056848,171.31258903962518,172.566296894693,16661794
2021-09-14,174.7906036376953,175.72077810977382,173.25380088488862,173.81999069817195,20377545
2021-09-15,174.70970153808594,175.68031440901208,174.14352458208054,175.5994374798383,21028598
2021-09-16,186.64013671875,188.98578586359022,174.95238073345806,175.47813211057587,154986538
2021-09-17,186.96368408203125,191.93805169133506,185.30555300075352,188.46003564837946,82563658
2021-09-20,189.06666564941406,193.5961844933477,186.23571637195556,186.84235751517153,73101936
2021-09-21,195.33518981933594,196.10358483372562,187.4085447697263,190.03727602387522,58854434
2021-09-22,196.95285034179688,198.81318639960207,194.6880911727708,196.95285034179688,54648494
2021-09-23,196.14401245117188,198.65142815689327,195.4969456995431,198.16611527590777,22630330
2021-09-24,192.86822509765625,197.3572925877382,192.26158396337655,197.3572925877382,25779310
2021-09-27,193.07041931152344,195.6182734791667,190.48212667631043,193.96014250164095,23772123
2021-09-28,192.302001953125,195.41603275599337,191.12917117477141,194.00055838320665,16319138
2021-09-29,192.58511352539062,195.2542830164171,190.64388769804088,190.8865441307755,16045073
2021-09-30,191.0078887939453,194.44545352827274,190.27993225032407,194.04104319524453,16987893
2021-10-01,190.36080932617188,191.69539418755454,188.37914486040498,190.2394810992708,16570661
2021-10-04,191.37185668945312,192.78733127749896,190.4012437123268,190.88655660952213,11098123
2021-10-05,189.83505249023438,192.05937334584604,189.67328579810587,191.21008859922316,9578825
2021-10-06,187.0445556640625,191.21008966571424,186.5188042987642,189.91594330420364,18179336
2021-10-07,188.4196014404297,190.03728127093544,187.89385004817768,188.46003991144445,10770973
2021-10-08,187.40850830078125,189.9159108400403,187.00408522870407,189.87547237801124,10114327
2021-10-11,192.54466247558594,193.71748053978823,187.40852863639878,187.65117225216454,22000303
2021-10-12,195.1733856201172,196.54842159539214,192.50421623366066,192.98951626285375,30347455
2021-10-13,201.56326293945312,202.9382862550941,194.2432462940476,196.184472267883,52091422
2021-10-14,207.50823974609375,211.79510194592942,202.4934210233864,204.83907010131895,88696178
2021-10-18,212.36131286621094,214.58562112441786,208.1553400033416,211.10760485671312,62614961
2021-10-19,198.93450927734375,212.36127161570184,198.2065528235824,211.43109720312384,61336411
2021-10-20,199.4602508544922,200.99705353274192,196.02267367411923,198.93451235142342,49663940
2021-10-21,197.9234619140625,200.8757262533177,196.62931565721811,200.5926313590935,23385990
2021-10-22,191.37185668945312,198.8132014853145,189.0262204105568,197.9234782634755,36905793
2021-10-25,188.7835693359375,191.41230060727338,186.43793299026947,189.3497591872732,23194065
2021-10-26,191.45272827148438,193.31306429386115,188.1364793302498,189.3497358235436,19663381
2021-10-27,192.86822509765625,195.17341013886056,191.04832732934642,194.32413818539825,26909428
2021-10-28,182.0701904296875,190.84612015074669,181.30178260678912,190.1586020839877,48064941
2021-10-29,180.5333709716797,184.61801489201832,179.80541450253753,181.98928390996403,27668175
2021-11-01,183.48562622070312,184.05181598167238,179.96717226376222,181.30175692150576,24090945
2021-11-02,182.47459411621094,185.4268714402308,181.58487091738763,184.41582002024722,14896284
2021-11-03,179.9267578125,183.48565070810776,179.32011668959925,182.79814546426087,18530527
2021-11-04,183.24301147460938,183.8496397948067,181.1804572417679,181.8679753193817,7295341
2021-11-08,185.87173461914062,186.59969113502424,182.5554854207232,185.79084486525838,21051238
2021-11-09,185.0224609375,186.76146898587723,184.29450437811568,185.91218419705137,11964518
2021-11-10,186.72100830078125,188.3386879272601,183.7687311264887,183.97094909058816,13948380
2021-11-11,186.03350830078125,187.24677775102472,184.86069013763114,186.35704169394035,8448263
2021-11-12,188.37911987304688,189.22840453143732,185.34596587190796,187.00409672417396,12312123
2021-11-15,192.58511352539062,193.3130700063309,188.54089518795593,189.2284132025283,40247848
2021-11-16,190.4416961669922,193.83882238187977,190.07771149186257,193.35352229897137,15241184
2021-11-17,193.7174835205078,198.36833019972576,190.60345239594648,190.88654729974874,48496295
2021-11-18,192.0998077392578,196.5484365388414,191.12919478981354,194.12191057386272,21005037
2021-11-22,186.76145935058594,194.72854262205456,185.66953097647607,192.42334483338854,23443628
2021-11-23,187.32763671875,188.21735987321105,185.34597244555545,185.34597244555545,13950744
2021-11-24,184.17315673828125,188.21736226802568,183.5665284722723,188.01515711844388,14684422
2021-11-25,187.0850067138672,187.8129632900906,182.59593902427855,183.60699053665914,24825493
2021-11-26,181.18043518066406,186.07392525100113,180.4524787216126,185.1437636489266,28067913
2021-11-29,179.15835571289062,180.8973637470813,178.10686576175002,179.56277886864154,22985358
2021-11-30,178.87527465820312,182.15108581139586,177.9451128633759,179.56279279457345,24408641
2021-12-01,179.48187255859375,180.61423926523247,178.43036996224947,179.5627494861509,13496307
2021-12-02,182.35328674316406,182.91946377140644,178.9965861398687,179.48189904588298,16517389
2021-12-03,179.27967834472656,182.95991228472909,179.0370347126625,181.98929930467966,14325920
2021-12-06,176.24652099609375,179.72453689667825,175.92298761400778,179.279675291994,13644352
2021-12-07,178.47085571289062,179.52234569505546,176.40830140288463,177.05538103463118,9246755
2021-12-08,181.94886779785156,182.51505765644038,178.75394663425175,178.75394663425175,10241656
2021-12-09,190.40122985839844,191.2505145494305,180.3716058820805,180.3716058820805,39714672
2021-12-10,190.96743774414062,193.27263560468322,189.0666630343934,191.04832750120553,36517117
2021-12-13,189.75416564941406,193.11085317473774,189.3901809981733,192.50422490660006,22903720
2021-12-14,184.901123046875,191.7762779397023,184.05183830242476,190.0777084508018,38953007
2021-12-15,181.2209014892578,187.81294863246143,180.69515012963606,186.03350221107112,35987634
2021-12-16,180.29074096679688,182.91947233412546,178.59217135076358,182.7981569192075,25131188
2021-12-17,176.28695678710938,180.25028551789234,175.31635665559287,180.20984705006182,30827201
2021-12-20,171.79788208007812,174.91192594792898,169.69490240230073,174.91192594792898,38778895
2021-12-21,171.8787841796875,174.2648589259914,170.70596604102772,173.09204078733163,20142586
2021-12-22,171.474365234375,173.2538117204035,170.74640868852111,173.09204502324314,17903428
2021-12-23,175.76123046875,176.69139219708129,172.44498107909934,173.01117093713225,23065082
2021-12-24,176.327392578125,178.30904395212266,175.07368483016754,176.327392578125,17220191
2021-12-27,175.9634246826172,176.6913811951516,174.42663472130235,176.6509427270286,8467106
2021-12-28,177.9855194091797,178.43038099002638,176.3274013018899,176.3274013018899,12014352
2021-12-29,175.31637573242188,178.18776360611523,174.95239103054868,177.94510713819977,11923119
2021-12-30,174.70970153808594,176.24650418228043,174.30529125769107,175.1950143821805,10116360
2021-12-31,176.36782836914062,176.9744565931545,174.8310257600112,175.4376668012877,7875890
2022-01-03,177.21713256835938,177.8237608593242,175.5590015679738,176.36784783410297,8064567
2022-01-04,178.14727783203125,179.32009583782062,177.17667778278255,177.54064959693508,9398805
2022-01-05,178.38995361328125,179.15834860664458,176.85315080929033,177.6619970887096,11663111
2022-01-06,176.8936004638672,178.26862374548108,176.48917732788752,177.13624409164368,9295303
2022-01-07,176.65093994140625,178.4708376026762,175.92298344035106,177.78331956910634,9196075
2022-01-10,180.61427307128906,181.74665280714103,177.05537997834304,177.86421349161938,16451394
2022-01-11,179.52232360839844,181.38265969705273,178.91569534013942,180.6547032116892,8329596
2022-01-12,180.16940307617188,180.89735961298143,179.2392413747403,179.96719791154985,13665682
2022-01-13,181.14002990722656,182.63639438193522,180.16941684488384,181.09959143466472,11944029
2022-01-14,180.048095703125,181.82754224646007,179.80543924093746,181.14002414843878,10976796
2022-01-17,181.665771484375,182.47460497814987,179.0370401993933,180.04809167956049,12792728
2022-01-18,178.55172729492188,183.84964115279135,178.18775542702093,181.66577149359125,14948456
2022-01-19,178.22816467285156,179.88628267623676,176.8935800139421,178.5516980173273,11915686
2022-01-20,176.9340362548828,179.68409559376028,176.327407968725,178.3899492685671,17997322
2022-01-21,175.5590057373047,178.34951644963698,174.70972098287874,176.73183669622463,17225050
2022-01-24,171.31259155273438,176.1251922531533,170.58463503655955,175.55900242754353,18023332
2022-01-25,173.33470153808594,173.6582349325195,169.4927008230772,171.47436529419593,19028606
2022-01-27,173.5773468017578,174.30530330093325,170.7463977398179,170.86772595922443,24041247
2022-01-28,176.0038604736328,177.3384580740327,173.98175765654287,173.98175765654287,15865353
2022-01-31,178.10684204101562,178.5517036079144,175.59943931692595,176.7318188753094,15618203
2022-02-01,184.21359252929688,185.06287721628016,177.25756116992534,178.75392539724683,44871108
2022-02-02,187.77252197265625,188.70269652761772,185.2246675858555,186.03351391040766,42714702
2022-02-03,189.63284301757812,190.2394713035828,187.4894119653995,187.77250687450356,28918394
2022-02-04,189.51153564453125,192.9086749274891,187.28722741206983,191.89762340050382,58889867
2022-02-07,186.1952667236328,189.87550056339333,184.82024345517462,189.2688722738599,25101983
2022-02-08,187.0445556640625,187.89384041542235,185.26510922345955,186.27616066785018,16825239
2022-02-09,186.15481567382812,188.46001327206346,185.0224361073598,187.8938234888293,12351873
2022-02-10,187.85337829589844,188.78353986803498,184.21358330052777,184.98199101726252,20317032
2022-02-11,188.0151824951172,188.7027006041123,185.87175122428854,187.65119779602617,18793513
2022-02-14,181.76356506347656,187.18872800755483,180.97671417850117,187.18872800755483,23621214
2022-02-15,184.70388793945312,185.11802474819638,181.01809265433658,183.04735382959683,13371177
2022-02-16,184.496826171875,186.1119506539419,183.75138511285317,185.36650959492007,11664158
2022-02-17,184.4140167236328,185.8220663006464,182.9231345243862,184.74532096232798,14564261
2022-02-18,183.79278564453125,185.07659262478543,183.4614683390345,184.41398426402407,9004891
2022-02-21,180.56256103515625,183.29584057369956,179.85852971457953,182.46758001283092,16750193
2022-02-22,177.95352172851562,179.65147895212988,176.42122975242555,178.07776410159943,26741024
2022-02-23,178.8646240234375,180.14844444350152,178.11918287229824,179.56865542315774,11438476
2022-02-24,172.69400024414062,176.669690308222,171.45160284135426,173.93641077204484,42933709
2022-02-25,177.2080841064453,179.3201651151258,174.3919717198317,175.17882259803994,24543858
2022-02-28,178.78179931640625,179.27875569432666,174.59903391638014,176.58688567829964,20806226
2022-03-02,178.3262481689453,179.40299352304177,175.96568246469477,177.58079393328015,20039140
2022-03-03,181.7221221923828,182.38473057999133,178.9059971696967,178.94742003775968,29631546
2022-03-04,186.7745819091797,188.3482836014619,179.7342946670046,180.31408364577752,69409780
2022-03-07,186.31903076171875,188.01697478310345,182.3019308817423,183.87563253568553,47001716
2022-03-08,187.93414306640625,189.21795015453642,185.32509289516338,185.449335254525,37424203
2022-03-09,189.88058471679688,191.66136136448705,187.27153436664327,188.59676441551395,43923809
2022-03-10,192.1583251953125,192.57246206267456,188.72101413393293,191.33006458570702,37523806
2022-03-11,195.76129150390625,196.3824902106581,190.62602348619623,192.07549588536253,43305144
2022-03-14,197.95619201660156,198.32890596620504,194.89159530543964,195.67844607413804,36465969
2022-03-15,197.0037078857422,199.94406271426962,195.3885832176057,197.95622403624276,34269168
2022-03-16,200.93797302246094,201.26927725556868,198.03902816997265,198.78446925702417,22462538
2022-03-17,202.8429718017578,203.2571086143605,201.02077245132944,203.132866258068,35541798
2022-03-21,202.5116729736328,205.2035559388632,201.9318971331737,203.67125090478717,29052540
2022-03-22,206.860107421875,207.68838119162825,201.724838924667,202.55311269442024,38368305
2022-03-23,208.72369384765625,210.13174335097898,205.82474909799515,208.2681341368943,42051087
2022-03-24,211.0842742919922,212.45091414538155,208.2681488363506,208.6822857048343,39712133
2022-03-25,209.84185791015625,211.8297095741102,206.44595668226,211.4569824651995,30412482
2022-03-28,212.9064483642578,213.69329918097034,209.17924301520128,210.3802306762796,25876007
2022-03-29,210.87718200683594,213.27915727195392,210.1731507006442,212.90644330845788,18820674
2022-03-30,206.40455627441406,212.3680852859041,205.94900964854295,211.29133990885595,18281803
2022-03-31,207.6055450439453,210.67014218991864,206.65304203748926,206.7358615379886,26644916
2022-04-01,209.80043029785156,211.49837420466366,206.07322515170057,207.0671377739294,14856664
2022-04-04,211.5812225341797,213.6104839242411,207.97825947947808,209.63479376468163,16520039
2022-04-05,214.89427185058594,216.8821233148181,211.29130911870095,212.07815988052118,28230046
2022-04-06,215.01852416992188,218.12453074221398,213.11350523056862,213.2791573394101,20352716
2022-04-07,212.5751495361328,217.17203843753802,211.87111819534724,213.69330460668098,16679649
2022-04-08,221.8103485107422,222.6800188366679,212.03676868596685,213.69330296766637,39283623
2022-04-11,221.56185913085938,226.24156739419217,220.31946172690434,222.5971946758612,47924937
2022-04-12,219.32553100585938,222.5143835038909,217.91748143706013,221.06489793653932,24460888
2022-04-13,223.2598114013672,224.1294817413057,218.3730279727989,219.73966779283754,22239115
2022-04-18,223.71534729003906,225.7031988649666,221.35479487312887,221.9759804432569,25339139
2022-04-19,216.63365173339844,225.7031999791827,214.35591879788058,225.28905001348414,24280577
2022-04-20,214.9771270751953,219.86391051151287,213.32059276417755,217.75182959309313,25454589
2022-04-21,215.68113708496094,219.03561512349427,215.01851555103826,215.10134816469747,24313956
2022-04-22,216.2609405517578,217.83464219108288,214.14884657510902,215.34983424069003,16274820
2022-04-25,211.4155731201172,214.52157986648876,209.13782696437372,214.35592774836314,25140992
2022-04-26,214.48016357421875,215.92962284487297,212.24382723496012,212.53372171411456,21327644
2022-04-27,213.2791748046875,214.10744854183915,211.82971545235006,212.20242944648524,17219401
2022-04-28,216.2609405517578,218.41443115034514,213.81754234842143,214.93571051988948,28999835
2022-04-29,214.9771270751953,217.83464908982896,214.10744360875935,217.83464908982896,21206335
2022-05-02,217.95887756347656,219.07704569906468,212.90644233070114,213.6932931251151,19696250
2022-05-04,215.14276123046875,220.36084846828265,214.19025834682608,218.66290455066658,26951488
2022-05-05,217.0478057861328,219.65685627608687,215.68116591644588,217.0063960363262,18623544
2022-05-06,220.8578338623047,221.43762283340286,214.43874543232315,214.52157805324498,35818441
2022-05-09,217.79322814941406,220.4437012860046,215.80538970336823,220.4437012860046,22228031
2022-05-10,215.14276123046875,220.98206026752487,214.60438204616457,217.0063703779609,18727774
2022-05-11,211.7468719482422,217.17203446004757,208.5166229144991,214.52157438749515,18012072
2022-05-12,209.46914672851562,212.36807851664443,206.3631399465158,211.20850055134554,20816708
2022-05-13,214.1902618408203,216.05385789359528,210.79436082507505,211.16707478558305,12380764
2022-05-16,210.46304321289062,215.30841656905153,209.5519500604742,215.30841656905153,8502159
2022-05-17,219.2427215576172,219.90533006151077,211.04285600866098,211.20850813463437,18483427
2022-05-18,220.98207092285156,221.81034461170077,217.95888377115804,220.3194624718665,20978307
2022-05-19,228.312255859375,231.29402035588168,217.5033529969788,217.5033529969788,81302807
2022-05-20,231.9152069091797,233.8616355693769,229.4303859332312,229.4303859332312,33617466
2022-05-23,227.3597412109375,232.28796086237807,226.15876657967587,231.91523373533641,22535903
2022-05-24,224.33656311035156,227.77387399376755,223.63253178479854,227.77387399376755,16146766
2022-05-25,225.8688201904297,226.8627590252989,224.04663399348055,226.075908281183,15877459
2022-05-26,226.28521728515625,227.60031278292823,223.86708295127815,227.60031278292823,19129574
2022-05-27,228.4063720703125,229.67906159476308,224.88523928841508,228.23666758492703,13986762
2022-05-30,228.2790985107422,229.93360294570672,227.04881495027382,229.50935518094212,12274291
2022-05-31,229.6366424560547,232.90321870483018,226.0306841065219,228.2791140530255,24102167
2022-06-01,230.65480041503906,232.56382124443414,229.2548123677556,229.636627289742,15265925
2022-06-02,232.05477905273438,232.8608149108009,227.2609429706342,229.6790774351043,14789457
2022-06-03,231.37594604492188,233.92135169858554,230.44263870565823,233.32742640175724,12968807
2022-06-06,233.15774536132812,234.00621399779703,228.8305902726855,231.12145290212473,11345943
2022-06-07,232.39413452148438,233.32744192283218,230.99417341946267,231.80020918514782,11245578
2022-06-08,227.30337524414062,232.81838147671667,225.86098113846478,232.43656652693122,14915091
2022-06-09,229.80633544921875,230.52753246108173,225.47916682317526,227.21852353148398,10239939
2022-06-10,229.21240234375,229.93359933127138,228.02455164551102,228.2790949223148,8693455
2022-06-13,224.54583740234375,228.32148624389362,223.14586291476857,226.03065067999432,11519902
2022-06-14,225.22462463378906,226.92154850603336,223.1883186761228,223.31557687430515,7708043
2022-06-15,223.4852752685547,226.7942706788968,223.1883125906239,225.6912856539169,5254329
2022-06-16,221.1944122314453,227.3033568168182,220.17626600482828,226.53972697915424,14843837
2022-06-17,223.40042114257812,224.1216181322031,219.37021532538816,219.7520302417075,17296080
2022-06-20,224.0791778564453,225.8185343490621,221.74589606831375,223.40040032794298,17738981
2022-06-21,229.0002899169922,229.80632569301108,224.07919613070356,224.84281250933563,14417711
2022-06-22,225.0973358154297,229.3396653400503,224.75795375590275,226.5397162909859,11756920
2022-06-23,225.26702880859375,226.751855583516,222.636797656635,225.26702880859375,9416459
2022-06-24,225.5640106201172,227.68518230352427,225.0125180830526,225.77613451102528,7283228
2022-06-27,229.04269409179688,229.63661943113874,226.1155002372789,226.5397210981227,8487729
2022-06-28,230.65480041503906,230.9941824933819,227.85485121074058,228.1518273357084,11673046
2022-06-29,232.52142333984375,233.32745916509273,228.36394567826173,228.44878447821705,16635367
2022-06-30,232.05477905273438,233.0729253644599,230.78206255023935,232.4365671132124,20003893
2022-07-01,241.26060485839844,241.81209740563946,230.10329403382167,232.05477470759297,36520000
2022-07-04,247.6664581298828,248.8543087844818,241.64236606449282,242.36356302551843,41417701
2022-07-05,243.4241485595703,248.59977216869018,242.44843519525284,248.59977216869018,19283789
2022-07-06,245.46047973632812,246.05440510824712,242.06663199262042,242.74539616330816,18997440
2022-07-07,247.70892333984375,248.72706965242884,244.78172916217488,246.90288748109674,14326277
2022-07-08,248.64224243164062,249.83009329679305,246.3938123576215,248.51497077535487,11538313
2022-07-11,250.29672241210938,251.95122689053898,247.79374927212905,248.599785089008,12828405
2022-07-12,248.34524536132812,250.59364811232405,246.81798577985177,248.59976173464094,14616684
2022-07-13,249.49070739746094,250.12703877897863,248.345289398512,248.59980581695626,9634877
2022-07-14,246.77561950683594,251.4421571218709,245.33322537481752,249.70281372810976,13930984
2022-07-15,249.06643676757812,249.44825169567102,245.63018308554888,247.75134127681747,11450042
2022-07-18,250.55126953125,251.3997382057762,249.23614711927485,250.2967262398652,11751684
2022-07-19,249.95733642578125,250.80580507409437,248.3452648171744,250.29671850705276,9542292
2022-07-20,253.01181030273438,254.11482227055723,249.1088759053645,250.21188787318735,16397373
2022-07-21,254.15719604492188,256.40562565100157,252.84207379718472,253.6905423657506,16660697
2022-07-22,255.0056610107422,256.6601652844774,252.92693590385053,254.5390073381638,10351425
2022-07-25,255.47232055664062,257.0419860778844,253.52086703288506,253.6905446139422,11050533
2022-07-26,256.61773681640625,257.72074864777426,254.92082656460886,255.38748024513643,10114261
2022-07-27,258.0601806640625,258.7813777445653,255.04814757751217,256.95716861912797,9706094
2022-07-28,257.4662170410156,258.95104383009493,256.575342479782,258.6965005582375,11256515
2022-07-29,257.1268310546875,259.5449652101947,255.68443712966686,258.781335406266,17584873
2022-08-01,260.90252685546875,262.00553886116097,257.1692968212344,257.93289983265936,16501510
2022-08-02,262.981201171875,268.66591081115354,261.496401394425,263.0236340104721,40483892
2022-08-03,261.4539794921875,263.7872747975873,257.6359112374964,263.7872747975873,18376724
2022-08-04,262.5994567871094,263.32065382141474,260.6055701764938,261.3267403205295,16514348
2022-08-05,263.744873046875,264.5509088770924,262.2600730322923,262.59945512447496,10477269
2022-08-08,265.6963195800781,266.375110636269,263.0661017145629,263.829704678658,8627072
2022-08-10,264.0417785644531,266.50234538324247,263.6599905803959,265.6962827962514,9267241
2022-08-11,259.8418884277344,265.9508186867937,259.0358527533119,265.56900382303644,11305242
2022-08-12,261.7933349609375,262.51453183243063,258.35708194772474,259.8418816365106,6669853
2022-08-16,263.4903259277344,264.2963617462434,261.7933886012013,261.7933886012013,8941455
2022-08-17,265.187255859375,265.78118121807273,263.8721335015251,264.46605886022286,8283028
2022-08-18,267.8174743652344,268.11445049047194,265.2296624865342,265.5690445651854,10264507
2022-08-19,264.7205810546875,268.2417000828232,264.04179006291065,268.2417000828232,10823811
2022-08-22,266.7568664550781,268.9628900632911,263.87210565318776,264.04178322904073,11793184
2022-08-23,268.02960205078125,268.11444084482474,264.80543208418464,265.52662905922335,9698555
2022-08-24,266.5023498535156,271.04161491238284,265.611448465153,267.9023108592485,11783894
2022-08-25,265.0176086425781,268.4538898968506,264.3812771930707,267.64785392664334,8057930
2022-08-26,265.48419189453125,267.6053499429559,264.72058898003723,267.053857455251,7224507
2022-08-29,266.0357360839844,267.2235599628373,262.04793599320465,263.0236763157559,11798961
2022-08-30,271.9325256347656,272.69612853216427,266.62960374215766,266.62960374215766,18516092
2022-09-01,269.47198486328125,273.12037590363923,268.11445651815694,271.08408338595274,13765474
2022-09-02,274.18096923828125,275.1143036368346,269.85381380076325,270.4053063583112,26750910
2022-09-05,279.0172119140625,279.6535701667409,274.6900564666612,275.7506356276114,18144801
2022-09-06,277.57476806640625,279.99287497851714,276.93840998939646,279.99287497851714,12431779
2022-09-07,276.68389892578125,278.5505136483378,275.9627019847451,276.59906013573766,8397233
2022-09-08,279.9081115722656,280.5020369739865,277.87179206775534,279.1444816742229,11331350
2022-09-09,280.4171447753906,282.7928190396403,279.9928970605042,280.5019835622618,9770432
2022-09-12,280.7565612792969,282.0292507996631,279.99293143291607,281.68986872025,9048240
2022-09-13,283.7261657714844,284.2352254054314,280.5019959352434,281.4353033027904,10925371
2022-09-14,284.5322265625,287.62909815011665,280.7989698733131,280.8414027174895,12739464
2022-09-15,283.47161865234375,285.9745915086481,282.45344561777057,285.4230721514989,8742900
2022-09-16,281.09588623046875,283.89580798428875,279.73833129844917,281.98676064658855,12973988
2022-09-19,284.7443542480469,285.8473662510156,279.2293480137439,279.2293480137439,14918717
2022-09-20,285.083740234375,288.13820609467956,284.2352715197858,287.41700903179225,9892945
2022-09-21,289.2835998535156,292.8895848660916,284.65949549309363,285.0837163697409,21800547
2022-09-22,292.7623291015625,295.9016336736952,289.2412095855803,289.32604838745686,25111230
2022-09-23,293.90771484375,296.58039226762116,291.27749715157046,294.84102223295355,23718397
2022-09-26,282.19891357421875,293.5258728325434,281.47771667821144,292.59256552953735,16829922
2022-09-27,284.1080322265625,288.09583295029523,283.38683508153446,284.23530389276,10375837
2022-09-28,275.7082214355469,282.79286635563835,275.1567020029426,281.64744842530143,16151900
2022-09-29,282.58074951171875,284.150415192397,278.08388980295234,279.1444689082173,18985406
2022-09-30,281.85955810546875,284.87161788294566,280.12021479186643,282.5807551382411,12906555
2022-10-03,275.24151611328125,282.5383246071473,274.26580276287336,282.4534589234243,9462192
2022-10-04,282.4110412597656,283.386754569709,278.29599692921727,278.8899222393101,9142294
2022-10-06,285.63519287109375,287.8836225498395,282.15650658489363,284.2352317883351,23091432
2022-10-07,283.47161865234375,285.80488703946384,281.0959174253611,285.7624541996013,10910698
2022-10-10,278.16876220703125,281.22322795270395,276.6415293341949,279.9929443291806,9750594
2022-10-11,276.8536376953125,280.3747571564123,275.8354645275837,279.14447354216315,11018577
2022-10-12,280.0777893066406,281.22323415422954,275.53852343376366,278.2536071442645,10735673
2022-10-13,278.8475036621094,281.09593338744793,278.29601116390967,279.95051554877637,7546587
2022-10-14,281.7746887207031,283.30192142131654,280.71410970943646,281.94439319422315,6672357
2022-10-17,281.9020080566406,284.02316643811577,279.6535780210553,280.92626767188614,7195922
2022-10-18,288.73211669921875,289.32604207994666,283.00500022741113,283.34438231778864,21691854
2022-10-19,293.8653259277344,294.79863337104103,288.30788722151016,291.10780955143014,16923690
2022-10-20,296.70770263671875,297.76828179838714,292.55022479370285,294.416839815796,19186222
2022-10-21,293.22894287109375,299.67725563027733,292.29563550688033,299.67725563027733,28426343
2022-10-24,295.0107421875,296.7076794697808,294.4168168277286,296.0713212663584,3292671
2022-10-25,293.8228759765625,296.53795935090176,291.5744462967065,296.495526509488,17906260
2022-10-27,293.398681640625,295.56224583319454,291.7441771396938,294.1198517779685,19273344
2022-10-28,293.398681640625,295.7743562788997,292.80475625848896,294.88348165083033,13572499
2022-10-31,295.8592224121094,297.38645526984885,292.50778055998325,295.2652970290846,14358449
2022-11-01,296.5379943847656,297.3864630814123,294.5865405837215,296.3258839331715,20422565
2022-11-02,300.9075622558594,302.2650905663757,295.6895056704918,295.6895056704918,17427813
2022-11-03,300.1015319824219,304.17414387918006,299.5076066130749,300.35607526789465,11149636
2022-11-04,300.01666259765625,302.05298196608305,299.08335515593325,300.35607156761785,8709851
2022-11-07,299.9317932128906,302.3499272582186,296.96216670558687,301.2044826045163,10437370
2022-11-09,306.040771484375,306.67712972446185,299.6772966445866,299.93183994062133,21404869
2022-11-10,302.052978515625,305.3619873676679,300.44090693293117,304.5983844196486,20071989
2022-11-11,302.3499450683594,306.2528791521114,300.90755112409437,305.44681649600983,11372654
2022-11-14,294.5865478515625,302.85904389971773,294.0774612429606,302.34998418138673,18319254
2022-11-15,292.9320373535156,296.0713419659214,287.75638634778875,296.0713419659214,16046491
2022-11-16,291.9562683105469,294.28953683980063,289.8775161651745,293.31379658565174,7897812
2022-11-17,291.61688232421875,294.79861942780377,290.6835749250552,291.9562643884357,10379179
2022-11-18,289.3684387207031,292.5077428316221,288.30785973711704,291.6168683171269,8140173
2022-11-21,286.10186767578125,288.47756916373294,283.72619307809856,287.71396619418795,9553090
2022-11-22,288.6896667480469,289.32602493621624,284.8291654472003,285.93217734327123,6746019
2022-11-23,288.3078918457031,290.17450676225525,286.3564112400212,290.17450676225525,8067471
2022-11-24,289.1139221191406,290.5987220769565,286.39883859521296,288.3078863197395,8454385
2022-11-25,288.73211669921875,290.089671950998,286.6109584666575,289.32604207994666,7200274
2022-11-28,288.51995849609375,289.96235230914453,287.41694671724343,288.47752565796935,10284123
2022-11-29,290.4290771484375,292.7199131633158,288.47759636066695,288.47759636066695,10582296
2022-11-30,288.4775695800781,291.99868897256374,287.62910092026095,289.5381486822823,23425220
2022-12-01,288.09576416015625,289.9199461229615,285.76246876385073,289.9199461229615,17270904
2022-12-02,286.0594482421875,289.15634659950126,285.7200661727962,287.9260630689735,8711914
2022-12-05,285.7200622558594,287.5018382634382,283.5140384996567,286.48366517895465,10090597
2022-12-06,286.18670654296875,286.95030944094776,283.4716232240956,283.4716232240956,6571118
2022-12-07,288.56243896484375,289.75026283547726,285.6352180174455,287.2048837136964,10191144
2022-12-08,287.1200256347656,290.30176276848573,286.35639581534434,288.64725838334056,6439244
2022-12-09,289.6653747558594,290.5986820677504,286.780614034632,288.2654137880228,8445424
2022-12-12,291.192626953125,291.87141795405626,288.5624093017329,289.32601220366394,11646572
2022-12-13,293.22894287109375,293.5683249226017,290.51385956876385,292.29563550688033,11105261
2022-12-14,293.05926513671875,294.7137695951809,291.65930396267674,293.56835170555905,7664099
2022-12-15,287.5018310546875,293.65316779795717,286.7806341013506,292.50774999690054,8469001
2022-12-16,284.320068359375,287.5442110476299,281.0958987808558,286.3563605129262,12907968
2022-12-19,288.9018249511719,290.4714637783214,284.5322367839802,285.76249351633334,8113695
2022-12-20,288.6048278808594,289.28359202122505,285.7200668391714,288.51998908588064,5693354
2022-12-21,284.3625183105469,289.5381420597002,283.81102579490107,289.32603162216475,7316532
2022-12-22,282.0716552734375,286.2715383353136,279.9080644832351,284.786738525935,6838031
2022-12-23,277.1930236816406,281.6050447264805,276.04760574212514,280.75657603821094,10461859
2022-12-26,283.8958740234375,284.32012180287114,276.17487098681516,277.0233127651438,9934633
2022-12-27,282.66558837890625,285.4230776567746,280.12018263364325,284.74431354747776,6986433
2022-12-28,283.7261657714844,284.2352254054314,281.26559883129704,282.4110435107773,8035558
2022-12-29,284.5322265625,284.87160864510446,281.30805644235426,283.6837579108544,8417520
2022-12-30,281.30804443359375,285.7200650996448,280.4171698660711,284.57462036820016,7228324
2023-01-02,282.4110412597656,283.386754569709,279.6959579693791,280.75653695952593,6181118
2023-01-03,280.9262390136719,282.8352867403055,280.20504201070946,281.26562109325386,6228015
2023-01-04,277.44757080078125,282.11410831517077,276.5991021008185,281.56261576081664,6947412
2023-01-05,282.9201354980469,283.30195043486935,278.46570857259275,278.8475235094153,8486143
2023-01-06,284.2776794433594,286.3988375987267,282.6231750065621,283.98070331866836,8603181
2023-01-09,286.8230285644531,289.58054463499064,285.21095713936296,285.8897212246361,11027747
2023-01-10,282.877685546875,287.1200013665963,282.15648863069055,286.695753650465,7217255
2023-01-11,281.5201416015625,284.3200905895782,281.09592075897007,284.3200905895782,4760847
2023-01-12,279.8656311035156,283.04736802341336,278.380831297003,282.87769044623434,6894087
2023-01-13,278.93231201171875,281.9019383899516,276.9384257771048,279.865619317697,14967746
2023-01-16,280.16265869140625,281.85956922640884,277.91422870354097,280.2899303428153,8571826
2023-01-17,281.9020080566406,282.9625872473782,279.2293571008688,280.16266463749616,14240647
2023-01-18,283.93829345703125,285.55036502803495,282.02924576542426,283.38677405884465,13039078
2023-01-19,281.8171081542969,284.78673462261804,281.3928604358136,283.3867467309152,8667564
2023-01-20,283.8958740234375,284.4049606026502,279.3566083263557,281.68987699729814,13608325
2023-01-23,286.5684814453125,286.90789037363754,282.5807088852788,285.0836816675179,7399204
2023-01-24,287.5867004394531,289.11393330008354,286.4412825165477,286.6109601175791,12776694
2023-01-25,287.8412170410156,289.3260169185744,284.44734265185195,287.5442409313436,12978859
2023-01-27,293.5683288574219,295.9864629809435,289.7502336688159,290.0047769334252,21850457
2023-01-30,292.5502014160156,298.44702215928777,290.0472283408259,294.33197749206926,14634225
2023-01-31,298.9560852050781,301.2045150247423,289.3684674513022,293.5683509628021,17794183
2023-02-01,306.6346740722656,310.2830649667827,279.22932296558173,299.5075967647228,67003785
2023-02-02,321.228271484375,326.4038952631198,305.78623894558626,306.8043851857387,57892084
2023-02-03,322.96759033203125,324.3251185496889,315.62837609580293,324.0281693359263,23153980
2023-02-06,325.3008728027344,329.3735114120182,322.0767028112403,324.537269869911,26783409
2023-02-07,316.6889953613281,325.7251210184186,312.61638330032497,325.7251210184186,21438758
2023-02-08,318.6404724121094,320.12527243334034,315.24659769454775,317.96168133443524,10821785
2023-02-09,317.53741455078125,322.4160885845296,315.7556386486366,317.3253041341543,12318006
2023-02-10,315.076904296875,319.82828026077203,314.18600281658485,315.7981012936871,10674456
2023-02-13,317.4949951171875,318.30103086856315,313.9314431624316,316.47684894022876,10282470
2023-02-14,327.88873291015625,328.9069061575999,317.11323634643196,318.1738424426096,30246745
2023-02-15,329.5971374511719,330.1576679226677,326.44948650079726,329.2090652796974,12679568
2023-02-16,329.89892578125,332.2273312860376,328.56225107766346,329.4246244991014,10151755
2023-02-17,330.6319274902344,331.62365824844454,327.0531039108078,328.60536506972716,7967611
2023-02-20,331.1924743652344,334.1676667878579,328.8209679393305,331.7530321247744,8105569
2023-02-21,329.6402282714844,332.7878791255196,329.1659269645161,332.01176213727604,8577674
2023-02-22,331.02001953125,331.92549387387686,327.69991050035287,329.4246300412966,9306194
2023-02-23,334.25390625,339.7730635557299,330.3732393743947,331.5374558356461,19555814
2023-02-24,332.0979919433594,335.46122933796937,328.5622689227143,335.46122933796937,13407431
2023-02-27,329.5971374511719,333.5640336540253,326.0614143293228,332.09800144908905,8455904
2023-02-28,324.85406494140625,331.3649527420199,323.3880602116682,329.85581977604465,16997837
2023-03-01,326.5788269042969,328.04485903297746,322.18075784920455,322.74128829154444,8065784
2023-03-02,323.86236572265625,327.48429035456184,323.12934968272515,327.26870383245233,5212922
2023-03-03,331.9685974121094,332.356669529054,324.33664910026766,325.1127660032098,8495772
2023-03-06,334.7281799316406,338.47948911314455,332.2273162542871,332.78784665393346,11126980
2023-03-08,338.39324951171875,339.04003641351176,332.09797543504453,334.598839237063,9261146
2023-03-09,334.1676940917969,339.42813689578156,332.5723044881299,338.1345903151372,10005328
2023-03-10,334.5988464355469,336.4960516136908,330.71817960319845,333.6933720845052,8684320
2023-03-13,330.8475341796875,337.09970743167725,329.8558306919474,335.6336753224757,9130473
2023-03-14,327.44122314453125,333.2621964952459,325.28530303968114,332.61543686236166,10623744
2023-03-15,327.1825256347656,331.4081369160573,325.97520812582513,328.56230145586744,8748113
2023-03-16,328.9503479003906,329.7264922372089,324.98345172887105,328.21733180371245,16315136
2023-03-17,323.86236572265625,332.0117439736037,318.77438167994,332.0117439736037,50787703
2023-03-20,326.6650390625,327.1393403346496,320.8009381836736,321.9220263410037,10512002
2023-03-21,325.0696716308594,326.6650611683009,322.5688077238388,326.6650611683009,12057999
2023-03-22,325.75958251953125,326.7081851155626,322.698160870653,325.0696673607315,4958761
2023-03-23,328.26043701171875,330.07141300627836,322.8706372651541,325.1127863070593,10127917
2023-03-24,326.5788269042969,330.28700813328635,325.97516822371955,328.9934616266062,10317108
2023-03-27,327.87237548828125,331.4943275946929,324.5522663895454,325.9320420504929,11232922
2023-03-28,327.4843444824219,329.7265212096119,326.1045686481077,327.8724166849301,9523719
2023-03-29,330.0714416503906,331.14940169325064,325.24217191247357,327.87239332381387,10551626
2023-03-31,330.71820068359375,331.5805741825232,327.6999344337672,329.4246541006751,9877493
2023-04-03,326.75128173828125,331.14937807779063,326.4063378288794,331.14937807779063,7331070
2023-04-05,333.21905517578125,333.7795855891628,326.7512683146224,326.7512683146224,12055499
2023-04-06,334.038330078125,336.5822949482747,331.3218522485814,333.43467137499874,13394394
2023-04-10,335.0731506347656,336.3235962389909,331.796142451687,334.03831889161165,7044256
2023-04-11,341.497802734375,343.3087788915467,334.5988693716791,335.07317069872755,18939829
2023-04-12,339.3849792480469,343.0500594617437,338.1345610164522,343.00693122477713,10122932
2023-04-13,341.1528015136719,342.0151748719387,339.51431126462745,341.06657237712915,6292395
2023-04-17,345.07666015625,346.6720224672601,338.82448631361916,338.82448631361916,11466474
2023-04-18,343.6536865234375,346.6719797998749,342.36014007094957,344.9472603068738,9860308
2023-04-19,343.8692932128906,346.1114421725692,341.4977595466149,341.5408877821473,10119480
2023-04-20,345.20599365234375,347.2325562475899,342.9638171942822,344.94727888172514,6924577
2023-04-21,352.061767578125,352.70855444801253,344.1280035162061,345.2059634120538,14801099
2023-04-24,352.4498596191406,353.5709478133228,348.56919284238995,353.5709478133228,6212135
2023-04-25,354.9076232910156,356.6323428269631,351.32877217565795,352.44986037223555,9180650
2023-04-26,355.51129150390625,356.1580510981409,352.7517128413691,355.295677641545,7914219
2023-04-27,358.74517822265625,359.9524956184329,354.4333381894397,355.46816995826964,13100076
2023-04-28,366.98077392578125,369.3091521609752,356.7617046409041,360.4698858529476,13208557
2023-05-02,366.0321350097656,368.2311556435468,363.22942842712905,367.36880961591703,10648421
2023-05-03,368.36053466796875,369.52475106941137,363.9624658109192,365.6440843931658,7607609
2023-05-04,366.16156005859375,368.2312237045819,365.6441304816209,366.76521878807824,8292456
2023-05-05,369.7403564453125,372.4568068586512,365.94594604814733,367.32572170858936,12890455
2023-05-08,372.0687561035156,373.7935031092116,370.25780727777135,371.6807112585425,7522610
2023-05-09,365.4715881347656,373.53473691364513,363.4881539490621,373.232921261212,10377820
2023-05-10,366.8082580566406,367.6706314296894,364.0918078959365,365.60094080056166,10130159
2023-05-11,362.53955078125,368.5761371286548,361.2460043727911,368.44677975471416,16597954
2023-05-12,362.5827331542969,364.5230393912233,358.78829517039424,362.5396049128946,11564770
2023-05-15,368.9211120605469,369.6972290385542,361.3753921567857,362.194637373385,9503538
2023-05-16,365.6009826660156,370.8183244052902,365.2129378350131,370.8183244052902,8302077
2023-05-17,368.7486267089844,369.9128158423285,364.4367867607991,365.77346151768853,9844782
2023-05-18,361.9358825683594,372.9310677457083,360.5561070574364,370.81827624550255,24919291
2023-05-19,362.06524658203125,364.86795322006907,354.73511388565686,363.01384909593236,26759905
2023-05-22,366.2908935546875,367.15323968544413,361.4184957949731,363.8762587942892,16015615
2023-05-23,370.08526611328125,371.85311376373465,365.8165548114907,367.36881595131877,9068926
2023-05-24,373.8366394042969,374.9145994733432,368.2312251804948,369.35231349144556,11921823
2023-05-25,380.4337158203125,381.5547766783347,374.9576595870935,376.81176382297446,18905572
2023-05-26,382.5465087890625,383.538239600723,379.0108132541104,382.3740231705763,13496209
2023-05-29,387.28955078125,389.61795648566954,382.977710635322,383.7538549804455,20589822
2023-05-30,396.6940612792969,398.06075980006375,388.8465899847632,388.8465899847632,19627897
2023-05-31,392.8144226074219,398.5457429984964,390.1251223394694,396.16503767275884,14821960
2023-06-01,387.7003479003906,394.1370521106153,387.0831300712574,394.1370521106153,9142172
2023-06-02,390.9627380371094,392.28536752672613,387.7884831517181,387.9648430652818,9558309
2023-06-05,388.5379943847656,394.00478885145765,388.05303951544744,392.3735643160935,7427630
2023-06-06,390.4337463378906,391.13913016054414,388.31756692508327,388.67025883641,6703067
2023-06-07,391.44769287109375,392.94662627758925,390.3895893549293,391.4917618877056,7833952
2023-06-08,390.5218811035156,393.03484919494707,389.6401374232792,392.99075223023965,7294955
2023-06-09,386.59814453125,392.1090075881535,383.68841554396766,383.68841554396766,7329661
2023-06-12,385.27557373046875,388.8025207793585,382.542176493777,387.9648739990424,9054977
2023-06-13,392.7262268066406,393.6079704879434,386.4658829976891,388.84658814272206,16732376
2023-06-14,391.93267822265625,394.79831026437284,391.2713634734976,393.4757087109002,9039402
2023-06-15,395.10693359375,395.68005441379864,392.15310761877413,392.3735365538048,7787525
2023-06-16,399.515625,401.71997024510654,394.9305745944466,395.9004842667059,12181426
2023-06-19,399.95648193359375,401.9844952034513,398.76614332858287,400.9704885685225,4350517
2023-06-20,399.2951965332031,401.0145589993537,396.9144913699615,401.0145589993537,4644353
2023-06-21,394.18109130859375,400.48553208235376,392.4176318908195,398.5457127503798,6292873
2023-06-22,394.71014404296875,396.4736314097722,393.1230165907835,395.0187389624948,6892713
2023-06-23,392.1531066894531,394.71014380840734,390.34555030370274,394.57788085873347,6325479
2023-06-26,392.9907531738281,398.01666142391394,391.49179170831167,394.04882882574555,5688287
2023-06-27,392.46173095703125,394.3133844460875,390.7423404275395,393.34347470584567,5052984
2023-06-28,396.2091064453125,397.31127906595464,391.9326789128087,392.37353678312763,12548096
2023-06-30,398.1930236816406,398.50161860261585,393.7843052439284,396.7822281926037,9456776
2023-07-03,408.46527099609375,410.84594822373344,396.8263269252858,398.19302545533765,11111199
2023-07-04,411.19866943359375,412.6535619979312,405.42330792404516,410.0083307348918,8022597
2023-07-05,418.9138488769531,423.8075221771925,409.3910840683227,411.19864047327803,16878943
2023-07-06,417.85577392578125,420.94186288148336,414.85787890084566,420.89776591610007,9835812
2023-07-07,413.0061950683594,419.2665385039868,412.3007833984763,417.06219340460433,7605499
2023-07-10,410.75775146484375,415.2105386090239,408.8620012729669,414.4169609627007,6772454
2023-07-11,417.19451904296875,418.4289267748767,410.8900776977663,410.8900776977663,8783282
2023-07-12,416.4450378417969,421.2504896379114,414.81381328233266,421.2504896379114,12816220
2023-07-13,416.18048095703125,420.3687425486203,415.2987372622475,417.8557744157289,8214385
2023-07-14,416.9740295410156,418.8256829113683,415.607331009695,417.06222347163595,5277090
2023-07-17,416.48907470703125,419.53106669234575,414.9460442041412,418.38482504271707,6325310
2023-07-18,416.621337890625,418.12029937388587,415.29873632386034,416.66543485596026,5558415
2023-07-19,422.2204284667969,423.6311961313096,412.7417319207811,416.84179989751243,14401395
2023-07-20,433.947509765625,435.31420831259464,419.97195731460386,423.14621228731295,21030102
2023-07-21,432.4485168457031,438.84112329246966,429.4065250466156,433.63885538777146,14510084
2023-07-24,415.60736083984375,440.60466916135977,412.7857975889099,435.0937776752237,40477929
2023-07-25,407.62762451171875,413.0943906903244,401.54361259835747,412.5653388861595,45211370
2023-07-26,416.4009094238281,417.06222418037964,407.4071684589522,409.92013658900305,18842179
2023-07-27,410.0523986816406,418.9579456970976,406.56952087917085,418.29665888677584,14528232
2023-07-28,413.05029296875,413.9320366591287,408.59753344133156,412.38900615959966,10362522
2023-07-31,410.62548828125,414.1524348359699,408.68566907339624,413.5352170930307,8510403
2023-08-01,409.83197021484375,413.40298606230425,408.950226521892,410.8900458794789,6686176
2023-08-02,405.6877746582031,409.831967190005,403.8361213001244,409.65560727477833,10715605
2023-08-03,402.11676025390625,408.9061279792718,400.57370181098145,405.6877760875922,11026824
2023-08-04,401.1468505859375,406.8340740267068,400.5296327547288,402.3372172249558,7097614
2023-08-07,401.102783203125,402.557647823029,397.6199051531631,400.39739937738614,9513953
2023-08-08,398.8543395996094,402.95443547075286,397.7080699276576,402.95443547075286,6638681
2023-08-09,404.4092712402344,405.5114438652784,394.0488317979139,398.8543111498685,10134166
2023-08-10,398.32525634765625,404.98238901293035,395.9004821797897,404.6296971289538,13702317
2023-08-11,395.6800537109375,400.2210071328504,392.15310692217804,400.2210071328504,12028396
2023-08-14,396.07684326171875,397.8843996517433,392.41763351672574,395.68005441175876,7854074
2023-08-16,397.002685546875,403.30712681649106,395.195129022172,397.6640003460819,15494896
2023-08-17,388.84661865234375,396.78225651702405,387.96487490185774,396.78225651702405,16896158
2023-08-18,389.4197082519531,390.9186697129564,386.64224220850457,388.846587435329,20068497
2023-08-21,394.8424377441406,395.459655576108,389.1552142963807,389.7283631048948,9940689
2023-08-22,400.52960205078125,401.32317974929236,394.1370232220497,395.9004826440001,10234488
2023-08-23,397.1789855957031,401.7640076961372,395.54776130014966,401.7199386793985,8770272
2023-08-24,397.5758361816406,399.8683475880156,396.16504058513124,397.3113102607422,6322751
2023-08-25,390.918701171875,397.6640003443687,389.772431501537,397.57583435275706,9628041
2023-08-28,389.19927978515625,394.00475909216124,388.8465879018226,392.37353468000396,7176903
2023-08-29,388.0530090332031,391.4917898163721,387.25945928431116,390.5659771185241,9845106
2023-08-30,390.4337463378906,391.4918220718709,388.40573291670324,388.8466187644968,7648569
2023-08-31,387.7003479003906,392.2853986232156,384.5260927633759,390.610077118513,20666732
2023-09-01,388.8906555175781,392.37353326329537,386.46588136288614,387.9648428202756,11879159
2023-09-04,385.760498046875,390.9186692245814,385.0110173173097,390.9186692245814,14128562
2023-09-05,390.6982421875,391.9326777545587,386.64224360214206,386.99493548632387,8701612
2023-09-06,394.5337829589844,395.4596236045077,389.7283315966505,391.4477219934921,13358433
2023-09-07,393.1671142578125,395.9004833529414,392.02084467285863,395.72415138285294,8401953
2023-09-08,390.3014831542969,394.93060291197133,389.59609933204774,394.93060291197133,10322317
2023-09-11,394.3133850097656,395.1069627682871,390.3014830834986,393.25530927658383,9679540
2023-09-12,397.7962341308594,400.5737001941304,392.90258881017746,395.81231782358947,14961276
2023-09-13,399.86834716796875,402.9544363337972,397.7521677478511,398.7220774935619,12268130
2023-09-14,396.7381286621094,401.98449378836676,394.2692854757375,401.98449378836676,14986708
2023-09-15,395.3273620605469,398.63387991662444,394.1370234569155,395.0628361608855,15657801
2023-09-18,398.58978271484375,400.309173116776,393.431611509047,395.3273618255969,8513132
2023-09-20,399.3834228515625,401.27914551963835,396.38549944829026,398.2812500612152,10343224
2023-09-21,394.5779113769531,399.91241496196153,391.932708068574,399.2511281072901,11132308
2023-09-22,390.6982421875,395.3714585563873,389.94876145429686,394.5778808583447,7795399
2023-09-25,390.2573547363281,392.19717406361207,386.50997903087915,390.6982405483392,6005673
2023-09-26,390.1251220703125,391.93270653363413,387.7003477229867,391.13912877732025,5533023
2023-09-27,396.03277587890625,396.60589674176185,386.90679931722025,390.12512348770593,10894817
2023-09-28,388.62615966796875,396.73812888894656,387.6121530360298,396.73812888894656,10610213
2023-09-29,391.8445129394531,392.90261661546174,387.2594901595714,389.7283614771293,8474326
2023-10-03,387.7444152832031,390.5218813299559,387.303529470407,388.84658789792655,7770032
2023-10-04,384.52606201171875,389.46380424989917,382.05719089262857,387.7444138594502,13912656
2023-10-05,384.4819641113281,388.4056997135795,383.60024838080864,387.9648418483198,10416552
2023-10-06,389.8605651855469,391.13909770977415,385.01101687608707,386.06909252228434,8742804
2023-10-09,388.36163330078125,390.7864074656745,385.54007028758423,388.8024911690002,5827256
2023-10-10,391.8445129394531,392.24130181795636,388.36166285884923,388.36166285884923,5207891
2023-10-11,395.2392272949219,396.2973030322983,392.1972071533767,394.31338657297647,7946195
2023-10-12,397.3994445800781,398.986572034128,393.3875429524582,396.4736318755676,12227957
2023-10-13,395.3273620605469,398.3693540169631,394.1370234569155,396.649963614009,7926432
2023-10-16,395.8564453125,397.66400184401175,393.43164300283894,395.018770582067,4377288
2023-10-17,399.82421875,400.7500593993467,395.9004831074062,396.60586687701203,7203352
2023-10-18,398.23712158203125,404.0125110176941,397.6640007187461,400.52963298001873,7160492
2023-10-19,397.13494873046875,401.1027816382518,394.00479055043525,396.56182786739777,9830006
2023-10-20,386.4659118652344,395.9005112757291,385.6282650861233,392.37356423191306,13521824
2023-10-23,384.3497009277344,387.9207446466252,381.8808577610075,386.20135426141275,7555671
2023-10-25,381.5281677246094,386.2013844157009,376.5463560928988,385.23147468111733,11308597
2023-10-26,382.9830017089844,384.9668898978262,378.75064356447933,378.75064356447933,19525305
2023-10-27,382.4540100097656,385.1433102748754,381.08731139318013,382.983061847114,13638258
2023-10-30,379.5442810058594,385.45190543187744,377.6926275189534,383.15939404349956,7911426
2023-10-31,377.7366638183594,382.10128521111284,377.2958059550796,379.14745928157436,8952141
2023-11-01,377.4721984863281,380.11740178427897,375.17965915360094,379.1474920453739,8297973
2023-11-02,380.1614685058594,381.52813906932903,377.9571232846674,379.1915588441225,8465990
2023-11-03,382.01312255859375,383.0271292609687,380.1174000574718,381.6163616270962,14334179
2023-11-06,383.86474609375,385.1432786139572,381.39590292705253,382.23354963743043,7589690
2023-11-07,381.5281677246094,383.468015138623,381.0432128573176,383.468015138623,5321353
2023-11-08,385.27557373046875,385.7605286003805,381.1754778754311,381.92495866435775,7248663
2023-11-09,383.0271301269531,386.2013852551894,382.5862722265829,386.02505327297996,8085620
2023-11-10,384.9228515625,386.20135614411055,381.35180782620057,383.0271012551432,4236307
2023-11-13,384.4378967285156,386.5540480245854,383.5561530493976,386.5540480245854,3888975
2023-11-15,389.6842346191406,390.16918945183164,385.7604989928791,386.2895507903037,7722827
2023-11-16,386.7745361328125,391.9327077300588,385.8486954142867,389.68426535848573,11276031
2023-11-17,387.30352783203125,389.28744411911,386.46588111956004,387.30352783203125,6911592
2023-11-20,385.1432800292969,388.2293689300651,383.11529472013177,387.83258008321394,4502356
2023-11-21,384.6583251953125,387.3476252492101,383.99701045056537,385.4518749441646,6228803
2023-11-22,387.7003479003906,388.31756572952384,383.379823096458,385.31967052005297,5074887
2023-11-23,388.2734680175781,389.94878951907117,386.42184247857244,388.80251985434927,6611803
2023-11-24,386.0250244140625,389.94876003547023,385.18737769907284,388.8465874220955,7084608
2023-11-28,383.776611328125,387.08312941901437,383.46801638650174,386.20138567247454,9082513
2023-11-29,385.4960021972656,386.64227186327514,382.8067019320691,384.43792646738143,14316126
2023-11-30,384.26153564453125,386.5981438118981,383.11529401552866,385.05511333677407,15710110
2023-12-01,396.60589599609375,397.6199027048791,385.672362929922,386.11322083208256,20081576
2023-12-04,400.35333251953125,402.4254151290099,397.66403202989846,401.19097936870145,13293194
2023-12-05,398.32525634765625,403.65978746180724,396.87039184693634,401.1909163291269,12603697
2023-12-06,408.46527099609375,409.56744362422006,398.6338833286502,400.2210107953583,21203900
2023-12-07,403.9243469238281,409.83199934721324,403.30712908937227,409.78790237873534,11746535
2023-12-08,396.03277587890625,407.01043387871886,395.45965501605065,405.55554132019086,19386851
2023-12-11,398.9424743652344,399.9564809977906,396.1650083117594,398.10482764719234,6854157
2023-12-12,399.515625,405.5996089341438,398.8543102485301,400.4855346722593,10549319
2023-12-13,401.7640686035156,404.5856318410862,399.51565417402054,402.3372174115911,11718443
2023-12-14,405.6877746582031,406.4813523594561,396.2972728624452,405.5996086730122,14924265
2023-12-15,404.0124816894531,408.20074324634294,401.19091865642844,407.2749025937947,16397959
2023-12-18,398.23712158203125,402.0726915313319,397.0908519106141,401.1909477798453,12490839
2023-12-19,402.16082763671875,403.83612107865207,398.58978387272845,399.73605345896135,10664235
2023-12-20,397.6639404296875,404.93826240070007,396.1649790738997,404.71783348245896,10766954
2023-12-21,398.0607604980469,400.088745827846,391.88858263371077,395.9004842731069,11584223
2023-12-22,401.3672790527344,401.9844968402244,397.2671834762267,399.4274317600194,11450973
2023-12-26,402.46942138671875,404.6296695079279,400.92636306170425,402.1167295268179,6097422
2023-12-27,403.0426025390625,404.27703820604734,400.0887763319808,402.9544365470913,7833901
2023-12-28,409.2147216796875,409.7437454998367,402.1608006108841,403.1307102168076,21493169
2023-12-29,407.4512634277344,412.56533770385613,406.78994867442344,409.214750806667,13384631
2024-01-01,412.6976013183594,414.3729227144936,407.93621892139623,408.6856996614059,9706230
2024-01-02,414.72564697265625,415.60736278751693,408.77389755326396,414.4170240815773,10924918
2024-01-03,420.8096008300781,423.8515928269022,413.84387314079436,414.63742290547475,24961710
2024-01-04,420.0600891113281,424.5128762817951,418.1202698908769,423.2343438256743,12240910
2024-01-05,417.8998718261719,422.7053512147422,416.1804814002084,422.7053512147422,9564086
2024-01-08,410.4491882324219,419.26656927712605,409.6115135595052,418.82568345798387,8311403
2024-01-09,409.6115417480469,414.37295243132024,408.8179919307326,412.2126760420016,5916180
2024-01-10,408.5093078613281,411.55132754917855,405.64367602067045,409.6114804026986,6123200
2024-01-11,407.93621826171875,411.3749990892165,406.5695197347844,409.21475080316065,6786448
2024-01-12,411.50726318359375,412.3890068755031,405.9082340544786,408.46527119962445,9714589
2024-01-15,412.3008117675781,414.8578768502671,410.97821020591323,414.4169910331489,7167978
2024-01-16,416.4450378417969,418.8257152554964,409.3470466797199,412.4772048925016,12531058
2024-01-17,411.4190979003906,420.5891708332484,410.18466231857855,415.651428506,11536527
2024-01-18,410.4491882324219,412.5212705423398,400.794132514801,410.2287313504283,9495938
2024-01-19,415.7395935058594,417.06222301526753,411.2427370084064,413.1384873419948,12673308
2024-01-23,404.9823913574219,417.72350799852904,402.42535422515556,417.72350799852904,8728196
2024-01-24,408.77386474609375,412.12447958613257,403.9243163741842,405.68777580722184,22459072
2024-01-25,401.7640686035156,409.9642323963227,398.63391042262094,408.7298246781795,20435547
2024-01-29,396.60589599609375,403.1748631742745,394.5779105233698,401.9845244825636,18557346
2024-01-30,386.2454528808594,400.0446450412793,385.6723320649476,394.13702107881414,45190319
2024-01-31,389.33154296875,390.16918968527705,386.8185748743243,387.96484445448186,20648695
2024-02-01,390.5218811035156,394.7983086105753,387.3476262105403,389.72833135269406,19903526
2024-02-02,388.0530090332031,394.3133528193609,387.5239851822233,392.3735334944645,17816750
2024-02-05,386.2454528808594,391.18319512515933,384.92285133537746,389.7283306306448,12505666
2024-02-06,380.3819274902344,388.7584232256236,378.7066059872792,387.9648734146209,19487043
2024-02-07,380.7345886230469,383.5561516187938,379.8528449472176,383.5561516187938,13376903
2024-02-08,371.1029357910156,384.12800816758073,365.7765333782061,384.03849666697397,50039587
2024-02-09,371.953369140625,379.74157904258544,365.77653649119355,367.11932249698526,33527317
2024-02-12,364.2099304199219,374.1913565530827,363.4937816638938,373.7885122385735,11326971
2024-02-13,364.1203918457031,367.74593366409346,361.03197574005617,364.25467327388895,16207766
2024-02-14,368.4173583984375,369.04399563612463,362.01670458696765,363.4490304322448,12618012
2024-02-15,361.56915283203125,371.10296536010526,360.8977455956946,369.7154093192213,21169031
2024-02-16,362.1957702636719,366.6269726665046,357.54074654679084,362.55384464630635,38963810
2024-02-19,366.3583984375,369.4915846526361,362.1957590434242,362.5538334149661,17602580
2024-02-20,363.53857421875,367.43267942532117,361.9272252317753,367.43267942532117,14626643
2024-02-21,361.0767517089844,367.1193025930997,359.24158161687234,364.34419085928846,20162369
2024-02-22,371.013427734375,371.64006498707033,361.166283065441,364.2546993925409,19321180
2024-02-23,368.2830810546875,372.3114390234385,367.477392438148,372.3114390234385,11576964
2024-02-26,366.31365966796875,369.7601503452562,364.6127709260232,368.0145200385987,8289561
2024-02-27,368.05926513671875,369.49159101888046,365.73176749593637,367.0298119400418,8083518
2024-02-28,365.5079650878906,369.1335070788597,364.1651791134282,368.05925560223767,8949664
2024-02-29,363.7175598144531,367.9697389838581,362.10621099325186,366.1345972319124,15468800
2024-03-01,366.5821838378906,369.8496514216038,364.7918120169836,366.04508647727596,12873024
2024-03-04,366.2240905761719,369.67060934978923,365.6422233108164,369.0439721519782,7103794
2024-03-05,363.58331298828125,368.2831068378252,361.61388961617246,366.7164994308714,10108373
2024-03-06,365.1051330566406,366.98504483260456,358.7045074023188,363.89662847613386,11534613
2024-03-07,370.2077331542969,371.46100763953405,361.34530025763866,365.10512371335005,23907135
2024-03-11,366.4927062988281,374.4599396612226,365.2394317224076,373.11715357829127,18298683
2024-03-12,362.06146240234375,363.89660411866976,357.4959505214604,363.89660411866976,36226074
2024-03-13,378.17498779296875,392.0952609994141,377.0112531117893,389.4096888737355,105525827
2024-03-14,375.66845703125,380.9053484663616,374.19138945283163,377.72742035000414,31949569
2024-03-15,375.1760559082031,383.6356443794862,371.7295653076996,373.47519557546644,76074975
2024-03-18,373.6990051269531,376.60839849305466,373.2066493049854,375.08656109013026,16547358
2024-03-19,366.6269836425781,375.57892859039265,365.86606491745584,374.1913725840706,21803126
2024-03-20,372.1324157714844,372.9828459519357,366.62696200946334,367.02980631746095,20364534
2024-03-21,377.10076904296875,377.7721478966098,372.5800265946558,375.0865757394108,19968509
2024-03-22,383.6803894042969,384.6203310083854,377.1007130617377,377.1007130617377,40358503
2024-03-26,382.8299865722656,384.2175424825222,380.9500748588195,380.9500748588195,10669833
2024-03-27,383.143310546875,383.9489991957222,381.75575456584926,382.24811039415033,12698464
2024-03-28,383.4566345214844,387.84306693740666,382.24810157609323,383.1433017081666,29009002
2024-04-01,381.9795837402344,386.1422233976248,381.12912513629533,384.12803010538937,9743648
2024-04-02,381.2186279296875,383.76991837937226,380.0996349174438,383.76991837937226,9194659
2024-04-03,380.6367492675781,383.8594753883552,376.87695414075034,381.3529263895928,13152268
2024-04-04,378.44354248046875,382.561440456257,375.89225185348187,380.9500915414978,19065447
2024-04-05,382.740478515625,386.4555320406198,375.9369803377719,378.21973637562843,16768902
2024-04-08,384.12799072265625,386.1869537423144,382.9194862197439,383.4118420076944,8844633
2024-04-09,381.666259765625,386.2765138011743,380.9501109606296,385.3365720410326,6967273
2024-04-10,391.1552734375,391.91619207059733,381.12907815086623,383.41183405015806,14547618
2024-04-12,385.023193359375,390.08106107425925,383.411844554351,389.4096539174515,18785009
2024-04-15,381.26336669921875,384.17275985826257,378.5777948380354,383.14327835057276,9083087
2024-04-16,381.26336669921875,382.2480782730736,378.84635769841657,378.89109926093727,10357752
2024-04-18,374.9522705078125,382.1585846561629,373.87804738734405,381.35292440864043,22133191
2024-04-19,380.2339172363281,381.5767031798926,372.40096613233504,374.19133793331616,17221280
2024-04-22,380.7262878417969,382.7852225858655,378.9806575358475,382.24809683901475,7386048
2024-04-23,384.2175598144531,385.3812944719523,380.5472477213064,380.7262990993228,12484384
2024-04-24,383.948974609375,385.64983493071486,383.41184887787193,384.26227903854186,6070285
2024-04-25,391.6924133300781,392.3637921214862,384.03848516029745,385.82888534668166,30337038
2024-04-26,393.8856201171875,396.83975482059645,390.6629225550479,393.2142129703609,15342965
2024-04-29,392.2742919921875,396.07885703437194,389.05159426034965,395.67604109637887,12075706
2024-04-30,389.9915466308594,394.3332375377621,389.49919080754,393.84088171444273,12528665
2024-05-02,392.9904479980469,396.2131457894124,389.27539438775926,390.3048759623476,24123523
2024-05-03,390.7076721191406,393.93039811859694,386.14218854115893,393.93039811859694,23786388
2024-05-06,389.1858825683594,394.2884921290817,387.93260805370363,392.0952475427761,10753860
2024-05-07,394.1989440917969,399.25681198237896,389.5886904450738,391.11052780582645,26969062
2024-05-08,394.7808532714844,398.09306260698986,392.27430420837044,395.00464621540885,10916481
2024-05-09,380.5472106933594,395.2284008948065,378.98063186624165,393.9303849229235,24314298
2024-05-10,387.9325866699219,390.6181585553969,381.800495873466,381.800495873466,14524604
2024-05-13,386.5898132324219,389.8125109477641,384.48608019612794,387.8430593472191,7584217
2024-05-14,384.6651306152344,387.88782832259807,383.6356490674802,385.38127935657843,11423749
2024-05-15,382.9642639160156,387.84305196048183,382.02429388367585,385.6050659023784,7856433
2024-05-16,386.231689453125,387.2611709473564,378.57778988889186,384.93367347333725,23911954
2024-05-17,390.57342529296875,391.64764839572535,383.9489785643487,387.08216474486596,11894830
2024-05-21,389.2306213378906,391.28958447059944,387.7983238293244,390.30487284063116,11175153
2024-05-22,393.7961730957031,395.6313151024026,389.7677862978235,391.51341679406215,11036895
2024-05-23,395.0941467285156,398.2721029063194,390.79722586221516,395.13891666458176,27244733
2024-05-24,390.48388671875,396.0788519270615,389.67822648183704,394.78083588666976,13252938
2024-05-27,386.2764892578125,392.90093621140824,385.56034049832,392.81142470930064,12282545
2024-05-28,384.03851318359375,387.17169955273744,383.3671059718784,386.81362516359485,9668761
2024-05-29,385.78411865234375,387.08216305407205,380.905302219086,380.905302219086,10832067
2024-05-30,379.4282531738281,385.78413731361627,378.0854671434653,383.59092107640083,21314885
2024-05-31,381.7557067871094,384.530818401841,379.7862837203888,382.0242696364464,29300711
2024-06-03,385.24700927734375,389.3201656528504,383.725200249957,388.514477016602,16116836
2024-06-04,378.5358581542969,388.655699869346,367.2764265123082,388.3821867291733,47791986
2024-06-05,392.302490234375,397.4991534256846,381.13421955458244,384.7353989949108,28197030
2024-06-06,396.9521179199219,399.04900387392235,393.0318302625804,397.4991442097778,32318523
2024-06-07,400.3710021972656,402.6502400373076,393.03185750810144,393.3053706719897,29543660
2024-06-10,398.3196716308594,402.05763661284067,397.36240447731143,401.14593572253284,11872688
2024-06-11,394.7640686035156,399.1402214325666,394.0803145887873,398.4108722591482,13158571
2024-06-12,394.1258544921875,396.04041761505835,392.2112913693166,392.5303996702627,10751658
2024-06-13,392.302490234375,398.31966398522343,391.801059088471,398.31966398522343,9641349
2024-06-14,393.07745361328125,393.7612076303779,391.16289035572373,392.94069703100786,9572809
2024-06-18,390.8893737792969,395.8581191738071,390.38794261342787,394.7640665251691,14641141
2024-06-19,386.2397155761719,392.7127252199132,385.6926892817779,392.0289712461894,11329972
2024-06-20,385.9206237792969,388.8380493170652,384.2795737201941,386.6044066765355,15147549
2024-06-21,382.54736328125,387.74402663160475,381.5900672225091,387.47051347196447,26176371
2024-06-24,385.9206237792969,386.5132163607238,382.9120368199867,382.9120368199867,9723008
2024-06-25,385.9206237792969,386.5588115186297,382.68411881899715,385.64711062040146,10655609
2024-06-26,386.5132141113281,388.74688563312844,384.7810026407644,385.6471083760463,11511714
2024-06-27,388.0175476074219,389.5218411214756,383.9149079187151,386.51322519909763,38438054
2024-06-28,387.37933349609375,390.20556859037987,386.1029580750864,387.92633089490505,18554411
2024-07-01,391.16290283203125,392.25692663084254,387.15142444784703,388.65574690083577,13391362
2024-07-02,387.9263610839844,392.6215934135948,385.2368534593977,392.0290008128207,11177863
2024-07-03,390.4790954589844,391.70987576739714,387.9263445272619,388.4733708395652,7435499
2024-07-04,391.16290283203125,393.3965455899561,389.339500939741,392.0290086178741,9478861
2024-07-05,395.356689453125,395.67576888063064,389.84091771413347,391.1172932126966,13427543
2024-07-08,404.42803955078125,405.29414529158566,395.3566835098957,396.72422041086423,21311436
2024-07-09,412.6332702636719,414.8213465379182,404.79269491641344,408.07479488064865,27489709
2024-07-10,411.5848693847656,415.1404827339749,407.0719599600082,413.6361603295421,12065662
2024-07-11,418.1490478515625,418.9239921454672,409.0776632126487,410.26287723172686,19556596
2024-07-12,418.5137634277344,422.34289011600674,415.59633769775616,418.1490888232711,19693114
2024-07-15,422.4796447753906,425.2603139042144,416.82711619633983,418.5137615167691,16876907
2024-07-16,424.43975830078125,425.5338109620082,420.6562269340028,422.5251950379047,13497253
2024-07-18,428.7247009277344,429.31732238979913,421.7958262702707,422.1149345797316,21907158
2024-07-19,432.64501953125,437.06676765638366,427.94978712828953,429.4085144147223,25939326
2024-07-22,425.3514404296875,437.11230375842484,424.71325270358847,432.6905848326919,18762384
2024-07-23,448.7364196777344,453.4772470105013,425.21469253973703,425.3514491191427,56125835
2024-07-24,450.4230651855469,465.55721919731405,447.3233168036432,452.2008718247006,43693692
2024-07-25,446.68511962890625,452.20086227300567,441.8531309735649,446.7306858915952,18567567
2024-07-26,457.8533935546875,461.6824910433161,444.36028979426646,450.42305878672033,21534703
2024-07-29,452.2464294433594,461.5001364515738,450.423027797638,460.86194876499803,12978187
2024-07-30,446.6395568847656,453.84194523349976,445.4999379265304,452.4744082624718,13891052
2024-07-31,451.6083068847656,453.97870625063285,447.1865875952009,448.9643943431692,11982586
2024-08-01,450.10400390625,452.88467297760064,447.59681911064166,452.155294892808,12114803
2024-08-02,445.9101867675781,455.3462174298525,441.9898988909283,441.9898988909283,22141163
2024-08-05,443.08392333984375,448.4629384481495,437.20347706841375,437.6593419676077,25022076
2024-08-06,443.3574523925781,448.28060277815945,441.3061325083515,443.31185723274336,14251363
2024-08-07,449.14666748046875,451.83617488506997,444.99846182580694,446.730673221321,11320399
2024-08-08,451.0612487792969,454.02426944874264,449.00992900000904,450.3774947823807,21349889
2024-08-09,452.1097106933594,454.02427391323624,449.55695973352357,454.02427391323624,9556181
2024-08-12,450.9244689941406,455.8476188744987,448.5540699171389,448.5540699171389,9425644
2024-08-13,446.7306823730469,453.8875038800431,445.13522751757506,452.15526355477385,8056478
2024-08-14,448.7364196777344,454.93597422607183,446.6395336172972,448.5085016768149,9609981
2024-08-16,458.26361083984375,459.67674280573084,449.1466602411071,450.8333053480392,13643352
2024-08-19,457.1696472167969,464.3264405075642,455.4830018883327,460.17823437491796,10591508
2024-08-20,454.7536315917969,458.9474326908904,453.7507692522604,456.7593562708698,6888634
2024-08-21,460.77081298828125,464.0529130177818,454.9815283328472,455.8476340497613,8801221
2024-08-22,459.99591064453125,463.5970904163863,457.1696463469196,463.0044977969278,8686423
2024-08-23,461.135498046875,462.18392662579055,455.80207815406663,460.45171515256504,8195369
2024-08-26,461.0443115234375,463.1412264870548,457.67104997039354,461.31782468341106,8126402
2024-08-27,456.3946838378906,462.7765613871338,455.84765750673535,462.73096622811397,8260450
2024-08-28,453.3861083984375,457.94458422323976,452.65675920109425,456.2123437617104,8081932
2024-08-29,460.497314453125,462.86771368427515,453.4316541292554,454.02427560774544,19389694
2024-08-30,457.57989501953125,464.1896905333773,456.0300063539427,457.6254612839912,15523349
2024-09-02,465.01019287109375,467.6085389871661,458.8562623710469,459.49445011058486,16497266
2024-09-03,464.4176025390625,470.3892102248928,463.0500656317912,465.0101951235504,12481552
2024-09-04,461.6369323730469,465.0101939214988,455.8020812824538,455.8476475462073,8739052
2024-09-05,466.05865478515625,466.6968425307686,462.27512346983656,463.4603086443522,11318636
2024-09-06,457.39752197265625,466.78798605768634,453.2493162323431,466.78798605768634,14245025
2024-09-09,466.5600891113281,467.38059970737794,456.16676226622855,457.67105577087847,14265060
2024-09-10,468.2467346191406,469.52308122545986,463.8249866314957,466.6968459549575,11332248
2024-09-11,468.93048095703125,473.6257131371341,466.7424045783741,467.69970063527967,15497555
2024-09-12,473.6257019042969,474.5374027816373,463.6426451989518,469.61425271712204,19085324
2024-09-13,468.4746398925781,474.0815440167886,466.7879946924352,473.6257080193676,9165077
2024-09-16,465.9674987792969,471.3464850740398,464.69112327323506,470.34362273274417,7821668
2024-09-17,462.9132995605469,468.20112423719047,461.5457337870447,465.9218864737128,10889862
2024-09-18,462.5486145019531,467.15268536936793,460.4973235485926,463.0044794093549,5638729
2024-09-19,463.369140625,469.34074825372676,462.685357730768,464.96459551918156,14461616
2024-09-20,468.97607421875,471.6655817468218,463.14122316210313,466.78799784894,24725118
2024-09-23,471.3008728027344,473.58011056733517,468.24671962512645,469.9333359228278,8105508
2024-09-24,469.75103759765625,472.0758417465427,468.7481752404364,471.3464925584321,7015487
2024-09-25,471.847900390625,473.44338416672934,467.061506850851,469.978932353214,8802667
2024-09-26,476.5887451171875,477.50044603773256,471.3464864947561,471.93907909068867,16086557
2024-09-27,476.54315185546875,481.83097676370437,474.30950915137026,474.30950915137026,17916386
2024-09-30,472.39495849609375,478.047458146118,468.65699327542035,474.62860125985065,10936940
2024-10-01,470.6171569824219,473.85366215719455,468.61143220996877,472.39496373878205,5285319
2024-10-03,467.4717712402344,470.161249819359,463.2323751658065,463.6426448944806,16481353
2024-10-04,459.0841979980469,471.6656015344404,457.260796130997,464.9646155648812,18930962
2024-10-07,465.14697265625,469.47753046957075,462.00162895956305,462.2295469719965,17114457
2024-10-08,463.09564208984375,467.28944322025905,461.317835402975,464.964610200732,9868331
2024-10-09,448.28057861328125,464.7822693286866,447.2321211477684,464.7822693286866,24874940
2024-10-10,448.5997009277344,451.88180111030306,446.22927276700216,451.60828794604396,13292273
2024-10-11,445.0896301269531,450.33188844450945,444.3602809906422,449.4657827333566,14949380
2024-10-14,453.0669860839844,454.9359830741221,445.4999233829581,447.64240464295625,6970606
2024-10-15,454.5257263183594,455.3006706741215,450.8333562856044,454.0242951345452,8347216
2024-10-16,449.64813232421875,454.79922952979206,448.87318798542856,452.2008833474638,6939430
2024-10-17,445.72784423828125,451.2891822969338,444.9073336349127,451.2891822969338,7669729
2024-10-18,443.72210693359375,448.1438259382292,436.1550443992969,445.5910749882809,22616838
2024-10-21,440.9414367675781,444.54264518224113,435.1977471460307,443.72210571019014,7680088
2024-10-22,439.2547912597656,445.27199403454927,438.34309036731116,440.94143646609285,12772970
2024-10-23,437.9328308105469,440.62230932108713,437.1578865297917,438.52542336289616,10553961
2024-10-24,430.04669189453125,439.80183106506763,428.4968032192426,439.43715647575334,13596626
2024-10-25,439.7106628417969,449.92163786751,432.3259230631333,433.78462139783363,32154050
2024-10-28,441.39727783203125,442.9927616367931,433.96697181201,439.3915531808061,8946214
2024-10-29,444.8617248535156,446.00134374693727,438.7989558078247,442.1722173304157,7131161
2024-10-30,448.1438293457031,449.6937179905663,443.5397585692342,444.861729212034,6640080
2024-10-31,445.6366882324219,449.46581481275115,441.89872307707066,448.55411388015784,8111694
2024-11-01,447.0042419433594,448.6452921258455,446.09254097658436,447.6424297306747,1517892
2024-11-04,441.8075256347656,449.87601899719573,437.2034550817817,449.87601899719573,8754385
2024-11-05,437.7961120605469,442.21783124301106,434.8330912542778,440.30326795355165,7610046
2024-11-06,438.6166076660156,441.6252235289505,435.79037243527137,437.79609708104795,11749720
2024-11-07,435.69915771484375,440.0753102371216,434.0581077425567,439.20920454261847,9267980
2024-11-08,435.8359375,438.2519318787487,432.69059396011545,435.6991809205033,6325023
2024-11-11,434.83306884765625,438.9812746472622,432.2347516635963,435.83593115318143,5700343
2024-11-12,431.0951232910156,435.7447601410333,429.5452347095868,435.42568073005793,5236095
2024-11-13,430.5025329589844,432.7817708396454,426.9013532883317,428.54240340663677,11548660
2024-11-14,424.804443359375,431.1863210595827,421.4311816574202,429.59086608166643,12087836
2024-11-18,425.3514404296875,426.4910593052737,421.2032346571783,424.85000928020037,8448573
2024-11-19,426.0807800292969,431.9156308531127,425.0779177527912,426.67340147942747,7121472
2024-11-21,416.7815246582031,423.0722117400087,415.1860408616483,420.2915427797919,20313155
2024-11-22,432.7362060546875,434.422822444042,415.27721840214116,415.9154061666802,20214206
2024-11-25,434.6963195800781,439.61946977024564,430.68487029052017,436.7020442248571,14427013
2024-11-26,434.8786926269531,440.0297610711077,432.2347801116228,437.6137665685303,6791715
2024-11-27,434.83306884765625,437.70492808099607,431.2318893580711,435.3345000004188,7339184
2024-11-28,432.9640808105469,441.07816919438227,428.99819803466437,434.8786439128947,14967609
2024-11-29,434.6507568359375,436.6108863385638,430.8671966230568,431.4142229467061,8668142
2024-12-02,435.0610046386719,436.9755679077777,431.5965815849029,433.966980868156,5689595
2024-12-03,430.8216552734375,431.59659964533245,421.8870263104019,424.8500472091607,23073942
2024-12-04,425.8529052734375,435.97271937779976,425.2147174968439,432.50829621423856,13957078
2024-12-05,426.21759033203125,431.0039843267776,421.65911435717334,426.26318549371786,27432375
2024-12-06,429.5452575683594,433.009709482812,426.3999139761327,428.49680007286037,7842234
2024-12-09,423.8927307128906,430.32020339572307,422.06935777337156,429.8643384901404,12154116
2024-12-10,424.3486022949219,425.26030322616083,421.75025608560446,424.2574408700793,9163636
2024-12-11,424.1662292480469,426.8557367471317,423.6647980951895,425.94403586168113,7005617
2024-12-12,419.9268798828125,426.5822417304775,418.6049092085582,424.3941941854832,13380617
2024-12-13,428.4967956542969,432.508273854474,411.76718663458706,419.3798443995844,32976794
2024-12-16,428.5879821777344,432.50829918536283,426.67344772907313,428.72473876610616,9354160
2024-12-17,428.0865173339844,433.7846117539849,422.1605049160377,428.4967870668491,20608409
2024-12-18,428.9526672363281,431.9612542626298,425.67053815077026,430.9583919205292,12841386
2024-12-19,425.3514404296875,432.4626668364285,424.2118215541013,427.58508302389953,15161531
2024-12-20,423.6192321777344,426.17198310137036,418.74164832844355,425.3058484782107,20231570
2024-12-23,432.3714904785156,435.5168338433801,426.3086928429072,429.590821673927,19562956
2024-12-24,436.20062255859375,437.84167265770424,430.9127976719345,432.96411751939024,12009880
2024-12-26,434.83306884765625,439.30038295953085,433.96696311963626,438.1151689192422,9188830
2024-12-27,436.3373718261719,439.3459877026604,433.96697258814555,437.38582931183106,16906420
2024-12-30,434.8786926269531,438.93573727333114,433.96699168167027,438.2975495010603,13578360
2024-12-31,440.9414367675781,441.853137660656,432.6449962031207,436.20060946013535,13787501
2025-01-01,441.2149353027344,443.85884757904995,439.5738853072878,443.08390329032954,18931186
2025-01-02,445.8645935058594,446.7306992540878,439.7106629516162,442.49133193531964,27131131
2025-01-03,439.0724792480469,447.6424042811121,437.47699542332975,446.9586213713376,38500784
2025-01-06,419.1042785644531,437.1883051971578,417.7787540189407,431.36544562254625,22009958
2025-01-07,417.6367492675781,423.79099735798104,416.7372706812733,421.80269604222786,14294780
2025-01-08,425.6372985839844,428.00431732573554,413.84956258662663,419.435721038305,13482926
2025-01-09,426.1580505371094,436.1468578467629,422.32346292445044,425.4952737464954,19732649
2025-01-10,421.234619140625,427.95695766150703,418.96228709118776,426.01601399088287,9145729
2025-01-13,415.69580078125,420.3825092324278,411.8612421533921,411.8612421533921,17799607
2025-01-14,413.3761291503906,418.0154797721792,412.6660235788637,417.54207605782796,18048459
2025-01-15,414.0862731933594,418.299549305966,412.1926581600245,413.3761675558588,9786805
2025-01-16,409.82562255859375,416.0745576911416,408.1687094723871,414.74900410675934,15774070
2025-01-17,416.7846374511719,418.2995062063369,409.4942087662954,409.9676124758518,11270061
2025-01-20,414.4176025390625,417.7314283751026,412.8080184324215,415.6484405775987,8742771
2025-01-21,414.2756042480469,423.22294655507415,412.0979585863446,414.7016791747707,15686500
2025-01-22,413.7548522949219,418.4415606921262,413.32877738816876,416.50058809880306,9619648
2025-01-23,416.7846374511719,418.3468639138542,411.0091064157298,411.86122731407744,8888248
2025-01-24,418.11016845703125,421.32930795242055,415.69579216478695,416.0271805454013,9665384
2025-01-27,416.6899719238281,421.329322732364,413.32878808007484,417.3527198140356,10480203
2025-01-28,412.2873229980469,418.2995272971351,411.3878443468299,416.59528541451135,20813072
2025-01-29,410.2989807128906,414.22822553049775,407.2218567518069,412.76068566061116,15158510
2025-01-30,412.9974060058594,414.70164779525544,408.5000707843355,409.9676107199671,22496695
2025-01-31,423.6963195800781,424.3590963304251,411.9559133750371,413.2814379814617,13546181
2025-02-01,437.94573974609375,446.4196773100036,416.16917012121553,424.169703997628,30393007
2025-02-03,430.1819763183594,440.4548430642073,428.24100368388565,437.4250476268326,16991730
2025-02-04,430.93939208984375,435.86280223904276,424.8798303714777,433.6377990198034,18923681
2025-02-05,424.311767578125,431.60219675236533,422.7495410105796,430.9394199567903,12836283
2025-02-06,417.6367492675781,426.0633293355837,414.89101359071367,426.0633293355837,17469129
2025-02-07,407.9319763183594,421.8026990259945,405.6122866178601,416.5952582972785,18875982
2025-02-10,404.47613525390625,410.25163731299205,403.8133585122395,404.2867622150675,12227140
2025-02-11,396.049560546875,407.64795227119043,395.2921261144242,405.9910391677168,14288751
2025-02-12,394.22222900390625,397.97305679084684,392.01021063862936,397.34792371808146,13884574
2025-02-13,394.0299072265625,398.1173542751768,393.3566689137098,394.27034528824566,12989029
2025-02-14,394.558837890625,400.2812751894459,392.77959046029304,396.0014661827297,14124236
2025-02-17,392.97198486328125,395.6648794892229,391.1927372870501,394.12606998139194,11975265
2025-02-18,389.7500915527344,395.1359099155748,388.54790126416947,392.39491018757707,12998403
2025-02-19,390.8561096191406,393.1643091555031,389.0287862091182,389.31730014478245,7079032
2025-02-20,386.6724853515625,388.45173290704383,381.0462580968928,384.6528290808348,15355585
2025-02-21,385.5664367675781,387.8265602235753,383.93147569860434,386.67244588636703,8240986
2025-02-24,386.5282287597656,387.97085715475134,383.4987150003656,384.70090532952037,7037625
2025-02-25,389.3653869628906,391.43314833834296,385.1817589914161,386.62438730224534,15760891
2025-02-27,386.23968505859375,390.9522649156751,384.2199995911739,389.36537967354076,19051003
2025-02-28,379.8921203613281,387.10526188717614,377.1992259318174,383.73912917511376,31954776
2025-03-03,382.2484436035156,383.73914785126925,376.2374920394293,380.8058152281349,10702826
2025-03-04,379.74786376953125,382.00798731989397,377.82435936077115,380.2768157418011,13404774
2025-03-05,389.5577087402344,396.9632122658291,379.4112349821189,379.4112349821189,15665018
2025-03-06,390.1828918457031,394.0299007695933,385.22984437591543,393.5009194323491,17869996
2025-03-07,388.45172119140625,390.3271497866334,386.33588388818345,388.11510203965406,11180761
2025-03-10,389.5096435546875,391.2888910064267,385.0855775356017,385.7107105996322,9785018
2025-03-11,390.66375732421875,392.7795945645392,385.8549963002887,386.1435102215853,11099475
2025-03-12,396.6266174316406,397.49218857653574,388.54790449537103,390.8561039985411,13844306
2025-03-13,396.28997802734375,398.5501015432174,392.5872555772619,397.20365434770144,8196569
2025-03-17,392.3468322753906,400.32936400980094,391.4331559206942,397.20366927579045,5257805
2025-03-18,393.45281982421875,396.1938193871978,392.1544485206658,394.318390909805,13861897
2025-03-19,387.63421630859375,395.0397200620695,387.20144542451675,394.3184059049263,12830387
2025-03-20,388.49981689453125,391.0965302508203,386.5282072542035,389.50964497469676,16994037
2025-03-21,390.0386047363281,391.9140333230442,386.3358821349048,390.4233291082126,25302035
2025-03-24,395.1839904785156,397.05941909108105,390.0867153346264,391.433162603734,14362572
2025-03-25,394.12603759765625,399.36759879824183,393.06813366389935,396.2419041658655,20338110
2025-03-26,391.769775390625,395.47252733324694,390.71184207125464,394.60692684899476,13891436
2025-03-27,393.7894592285156,394.9916495065971,390.1347831729387,392.39490676580164,18642328
2025-03-28,394.0779724121094,399.7042287729926,392.5391629889967,395.18398159578936,12981873
2025-04-01,391.0965576171875,398.55013776479905,390.08672946636085,394.12607142001764,15206240
2025-04-02,393.40472412109375,394.31840044763595,390.51946753245255,391.48121972866625,8001323
2025-04-03,393.7413330078125,394.51075235495847,391.1446197558559,391.4812095354885,7059566
2025-04-04,394.0299072265625,397.0113157111547,389.02878380341224,391.9140405436106,18627592
2025-04-07,390.51947021484375,392.49107984083315,375.2276160600784,375.2276160600784,26762866
2025-04-08,396.7708740234375,399.89656879675374,391.6735989024767,396.145740938844,18600796
2025-04-09,400.37744140625,403.02226003741157,395.5206043873473,397.20367078899557,21785572
2025-04-11,405.4266052246094,406.29220563589877,401.05064470240745,403.9359011391154,8939356
2025-04-15,404.32061767578125,412.78405461806295,402.97417047029376,412.78405461806295,11685880
2025-04-16,408.2157287597656,409.75450878339007,402.0124153945198,402.0124153945198,13034594
2025-04-17,410.90863037109375,411.48568756526555,405.4266310519838,408.7446879057106,22410217
2025-04-21,406.67694091796875,412.6878924233474,405.3785695227371,411.6780349602343,27388236
2025-04-22,417.0157775878906,418.1698626669371,407.35014995516246,409.65837881395373,32031936
2025-04-23,414.3709411621094,420.7185115509847,412.4474367624713,419.5163213012109,19566317
2025-04-24,413.60150146484375,419.3720143801557,412.88018735042976,415.3326729496452,26064089
2025-04-25,411.4375915527344,416.1502009519827,407.10970652510946,413.60153406654683,22944377
2025-04-28,412.3993225097656,414.0343129537871,408.50423792594904,410.331561195513,6287095
2025-04-29,409.7064208984375,413.16873455074716,408.74466873670406,412.4954962973951,11189930
2025-04-30,409.5140686035156,412.8802012507744,405.8594220409165,411.0528779694748,10026546
2025-05-02,413.07257080078125,414.99607520497585,407.87911477952554,407.87911477952554,9263372
2025-05-05,420.2376403808594,421.72834456792714,412.92831770641976,413.7938888263413,11525305
2025-05-06,418.89117431640625,422.834364350939,416.43871785669694,420.7666029152538,15026568
2025-05-07,414.6594543457031,418.362206178502,413.2649312686502,416.823396791454,9710361
2025-05-08,414.1304931640625,414.9960642530376,407.350122708005,412.59168381124715,19937960
2025-05-09,407.35015869140625,412.7359772268443,406.82120668762605,409.658387599701,8226512
2025-05-12,418.8431091308594,419.5163474528399,411.77422415146265,413.0725955722253,8031891
2025-05-13,411.53375244140625,421.1993794721109,409.08129611962823,418.2660177094136,14976369
2025-05-14,412.6878967285156,415.332715418473,409.6102777855163,410.76439222672843,9557309
2025-05-15,416.1020812988281,418.74689983509177,409.7064350721147,412.6878727466996,24263510
2025-05-16,419.03546142578125,419.51633754430964,415.573147502307,418.26604202592637,16402035
2025-05-19,418.6988220214844,421.72833555161463,416.10207936688846,418.362202884726,7543854
2025-05-20,418.2660217285156,423.9403537817196,416.34251734774494,420.28570719839433,9868414
2025-05-21,416.438720703125,421.4398441006694,415.4769684613164,419.90103464370577,5776672
2025-05-22,409.8026123046875,416.43869651769444,406.7249935694986,416.43869651769444,19451749
2025-05-23,419.61248779296875,422.20923056391143,412.59170822760365,417.40046939575757,18536884
2025-05-26,425.9600524902344,426.58518556334417,420.0452822056058,421.48791053602,13107662
2025-05-27,417.3042907714844,427.2103564467042,414.37095818169377,425.9600609253769,26986022
2025-05-28,411.57440185546875,413.92513013654184,404.5221871211176,409.12572033536514,431851622
2025-05-29,410.1541442871094,414.12099629331436,408.04828421108533,413.337430183069,21478547
2025-05-30,409.468505859375,411.4274510468685,407.85238205791916,410.49697001748797,30656239
2025-06-02,410.6928405761719,411.8192579553598,406.0403458241328,409.7133679967952,14973380
2025-06-03,408.39111328125,413.04360813984886,407.1177809642176,410.3990201585084,13216486
2025-06-04,408.4400634765625,410.39900862513116,407.4116292300163,408.586978384479,12598933
2025-06-05,410.4969482421875,412.30897842272395,407.2157092489669,409.9092587388879,13212523
2025-06-06,412.40692138671875,412.6517895338172,410.39901453696416,411.67231694542346,8774988
2025-06-09,414.3658752441406,414.9046031137218,411.86823204786555,413.33744096123485,10473123
2025-06-10,418.23480224609375,419.75297282706833,414.3658735007135,415.78612073411426,13041075
2025-06-11,417.4022216796875,419.312205110815,416.12891931968926,419.2142518774774,20789182
2025-06-12,412.3579406738281,418.43068239792314,410.9376935297822,418.2347759328376,18508835
2025-06-13,405.4036865234375,410.7418239308055,405.01190347774315,406.48111231744474,17873926
2025-06-16,409.6154479980469,410.30106087453294,404.7670467340719,406.4321620890675,7006629
2025-06-17,408.83184814453125,410.44797192026425,407.1667626963428,409.5174909056936,9028406
2025-06-18,407.3626403808594,409.86031339660474,406.3831678000489,408.4400661979771,8036215
2025-06-19,407.4606018066406,409.66441515775824,406.2852227295919,407.11778041824044,12601006
2025-06-20,409.9582214355469,410.8887323090276,407.46057840418473,407.46057840418473,13203184
2025-06-23,405.4036865234375,408.9297937169475,403.2978264980913,408.4400574370469,14839890
2025-06-24,405.844482421875,412.0151479158747,405.25679287693885,408.3421256239387,16690068
2025-06-25,407.80340576171875,409.5664444107915,406.5790650634376,407.85236743319786,9946718
2025-06-26,411.67230224609375,412.25999175637196,407.70545036119364,408.635961243395,13703918
2025-06-27,410.0561828613281,413.3374219283217,409.2236252038625,412.3579493645105,21409935
2025-06-30,407.9013671875,412.1130873177171,407.26468609870335,411.18257641188427,12317124
2025-07-01,406.5790710449219,410.25209319380195,406.38316457386264,408.4400629554616,13670465
2025-07-02,404.47320556640625,408.3421042433258,403.2488648665335,408.3421042433258,15990899
2025-07-03,404.864990234375,407.4605865502793,402.80809187212105,405.5016414226337,14185298
2025-07-04,404.0813903808594,406.48111009570783,403.2978242937535,406.383156862037,8256733
2025-07-07,407.6075134277344,408.63597758463175,403.54270814671577,404.52218073930493,6845218
2025-07-08,408.635986328125,409.5175057020906,406.1383132289018,407.60752214922184,6807192
2025-07-09,410.83978271484375,411.6723104890166,406.9218924227146,407.65649685248883,9930533
2025-07-10,408.29315185546875,411.67231432927395,407.8523772370402,411.67231432927395,6220360
2025-07-11,408.2441711425781,409.4685119028319,406.9708687083669,408.44007762067145,8578844
2025-07-14,410.7908020019531,411.3295298660291,407.9992991168515,408.4890354163033,6896989
2025-07-15,413.4353942871094,413.72922411339215,410.3990232206159,412.26001519971453,8532755
2025-07-16,415.8840637207031,416.7166213924788,411.67231368924485,413.43538226908703,9780773
2025-07-17,415.2474060058594,417.1573595734722,414.3168951123935,417.05940633871836,7240795
2025-07-18,414.072021484375,416.4717411939595,411.4764251990089,416.4717411939595,6730256
2025-07-21,411.4764404296875,414.0720368111289,409.8113250726935,413.3374323697135,4822343
2025-07-22,407.4606018066406,411.77027527059994,406.6770356826959,411.47644544690354,9869507
2025-07-23,406.4321594238281,409.32158560296745,405.5016485154682,408.53801949465566,12196187
2025-07-24,401.5347900390625,407.3136721952123,401.04505375648824,407.3136721952123,9005157
2025-07-25,400.9960632324219,401.8286208931811,399.3799394739661,401.58375275125957,5824089
2025-07-28,401.4858093261719,402.41632024466196,400.21250691352043,402.36732868040224,8123337
2025-07-29,400.0655822753906,402.9550084157297,399.62480766342725,401.5837527990323,6811772
2025-07-30,399.2330322265625,400.898117688896,397.4210019633524,400.60428786940514,10915863
2025-07-31,403.4937438964844,405.50165074201533,397.2250954310459,397.61690837848414,19364174
2025-08-01,407.9013671875,410.74183168633,403.34679578552243,403.9344853107258,14324065
2025-08-04,408.29315185546875,413.8271659664987,406.5790748366726,411.57439098396185,18352458
2025-08-05,405.6485595703125,409.37057327725813,404.522172091142,408.6359688485212,8495104
2025-08-06,403.5426940917969,406.4811117672226,402.07348525408406,405.6485541142926,9080543
2025-08-07,405.10986328125,406.2362507650608,403.1998798022133,403.542701181929,11514878
2025-08-08,405.99139404296875,406.82395173394906,404.4732234643995,405.40370450279846,9814361
2025-08-11,408.29315185546875,408.4400667645679,405.5016490180602,405.99138530914485,8514272
2025-08-12,407.80340576171875,411.1825681542966,406.77494164048437,408.44005694659893,13635738
2025-08-13,405.599609375,408.92981023461243,405.1098730753178,408.6359804112558,10874910
2025-08-14,403.0039978027344,406.5300751148795,402.563223193151,405.74650902132066,9580361
2025-08-18,397.9596862792969,405.207807083524,396.5394690122968,404.5221643400549,30950814
2025-08-19,400.7022399902344,400.99606980890684,396.19666012675947,398.00869038492266,16681331
2025-08-20,397.7148132324219,401.82860986020313,397.1271536208501,400.7022224165175,18188129
2025-08-21,397.22509765625,398.49842996029514,395.07027588892424,397.7148339521601,15028966
2025-08-22,390.1239013671875,398.1555881648492,389.34033529035065,397.6658518940437,13087624
2025-08-25,391.1523742675781,392.327723409267,388.1160033420702,390.8095528920783,10440286
2025-08-26,395.0702819824219,397.07818887017044,390.22188062167817,391.1033999896865,13715752
2025-08-28,392.6705627441406,396.19667011274,391.78904337477377,396.19667011274,12471719
2025-08-29,401.3388977050781,402.02454048128317,393.6500318196282,393.74798505781916,25255050
2025-09-01,397.5189514160156,401.77966310485994,396.68639374720885,401.3388884886885,12268090
2025-09-02,398.4004821777344,399.4779080217149,396.14770714215564,398.20457570023547,19808255
2025-09-03,403.2978210449219,404.76702986475766,398.9391562562904,400.114535268611,12936588
2025-09-04,407.3626403808594,418.2347920060821,406.4811210363561,415.24741259106247,27274123
2025-09-05,398.9881591796875,408.4400635448862,396.09870312861307,408.3421103092152,16000675
2025-09-08,399.1840515136719,402.1224693529809,398.44944705384466,399.08612816526716,7419022
2025-09-09,401.6327209472656,402.51427018540727,399.0371245789613,400.1145503991436,8825896
2025-09-10,404.5711364746094,405.2078175633528,400.555322816839,402.56322964572416,9252397
2025-09-11,406.53009033203125,408.1462440335788,403.9834854870758,404.5711451336769,8274406
2025-09-12,405.25677490234375,408.48902241943284,404.37525556960406,406.82393698895356,7803379
2025-09-15,404.1793518066406,405.7954755760093,403.29783246799684,404.5711348581344,5707331
2025-09-16,404.6201171875,405.8444578774336,403.54269140213233,404.7180704209207,8239087
2025-09-17,400.8981018066406,406.08932424399245,399.6737611220478,405.45267306623015,14113882
2025-09-18,403.1019287109375,404.5711375822802,401.68171140331816,402.90605212943706,15647808
2025-09-19,402.22039794921875,404.13038138420126,400.55531254363956,403.101917268776,19505321
2025-09-22,398.59637451171875,402.56322646569487,397.7148252853857,402.2204050878021,8930779
2025-09-23,394.9233703613281,399.7227801970498,393.8459445065011,398.7433075819584,14936357
2025-09-24,392.76849365234375,396.34356249165154,392.4746638429711,394.9233452248436,12380865
2025-09-25,391.8869934082031,394.7274579712088,389.83009496908466,393.209287397003,22006368
2025-09-26,396.7843322753906,397.5678983516164,391.59310987422305,391.8869695711551,14414044
2025-09-29,398.89019775390625,399.6248021696593,394.9233458652918,398.5473763816621,19717660
2025-09-30,393.30718994140625,398.4004591506758,392.1808024887207,398.4004591506758,9465490
2025-10-01,397.2740783691406,397.665861416941,391.5441578852763,394.0907925326749,17643039
2025-10-03,396.0007629394531,397.1761420239669,394.04181772601805,396.58845248171,16987141
2025-10-06,392.52362060546875,395.60895312981853,391.5931097355416,394.7274338215943,13989077
2025-10-07,391.5931396484375,394.3356809060124,391.29930982029435,394.237727666254,12298968
2025-10-08,391.5441589355469,393.5031040709342,389.8300819420829,391.7890270774703,8402463
2025-10-09,391.6910705566406,393.1602793958562,390.7605895598157,390.80955123133737,15656267
2025-10-10,394.53155517578125,395.5600193505022,391.299307520674,392.22981845621223,15085738
2025-10-13,391.0544128417969,392.71952812155763,390.36877010515894,391.78901724913896,9508594
2025-10-14,388.6546936035156,392.6215753424221,388.0670339898672,391.78901770158024,10291102
2025-10-15,391.6910705566406,392.62158144459596,389.0954742522526,389.83007867186035,16043867
2025-10-16,396.83331298828125,397.665870666178,391.3482605181077,392.7685077269394,22962049
2025-10-17,403.6896057128906,405.35472100520315,396.9312510926241,397.0292043259007,21071344
2025-10-20,404.5711364746094,406.3342050500721,402.85705946273583,404.0814001855026,13083621
2025-10-21,404.3752746582031,405.4527005118031,403.88553835121513,405.0119258790611,1142130
2025-10-23,407.41162109375,411.8192475900064,405.0608630495091,407.46058276503413,24305990
2025-10-24,408.2441711425781,409.3705885549171,404.96296181800335,407.411643338511,14935678
2025-10-27,412.01513671875,414.02307345178554,408.048284707717,408.4400677633165,11603679
2025-10-28,409.32159423828125,412.9946164943518,407.3626490350436,411.86822898071654,17163147
2025-10-29,412.9456481933594,413.53333772312516,407.5095574069397,409.61544737952806,11470661
2025-10-30,410.1541442871094,413.04360036450976,407.60750959211543,412.94564712794636,12938674
2025-10-31,411.7213134765625,417.64711075138126,409.615453364337,411.8682283883677,18599864
2025-11-03,405.45269775390625,412.9946188955417,404.816016646247,411.3295333977877,7635440
2025-11-04,400.5063171386719,405.99136936159005,399.96761919609156,405.50163308974254,10085404
2025-11-06,399.13507080078125,404.8159997293463,398.20455990626584,401.58375221673697,10095563
2025-11-07,395.7558898925781,400.70224442999825,394.82540886238485,397.71483508178255,8411611
2025-11-10,397.22509765625,398.7432981082502,395.3641057100178,395.75588876851964,6650003
2025-11-11,398.4984130859375,399.673762211673,396.2945998476621,397.6658554399186,12005318
2025-11-12,398.64532470703125,399.7227504817627,397.22507756427666,399.624797249309,7987236
2025-11-13,397.3720397949219,399.1350784919307,396.1966607361619,398.64534219930255,6617185
2025-11-14,399.771728515625,400.3594180432725,391.8869861840081,396.3925660411311,64020258
2025-11-17,398.7432861328125,403.542695710365,397.6658603359422,401.3388824449565,7855399
2025-11-18,397.5189514160156,401.3878501610938,396.2456191310374,399.8696796229581,7661681
2025-11-19,395.2661437988281,397.2250889394812,394.5315393710832,396.5394760749311,7882450
2025-11-20,397.1271667480469,398.64533728000737,394.97231513062155,395.2661449461201,6693410
2025-11-21,399.4779052734375,400.1145564842314,396.39257256641207,396.68640238950724,5808131
2025-11-24,395.2661437988281,400.4083747930425,394.580530934278,400.01659174313806,11037491
2025-11-25,392.5726013183594,396.1966618504526,391.8869884414304,395.26615093538965,8199785
2025-11-26,394.04180908203125,395.6579627605675,392.71954500487413,392.7685066776832,11443953
2025-11-27,396.0007629394531,397.61691665344256,393.8459411393536,395.21719681053185,8679529
2025-11-28,395.9517822265625,396.68638664627787,394.23770524722676,396.0007438980914,6883500
2025-12-01,395.9517822265625,397.17612292608806,390.025985197311,394.5315350586607,13442658
2025-12-02,392.71954345703125,397.1761317458155,392.27876883896204,395.95179101910213,8093808
2025-12-03,392.2787780761719,393.94389346016385,390.66265425708065,393.45415715794644,10772192
2025-12-04,394.7763977050781,395.26613397807347,390.85850752111554,391.8869716290837,8057989
2025-12-05,396.6374206542969,397.0292036956514,393.7479646784384,394.7763988983853,4419747
2025-12-08,394.04180908203125,396.93126516491554,392.32773205787674,396.6374353457986,6056866
2025-12-09,392.8174743652344,396.19666679247575,391.78904009144696,393.7479852919042,9426717
2025-12-10,394.8743591308594,396.09869983875063,392.7684990915125,392.86645232636994,6969146
2025-12-11,394.6294860839844,395.70691187176226,392.86644744298803,394.8743542225189,6980147
2025-12-12,391.8869934082031,395.7069305716336,391.6421252580969,394.62950473294,12407516
2025-12-15,394.04180908203125,395.07027323120263,391.29929779983655,391.8869873292014,7756564
2025-12-16,393.4541320800781,397.4209839187486,392.81745101487064,393.16027238279855,12347384
2025-12-17,391.5931396484375,394.8254172136723,390.9075267523928,392.76851874327417,8087490
2025-12-18,392.1808166503906,393.69901709025,391.6421186856499,391.7890335950218,7227668
2025-12-19,392.8174743652344,394.38463650382647,392.0339082415041,392.0339082415041,10654835
2025-12-22,394.4336242675781,395.3641052941498,392.96441538139317,393.35619843948285,6847871
2025-12-23,398.9881591796875,400.50632971362984,393.5520684568217,394.2377112153877,10081997
2025-12-24,398.2535705566406,401.09403515706003,397.323059617528,399.5758645628573,5777430
2025-12-26,395.8538513183594,398.7922691629462,395.5600214903535,398.1556179415121,3152453
2025-12-29,394.3356628417969,396.4904845621106,393.2092753640043,395.80487169747335,6647710
2025-12-30,392.376708984375,395.1682117263742,392.0828492850893,394.7274371230106,12340527
2025-12-31,394.7274475097656,395.462051940615,392.62158745289,392.8664555965065,9945109
2026-01-01,356.381103515625,394.4336191525785,355.2547160290497,394.4336191525785,282626710
2026-01-02,342.8643493652344,352.6101130575833,338.1628931475851,352.6101130575833,118790358
2026-01-05,342.5215759277344,346.68433442609853,338.9464770691755,343.0113122216596,48358124
2026-01-06,335.42041015625,343.50105925874186,330.816876892923,343.06028462397126,72582738
2026-01-07,334.2450256347656,337.4772732668689,332.33504210325714,335.9591026893029,29440734
2026-01-08,333.9021911621094,338.06494956001615,332.09016094008854,334.48988067886347,36706319
2026-01-09,330.22918701171875,334.0001625673181,329.20075271979715,333.9022093273418,35193201
2026-01-12,331.4535217285156,332.5309475663088,328.9068869913131,331.306606816801,16156143
2026-01-13,327.8294982910156,332.5309549165941,326.8500256697591,332.0412186059658,24922339
2026-01-14,327.8784484863281,329.1027892200336,326.6051460797269,329.1027892200336,14913422
2026-01-15,327.8784484863281,327.8784484863281,327.8784484863281,327.8784484863281,0
2026-01-16,322.4423828125,330.5719932075216,321.805701727492,330.5719932075216,30526898
2026-01-19,326.3602600097656,327.7804772481891,320.58134815114005,323.22593594715954,15507440
2026-01-20,319.6018981933594,327.6335854891576,318.81833206792464,327.1928108616433,18771011
2026-01-21,318.0837097167969,322.54029785029536,317.6919266761261,319.3080504008492,14177965
2026-01-22,318.1816711425781,321.9526465247838,314.4596574325432,319.4060118581559,18622852
2026-01-23,316.76141357421875,319.69983119529894,316.0758007306446,318.86727355776696,11950089
2026-01-27,312.1089172363281,318.034744006556,311.32535116493864,316.95731824004827,47847784
2026-01-28,314.5576171875,317.0552902337236,312.7945784769798,313.38226801086364,28400238
2026-01-29,312.0599670410156,315.97785732428986,311.52123919238704,315.97785732428986,17719420
2026-01-30,315.5370788574219,318.4754965339916,309.95410320661756,312.25583980702623,41975824
2026-02-02,308.2400207519531,308.92563359629287,295.8007075190383,303.09778990932085,35227572
2026-02-03,310.1499938964844,318.08372796245794,305.2036692056378,314.60661217674976,33168353
2026-02-04,313.8500061035156,314.95001220703125,311.3500061035156,312.5,11196759
2026-02-05,310.20001220703125,315.3500061035156,309.29998779296875,313.95001220703125,15816704
2026-02-06,325.79998779296875,327.70001220703125,308.29998779296875,310.0,68057745
2026-02-09,322.79998779296875,328.70001220703125,321.6499938964844,327.95001220703125,20059198
2026-02-10,321.3999938964844,323.54998779296875,320.75,323.0,11489090
2026-02-11,318.25,322.20001220703125,316.29998779296875,321.95001220703125,24843366
2026-02-12,317.45001220703125,320.3999938964844,316.8999938964844,317.29998779296875,13294561
2026-02-13,313.75,318.3999938964844,313.25,316.0,8730618
2026-02-16,317.95001220703125,318.25,313.1499938964844,313.75,11693763
2026-02-17,325.45001220703125,328.04998779296875,318.1499938964844,318.45001220703125,39360672
2026-02-18,332.45001220703125,332.95001220703125,324.79998779296875,326.0,35473203
2026-02-19,326.0,334.25,325.0,334.04998779296875,19911747
2026-02-20,327.0,327.8500061035156,325.04998779296875,325.04998779296875,11282027
2026-02-23,325.3999938964844,328.1000061035156,324.3999938964844,327.0,13486092
2026-02-24,323.5,325.3999938964844,322.04998779296875,324.0,13135859
2026-02-25,319.75,326.6000061035156,318.1000061035156,325.5,13492101
2026-02-26,318.29998779296875,321.3999938964844,317.6000061035156,320.0,11270119
2026-02-27,313.6000061035156,317.75,312.6499938964844,316.0,13892595
2026-03-02,314.8999938964844,315.75,307.0,307.0,22194311
2026-03-04,311.95001220703125,315.5,310.5,310.6000061035156,24165489
2026-03-05,311.5,313.6000061035156,308.20001220703125,312.20001220703125,19938009
2026-03-06,309.70001220703125,312.29998779296875,309.20001220703125,310.04998779296875,21288269
2026-03-09,306.0,307.20001220703125,303.6000061035156,305.0,14084931
2026-03-10,309.04998779296875,310.0,303.75,309.0,18352950
2026-03-11,309.0,310.6499938964844,307.70001220703125,309.04998779296875,14842485
2026-03-12,304.1000061035156,308.0,302.8500061035156,307.04998779296875,23319679
2026-03-13,301.45001220703125,306.0,300.6499938964844,304.0,25659996
2026-03-16,308.25,309.45001220703125,302.0,302.54998779296875,37472204
2026-03-17,304.8500061035156,309.95001220703125,304.04998779296875,309.95001220703125,25649286
2026-03-18,304.04998779296875,306.95001220703125,303.5,305.8999938964844,16702554
2026-03-19,298.0,305.5,297.1000061035156,301.5,17851126
2026-03-20,299.95001220703125,308.75,298.1499938964844,301.04998779296875,58679529
2026-03-23,290.45001220703125,299.0,289.54998779296875,298.8999938964844,31788160
2026-03-24,291.25,296.0,288.75,295.95001220703125,33335721
2026-03-25,295.70001220703125,298.5,292.25,292.70001220703125,26184716
2026-03-27,294.70001220703125,296.8500061035156,291.54998779296875,294.70001220703125,22179022
2026-03-30,287.70001220703125,294.45001220703125,287.0,293.6000061035156,24586921
2026-04-01,291.70001220703125,294.45001220703125,290.8999938964844,293.0,18604340
2026-04-02,292.8500061035156,293.6499938964844,288.3999938964844,290.25,18082775
2026-04-06,294.8500061035156,295.3500061035156,290.25,293.0,18047063
2026-04-07,298.45001220703125,299.0,292.75,294.1499938964844,26963485
2026-04-08,302.45001220703125,304.6000061035156,301.54998779296875,303.8999938964844,22310207
2026-04-09,303.0,304.3999938964844,301.25,301.5,17691477
2026-04-10,304.25,305.3999938964844,302.6000061035156,303.0,17744386
2026-04-13,298.6499938964844,301.45001220703125,298.1000061035156,300.0,16522014
2026-04-15,302.04998779296875,304.0,300.54998779296875,300.70001220703125,18701403
2026-04-16,303.3999938964844,305.3500061035156,301.8500061035156,302.95001220703125,16512053
2026-04-17,306.79998779296875,309.95001220703125,303.8500061035156,303.8500061035156,35111203
2026-04-20,305.0,307.95001220703125,304.45001220703125,307.0,13540471
2026-04-21,309.6499938964844,311.1000061035156,304.54998779296875,305.0,24411865
2026-04-22,305.5,310.54998779296875,305.1000061035156,310.0,24500511
2026-04-23,305.29998779296875,306.3500061035156,303.25,304.0,10701849
2026-04-24,301.6000061035156,306.6499938964844,301.1000061035156,306.6499938964844,17011704
2026-04-27,303.8500061035156,305.6499938964844,302.8500061035156,303.6499938964844,14382348
2026-04-28,304.45001220703125,305.79998779296875,302.54998779296875,304.3999938964844,12907339
2026-04-29,316.25,317.5,305.1000061035156,305.1000061035156,31199038
2026-04-30,314.8999938964844,317.5,313.29998779296875,316.25,11541956
2026-05-01,314.8999938964844,314.8999938964844,314.8999938964844,314.8999938964844,0
2026-05-04,311.1000061035156,317.8999938964844,310.5,317.8999938964844,20245091
2026-05-05,311.45001220703125,313.70001220703125,309.6499938964844,311.1000061035156,26795704
2026-05-06,310.70001220703125,313.6000061035156,309.25,312.79998779296875,20287609
2026-05-07,307.3999938964844,311.6499938964844,307.0,311.45001220703125,25718615
2026-05-08,307.45001220703125,308.8999938964844,305.70001220703125,308.8999938964844,17739844
2026-05-11,305.8500061035156,308.0,305.1499938964844,307.0,14968661
2026-05-12,300.70001220703125,306.25,300.1000061035156,305.3500061035156,15968338
2026-05-13,304.45001220703125,305.79998779296875,301.04998779296875,302.0,13024778
2026-05-14,307.20001220703125,309.20001220703125,304.8500061035156,305.0,11113377
2026-05-15,309.45001220703125,312.04998779296875,306.29998779296875,307.20001220703125,11954564
2026-05-18,310.1499938964844,312.29998779296875,306.5,309.45001220703125,14422870
2026-05-19,310.29998779296875,314.25,308.3500061035156,311.95001220703125,17519355
2026-05-20,307.54998779296875,309.6499938964844,306.20001220703125,309.0,12127920
2026-05-21,308.04998779296875,311.29998779296875,305.79998779296875,309.8500061035156,21868988
2026-05-22,301.70001220703125,307.0,301.0,305.8999938964844,30742344
