Date,Close,High,Low,Open,Volume
2021-05-24,322.1022644042969,323.4119934551115,315.5536494301759,315.73224058802725,16445400
2021-05-25,325.23773193359375,326.6168932086771,322.2709924282731,324.5332384164337,16437000
2021-05-26,325.1086730957031,327.26175939453856,323.28300392269824,325.793302820574,9686900
2021-05-27,330.1590881347656,331.18106697098676,324.215738131107,325.44607335297707,20477700
2021-05-28,326.1703796386719,330.27812809646827,325.77346998443005,328.42269355471336,12037400
2021-06-01,326.5672607421875,328.8394383209458,324.0966586152129,327.5793076939704,11765900
2021-06-02,326.587158203125,329.28598088412383,324.5729654497298,327.8075920479753,11654300
2021-06-03,323.5013122558594,324.8308747707798,320.961248006466,323.24332704492036,12610800
2021-06-04,327.77777099609375,329.8713271716394,322.6480133267942,323.36240833474403,13289400
2021-06-07,333.9591979980469,335.06057070056113,326.36877097243007,326.91450655149737,20136700
2021-06-08,331.0818176269531,335.66583948741965,329.6530276600603,334.07832199527667,14580500
2021-06-09,327.6785583496094,334.17754565379573,327.4305049367785,333.1258016057894,13727900
2021-06-10,329.8713073730469,331.33979432346086,325.9917487704963,328.2143277062519,13240200
2021-06-11,328.6806640625,330.2384162938498,326.3687895778356,329.99036291102897,13587900
2021-06-14,334.14776611328125,334.1973949616918,327.24196787486557,329.3156906835293,12250800
2021-06-15,334.1278991699219,337.27322931676474,332.42129072317135,334.3660207225069,15795200
2021-06-16,328.5020446777344,334.92166747666334,326.16043526357373,334.07831019373776,17232200
2021-06-17,333.8898010253906,335.34835619713573,327.5793069198967,327.91665590302716,17794100
2021-06-18,327.0931701660156,333.53262735380366,326.43830549404345,331.92524601348964,23039500
2021-06-21,329.70263671875,330.3277360767431,325.09875148397424,328.51196839114846,11337500
2021-06-22,336.3901672363281,337.2732518527593,330.0102412140811,330.09953680226704,15345300
2021-06-23,337.9380798339844,340.7460617228311,335.56670470053785,336.70774446499763,14817800
2021-06-24,340.50787353515625,342.214482226336,339.1287123056329,339.18824270230544,12329100
2021-06-25,338.7120056152344,341.44059344886085,337.0351619423543,339.92250761080527,14594400
2021-06-28,352.870849609375,355.35138354168714,339.1088219177448,339.7934517054594,29156100
2021-06-29,349.15008544921875,353.9622975602913,346.3321719592447,353.49595592074894,21417300
2021-06-30,345.0025939941406,350.17204882576885,344.466820433669,349.4278886007124,15107500
2021-07-01,351.6306457519531,351.90846439103524,343.8020647221668,344.119580389678,17137000
2021-07-02,351.9381408691406,353.6645826710624,349.8743198305657,352.3350202134964,11521300
2021-07-06,350.0331115722656,355.9963249803974,346.46113656672946,353.7241473646603,13488500
2021-07-07,347.760986328125,353.71426880724357,347.27481128191766,352.493865278199,14218900
2021-07-08,342.9586181640625,345.61774329354535,339.89268183283735,343.03801220730537,14406500
2021-07-09,347.6915283203125,347.97924848366796,342.58160368473915,342.63123253632193,13018700
2021-07-12,350.4101867675781,351.4321656465033,346.91760551570826,348.49522163288634,10018600
2021-07-13,349.3484802246094,355.6986411619793,346.0840890261971,348.7630778385036,11456000
2021-07-14,344.9232482910156,352.43431315647945,344.0302620301716,351.7992818634606,13894200
2021-07-15,341.77789306640625,346.5107713852772,337.57091703181555,346.5107713852772,14781600
2021-07-16,338.5035705566406,343.29594856960324,337.49152365972935,342.22437128345916,11026100
2021-07-19,334.326416015625,337.1442992705485,331.9351773815617,334.9415836605786,14372300
2021-07-20,338.999755859375,340.775826962842,331.89550172546774,336.1620087686987,11024300
2021-07-21,343.5341491699219,343.8218693320699,338.59291420253294,338.84096761953117,9279700
2021-07-22,348.4554748535156,348.80275564782727,342.5220269951363,343.9805821072819,12385400
2021-07-23,366.9106750488281,372.40751658266703,354.40877765238,358.09981344980844,33694300
2021-07-26,369.5598449707031,371.52443867186565,365.35286926957764,366.70226514354084,14925200
2021-07-27,364.9460754394531,370.24449233760663,361.7114494701859,369.01415718461413,15705400
2021-07-28,370.3735046386719,374.6102459613628,364.07294199741824,371.6435368808808,29676900
2021-07-29,355.5299987792969,362.67391881987123,353.9622842712004,358.1891240675114,33413200
2021-07-30,353.5257263183594,357.92125598632435,350.1919028478955,351.24364693893176,15976200
2021-08-02,349.2095947265625,356.6015680075973,348.00899444804065,355.3117024170683,13180400
2021-08-03,348.5051574707031,351.0154571162281,344.9927425004173,349.98357658934486,12406100
2021-08-04,356.12530517578125,357.6731559108853,348.7729990440596,349.67591701952944,14180600
2021-08-05,360.1437683105469,361.06651968292107,354.121024546421,356.8397103759352,10247200
2021-08-06,360.67962646484375,362.30684125353145,358.58603972700615,358.58603972700615,8925000
2021-08-09,358.7943420410156,362.9318860379037,357.9410528872916,360.9276254852371,7798900
2021-08-10,358.3181457519531,361.2650217132256,356.24442270957024,359.01267718837187,7469900
2021-08-11,357.15716552734375,359.5384718883265,355.02391254312903,359.28051696685594,8400300
2021-08-12,359.8262939453125,360.1735747979415,354.3294215430104,355.65901455364246,7170700
2021-08-13,360.35211181640625,361.8205987793182,358.66536694004265,360.14375544814027,7195700
2021-08-16,363.7057800292969,364.09275783068705,354.5972673191107,359.69722899006086,11222100
2021-08-17,355.65899658203125,361.83056672447157,352.30530958489106,360.1537232259015,12328700
2021-08-18,352.68231201171875,357.0579470408631,352.3846297841883,353.4760707252254,10042400
2021-08-19,352.35491943359375,354.785855077009,348.2670038908366,348.61428473703285,12004500
2021-08-20,356.57177734375,357.18694489775766,350.5589656746457,351.83892962795636,8697700
2021-08-23,360.52081298828125,362.8425891488838,356.3039052424102,356.64125422848525,10942000
2021-08-24,362.66400146484375,365.0949066090898,359.02256424131787,360.82840025472757,9235100
2021-08-25,365.5216369628906,367.97237585036623,362.5548972675981,362.75335212907527,9684500
2021-08-26,361.5428161621094,366.5634148299636,361.29476274855944,365.51167077890847,7888700
2021-08-27,369.7285461425781,370.8298886670531,361.2451019807343,362.2571791977708,11219100
2021-08-30,377.6960144042969,378.5195383294216,367.6349544508704,369.6590785756934,13547300
2021-08-31,376.4260559082031,379.7797432154205,375.85055497858326,376.9916250107728,12345400
2021-09-01,379.0751953125,381.33744111851894,375.8604329249879,376.6343583249429,11567200
2021-09-02,372.35791015625,378.77753321392925,371.14740838049124,378.5294798195521,14832900
2021-09-03,373.330322265625,374.22330850570114,370.2048250054217,371.8320699459693,7509600
2021-09-07,379.2042236328125,379.9781491056426,370.2445351558351,372.95328945072,10793800
2021-09-08,374.6300964355469,377.90438920545546,371.8717438371521,377.1999260274363,11067200
2021-09-09,375.0567321777344,376.8724697008113,373.6378740295423,374.6995498243246,9098900
2021-09-10,375.74139404296875,380.8016897745919,375.3147494355466,378.39058756343474,11549600
2021-09-13,373.578369140625,378.77755895045016,371.43518403399025,378.7080967281156,13026300
2021-09-14,373.59820556640625,375.64216326926356,372.1892488559139,374.46142659975425,8711600
2021-09-15,371.008544921875,374.62018689725124,364.80720954935725,374.06454967027025,17940300
2021-09-16,370.15521240234375,370.65131921468594,366.8312907036599,369.8873256244635,11934200
2021-09-17,361.88018798828125,368.5181001758093,358.77455421002566,368.5181001758093,26299000
2021-09-20,352.930419921875,358.2189055405732,347.0763349554893,356.50236496446865,19822800
2021-09-21,354.6965026855469,357.23656689336485,352.4243252293509,355.70854958273947,11751900
2021-09-22,340.5376281738281,347.1160093217714,338.0372607512432,344.52634630694666,43692900
2021-09-23,343.2662048339844,346.94733905140663,340.32926108840206,342.6708706244858,21806300
2021-09-24,350.2117004394531,351.5908918646858,339.7041621492039,340.5673831281829,18801900
2021-09-27,350.826904296875,352.3846870622932,344.3775152914721,347.0862695745265,15205800
2021-09-28,337.9975891113281,346.8779137926571,336.28107879832675,345.2606006251784,21710300
2021-09-29,336.9656677246094,342.5419339486069,336.2413711294323,340.4781125717642,14452200
2021-09-30,336.7474365234375,340.1308587382135,335.5170708926495,337.799180667847,16547100
2021-10-01,340.3392028808594,342.3335316631441,336.0032342139593,338.95007959136314,14905300
2021-10-04,323.6898193359375,333.32420389284897,320.1873069102043,332.9173927263532,42885000
2021-10-05,330.367431640625,332.57014704290987,323.6203912754051,326.02153122963404,35377900
2021-10-06,331.042236328125,331.7764648717444,323.2632532650721,327.17257817238504,26443000
2021-10-07,326.6566467285156,336.20173917391213,326.41852509277703,334.3760693133341,28307500
2021-10-08,327.4801025390625,330.80402431715976,326.1505398838151,328.928756267281,15946100
2021-10-11,322.9159240722656,327.8868935538608,322.7769996356763,325.07894242521274,14708200
2021-10-12,321.2489929199219,321.8542589738375,314.89883180646416,320.51476453054045,31658700
2021-10-13,322.01300048828125,324.4538373921097,320.1476341318763,324.4240721962077,14761500
2021-10-14,325.971923828125,327.9464191482135,324.5530656863524,325.8032341975856,14302200
2021-10-15,322.2313232421875,326.50776176514034,319.9988424702533,326.1207838969584,21596400
2021-10-18,332.7289123535156,333.2746480135661,324.94996119096635,326.38868305478695,21585000
2021-10-19,337.3426818847656,339.7934506132104,334.65379158917005,337.00533290465023,18786300
2021-10-20,338.1265869140625,341.3016828983417,336.80695600282183,340.77581084319115,13639500
2021-10-21,339.218017578125,339.6446621931022,335.1697688091569,337.63046963499943,16354400
2021-10-22,322.08251953125,327.06345237892555,318.60977109703754,323.80899220034786,35224500
2021-10-25,326.1307067871094,326.9939278171444,317.23054914233694,317.8060197357078,38409000
2021-10-26,313.3509826660156,327.6388528181023,307.1893445296699,325.7040544162325,65654000
2021-10-27,309.7889404296875,316.7642010297312,309.63018261546694,311.74360248983976,29971800
2021-10-28,314.452392578125,322.98540653916393,305.7109616496412,310.55296955755523,50806800
2021-10-29,321.05059814453125,323.4616701981431,317.1115084956438,317.6969109522846,37059400
2021-11-01,327.41064453125,330.8536268282647,323.46162362425594,323.50132064541936,31518900
2021-11-02,325.5254211425781,332.1831961301534,321.27874819042154,328.7997441561289,28353000
2021-11-03,329.0379333496094,329.5638054489562,320.6835101652721,324.940085537736,20786500
2021-11-04,333.2349548339844,334.64388123663895,330.0598590951158,331.40928538211995,22495300
2021-11-05,338.47381591796875,344.0897482903848,336.99542740599173,337.6601935331412,26872800
2021-11-08,335.9833984375,342.1053702931129,335.7055798125427,341.73825606870065,18342500
2021-11-09,332.7586975097656,338.6524492000935,331.86571125243444,337.3526516997646,17556700
2021-11-10,325.08892822265625,330.59570243398394,322.9755080862131,329.901140695636,21872600
2021-11-11,325.1881103515625,329.87136025560955,324.45388189862655,327.25193181705265,12376600
2021-11-12,338.2357177734375,339.19813592267263,327.2122086341378,327.60908802886553,25414300
2021-11-15,344.8537902832031,350.89636806742686,340.5277530964521,341.6588609660316,25076600
2021-11-16,340.28955078125,343.95082120477787,338.2158280944205,341.15277172534195,18181100
2021-11-17,338.1166076660156,344.59576107300916,337.4518415302655,341.55958996835096,13602800
2021-11-18,336.0528564453125,339.793491148668,332.68923750827,337.07483533285813,17487200
2021-11-19,342.6113586425781,349.35842957953895,337.2534110290804,339.53552057480016,26488500
2021-11-22,338.3547668457031,351.07492208794804,337.8586600494858,346.332142327309,27116800
2021-11-23,334.6240539550781,338.741734552648,330.903252762101,336.29096562234207,17225000
2021-11-24,338.4043884277344,339.1187834740705,330.2186257334472,333.3837897309682,13566200
2021-11-26,330.5262145996094,335.1201687600475,329.315712704807,333.18533998164787,14750700
2021-11-29,335.3979797363281,338.01743831325274,332.6991573903865,334.26687191807986,16650900
2021-11-30,321.9336242675781,333.1952549665662,320.9116454450948,332.3915643527665,25390000
2021-12-01,308.1815490722656,327.9265935829965,307.87396527980366,327.7182372061574,30329600
2021-12-02,307.9732360839844,312.1504474345972,304.8080718434129,308.9753513670774,24396200
2021-12-03,304.4508361816406,311.30703621441194,297.1679915417255,311.287202841972,27471000
2021-12-06,315.3949890136719,317.6076366411211,303.9547653556216,305.73083649801384,21758300
2021-12-07,320.2964782714844,323.9974459982289,318.5005740303453,319.06614306450473,18794000
2021-12-08,327.9861145019531,330.15906463751605,320.5544445697957,322.46940948818246,19937700
2021-12-09,327.25189208984375,333.5127573929671,325.4460560967517,326.9740734970569,16879200
2021-12-10,327.18243408203125,332.4213206705392,323.8287472745476,329.97055187122083,14528000
2021-12-13,331.8855285644531,338.43414460124114,327.0236878165198,328.37311410359496,22948700
2021-12-14,331.1413269042969,333.0860871840918,325.09875026625247,325.4956296139819,20461000
2021-12-15,338.999755859375,339.44623388206054,321.4574239023316,329.9011423842564,24681300
2021-12-16,332.2922668457031,341.7778246769356,331.14129564995335,336.3405145383336,22635000
2021-12-17,331.1910095214844,334.4851358944469,328.1746714850775,330.20869739741596,40012600
2021-12-20,322.9159240722656,327.3312563674149,320.0186470744069,327.2121955817415,17901800
2021-12-21,331.5978088378906,333.3837812684171,321.2291642430061,323.86845614497594,16116800
2021-12-22,327.8770446777344,331.9054300665554,325.7040941502717,331.200936504894,16764600
2021-12-23,332.6296691894531,334.04855761445225,325.8032349487416,327.5297071595906,13987700
2021-12-27,343.48455810546875,345.16140181124365,335.37818850295827,336.2116444421662,17795000
2021-12-28,343.524169921875,349.963626048627,342.51212302101527,343.93098110318874,16637600
2021-12-29,340.26971435546875,346.9671557608115,338.9798488634585,344.20880332655,10747000
2021-12-30,341.67864990234375,344.5263282790015,340.54754217986994,341.3214675520747,10593300
2021-12-31,333.7310485839844,340.7658393357724,333.6516545396448,340.34909630287945,12870500
2022-01-03,335.90399169921875,338.42419237470216,334.5644973188107,335.66583985117506,14537900
2022-01-04,333.90966796875,340.41858727642335,329.2859485939772,337.3030520719377,15998000
2022-01-05,321.64593505859375,333.1456884441966,321.3184875740911,330.42700225998425,20564500
2022-01-06,329.8713073730469,336.5290820753032,320.20715711438896,320.30638452508464,27962800
2022-01-07,329.20654296875,334.37596709741774,326.3191978982015,330.1491276753842,14722000
2022-01-10,325.5155334472656,325.78342022706335,312.9739386071096,322.77701413394965,24942400
2022-01-11,331.7664794921875,332.0244647355846,322.7472608791002,324.235581381853,16226800
2022-01-12,330.6651306152344,333.7509005316702,327.4602696256606,332.57016386603556,14104900
2022-01-13,323.93792724609375,333.0166761967169,323.22353219830933,332.37174337245716,14797100
2022-01-14,329.31573486328125,330.1392892257927,318.7089675405318,319.2844684675813,16868500
2022-01-18,315.67279052734375,321.6856032779629,315.16678211800723,320.7727836078139,22645600
2022-01-19,317.1015625,324.5530968357373,316.84357725675176,317.09163067373413,20814700
2022-01-20,314.09515380859375,325.2674893105411,313.519683208936,321.3779984398948,16925000
2022-01-21,300.8094482421875,315.83154828865156,300.6804556131822,312.3588002521819,28710700
2022-01-24,306.30621337890625,307.1198356955683,286.759626090013,295.5208577507992,38878100
2022-01-25,297.81292724609375,303.8456033215666,295.2629308448496,297.614502679901,25108500
2022-01-26,292.3359069824219,305.1156233960731,288.58534066797705,304.61951658051186,28348800
2022-01-27,292.3458557128906,299.3607834777899,291.96880966646864,295.4316257497335,21629900
2022-01-28,299.3607482910156,299.54927129206766,290.7483417543587,293.31817127191175,21871600
2022-01-31,310.82086181640625,311.34673384669173,296.9894009293225,298.3387969768634,21579500
2022-02-01,316.5161437988281,317.1710084195929,309.6897092695964,312.110712917288,18023800
2022-02-02,320.48504638671875,325.44611521623455,314.4027711569386,325.2675240055626,58458300
2022-02-03,235.90869140625,246.06896374683373,233.91434759401633,242.7450422531335,188119900
2022-02-04,235.2439422607422,240.72096611837983,228.31829488096275,233.1404540636697,89342200
2022-02-07,223.15878295898438,236.4445235617217,222.26578156076954,235.84918929624516,88613800
2022-02-08,218.465576171875,224.01206152431283,214.4669567033592,219.1303725857273,94729700
2022-02-09,230.1935577392578,231.55288554145955,220.47979314969592,222.45428854589056,86563300
2022-02-10,226.29415893554688,233.1701917922744,224.93481603289214,226.49259862397028,49310400
2022-02-11,217.8404998779297,228.6258569131585,217.06657447768202,226.68112672688727,46156900
2022-02-14,216.0048828125,219.2791904949448,213.10762111687535,217.60234720405774,38184000
2022-02-15,219.27920532226562,219.42803130608593,213.38545412333406,218.75333332612993,42685500
2022-02-16,214.85391235351562,215.7667621295166,210.7064670415823,210.75608074636148,45817500
2022-02-17,206.09271240234375,215.80647777484828,205.54699184434253,212.35357836964496,38747500
2022-02-18,204.55474853515625,209.10900508345037,203.58236835806525,207.759594053588,37128400
2022-02-22,200.50653076171875,205.86447827017005,198.50225500397403,200.76450085331822,39852400
2022-02-23,196.90478515625,205.32868403916535,196.5079057737242,202.57033145267047,44481400
2022-02-24,205.9835662841797,206.72772654511968,188.73888765920373,189.5723435178615,49957200
2022-02-25,208.84112548828125,209.6745964633609,201.59796279185824,203.3442685110929,37627600
2022-02-28,209.38685607910156,211.49034428010935,205.21956156352897,206.06293412526344,34239800
2022-03-01,201.90557861328125,210.1012586232327,200.64546292921548,208.23589195453502,27094900
2022-03-02,206.48959350585938,207.52148909123522,200.44701571250437,203.1855200713699,29452100
2022-03-03,201.3896026611328,207.45202857519675,199.85166849923849,207.39249817950693,27263500
2022-03-04,198.5022735595703,204.28688133945332,197.2421579013162,200.7942848206602,32130900
2022-03-07,186.0102996826172,199.3258054429597,185.8217766611403,199.22657801903105,38560600
2022-03-08,188.80831909179688,195.16841189497072,184.66087351517342,186.38733062782254,37508100
2022-03-09,196.95440673828125,197.54974097584935,192.4100664687819,194.21590255342085,31894700
2022-03-10,193.69000244140625,194.75166300509414,189.58223918998752,193.32287315417,24853000
2022-03-11,186.14918518066406,192.05285278974358,185.2165020189651,191.14001813828725,34694500
2022-03-14,185.17684936523438,190.79276745208614,184.37315868329873,185.57372879286345,31010500
2022-03-15,190.53480529785156,190.78285873547725,184.4624619895682,189.31438662392762,31721700
2022-03-16,202.04444885253906,202.1436611229739,193.00538285917506,193.18397402994407,40640300
2022-03-17,206.2216796875,206.42011938787329,199.5440861170762,200.12948853216994,29499700
2022-03-18,214.80435180664062,215.11193563474245,204.39602452486062,205.09057109476467,52128000
2022-03-21,209.84326171875,213.03819075246523,206.01331658056841,212.82981923288457,30142300
2022-03-22,214.96304321289062,217.75117579405494,208.54342082112635,209.7241572782789,31998800
2022-03-23,211.7979278564453,215.1119177429049,210.50804711106318,211.66893523991357,23717300
2022-03-24,217.86032104492188,218.9517467888066,213.1175266823069,213.3258981746717,31502300
2022-03-25,220.0928192138672,223.7441578485975,217.1856256093876,218.79300673228764,40039000
2022-03-28,221.8490447998047,222.29553791114895,217.830576517749,220.4004213594452,26224100
2022-03-29,228.0702362060547,229.09221508129363,223.53581243884693,224.3097530350269,31417900
2022-03-30,226.07589721679688,229.3501903092489,224.9447742063183,227.12764131461282,25588000
2022-03-31,220.62863159179688,226.71090621508176,220.5294041691088,226.6712091900149,24192300
2022-04-01,223.0992431640625,225.51031504373782,220.9659747526021,222.80157604386122,19544800
2022-04-04,232.06883239746094,232.5252573034455,224.10135860325244,224.22041938743206,28054800
2022-04-05,230.0347900390625,235.0157063910786,229.22118278585194,232.25735388242694,29727200
2022-04-06,221.56130981445312,227.20700787328028,219.68602663220452,225.14320167620593,28995100
2022-04-07,221.21405029296875,223.7640468718205,216.85823258020494,222.18641551892142,21037200
2022-04-08,220.59886169433594,223.37706293065762,218.31676728092958,220.6484754046232,18375700
2022-04-11,214.77456665039062,218.8922471136339,213.54421631232353,216.7192968654244,20516600
2022-04-12,212.47264099121094,220.3012064741465,211.47051060517515,218.52515061375053,20128800
2022-04-13,213.31600952148438,214.92339072532232,209.68450407431595,210.17069419373846,19231800
2022-04-14,208.54345703125,213.3160173902609,208.3648658420038,213.21678996958275,18379500
2022-04-18,209.12887573242188,211.71855397049873,206.6781068000665,208.36486698096425,16580800
2022-04-19,215.61793518066406,216.7292095688352,207.3726425799073,208.88081149240958,20089900
2022-04-20,198.8594512939453,212.4924718413418,197.37113086850815,211.9467513240192,43036500
2022-04-21,186.60560607910156,201.38958163792174,184.13498893603338,200.03025394497672,49954100
2022-04-22,182.67645263671875,191.21941262522995,181.84299681832218,188.88770453092923,36426800
2022-04-25,185.5340118408203,185.72251969233,180.24551195428148,181.30717254952796,29281100
2022-04-26,179.54104614257812,185.73246439664177,178.10233946459232,185.17682720845232,31747400
2022-04-27,173.5877685546875,179.79903546123612,167.68410058572994,173.07181323676826,71062900
2022-04-28,204.12808227539062,206.90628314638815,191.39798105655134,201.33996471963115,100890600
2022-04-29,198.90904235839844,210.82552109106607,198.34347339392878,202.86797968975637,49193400
2022-05-02,209.48606872558594,210.23022894872142,199.42502311439333,199.60361430075616,49915300
2022-05-03,210.37905883789062,213.2267071664261,206.4697346374748,208.8113594552885,41556300
2022-05-04,221.67044067382812,222.5535101589403,205.348530227441,209.0097856387637,41375900
2022-05-05,206.65826416015625,218.45568421552025,204.55477600232203,217.03682591961714,41129200
2022-05-06,202.18336486816406,207.74968364193575,199.45477753082457,205.72555946603094,34747200
2022-05-09,194.68223571777344,200.99271477399856,194.0571363094751,198.28396076469102,36303200
2022-05-10,196.11099243164062,201.37965883993337,192.67794219630522,197.95651014924067,34452500
2022-05-11,187.27041625976562,199.107518248461,186.80407461686013,194.80131449139864,31153400
2022-05-12,189.75096130371094,196.50793445839577,183.3412538744328,185.60349999300624,38262200
2022-05-13,197.07345581054688,198.3335712924769,189.79061178927196,191.0804924673125,24549800
2022-05-16,198.48240661621094,203.7709070471389,194.4044080173516,195.5156975710409,27112600
2022-05-17,201.04232788085938,203.8602261947691,196.8155031199633,200.54622104854852,24872700
2022-05-18,190.7431640625,199.43495048394504,190.13791310966099,198.44273679994532,23960000
2022-05-19,189.80056762695312,193.76942275348446,188.1237390535775,189.71127202020156,24446900
2022-05-20,192.03302001953125,196.36900389432037,186.4071705328154,193.45189338862062,31465600
2022-05-23,194.7020721435547,195.45616417554956,189.75093592706153,193.67017665237506,25059200
2022-05-24,179.86849975585938,182.24980659881354,174.738756702844,179.14418798829092,50406300
2022-05-25,182.39862060546875,184.00600172835072,177.92374289893897,178.99532022087533,28030200
2022-05-26,190.13790893554688,191.32856230221216,180.84085662538251,181.4560393911431,23056500
2022-05-27,193.61062622070312,193.80906589385668,188.32212641828812,189.86997706485317,22562700
2022-05-31,192.13223266601562,196.06140501525076,190.51491972252046,193.3724996128733,26131100
2022-06-01,187.17117309570312,197.97637860549406,183.5595161934951,194.97988929114155,36623500
2022-06-02,197.31161499023438,199.37542128214022,186.26827177623153,186.98266684419815,31951600
2022-06-03,189.2945098876953,195.07911700749378,188.30229628512222,194.45401759307975,19465000
2022-06-06,192.7375030517578,195.3867117016177,186.9330470969102,192.47953295108994,30574200
2022-06-07,194.1265869140625,194.99973973643614,189.99898979915574,190.43555107036437,18828700
2022-06-08,195.10890197753906,200.45693323180112,192.89626965875735,193.15423977117806,22267200
2022-06-09,182.5673065185547,197.8970039563833,182.24979089220236,192.76726134545828,23501600
2022-06-10,174.2029571533203,181.6743246989857,173.65723661984313,181.6147791626238,27450800
2022-06-13,162.98098754882812,171.2362113127509,162.75278267813596,169.26170095508755,31749300
2022-06-14,162.45513916015625,165.45162866818345,160.10359761848122,164.73723361805804,27244300
2022-06-15,168.03138732910156,170.81950525732464,162.70318974465354,165.8981189021135,30008300
2022-06-16,159.61741638183594,163.7946428069884,158.36723254432198,162.4452315414264,26944100
2022-06-17,162.46507263183594,164.6082426639391,158.65496061258537,160.42109974328864,31374200
2022-06-21,155.82717895507812,166.4537801817448,154.7555862436529,164.6380271268283,50724900
2022-06-22,154.63650512695312,159.53802789484112,154.22969389233737,157.14680447815155,47267800
2022-06-23,157.513916015625,158.5061296598179,153.04895461675687,155.05323041722062,40499200
2022-06-24,168.8350830078125,168.92437860519823,160.04406921900008,160.4707138331624,68736000
2022-06-27,168.1702880859375,170.41268536583237,166.70180106089464,169.9860407861088,29174600
2022-06-28,159.42884826660156,169.96616529422738,159.35940119859123,168.57705739428917,27744500
2022-06-29,162.6634979248047,165.03488779285908,159.07168958356175,162.29638374229557,28595200
2022-06-30,159.99444580078125,163.9434517587167,157.25594166723448,160.8874320004222,35250600
2022-07-01,158.78396606445312,159.3693685465401,153.79313208602133,159.06178470476493,31423900
2022-07-05,166.88040161132812,166.93993200272172,155.79737792755841,156.90865227351182,28618600
2022-07-06,168.44813537597656,170.25395655819605,164.17169646480727,166.89035249539867,23085900
2022-07-07,170.84927368164062,171.37514571376303,166.47360777815038,168.13060278464656,24083400
2022-07-08,169.54946899414062,171.05762280254982,166.84071489855444,168.65646764813104,19249200
2022-07-11,161.6117706298828,166.18587634519014,160.64932213963525,165.76914841229626,21885600
2022-07-12,161.99871826171875,164.61816155285183,160.83783016973706,163.5168038543085,16639700
2022-07-13,162.2169952392578,163.69538370726883,158.36720190354342,158.91292237226227,16555100
2022-07-14,156.81936645507812,161.3240096508679,156.05535772465447,159.96468182944713,23765200
2022-07-15,163.41757202148438,163.695390610006,158.57558009298083,159.28995993490958,23342800
2022-07-18,165.92788696289062,170.35316657049168,164.35027086909628,165.4516286428729,23574300
2022-07-19,174.4113006591797,175.11577895763392,168.19011731697498,169.04342159539536,25933700
2022-07-20,181.66436767578125,182.17040625480746,175.32412396073522,176.10798111100158,24784300
2022-07-21,181.74375915527344,182.41847226069277,177.47723774446465,179.2235433302716,27195800
2022-07-22,167.95199584960938,174.23270958756183,167.09869157067797,171.72241045744528,42583900
2022-07-25,165.35238647460938,169.24187701783146,163.5267171273681,167.6840944354724,26166300
2022-07-26,157.91079711914062,164.70746671110234,156.720143761273,164.6479363142058,28468400
2022-07-27,168.2595672607422,169.5395160150193,160.75843561805868,161.3239894406539,43846600
2022-07-28,159.4685821533203,160.25242429053662,153.6442927588761,159.8059311673132,73214300
2022-07-29,157.86117553710938,158.89307092618188,153.9617685690305,156.46215085405942,42065400
2022-08-01,158.68470764160156,163.9037606652723,154.02130693001527,156.0255825636675,40596700
2022-08-02,158.94271850585938,160.97675966339588,156.7796847197048,157.07735186421888,27374500
2022-08-03,167.4856719970703,168.2199004297414,160.31197133907014,161.42324581445072,31721900
2022-08-04,169.2418975830078,170.80958190125747,165.50124770571404,166.98956825137697,23938200
2022-08-05,165.80880737304688,170.27376835954388,164.50901004159635,165.68974659153304,25832700
2022-08-08,168.92437744140625,176.12784324049753,165.82867563352886,166.69189668226872,27299100
2022-08-09,167.21774291992188,168.20995643758116,165.30277809802828,167.63447078054156,18655100
2022-08-10,176.95135498046875,179.0746913011571,172.59553824662777,174.6196622996065,30262100
2022-08-11,176.10800170898438,181.67432074948522,174.99671215406823,178.3107171671491,24079100
2022-08-12,179.09457397460938,180.04710579418173,177.51695781529796,179.40215780114409,21274000
2022-08-15,179.48150634765625,180.0272268217476,176.8124495070817,177.56654148581777,15878700
2022-08-16,178.0725860595703,179.58075505593564,175.66149900261934,178.0428208610876,21156700
2022-08-17,173.4885711669922,176.75294757211662,172.8138579795018,175.38368782395926,20118100
2022-08-18,173.30003356933594,174.3914594614701,170.52183242030472,172.9825179454566,18844500
2022-08-19,166.65220642089844,170.9782584134384,165.74928839232285,168.87475524203418,26240800
2022-08-22,161.78042602539062,164.20142956470605,160.996568824722,164.20142956470605,19499700
2022-08-23,159.8555145263672,163.76483806382655,159.4487033655709,161.21484215051808,18111800
2022-08-24,161.98880004882812,164.1716822581917,158.52598399302542,159.34952316474363,20891500
2022-08-25,167.46578979492188,167.5650171988245,162.74285908469517,163.89381521409416,15550500
2022-08-26,160.52032470703125,169.58915695402584,160.41118059882976,167.1681532011775,24023600
2022-08-29,157.93064880371094,161.78044270679146,157.77189098214532,159.4090526295797,20052700
2022-08-30,155.93630981445312,160.40127149563065,154.6960426807927,159.10147396195126,19567900
2022-08-31,161.66134643554688,166.53311859967866,160.87750439263087,165.76912506695646,40953000
2022-09-01,164.0724639892578,166.05689146124206,159.10147862233006,162.30632475039022,30145700
2022-09-02,159.07168579101562,166.62241647598805,157.98024481501335,166.14615820463135,22634200
2022-09-06,157.3055419921875,160.43102400577848,156.46216949199575,158.85340797014467,19339800
2022-09-07,159.14112854003906,159.70669752312688,155.58900226198247,156.53160209381846,16831200
2022-09-08,160.79815673828125,160.96683125776227,156.51180124210805,157.47424978383748,22530800
2022-09-09,167.83291625976562,168.21987893943492,161.75065748137297,161.97886235913248,22086800
2022-09-12,167.6444091796875,170.0554808549639,165.97748253186137,166.08662662868318,23220400
2022-09-13,151.9376983642578,160.37151534927344,151.4812733717126,160.28220460422338,44444100
2022-09-14,150.2906036376953,152.34447803217273,147.88944840773684,152.1361216428672,43064200
2022-09-15,148.38555908203125,152.99934664457024,147.54217139684576,148.63361250238236,34606300
2022-09-16,145.1509246826172,147.42310236449293,143.16649743066273,146.89723035392328,40122800
2022-09-19,146.86746215820312,147.4230993550111,143.9702002462915,144.10910954549348,22169500
2022-09-20,144.9524688720703,147.68105604018982,144.08924795822142,144.64488510460586,23217400
2022-09-21,141.01341247558594,148.43518218270748,140.8943516710801,145.25016940235443,38338600
2022-09-22,141.7079315185547,143.45422173181282,139.77310318832625,140.44781620388724,34418500
2022-09-23,139.3167266845703,141.50951044279367,137.80855764915447,140.31885705271978,31710700
2022-09-26,135.3081512451172,141.1324548324313,135.12956008086076,139.0289519002258,30497000
2022-09-27,133.35350036621094,138.33441682444828,133.0756817723629,136.84609644027194,30826500
2022-09-28,140.5073699951172,140.92409789474942,133.22452572729918,133.57179140700362,32658500
2022-09-29,135.3478546142578,138.7511398392883,134.1472695516224,138.2748815722821,38985400
2022-09-30,134.62351989746094,139.8921862798723,134.44492873533332,134.99064918623955,33166400
2022-10-03,137.53073120117188,138.53286151227974,135.04028045219258,136.0721759608596,27723100
2022-10-04,139.18771362304688,141.2812847896686,138.25503047678262,139.396085127203,34670700
2022-10-05,137.89785766601562,139.11829143443242,133.7305630972215,137.1636292075968,27979300
2022-10-06,137.98715209960938,140.3486101635324,135.5363833056393,136.64765768866192,36231100
2022-10-07,132.410888671875,137.21319838280945,131.40875848632146,135.69511293757594,33214800
2022-10-10,132.7482452392578,135.05018796059127,130.84319702503913,132.51012367496634,24024000
2022-10-11,127.53911590576172,131.62704579778315,126.00118953146871,130.5951352852432,38481400
2022-10-12,126.50723266601562,128.6603343385144,125.2669656790939,127.32085507662566,34605200
2022-10-13,129.27549743652344,130.11888501437636,121.57592569909303,122.56813925422476,34325700
2022-10-14,125.77300262451172,130.76382843262456,125.53486590146892,129.9799863217405,23559400
2022-10-17,132.99632263183594,133.7404829345073,129.16637700182142,129.2854529454353,29612200
2022-10-18,131.76597595214844,136.7667260943057,130.37686775600895,136.02256585565274,25445000
2022-10-19,132.19261169433594,135.93326114909232,131.19048142384776,131.85526270902045,30691000
2022-10-20,130.50587463378906,135.70508018627078,130.28758639540368,131.8949678417137,26356300
2022-10-21,128.99769592285156,129.10684003395843,124.46328724863885,125.32650831104277,46348600
2022-10-24,128.7099609375,132.440678957435,123.60005892557997,126.25919191467688,63563400
2022-10-25,136.43931579589844,137.27278690410867,129.57319803576115,129.86094851954243,38433200
2022-10-26,128.8092041015625,134.4945849945581,127.52923980807256,130.65470725406954,82791500
2022-10-27,97.17741394042969,101.70190607104732,95.6295553931211,97.21710339753913,232316600
2022-10-28,98.4275894165039,100.06474342579838,96.75075352345948,98.80463544203202,95928300
2022-10-31,92.43463134765625,98.54666376504666,91.87898653153731,97.4552302158687,121361400
2022-11-01,94.45873260498047,96.73090267934045,92.8215862051481,93.5955116094301,110189600
2022-11-02,89.83502197265625,94.45873350080176,89.77549157791279,93.47644413758876,71821100
2022-11-03,88.21771240234375,89.75563889838399,87.72160561588133,89.37860046586853,60664000
2022-11-04,90.08308410644531,90.67841082153454,87.40410253355893,89.64650764938459,55638100
2022-11-07,95.9668960571289,96.12564628921443,92.37508027008157,94.04199934191713,81987300
2022-11-08,95.7188491821289,97.03849511420917,94.05192999686678,95.17312866285086,52088300
2022-11-09,100.67991638183594,104.0832093724771,99.95559711456131,100.92796978473984,107677300
2022-11-10,110.99893951416016,111.87208476763833,103.79546657050064,106.28592485654346,80671000
2022-11-11,112.13997650146484,114.00534289363566,107.9627582000439,108.37949366062841,59961700
2022-11-14,113.33065795898438,115.36469164438435,109.93728868422691,110.12580415283101,53395000
2022-11-15,116.16837310791016,117.81544379009492,113.51916454422182,115.16623522640658,50670500
2022-11-16,112.34834289550781,115.1761499813461,111.78278147834015,113.6084507653415,33287800
2022-11-17,110.58220672607422,111.45535957072005,108.94506028234187,109.55031120602072,35093800
2022-11-18,111.17753601074219,113.42985753376976,109.75867027139351,112.91390979672886,33357700
2022-11-21,109.00458526611328,111.49504348891325,108.33980397966518,110.65165588402866,24351100
2022-11-22,110.5722885131836,110.75088726803217,107.47657928580465,109.00458917284487,29029000
2022-11-23,111.3660659790039,111.7927181820387,109.86782870996609,110.85011817463133,21343100
2022-11-25,110.54251861572266,111.85224023892982,110.15554835501273,110.43337451628965,12007600
2022-11-28,107.93299102783203,111.16760938845886,107.53610408548704,109.91741816956821,23309400
2022-11-29,108.60770416259766,110.07618368108777,107.6948694302875,108.68708307062184,23899200
2022-11-30,117.18043518066406,117.23997314960913,108.52833059963122,108.65732322402079,43348600
2022-12-01,119.50220489501953,120.25628175847012,117.4780883020962,118.27185461677927,36551400
2022-12-02,122.52845764160156,123.07417815982849,116.69424428941612,116.91253249670689,39950500
2022-12-05,121.47669982910156,123.6992559627019,120.40510742594151,120.80199434229579,35474900
2022-12-06,113.23141479492188,119.61134832247026,112.85436879532277,118.97633224629031,43689200
2022-12-07,113.04289245605469,114.97770589166707,112.00106517842416,112.87421796576824,29461100
2022-12-08,114.43199157714844,116.42633538036192,113.69774809309091,115.48373552730014,30619400
2022-12-09,114.99755859375,116.62478830403349,112.9833661822399,114.40223194340052,26033400
2022-12-12,113.81681823730469,114.81895606727694,112.25904322793656,114.28315982857858,24747100
2022-12-13,119.21446990966797,122.33994437785942,117.71622519933055,121.1790486702528,44701100
2022-12-14,120.64325714111328,123.17340504101887,118.46039008353992,118.46039008353992,36922000
2022-12-15,115.24562072753906,117.70630642075625,113.122284052751,117.40864685802285,34531000
2022-12-16,118.50007629394531,122.34986252333044,117.8948253630125,119.29385024041143,67064000
2022-12-19,113.58863067626953,116.88277994358675,113.43979710338073,115.92033141822772,29769900
2022-12-20,116.17829895019531,116.41643568951197,111.5843522265664,112.37812621764228,28742500
2022-12-21,118.82750701904297,119.40298517401476,114.71974317671537,115.79132814906961,20392800
2022-12-22,116.20806884765625,117.69638936664268,113.48939791591519,116.2874401888101,23618100
2022-12-23,117.12089538574219,117.25980468548725,114.64036136173881,115.12654391084652,17796600
2022-12-27,115.96994018554688,117.67654904396021,115.14640852758335,117.01176764934273,21392300
2022-12-28,114.71973419189453,117.23003328004548,114.61059009501939,115.34482600764325,19612500
2022-12-29,119.3236083984375,120.08760953159305,114.86856393098249,115.49366333718959,22366200
2022-12-30,119.40298461914062,119.48236352635037,116.823230694738,117.23996617259452,19583800
2023-01-03,123.76872253417969,125.38603554945252,121.32787798283579,121.86367423605601,35528500
2023-01-04,126.37825012207031,128.0451692882345,124.87008119697514,126.38816680776964,32397100
2023-01-05,125.95159912109375,127.51929845470177,123.57028492333293,125.14790094273111,25447100
2023-01-06,129.0076141357422,129.3151979236821,125.05860074966127,127.96578684693003,27584500
2023-01-09,128.46188354492188,131.91478229886474,128.2733605568084,130.13872678869754,26649100
2023-01-10,131.9545135498047,132.40100671433987,126.1599812481149,126.27904205466281,28684400
2023-01-11,131.85528564453125,132.8078175134379,129.325137534604,129.94032035951514,25423000
2023-01-12,135.64553833007812,136.6079716671771,130.7340685210791,132.40099536982513,30757700
2023-01-13,135.91342163085938,136.3202328612328,133.79008502400478,133.91907764338632,22423800
2023-01-17,134.30604553222656,135.68522195416884,133.20468773197197,135.11965288431784,21147600
2023-01-18,131.9842529296875,136.1813120791631,131.7659647337358,134.75252212019842,20215500
2023-01-19,135.0898895263672,136.37977036748882,131.1111180301182,131.45839888195158,28625200
2023-01-20,138.2847900390625,138.85035899875172,133.56185925032688,134.83189131351588,28688600
2023-01-23,142.1544189453125,142.64059382476594,137.58031453713647,138.20539868785875,27470100
2023-01-24,142.0254364013672,143.87095407300617,140.25929762463457,140.58672988863236,21970200
2023-01-25,140.3982391357422,142.05523420485764,139.21750240541942,140.1204205097815,26622000
2023-01-26,146.153076171875,146.36143256354927,142.18422150401676,143.27564745369034,25482100
2023-01-27,150.55850219726562,151.99720893784095,146.24236683556117,147.08575448002523,35771900
2023-01-30,145.9149169921875,149.94330143789412,145.8057729000142,148.24662480680917,28040100
2023-01-31,147.81007385253906,148.71299193940402,146.3713670374125,146.7980116547346,29842100
2023-02-01,151.927734375,152.38415927092325,145.91492266683247,146.87737102434204,55661000
2023-02-02,187.3001708984375,195.62484263627775,178.75721095112047,181.95214004621323,150475700
2023-02-03,185.07760620117188,195.23787916833177,181.46594921292,182.04143493203435,76809700
2023-02-06,184.6112518310547,189.21512212589636,184.0754631723348,185.07759341363374,42483800
2023-02-07,190.1279754638672,192.2711605893038,182.9641916734573,184.13501165753016,47080700
2023-02-08,182.00172424316406,189.34411359851615,181.49570078296176,188.5205745350657,36139100
2023-02-09,176.53466796875,185.1966897369062,175.8897350894869,184.68074948948782,37118800
2023-02-10,172.7939910888672,177.4970889680082,172.00023232679908,174.97687310448828,33433600
2023-02-13,178.03289794921875,179.59068073438124,174.45102100596873,176.83232784369244,31463200
2023-02-14,178.08248901367188,180.09668136890622,174.51052921137415,175.78056138196592,24034600
2023-02-15,175.7805633544922,176.80254214167127,173.96481066679146,175.04631984701354,25308900
2023-02-16,171.0973358154297,174.48078822465834,170.45238781526533,171.40491964536324,25827500
2023-02-17,171.5338897705078,171.8315417346345,168.37864269096454,168.89459799541382,24171300
2023-02-21,170.7401123046875,176.78268928982402,170.54167261942416,172.95274431832965,34592600
2023-02-22,169.78759765625,171.41482746265243,168.36873938126783,169.7379990849405,22433200
2023-02-23,170.700439453125,172.33760115330253,168.06116249947036,170.6607575664448,20017800
2023-02-24,169.06329345703125,169.39072579815928,166.35455426767354,167.3269194643697,19791300
2023-02-27,168.21990966796875,171.77203664968215,167.74365131521915,170.5417013100807,19277000
2023-02-28,173.57786560058594,176.16754394080883,170.5317623007158,170.56152750026024,46051100
2023-03-01,172.06968688964844,176.46520116867393,171.70257268922543,173.23057502664264,30998400
2023-03-02,173.17103576660156,173.64729404817407,170.09516759732804,171.0377826149936,17352000
2023-03-03,183.8075714111328,185.16689921321293,175.67142283010665,177.52685743761492,45877700
2023-03-06,183.46029663085938,188.183243263601,183.20232653393649,186.5361649817629,33209400
2023-03-07,183.0733184814453,188.87777386268286,182.5772117015097,187.5283628156589,36701500
2023-03-08,183.52975463867188,183.81748992709475,179.92801435060838,181.44609997913568,19432400
2023-03-09,180.2752685546875,187.4588844185058,178.8960924311111,184.89898697817927,26582800
2023-03-10,178.11224365234375,183.33129646086596,177.40778053102633,179.60056393340946,25665000
2023-03-13,179.49143981933594,182.3490199218457,173.4587942651152,176.57434446133212,24728000
2023-03-14,192.50930786132812,192.80697500171783,185.10738693821187,186.119449159545,41642600
2023-03-15,196.21026611328125,196.24003131413542,189.35406557024092,191.44763715687185,42123600
2023-03-16,203.33432006835938,204.15785915002033,194.56315572437018,196.71625735908384,50447100
2023-03-17,194.08689880371094,200.3279155543498,193.9082924866934,198.99835299201646,50141100
2023-03-20,196.26979064941406,197.807724920832,192.1322613145537,196.93457201525698,25186300
2023-03-21,200.58592224121094,201.9650986580919,196.4086959647701,201.61781781226705,31827000
2023-03-22,198.2541961669922,205.75532852932008,198.1152868691705,200.92325316226015,28477800
2023-03-23,202.68939208984375,206.26136708985172,200.57597228650752,201.26060208984055,27389700
2023-03-24,204.40591430664062,205.96369689550627,201.96507737654167,203.58237521787427,27716400
2023-03-27,201.26060485839844,204.2570941974041,199.79213295596273,203.2152668797388,18527200
2023-03-28,199.117431640625,199.4647124804403,196.35907885459528,198.59155960774748,19127300
2023-03-29,203.75106811523438,204.1181823011788,200.962935191242,201.9749972989551,18851100
2023-03-30,206.2216796875,206.4697330979613,201.24077810622202,201.7964153232587,22608300
2023-03-31,210.28976440429688,210.51796930568898,205.1600216261787,205.62636325509658,25440300
2023-04-03,211.41098022460938,211.82770816161158,206.57888921274505,207.21390537484075,17924600
2023-04-04,213.04811096191406,214.5562799124581,210.885077384689,211.72846502268536,21026400
2023-04-05,209.8333282470703,213.51444737094567,208.30532596205177,212.48253674679614,19396600
2023-04-06,214.41738891601562,215.25084479932204,207.0253846600838,207.6207189424339,26104400
2023-04-10,213.07786560058594,213.98078358899562,209.0197157053964,213.0381837191073,16106100
2023-04-11,212.1848602294922,214.33796167926738,211.7482838728601,213.80215791795482,16710100
2023-04-12,212.33370971679688,215.15159269813535,210.92476822612764,213.16716550452043,18972200
2023-04-13,218.63427734375,219.42803612820578,214.0105582384014,214.05024012163284,23310400
2023-04-14,219.76541137695312,220.38057900800283,215.85608709194122,216.1835194200745,21591200
2023-04-17,217.15586853027344,219.25935651194632,215.4393432459834,218.0786199086563,15481900
2023-04-18,216.1934356689453,218.7235835521437,214.52652397270768,218.19771151892738,12281000
2023-04-19,214.02049255371094,215.63780573322012,211.2720563592022,211.80786023682174,15898100
2023-04-20,211.41098022460938,215.06231937166476,211.11331308675648,211.81777633502944,16475400
2023-04-21,211.2323760986328,211.74833146698396,207.94815114120425,208.57325062324549,17717200
2023-04-24,211.1331329345703,212.2543391879995,209.0693418949524,212.01620246497654,15750900
2023-04-25,205.93392944335938,209.61503330899023,205.51720156083385,209.17847205585224,19198200
2023-04-26,207.76951599121094,212.44284857850462,207.25357583437997,210.84538412144423,41992700
2023-04-27,236.70248413085938,239.8081176766573,234.9264283723866,238.02213009217323,71196500
2023-04-28,238.4487762451172,238.55790520519412,233.91435289009024,237.1489637299281,39554000
2023-05-01,241.28651428222656,242.10013676312872,234.61885231326877,236.76202234544346,29143900
2023-05-02,237.377197265625,243.01296348744427,237.1291438550172,241.2865062992217,24350100
2023-05-03,235.1844024658203,239.86765214917628,230.93772921497737,237.60540621704422,34463900
2023-05-04,231.70172119140625,236.3452735137011,231.11630366840006,234.22193704205742,17889400
2023-05-05,230.9674835205078,232.85268332838044,228.0603049028967,230.43169483131584,27000500
2023-05-08,231.45367431640625,233.7853672287388,228.47703347004094,229.618073071823,16400500
2023-05-09,231.55287170410156,234.04333740833212,229.2807093324098,229.65775532683008,16865600
2023-05-10,231.26516723632812,234.9065896390676,228.92354233696676,234.3311038856675,19119000
2023-05-11,233.95404052734375,236.35521078761784,230.49122471674158,231.23538492451843,20449000
2023-05-12,231.98947143554688,235.11495352176897,229.64784661240037,234.89666530723997,16161400
2023-05-15,237.00015258789062,238.38924563922228,233.4976396213384,235.07525568820336,20653200
2023-05-16,236.96046447753906,237.77407177480512,233.68615649688385,233.9540432740443,18163800
2023-05-17,240.60186767578125,241.94134687586555,236.28573270445185,236.59331648061985,21193100
2023-05-18,244.92794799804688,245.1660695868322,239.3120150495156,239.42115915770188,22943300
2023-05-19,243.72735595703125,246.753610562604,241.51472379688204,245.5431087203749,21733600
2023-05-22,246.3865203857422,251.5956424615814,243.2114243418181,243.49917480153894,27738500
2023-05-23,244.8188018798828,249.65087751904687,244.72949114484263,244.8882489627154,17748100
2023-05-24,247.26956176757812,247.64659264626343,243.04272207618027,243.37015438607577,17724300
2023-05-25,250.72247314453125,253.62965191246678,247.2298768085311,251.4269363674874,22371400
2023-05-26,259.9996643066406,260.2675510820646,250.7423094564224,250.9605825230714,25727200
2023-05-30,260.4759216308594,266.5581962700264,259.25551819647967,263.18467584953015,23816500
2023-05-31,262.6587829589844,262.93660155320083,256.43761464566063,257.9755335993669,25473700
2023-06-01,270.4873352050781,271.8665266446984,263.81968887583463,263.8295904214734,25609500
2023-06-02,270.4873352050781,273.2060210618952,269.0089466293334,270.5369640530964,19416900
2023-06-05,269.2768859863281,273.4243319144258,267.4611179895091,268.1953464254039,20742900
2023-06-06,269.00897216796875,274.41654891819206,267.59011385118043,268.0366221259544,19419000
2023-06-07,261.5474853515625,272.1145530986745,260.75369638147964,269.55465558504585,26163600
2023-06-08,262.5198669433594,265.5659700319198,256.86426746253426,258.5907094762658,20899400
2023-06-09,262.8869934082031,265.8636340720592,259.6622993556924,260.43622471709676,16949800
2023-06-12,268.9394836425781,269.6340452732035,263.2640206504683,265.0897203172627,15442500
2023-06-13,269.2073974609375,273.5731311839987,266.9947502630428,272.73967540522887,16164000
2023-06-14,271.22161865234375,272.8488333609741,266.23078499484023,269.77299514100963,19175100
2023-06-15,279.6356201171875,281.77880569816705,269.306700433803,270.17982319941916,25973500
2023-06-16,278.8120422363281,285.6087119553762,277.94882118522963,282.53284351172397,43127700
2023-06-20,282.1161193847656,282.58246105378674,274.06928048735443,276.5597466644631,20701600
2023-06-21,279.4470520019531,281.78866155656544,276.1925623349365,281.32231995476303,20556200
2023-06-22,282.661865234375,283.03891131389236,275.6270731990497,276.9070071679863,17563100
2023-06-23,286.48187255859375,287.41455585917544,276.7780237818679,279.31808843197484,51092000
2023-06-26,276.3017578125,287.5336244711032,275.43853671466735,286.45211514209774,24232700
2023-06-27,284.8149719238281,287.0970819339326,278.46480937564314,279.8142359496119,26108300
2023-06-28,283.0686340332031,287.29544349247846,281.84820037160534,282.60229241746646,16722100
2023-06-29,279.337890625,284.33865559418587,278.50443484346164,282.2847661968472,15395700
2023-06-30,284.7454833984375,286.7993426355483,282.20541888378625,282.542767890268,19694900
2023-07-03,283.7929382324219,287.1466252255622,282.6320652147703,284.4676665294726,8629300
2023-07-05,292.0779724121094,295.798774174223,284.13033015864676,285.41029444320327,33865500
2023-07-06,289.7164306640625,295.79870469399134,289.0417327035368,293.58608781168573,47600500
2023-07-07,288.267822265625,293.89368682314864,286.4123876380687,289.90496868523604,25586000
2023-07-10,291.81005859375,295.8086786396994,284.8149337600443,293.2487503073784,37058300
2023-07-11,295.9673767089844,297.8426444994166,289.6271178385797,291.6115448608104,27585900
2023-07-12,306.93133544921875,307.0404946851265,297.76329195096815,299.40043824994797,36677100
2023-07-13,310.9696960449219,313.77764746289074,307.87399417862326,311.17805244131847,30281000
2023-07-14,306.4650573730469,312.4282717245608,304.9668049148223,309.36233485809737,23054100
2023-07-17,308.201416015625,309.2829253198248,302.3374293890318,305.14541112925815,25323100
2023-07-18,309.6202392578125,311.75352270448207,305.2247403126379,308.45936631199953,20731900
2023-07-19,313.5494384765625,316.1986319082592,308.1021650649504,310.59263096242654,21763700
2023-07-20,300.1644287109375,313.08306835899816,299.86677676142403,311.0589442624439,23836900
2023-07-21,291.9688415527344,303.08161790955575,288.93266975674885,302.1985633759333,42139300
2023-07-24,289.33941650390625,295.20340298252125,286.05519164762,293.47696087002083,24915700
2023-07-25,292.1771240234375,295.97728858041813,289.58743092349596,292.89151898756404,19585600
2023-07-26,296.2452392578125,299.42030479674065,289.62716083305537,298.844834198046,47256900
2023-07-27,309.28289794921875,322.81670621390026,307.4274633309865,322.58848618129997,64229200
2023-07-28,322.9457092285156,323.66010426666475,311.80313905459457,314.4126657950555,39220300
2023-07-31,316.1192626953125,323.1242883704477,315.11711725806254,321.1696263444991,25799600
2023-08-01,320.197265625,321.6161541887826,312.2099576770772,315.06753789734006,22817900
2023-08-02,311.8626403808594,315.9108886463333,308.2311351321081,315.5239108250941,20461100
2023-08-03,310.7513732910156,313.48989245918426,307.5167473332486,307.5167473332486,15180200
2023-08-04,308.3105773925781,315.93077142766623,307.7847053368224,312.5076220119246,17612800
2023-08-07,314.09515380859375,314.60119246481474,308.04264442618995,310.79109564375017,16236500
2023-08-08,310.2056884765625,315.41481011229837,307.6953588862012,311.95196390121913,15183500
2023-08-09,302.83349609375,311.1879477003987,300.4918865961825,310.4437875207549,19955800
2023-08-10,303.359375,309.90799078632176,301.5039404211993,305.54225702209254,14358900
2023-08-11,299.29132080078125,302.34732532437346,298.02125834115725,300.2140721691434,14046300
2023-08-14,303.8058776855469,303.82571105631087,295.9276994586192,298.63645342569663,15641900
2023-08-15,299.5989074707031,304.8377940471984,297.6938440429067,303.75628486098515,11623600
2023-08-16,291.9985656738281,298.735674605063,291.988633847669,297.8625520218376,18547700
2023-08-17,282.87017822265625,293.7448310552386,282.73128406097686,290.76819018544745,23950100
2023-08-18,281.0444641113281,283.4654673896171,272.24353551687074,276.85732207559414,35347900
2023-08-21,287.6427001953125,288.23803437738405,279.6553932823788,281.24294100791803,20181500
2023-08-22,285.3606872558594,290.6194081423425,284.5172994925657,290.2721272656967,12980200
2023-08-23,291.9489440917969,295.08434296040133,285.4301232140553,286.25364724690445,18287000
2023-08-24,284.5172424316406,297.1282684826556,284.40811347284574,296.17575192971134,18360900
2023-08-25,283.2769775390625,286.1444893241868,273.8807137103689,283.9020769402463,23701400
2023-08-28,287.9999084472656,289.1806449684755,283.5746143089688,285.75749618346293,14239300
2023-08-29,295.66973876953125,296.8207102483981,285.9361251901025,286.3330045979978,20844500
2023-08-30,292.8022155761719,295.9673791248622,291.14520567590415,294.8561048281346,17717000
2023-08-31,293.5860900878906,298.7555143501628,293.3578700641985,293.49676421952233,17229900
2023-09-01,294.072265625,299.3905158783328,292.17713405399326,297.038974539007,12842300
2023-09-05,297.81292724609375,299.0432927883047,293.20907155898277,294.70729361157686,14956000
2023-09-06,296.8406066894531,300.9384241215608,293.3579266695663,299.3608078619437,15418100
2023-09-07,296.344482421875,304.6592078858521,289.9446918732,295.6796859122459,33748700
2023-09-08,295.57049560546875,302.87317246953774,294.4691228690948,296.8901262442369,17548000
2023-09-11,305.1651916503906,306.6336785793563,298.9340918771399,299.06308448116476,19489300
2023-09-12,299.3111572265625,306.2566524037513,297.8922990504119,303.94477776656885,13480400
2023-09-13,302.6846618652344,304.7881497375785,298.97379289345565,300.0056731795405,13210900
2023-09-14,309.29278564453125,310.4338250848142,302.65487507424916,304.35155163814727,19343100
2023-09-15,297.9716796875,309.5706597125895,296.42382881133364,309.18368185356906,28131100
2023-09-18,300.1942138671875,301.23605631967,295.4811992467907,295.86817708684436,14234200
2023-09-19,302.694580078125,303.7860209854351,297.4755273722306,300.12475074361265,15924400
2023-09-20,297.33673095703125,305.6613892226895,297.09857904809894,302.67481591285946,19379500
2023-09-21,293.4273376464844,297.92206402517564,290.98647039875095,293.39757244980257,21319600
2023-09-22,296.7512512207031,303.00221551221176,295.947560570074,296.9695394393899,25369600
2023-09-25,298.48760986328125,298.6067009327977,291.41315219064484,293.3380490350795,18987000
2023-09-26,296.6321716308594,297.9617342313641,293.7051596565991,295.34230605304384,19417200
2023-09-27,295.42169189453125,298.9539701789239,284.5569702480841,298.1106127734607,36429800
2023-09-28,301.59320068359375,303.9447417846952,294.38975141438783,296.6122999183905,22167100
2023-09-29,297.8724365234375,308.22124738927045,297.0290489070334,304.98662136210095,25373700
2023-10-02,304.4309997558594,304.78818213594394,299.28140848326984,300.3827511018216,16265600
2023-10-03,298.5968017578125,304.3813944694725,297.30693602326215,301.89095860230594,17362300
2023-10-04,303.2006530761719,304.51038244443924,296.1757933117586,296.40401336651956,16880500
2023-10-05,302.41680908203125,303.8257355185984,297.1679903566098,302.25805126327083,19130000
2023-10-06,312.97393798828125,313.84709082731973,298.56700698401727,299.09287899662587,21803900
2023-10-09,315.881103515625,317.8357654962619,309.392048448092,310.066746421115,22503700
2023-10-10,319.33404541015625,322.13209523981016,315.6827063546983,316.63522300395726,19038000
2023-10-11,325.2674560546875,326.2795029836983,320.43538086899065,320.49491126011156,22036300
2023-10-12,321.6360168457031,327.96634549446173,320.1774614038106,325.44611405963525,20530500
2023-10-13,312.2397155761719,322.5190344437851,309.93777264367094,321.0108805983314,21341000
2023-10-16,318.64935302734375,319.3141493820839,313.0631862904786,316.1589177830573,16536100
2023-10-17,321.47723388671875,321.87411330466125,314.8293900863371,315.7025429737858,16387800
2023-10-18,314.5019836425781,323.4021419109411,313.10295866554907,318.8875816026241,16851000
2023-10-19,310.3743896484375,319.38370771452566,309.3226454655626,317.3893483300357,18709200
2023-10-20,306.2467041015625,312.8449181089046,304.08368584423033,311.69397704496873,22312300
2023-10-23,311.56500244140625,314.88889377974385,304.86756063676694,307.09010941272055,17796800
2023-10-24,310.11639404296875,315.8712519348251,308.2113606083932,314.313469087205,19525500
2023-10-25,297.19775390625,308.4593849099364,296.5131240641257,307.5862320515774,42192500
2023-10-26,286.1048278808594,292.7030429628435,277.2245031094945,292.7030429628435,66684100
2023-10-27,294.4195556640625,296.9794534570117,290.6888227974808,292.18707503953055,29596300
2023-10-30,300.30340576171875,306.9909164922188,296.7214985151733,296.7611955420491,28435100
2023-10-31,298.9242248535156,301.31546361894567,294.548558592787,300.94834937710914,19434200
2023-11-01,309.4218444824219,310.30489891866,299.4997076080775,299.4997076080775,20434600
2023-11-02,308.4494934082031,316.337605083064,305.92926192481946,314.8294207560179,21631800
2023-11-03,312.1504211425781,313.093005944509,308.59827930973705,310.1163649869128,16764300
2023-11-06,313.3410339355469,315.8513330615882,312.0015698372686,313.5196553912785,12887700
2023-11-07,316.3375549316406,318.50057336518654,312.6663524101526,314.59124926347897,14055600
2023-11-08,317.2900695800781,318.8279885761275,312.4282289074521,315.66285499199586,13609700
2023-11-09,318.0541076660156,321.65584844839833,316.3177335914204,316.93293155587264,16103100
2023-11-10,326.2100524902344,326.53749993312164,316.9725463498959,317.44881977593377,19096200
2023-11-13,326.6268310546875,329.74236633406514,323.16401492354265,323.66012177465035,16908900
2023-11-14,333.69140625,335.46747735371565,330.7345983528603,331.9351988006026,17179400
2023-11-15,330.1193542480469,335.7650516417798,327.450297436741,335.2987100726681,14531200
2023-11-16,331.58782958984375,331.97477710647036,323.83864463327063,326.8053532872348,18932600
2023-11-17,332.4312744140625,332.88768422104437,326.78557624437,327.6884943120668,14494400
2023-11-20,337.3228454589844,339.2080451684162,331.5878522890542,332.2824138935604,16960500
2023-11-21,334.35614013671875,337.25338680796017,333.2845325230063,335.69560423392653,12027900
2023-11-22,338.8310241699219,340.2499126792458,335.9436788615161,336.5687782957013,10702700
2023-11-24,335.5964050292969,339.1981148354986,334.14775142266285,337.4816047470225,5467500
2023-11-27,332.09393310546875,337.25342610918796,331.59782626203656,333.56238998285437,15684500
2023-11-28,336.3504943847656,336.7374722413347,330.80402373364524,330.80402373364524,12637200
2023-11-29,329.6134033203125,337.2534306439208,328.2044465428384,337.04507424526616,16024500
2023-11-30,324.60272216796875,330.90328553474234,319.8897068567543,329.30583593205915,23146400
2023-12-01,322.29083251953125,324.31492648520225,318.2624476796763,322.9456971366447,15276400
2023-12-04,317.5281982421875,318.3616540663768,311.2177340247724,314.81947438356156,19037100
2023-12-05,315.81170654296875,319.3737500866392,312.9342928735929,316.4963364172633,16952100
2023-12-06,314.9781799316406,319.74079250239515,314.5713687730627,319.4232769230243,11294300
2023-12-07,324.0470275878906,325.6841739294483,315.29569659562253,315.29569659562253,15905100
2023-12-08,330.1590881347656,330.57583118602076,320.48500516162073,320.5743007554703,14087400
2023-12-11,322.74725341796875,327.3213740695982,317.50836658058734,326.8351687929006,25802500
2023-12-12,331.61761474609375,331.86566813423246,322.032828194819,322.0725252153085,18485500
2023-12-13,332.1335754394531,335.73531570283495,330.04995107415203,331.32988483456126,16353300
2023-12-14,330.5758361816406,332.0939218599385,326.08110954354635,331.2505341986713,19607300
2023-12-15,332.312255859375,336.0231257442687,328.64105272450746,329.4050464419968,31776900
2023-12-18,341.9366149902344,344.85372513219124,334.3957862578285,334.85222627402004,18993900
2023-12-19,347.6319274902344,350.8467200070785,342.432738138237,342.8891478963245,17729400
2023-12-20,346.5603332519531,352.19609871652887,345.08194481295914,345.9352338964191,16369900
2023-12-21,351.3328857421875,353.63482840250197,346.4908788635791,350.2315432565786,15289600
2023-12-22,350.63836669921875,354.4186979641028,348.4852499373512,352.81128655167174,11772800
2023-12-26,352.067138671875,354.2004221377004,350.6979093378439,352.2258964816082,9898600
2023-12-27,355.0437927246094,356.2046960041271,352.5434252578998,353.29751731228595,13207900
2023-12-28,355.5299987792969,359.08211028758853,355.0239601332717,356.8992584473952,11798800
2023-12-29,351.20391845703125,357.19689709783825,349.0805970920824,356.19475166917226,14987100
2024-01-02,343.5936584472656,350.41016108257946,337.3625582064885,348.58449167928967,19042200
2024-01-03,341.787841796875,345.24075624582997,340.507877692872,342.29388045472786,15451100
2024-01-04,344.41717529296875,345.43915407584143,340.72613954007755,341.8175805411929,12099900
2024-01-05,349.2095947265625,350.7475137214206,343.56389682163444,344.28819338310336,13920700
2024-01-08,355.8673400878906,356.18485571303864,349.3087923232341,351.93818263654276,13890200
2024-01-09,354.64697265625,357.8320007683011,352.59308281501234,353.62499364944455,13463900
2024-01-10,367.58538818359375,370.0361570840026,356.28406029694395,357.3655998102049,22117200
2024-01-11,366.7915954589844,369.8773650575961,360.1040555578914,369.2324323076566,17205400
2024-01-12,371.57403564453125,374.1240316871446,366.6625968326006,367.27776437721,19310000
2024-01-16,364.5988464355469,372.6853822277794,364.3706566582682,370.74065180769946,15306900
2024-01-17,365.501708984375,365.6703986149391,355.8176948238154,363.4478196213952,12724800
2024-01-18,373.2013244628906,373.91571950102383,368.06166503074314,368.59743859937487,16354300
2024-01-19,380.46429443359375,381.36718210960373,375.0269533277706,376.04893206387004,21670800
2024-01-22,378.80731201171875,387.3105899434806,378.19214441636774,384.9292833279464,17680500
2024-01-23,382.2006530761719,385.35588474529186,379.10492151482157,381.6251522882475,15506100
2024-01-24,387.6578674316406,393.0654134087709,384.7903555799496,386.96330579643376,15698500
2024-01-25,390.11859130859375,392.41060262725716,382.65715487917475,387.13204853940346,15091100
2024-01-26,391.07110595703125,393.70046609647795,388.5409429594839,391.2794623469608,13163700
2024-01-29,397.8975524902344,399.79268441188725,390.0392364410356,391.91450470824583,18742400
2024-01-30,396.9449768066406,403.1959104756482,396.4588018243719,400.4474896600289,18614700
2024-01-31,387.10223388671875,394.90101835810526,384.0858960218771,385.97109583241945,20180800
2024-02-01,391.70611572265625,397.3815791884309,389.9895751539661,390.8726598643205,29727100
2024-02-02,471.2915344238281,482.176118971358,449.48269858581074,456.0213826629202,84707600
2024-02-05,455.8328857421875,468.2256247901911,455.6443627225016,466.22136407769085,40832400
2024-02-06,451.17938232421875,463.4828252605775,449.4727736721461,460.3871235847148,21655200
2024-02-07,465.93359375,467.8485587840739,452.6280053703203,454.4338414397377,23066000
2024-02-08,466.3403625488281,466.925764902263,461.4090600570604,464.67345107328936,18815100
2024-02-09,464.465087890625,469.90242925067935,463.8300869402288,469.26742830028314,18413100
2024-02-12,465.2489318847656,475.41912086726245,462.94698916007474,464.5444687360727,19382000
2024-02-13,456.537353515625,464.2468731870275,451.54651991731083,453.3126590561984,20916600
2024-02-14,469.5948486328125,470.4183725927847,462.4608304684062,464.2864998480657,16858400
2024-02-15,480.26116943359375,484.8154264310746,468.5431287071876,471.5793000388415,24212300
2024-02-16,469.6345520019531,475.2306210030674,465.5565383292655,474.38723338064216,23324600
2024-02-20,468.0768127441406,472.47231216578257,462.92722122128373,466.0626201453324,18015500
2024-02-21,464.8784484863281,465.84191805812145,458.68047616341727,463.3587521836112,12921800
2024-02-22,482.8565979003906,486.69059163885595,472.8543980185372,477.0062442785985,21625800
2024-02-23,480.770751953125,491.031180902857,479.1020716150301,484.7636721147276,18374300
2024-02-26,478.49615478515625,482.8665512765611,477.3638468302636,480.21451660164433,12101400
2024-02-27,483.7703552246094,483.9888750302903,476.68839173449226,476.7479852894886,10809600
2024-02-28,480.7607727050781,487.7434340041243,479.4993353400965,481.73418465032995,12715500
2024-02-29,486.8297119140625,488.38914758569643,479.3603284739242,485.15108911299444,17732000
2024-03-01,498.9176940917969,500.8545756713837,488.5380785343457,488.7963071827619,16273600
2024-03-04,494.83538818359375,501.02344874221626,493.07731757525386,499.6129971227631,12324100
2024-03-05,486.9190673828125,492.2429608634323,484.6047699531748,491.6668796750701,15325300
2024-03-06,492.7495422363281,499.58322016092893,490.96167477767403,494.2791810340301,11757900
2024-03-07,508.7411193847656,516.3495133273082,498.0039120353607,499.8911121312514,18586400
2024-03-08,502.5431213378906,520.0444695551262,495.9875573729022,510.7276263527499,18597100
2024-03-11,480.3337097167969,493.97126872640746,472.79482114316187,493.6633585577727,20428300
2024-03-12,496.3849182128906,498.92767795025486,481.4660667509396,489.93862852466117,15448200
2024-03-13,492.2330322265625,497.6066070345607,487.72359432803495,492.05425155124124,12090700
2024-03-14,488.5181884765625,497.9741037778643,484.8729178506202,496.8914470652399,12620000
2024-03-15,480.84027099609375,488.5182008794358,478.05910688483056,485.71721266457956,29153600
2024-03-18,493.633544921875,494.070584561547,483.5320123264852,488.5976770138942,11755300
2024-03-19,492.89849853515625,493.28588697301825,478.039241983051,484.88286188860536,10903100
2024-03-20,502.11602783203125,504.77800486477514,491.8357446734777,496.136574918537,11711100
2024-03-21,504.3409423828125,511.5718900411895,502.6027262330663,511.24415578806696,9712500
2024-03-22,506.148681640625,506.5360700886192,500.9439753750218,503.5860676514322,8120600
2024-03-25,499.6328430175781,503.80457393392254,496.871563696633,502.38421028695126,8380600
2024-03-26,492.5509033203125,506.5658780636044,491.87545911237584,501.72867541124447,11205400
2024-03-27,490.5345764160156,496.52400247735784,484.78358523765706,495.93794857097504,9989700
2024-03-28,482.3102722167969,489.5710772928442,481.8831749511718,489.521395786928,15212800
2024-04-01,488.0414733886719,494.08052003170116,478.53590624338904,483.91942370792447,9247000
2024-04-02,494.0209045410156,494.17983080247325,481.38655471994537,481.83353672480007,11081000
2024-04-03,503.3277893066406,503.82442249033096,495.3916007311355,495.57038140236386,12099200
2024-04-04,507.47967529296875,526.4311846012982,507.1419380470807,512.9426101041053,26476300
2024-04-05,523.7890625,527.1264226237954,510.94607625503056,513.3795907460255,19263300
2024-04-08,515.7535400390625,527.9111101756489,515.3959787113195,525.716030393533,13260600
2024-04-09,513.4193725585938,522.3289421324931,503.32775304353936,518.7134382659121,10863800
2024-04-10,516.3297119140625,519.0413099030587,502.3941546225541,505.8606751200009,11418500
2024-04-11,519.63720703125,520.3325056145172,513.8067382940332,517.6010230992423,10369500
2024-04-12,508.4530944824219,516.6872819178756,505.90039240697365,514.2637093320776,11984500
2024-04-15,496.8616943359375,515.0384888193967,493.9315461414956,513.2406183198545,13512900
2024-04-16,496.3948059082031,501.37104976093684,493.76262580382166,494.7558921640913,9847900
2024-04-17,490.84246826171875,499.77192346212956,483.85980671013607,499.71232990333476,12193700
2024-04-18,498.4210205078125,508.76095670865146,495.6796261139181,496.45437262055293,14808700
2024-04-19,477.8306579589844,499.41431669209027,472.52661920207805,499.41431669209027,25215400
2024-04-22,478.4861755371094,488.6969516736443,470.2122504575461,486.42236340715147,17271100
2024-04-23,492.7594299316406,495.40152199378747,485.6774361839296,487.94208219261503,15079200
2024-04-24,490.177001953125,506.565898674962,481.3170517213348,504.6389593020942,37772700
2024-04-25,438.40789794921875,442.7683213792549,411.70889412672494,418.5624257469969,82890700
2024-04-26,440.3050842285156,443.433867420502,429.05135860219434,438.48738968690355,32691400
2024-04-29,429.70684814453125,436.79878385003366,425.67418952017607,436.6001184715401,21502600
2024-04-30,427.2734069824219,436.65975597546355,426.8264249918601,428.147455924362,18429500
2024-05-01,436.2326354980469,446.9301028028631,424.23396143290347,425.7139488551081,20344900
2024-05-02,438.7059326171875,440.97057898429546,429.36923374620153,435.88505944497143,15221300
2024-05-03,448.9166564941406,451.11179697891964,440.86128084790545,442.92726154360383,16489100
2024-05-06,462.54425048828125,463.02102923203086,450.2873477934908,452.51225464015755,15094600
2024-05-07,465.0870666503906,468.3549217147275,458.2037375185185,463.150215285953,13406800
2024-05-08,469.4176940917969,472.3776084845462,459.8823308455416,460.37896403219986,11683900
2024-05-09,472.21868896484375,472.87421806387255,464.481135815607,466.83517215291295,9437700
2024-05-10,472.9934387207031,474.2846728255521,466.4378748768234,473.87742999258705,10750000
2024-05-13,464.85858154296875,470.16262007051995,459.73332367866385,469.56665421428306,14668800
2024-05-14,468.6727294921875,469.35808569307136,456.9819652481851,460.24982000044906,10478600
2024-05-15,478.2974853515625,479.25101255755794,468.02711495824536,471.7816605384409,13100500
2024-05-16,470.0434265136719,474.47338576625015,469.5666477728062,471.8014969689751,16608200
2024-05-17,468.7323303222656,469.6163216180006,465.2658404350713,467.65958568158874,10807300
2024-05-20,465.68304443359375,470.0137019704497,463.895176926725,466.78558596876275,11745100
2024-05-21,461.5013122558594,467.53044579456866,459.15718809446827,463.9745355703075,11742200
2024-05-22,464.630126953125,470.53013143312546,462.51446480062907,464.71951728620587,10078600
2024-05-23,462.6435852050781,471.165796891298,458.43214570916444,469.6957821377868,11747900
2024-05-24,474.9998474121094,476.61887645447604,463.16009887613995,464.4712177669983,12024300
2024-05-28,476.68841552734375,477.6220580395815,471.6426053305284,473.37087913585106,10175800
2024-05-29,471.16583251953125,476.6188856395713,470.51030337355337,471.4638306252424,9226200
2024-05-30,463.905029296875,468.55353877845073,461.5807897121286,468.49394522336104,10719600
2024-05-31,463.6865234375,465.9611118987805,451.3998233629331,462.66346029491183,16919800
2024-06-03,474.27471923828125,476.3705269083725,465.0870058983624,467.68935877281706,11279400
2024-06-04,473.77813720703125,475.66536764367015,470.0434761018759,473.7880795710405,7088700
2024-06-05,491.7264404296875,493.30573030037567,480.65152660799043,481.18789892832643,15690500
2024-06-06,490.4352111816406,499.4342020437463,487.58454155763394,489.6604646276873,10667300
2024-06-07,489.640625,495.5505725541797,486.86943340489194,492.57077317803936,9380700
2024-06-10,499.2156982421875,499.2752918011658,490.087577609636,490.53452930197295,11220900
2024-06-11,504.05291748046875,504.18204696656784,494.91485418085466,496.7921422872139,9673700
2024-06-12,505.4136047363281,510.5488046849409,501.0730359902517,510.5289199598269,11983200
2024-06-13,500.70562744140625,505.93018839723624,497.98405673480437,502.30477188866905,9954600
2024-06-14,501.2623291015625,504.2351342784647,497.8719245365479,499.76099816181073,10243300
2024-06-17,503.7181701660156,507.81448578396373,493.15921302560884,498.78668605391897,11266600
2024-06-18,496.6192321777344,503.09182645286137,492.174921746173,501.66010025060115,13060400
2024-06-20,498.8165283203125,500.7752071040244,493.9148400723255,499.1147919555252,11801200
2024-06-21,491.936279296875,500.5564623228992,489.56003146184884,500.5564623228992,22359200
2024-06-24,496.0425720214844,504.88146192373665,491.44912982983715,496.33091377345426,13525300
2024-06-25,507.6653747558594,507.77472797570107,492.65215468981233,494.193234056006,12063200
2024-06-26,510.17083740234375,510.856874053988,501.77934388389946,503.7380225205022,8882300
2024-06-27,516.5738525390625,519.8747782877508,510.9464098062174,511.294373925033,10121200
2024-06-28,501.322021484375,518.8805251412638,500.94420066099576,514.1777300033583,15855100
2024-07-01,501.77935791015625,503.6684316425156,490.335531960126,502.0478255113692,10328200
2024-07-02,506.5716857910156,507.5659383637164,496.57945957224564,497.88192801510917,7739500
2024-07-03,507.029052734375,508.34147346230577,503.111695021788,503.45968950388533,6005600
2024-07-05,536.806884765625,537.7613890905714,508.659626943001,508.659626943001,21354100
2024-07-08,526.2777709960938,539.6902282867122,523.6231336593002,539.2328502639116,14917500
2024-07-09,526.9539184570312,534.3909090570122,525.1543235402414,530.6823659932838,8753200
2024-07-10,531.616943359375,535.7828643236683,525.3233071938398,527.739333812602,10983300
2024-07-11,509.7533264160156,532.3825255793723,505.44819561353233,527.8387838594573,16458300
2024-07-12,496.0027770996094,505.16978705228513,491.3894609308073,494.89917130590845,19750500
2024-07-15,493.3083190917969,503.7678443636743,490.53434614881763,495.7641239558454,12539200
2024-07-16,486.9749755859375,501.05359564218975,482.9979652991605,498.61766470466665,14075800
2024-07-17,459.3346862792969,476.4159666762798,456.4811865614618,476.4159666762798,28076600
2024-07-18,473.1150817871094,476.4855821522594,461.87008787870946,472.2699610515285,19267200
2024-07-19,474.0497131347656,483.9126820908743,472.97590331818924,473.32389780212014,15149400
2024-07-22,484.59869384765625,489.23191443908513,481.11880987205853,483.78339946267863,12023100
2024-07-23,485.88128662109375,492.3737546328562,484.9168604229217,487.024670998181,9455500
2024-07-24,458.61883544921875,473.56244917033604,457.93279880328066,469.5953914420506,17649700
2024-07-25,450.8040466308594,460.88575158232453,440.1058796187656,460.59744019284307,18240500
2024-07-26,463.0234680175781,467.0700532148404,456.7795626327453,461.53208905296344,14222400
2024-07-29,463.0333557128906,471.23593941244997,462.3473190124621,467.1794022788637,11339600
2024-07-30,460.5278625488281,470.0130408141906,454.07517290776104,464.315962513696,11390400
2024-07-31,472.1009521484375,473.76136735309956,464.06740443244325,468.31285214220173,24285800
2024-08-01,494.8792724609375,524.1401187856688,489.27170365366396,518.0055973214868,43083100
2024-08-02,485.3344421386719,498.2696468567978,473.4133337307261,486.1894847459628,24044700
2024-08-05,472.99578857421875,480.7012460328518,448.2090488117456,448.7559059334732,21396200
2024-08-06,491.2502136230469,499.6715335038331,475.8989526100752,476.24694705318433,20955000
2024-08-07,486.1099853515625,507.21794823147314,484.0617971194812,500.2383060346242,20105300
2024-08-08,506.700927734375,507.02901772261134,491.87661869501426,494.6406395475425,16156800
2024-08-09,514.7942504882812,515.3609818210642,502.7936128702813,504.79204020570734,13696600
2024-08-12,512.984619140625,515.0427292166193,506.1739830538234,513.8893622667638,9767400
2024-08-13,525.502197265625,528.4452065274616,515.1719598564413,517.0212549519154,13743800
2024-08-14,523.7324829101562,530.9308616621455,520.1233412991648,525.0249990881922,11444200
2024-08-15,534.2418212890625,536.6678003090075,523.6729102134026,528.7336224826897,13482100
2024-08-16,524.388671875,530.5927981833395,521.6445250806896,528.842964640351,14776700
2024-08-19,526.238037109375,528.6043024311272,519.7554908387405,523.8418543972291,9879700
2024-08-20,523.7025756835938,528.037562503202,522.8574853714238,525.3132598043475,7944400
2024-08-21,532.0841064453125,536.299787744821,523.9014283237659,524.1201954153424,13423300
2024-08-22,528.8727416992188,541.1020356974973,525.551972227874,533.9136093150988,15708300
2024-08-23,524.9653930664062,536.7671670292674,522.0422878821846,533.8341096091634,11323900
2024-08-26,518.1249389648438,524.9654020892407,511.99041707220374,524.5676767533054,9584000
2024-08-27,516.1163940429688,520.9982072863379,512.3481993117576,515.9970886103,6282700
2024-08-28,513.8099365234375,518.0951632087842,509.5048053652055,514.6947753013039,9106100
2024-08-29,515.2416381835938,524.1700692688556,512.7162580096432,516.0668849692612,8317400
2024-08-30,518.3137817382812,520.5309454515676,512.2389133705824,518.3535299929398,9157500
2024-09-03,508.8186950683594,522.4697631708141,505.69672749483755,516.6534100228187,12459100
2024-09-04,509.7929992675781,513.6209076689888,501.1728473864135,503.1613523166981,8335200
2024-09-05,513.8894653320312,518.6320704011199,508.2122905863317,508.7790219398507,8640900
2024-09-06,497.39471435546875,521.5650218623427,495.38633511921387,518.88052782919,14744500
2024-09-09,501.88873291015625,508.3911224777812,499.1942867622704,503.25085399381305,11047800
2024-09-10,501.88873291015625,511.22474819910406,497.1560812540827,505.23935901338297,9899000
2024-09-11,508.8882751464844,510.1708694464899,492.75157549409465,504.096000860634,10782500
2024-09-12,522.5791625976562,523.6828291466688,512.25881535378,514.0783146741212,11970500
2024-09-13,521.6046752929688,524.5476841646808,514.1378302590298,517.349306690559,10321400
2024-09-16,530.7208251953125,531.5368365725262,514.9170282546622,522.0227173210484,9527600
2024-09-17,533.7462768554688,539.4985077957741,528.0238703630636,535.0201027147613,11690800
2024-09-18,535.3684692382812,541.5884764077421,531.3379167409221,534.4926873694405,10323500
2024-09-19,556.4169311523438,559.3727101138928,543.8973445888765,547.360625106574,15647000
2024-09-20,558.6560668945312,561.790974396656,553.630313904446,557.3125698177632,22066800
2024-09-23,561.701416015625,571.2254976602934,559.7110138514457,566.7670162500528,12830700
2024-09-24,560.6265869140625,565.0253582522924,551.5304353488232,563.9604859111224,12993000
2024-09-25,565.5827026367188,574.1115828691105,561.0147031201811,561.3431364723867,16543400
2024-09-26,565.114990234375,574.6291098304922,559.6512854533856,572.967080344701,14400800
2024-09-27,564.6372680664062,568.1006091166316,561.8009692958777,567.3641092966835,9398400
2024-09-30,569.69287109375,571.9221116471715,562.0895207658488,564.9756280044119,12792300
2024-10-01,573.7035522460938,580.2420307996076,567.3641260621707,575.2063156344602,15259300
2024-10-02,570.0611572265625,573.2358512630743,566.6078384594379,572.1013073959746,6524700
2024-10-03,579.9733276367188,580.5604622327534,566.0006662054095,567.4138954120452,11581000
2024-10-04,593.0802001953125,593.9858065525297,578.6398211951146,580.9287717859667,14169500
2024-10-07,581.9736938476562,600.0564797527886,581.2371940539072,595.3491375246505,12014200
2024-10-08,590.044677734375,590.7114453313045,583.1578437538082,586.8600226975324,7857400
2024-10-09,587.6761474609375,591.53753216899,578.8188343358976,591.1394274753203,9529700
2024-10-10,581.0281982421875,587.3974479929923,579.7244874036023,584.7502401443048,7740400
2024-10-11,587.118896484375,588.3728595792917,579.9136502956993,582.0234717517561,8587100
2024-10-14,587.5864868164062,597.2200240499121,587.1287332864423,591.3682380135969,8252000
2024-10-15,583.45654296875,587.7756815393129,577.3559556315927,587.3278289153324,9564200
2024-10-16,574.02197265625,579.2866249105597,571.275268873164,578.6098955081545,11268400
2024-10-17,574.161376953125,582.1627721197076,572.4396984468079,580.5306884411078,8701200
2024-10-18,573.7035522460938,581.1675605388372,572.4894360534232,578.3113382248611,7694300
2024-10-21,572.3997802734375,574.4698153606886,566.37882637357,573.2656610260642,8171900
2024-10-22,579.2169799804688,580.7297050326658,569.3744268963089,571.5339961936412,8544500
2024-10-23,560.9848022460938,582.1925311653504,559.8005107359138,577.1866414419598,14248400
2024-10-24,565.0552368164062,566.1499335882773,558.8252690153747,564.4083318879617,7184700
2024-10-25,570.4989624023438,578.5003564229931,568.9762757450173,571.1756917804064,11337900
2024-10-28,575.3853759765625,580.9485762210542,571.3647858558778,579.2069744936249,10925100
2024-10-29,590.4329223632812,590.8210046180449,572.6387223000493,577.3659274017436,13019100
2024-10-30,588.9599609375,598.3148749725009,586.5515914382872,598.0958991586175,26864900
2024-10-31,564.8562622070312,587.0691582392678,560.3081858518195,582.1926485103984,26838400
2024-11-01,564.438232421875,570.917001339198,559.8603316322354,564.8860850679225,15303200
2024-11-04,557.9893188476562,565.9608889972419,555.2127297782872,561.392889439504,12064600
2024-11-05,569.682861328125,570.727810156648,563.9504942499769,564.5774756955396,9775400
2024-11-06,569.3047485351562,570.2502016811582,552.5057499508582,560.0493909181008,18305400
2024-11-07,588.8604736328125,591.9455725919563,572.4496180315167,574.1215485070126,14653700
2024-11-08,586.5118408203125,590.2537459189086,581.7149642470737,588.70123463837,9415700
2024-11-11,580.371337890625,584.1829746478602,573.743326097359,583.5460314431883,10209100
2024-11-12,582.0134887695312,596.78223842264,577.5947936518803,585.7156075410013,16287700
2024-11-13,577.2166137695312,582.8295623160514,572.409775650482,579.8140739533536,10757600
2024-11-14,574.3901977539062,577.972957894817,570.2601499390961,574.2309923162492,11053700
2024-11-15,551.4210205078125,569.8222783942981,548.8533847643662,568.47872051752,17712900
2024-11-18,551.739501953125,557.2131078822542,547.4501877365338,554.3667866349945,14327300
2024-11-19,558.3973999023438,558.7357342533962,547.9576895646346,549.2116526423954,9522400
2024-11-20,562.8060913085938,563.6320644076252,551.5404086524625,560.2284939812367,9797300
2024-11-21,560.3878173828125,567.2646302971915,546.4151549825543,566.7869532039366,11154700
2024-11-22,556.456787109375,561.1242829453168,551.9286340129557,560.8455974662718,9164000
2024-11-25,562.3981323242188,569.8422785622072,553.7200070663391,559.4025670106595,13599800
2024-11-26,570.7875366210938,574.7285542891422,562.4875946319524,563.2837432513497,10356600
2024-11-27,566.4684448242188,572.2206752566353,561.3928830685265,572.131141178584,7200200
2024-11-29,571.56396484375,575.6841124213988,564.1795888911156,566.2694871301925,7130500
2024-12-02,589.9850463867188,591.6470151067747,572.8078668096863,574.7285975175146,12522400
2024-12-03,610.7051391601562,611.252487580719,588.4126116889108,592.1446155685445,14907200
2024-12-04,610.8345336914062,614.8153379179051,602.1961350667218,610.0184615359037,14697000
2024-12-05,606.0078125,616.9252004045749,604.1368295295009,614.1187259488262,8081200
2024-12-06,620.7765502929688,626.7676190380172,605.6096966963446,607.1721088209316,16935500
2024-12-09,610.6255493164062,623.3939965020669,603.2610368421125,620.9258564568023,11426000
2024-12-10,616.347900390625,622.5878301971734,609.7994606988705,614.5963368840676,10938900
2024-12-11,629.6437377929688,635.3363188855899,618.5472835041938,620.3784192599069,10837200
2024-12-12,627.7628173828125,633.6046423977135,624.2000415346207,628.4694319605399,7474700
2024-12-13,617.3729248046875,628.0514729907906,613.9295681709151,624.2099509122261,8453300
2024-12-16,621.7454833984375,628.6279045963112,616.1081279040426,627.4625362287662,10885600
2024-12-17,616.964599609375,629.842921517428,614.0761642573996,623.6676857660912,12897800
2024-12-18,594.8035888671875,624.8530103874069,593.9370703121472,618.5184399880585,17075500
2024-12-19,593.18994140625,609.0762128607613,592.6222119922495,607.9507237965355,14958100
2024-12-20,582.9112548828125,600.699869104885,577.6822346553289,588.2199724400746,48989400
2024-12-23,597.4528198242188,598.6879155279142,583.9071932608068,587.2437814772281,10205800
2024-12-24,605.3212890625,605.5603202398497,596.8851663404314,600.3113609374378,4726100
2024-12-26,600.9389038085938,603.8771273499036,596.5465535400348,603.0603968908488,6081400
2024-12-27,597.4130859375,599.4449119716119,587.4430773536361,597.0146600682612,8084200
2024-12-30,588.8772583007812,594.5544919388965,583.239903719799,586.3972186440706,7025900
2024-12-31,583.170166015625,591.5963188432811,581.5167657457517,589.9031610994577,6019500
2025-01-02,596.8452758789062,602.4926001052438,585.4709301048888,587.3633007502451,12682300
2025-01-03,602.2138061523438,607.0643399858958,594.0266229827574,602.3432915147383,11436800
2025-01-06,627.6815795898438,628.4684006727375,603.1997902301983,609.384995443752,14560800
2025-01-07,615.4208374023438,629.5740132949604,605.7994061067093,629.175648227163,12071500
2025-01-08,608.2794189453125,613.976592361968,600.3811160103171,610.9487626580363,10085800
2025-01-10,613.39892578125,627.3927679278979,594.9529755373284,607.5922670173171,19256600
2025-01-13,605.8990478515625,606.5364441234269,596.0585248079975,604.6739217603003,10785000
2025-01-14,591.8753051757812,603.0703790506547,586.198070906463,602.6520744429687,13598000
2025-01-15,614.6539306640625,619.9726183140101,604.0763739586232,607.7715703651344,15524300
2025-01-16,608.8570556640625,613.7872861859956,607.2734438085199,609.056268564278,8355300
2025-01-17,610.3212890625,622.4724872092602,601.2576176946507,621.5561807031561,17280600
2025-01-21,613.9965209960938,619.0163582351468,606.5762805693779,615.3610413311562,11674000
2025-01-22,621.0084228515625,631.1676746458771,616.9546797410454,620.8092099161343,12274000
2025-01-23,633.9066162109375,634.0559803027825,618.6677705767347,624.8529151272735,9910200
2025-01-24,644.9025268554688,649.3945139716581,631.6656574969397,633.8568781379164,19065300
2025-01-27,657.2429809570312,661.2170263231972,622.601940216737,624.1059156551349,28399200
2025-01-28,671.63525390625,679.8522851881131,656.8345913596311,663.3385252994983,20950100
2025-01-29,673.78662109375,678.3283961259809,663.0098523603809,672.3025851139503,21377800
2025-01-30,684.254638671875,707.9495481611209,673.3981724899843,694.0354036840853,29322900
2025-01-31,686.4259033203125,702.4814799874082,682.8403138955325,688.2386375622425,19303900
2025-02-03,694.6728515625,701.1866947109021,672.5515846641146,673.2089204422564,21415700
2025-02-04,701.3759765625,704.8819296826665,688.8462306970774,699.6927275691532,13826300
2025-02-05,702.05322265625,715.270213081664,696.2166547369433,700.7384902909668,17778200
2025-02-06,709.144775390625,716.0271960756166,700.6887123835558,703.0592064230789,13080700
2025-02-07,711.6646728515625,722.1127432544886,708.9057228017197,713.9355299622597,16427100
2025-02-10,714.533203125,718.3180056858356,708.4874523182466,715.6885408700438,12904300
2025-02-11,716.9234619140625,720.7680216641464,707.2024559288561,710.4693772939222,12998000
2025-02-12,722.4812622070312,724.1943596127884,709.7523040950127,712.4415265910553,12016500
2025-02-13,725.6485595703125,726.0868036941785,715.170579657767,718.6367143797072,12569100
2025-02-14,733.7261352539062,737.9491818288359,722.7203049282167,723.2382463806609,16901200
2025-02-18,713.5072021484375,734.0547643922138,703.6168921972339,733.0587606413424,21938700
2025-02-19,700.9577026367188,704.1747758653347,692.6111848713654,701.2863401626805,17535500
2025-02-20,692.0632934570312,702.8101523617008,690.8680767624129,694.4935451126314,12587400
2025-02-21,680.818359375,701.057163114329,679.6331124665386,693.7963175740036,15660400
2025-02-24,665.4600219726562,684.5235492434307,659.8027276987779,683.5375152106747,15677000
2025-02-25,654.8724975585938,665.3305374435599,639.2949835590877,663.3086205526677,20579700
2025-02-26,671.0078125,680.2806060030118,655.3705397430182,657.0139704281752,14488700
2025-02-27,655.6094970703125,685.8980050768483,654.9421915809927,679.7227696836991,12500000
2025-02-28,665.5297241210938,666.9540022019403,640.0319914083209,655.41029188353,17534200
2025-03-03,652.4323120117188,678.5276251290609,648.2391746953033,670.9878686638693,10843800
2025-03-04,637.4424438476562,647.1534810781478,621.1578057314852,642.9304346142569,21495200
2025-03-05,653.8466796875,656.8646008164674,635.1118479396844,638.4385278595232,13770000
2025-03-06,625.4207153320312,647.9602882252848,621.6159731774069,645.4105206986194,13446500
2025-03-07,623.1597290039062,632.2532488274342,598.2098452417057,622.8709097782997,21375700
2025-03-10,595.600341796875,607.6719037832956,584.5247836759429,605.6400777825496,21999900
2025-03-11,603.28955078125,612.4726776603288,590.9590175004934,592.6721150475107,17401500
2025-03-12,617.0841064453125,630.7990981033598,606.9148858522937,627.3828123944874,15747000
2025-03-13,588.2797241210938,618.0203842680918,584.1662233882897,617.771383307468,16480300
2025-03-14,605.7103271484375,606.9664182577417,592.9302511563588,600.9252674163599,12364500
2025-03-17,603.0187377929688,611.1931864721827,596.1401729971761,605.5707735579393,15473900
2025-03-18,580.548828125,598.3832042849959,572.8727631895948,598.183814121998,20297700
2025-03-19,582.2435302734375,590.4778508331983,572.9824447250121,582.4628776976826,20537500
2025-03-20,584.177490234375,608.3022383482739,577.7076844207866,580.9475766447827,24336500
2025-03-21,594.3955688476562,595.6815348407195,579.1431664198761,581.6054551261589,25015900
2025-03-24,616.92529296875,620.6038191496141,610.2960116120224,613.0573552722462,15741300
2025-03-25,624.3621826171875,631.9086473292332,619.2481319746062,624.81079529283,15312500
2025-03-26,609.0797729492188,624.8007461767364,604.7233689444203,622.9465455616044,12609800
2025-03-27,600.7059936523438,612.3396829236992,598.233665075804,600.1277804152494,10436500
2025-03-28,574.9462890625,599.8785159717515,572.1350521556752,598.4429920373162,17602800
2025-03-31,574.5675048828125,576.9002542510486,551.5792239532071,561.7475141060938,21124700
2025-04-01,584.177490234375,588.0753030303752,568.2272515931634,569.0646658937729,12836600
2025-04-02,582.1139526367188,590.8167826006645,571.5768183567942,573.1219856405797,13470800
2025-04-03,529.9666748046875,550.8415545424743,528.6507726588703,544.5212449573834,34777500
2025-04-04,503.1602783203125,516.3889970810194,492.6630283031205,505.0443845169023,38589800
2025-04-07,514.6444091796875,537.6924987241373,480.40123514295635,483.591294981514,36606100
2025-04-08,508.86248779296875,545.7274587202911,501.29606629091035,541.5604660254379,28034200
2025-04-09,583.9482421875,586.06164400195,500.54839536763654,507.68613102008703,39216600
2025-04-10,544.5910034179688,579.4921312343394,533.6351923102783,573.7002029040485,28173500
2025-04-11,541.8794555664062,545.6975609575977,526.9460641882466,533.844525327306,17642300
2025-04-14,529.8270874023438,556.0353649218339,526.6370880203747,554.4403043855114,14130900
2025-04-15,519.8980712890625,536.2669873917704,515.8905541802854,530.4551018896253,15558700
2025-04-16,500.7477722167969,511.77337227474317,494.0885548667942,506.92850187672303,18735100
2025-04-17,499.9203796386719,505.72225598652767,496.4611703190648,503.67864377215466,14593500
2025-04-21,483.1526794433594,491.9651828161341,478.3077785405203,489.8019182716785,16166000
2025-04-22,498.72412109375,505.3036010873951,484.847399099468,490.34027265884373,17399400
2025-04-23,518.6520385742188,533.6751798789523,514.9137006503736,526.8863606430633,18173900
2025-04-24,531.491943359375,532.2396108812093,515.8905900656315,517.1167453309313,13910000
2025-04-25,545.5679931640625,548.1499041120835,534.5822462279478,545.09942323875,17098900
2025-04-28,548.0302734375,556.7530605327843,538.9087668679174,553.9119485027396,15179000
2025-04-29,552.7156372070312,554.8390175563454,542.4277261633298,544.3018840382675,11835000
2025-04-30,547.2926025390625,547.392267199569,527.8532478040685,536.7255930212515,29244000
2025-05-01,570.430419921875,591.1059077397648,568.7257162038675,590.238618351305,31159000
2025-05-02,595.163330078125,602.4605727044257,576.5314522041982,581.6455031396575,24739300
2025-05-05,597.40625,601.3339987723356,586.2211133050413,589.3812373579714,13887700
2025-05-06,585.4834594726562,594.1763718529379,584.7557492481277,590.6872568767368,10600700
2025-05-07,594.9539184570312,601.2044382274429,584.8454392543059,588.5239657880628,13139100
2025-05-08,596.1502075195312,609.3988539126512,594.7645157959997,604.4044252029665,14622800
2025-05-09,590.6472778320312,605.0822238866388,589.8697353618245,601.8423317625629,10427300
2025-05-12,637.4413452148438,638.3983814888618,619.0986063028438,628.9578018482097,21965100
2025-05-13,653.98974609375,658.8644917290795,640.8307865245315,643.5323193603671,18570800
2025-05-14,657.309326171875,660.6090293889421,652.2750442210183,659.1536090398383,12348200
2025-05-15,641.8775024414062,655.2657270968772,636.5939979037247,652.2451822041022,14341800
2025-05-16,638.3484497070312,638.4481143502134,624.2025808250049,635.9758470841729,18519000
2025-05-19,638.4381713867188,641.0001856510247,625.8474474759005,626.2960600859351,9592400
2025-05-20,635.1185913085938,637.3615937967512,630.2936778074568,634.0320152877193,6743500
2025-05-21,633.5234985351562,644.5989301458505,628.2100586075245,629.8250152939927,11464600
2025-05-22,634.5902709960938,641.2494888568199,628.7485102321639,632.0780887398586,8228400
2025-05-23,625.1098022460938,630.4830536161486,620.7135443903518,622.0593214688579,8454100
2025-05-27,640.3223266601562,641.0799727179783,630.7820830337338,633.4337833907804,9508400
2025-05-28,641.5784301757812,648.8557144048555,640.5516043549418,640.6014366817531,9042900
2025-05-29,643.0438842773438,651.288184072806,637.5111569296643,649.6233948044612,8858800
2025-05-30,645.4761962890625,647.3902077556168,630.8119856036413,640.5017256955665,16241000
2025-06-02,668.8134765625,671.166122188044,642.256314296396,642.3859148545713,15766300
2025-06-03,664.7760620117188,673.4789529536675,662.9617757833167,669.3617924489035,11585000
2025-06-04,685.8104248046875,686.857147039673,666.4906935079915,667.238360939457,14031900
2025-06-05,682.4907836914062,692.2204392102127,680.1281594087234,689.5088669424362,13083100
2025-06-06,695.5401000976562,700.6242144400436,689.7182360915449,694.0048506531133,11728000
2025-06-09,691.9014282226562,702.9968181048444,691.7818062976731,696.2877682898165,12773200
2025-06-10,700.2155151367188,701.0428899746662,689.4092014623567,699.1687320280228,10850100
2025-06-11,691.981201171875,706.6653705943312,689.8378634515371,701.5214452489874,9582500
2025-06-12,691.2036743164062,693.2174116991354,684.8634681659612,691.1438633468866,7322700
2025-06-13,680.7462158203125,692.409840070813,678.8920151692206,685.8104336581752,9274400
2025-06-16,700.4749145507812,705.4931583928874,691.8851025594383,697.6914734952734,13720300
2025-06-17,695.5963745117188,704.3158869977019,694.4291328649981,700.3552179138009,10066100
2025-06-18,694.1397705078125,699.9461410540869,693.2718138640435,696.5440968778995,10068300
2025-06-20,680.751220703125,700.1756339033776,677.079850298128,699.1081336202601,22538600
2025-06-23,696.8934326171875,697.4121728945754,677.1597462532054,682.0881746874048,11080100
2025-06-24,710.5313110351562,711.5189816994163,700.4649253469852,703.2384409706419,13823200
2025-06-25,707.0195922851562,714.9011073526044,703.7273361920762,711.6487356204278,9320400
2025-06-26,724.3888549804688,726.5138085370661,709.3840535476093,712.6862960420309,13964800
2025-06-27,731.9110717773438,733.7068421056694,724.1592578043636,724.8177454897765,18775700
2025-06-30,736.3606567382812,746.1476691378697,732.5296271967599,742.8054817668852,15402100
2025-07-01,717.5347900390625,736.0214022335938,713.693835204326,735.1534455733583,13431200
2025-07-02,711.8981323242188,718.6123446328994,711.1299169276585,713.6540184351263,9336700
2025-07-03,717.3253784179688,727.3219211703462,712.7461059372963,724.9075473573512,8601700
2025-07-07,716.6668701171875,725.29662738586,711.8382444141125,715.9186273791692,9457100
2025-07-08,718.9814453125,721.2161872254258,713.1351899702655,719.8793609595846,7770700
2025-07-09,731.0631103515625,735.8019810021477,721.0266226856489,721.0266226856489,11418000
2025-07-10,725.5360717773438,734.0760133186282,717.9139576323801,729.8359710403425,9913600
2025-07-11,715.828857421875,723.4608966552098,708.0371589748221,720.8071559255932,10873900
2025-07-14,719.2308959960938,726.294324886829,714.8711396040657,715.9186673172987,8939400
2025-07-15,708.7255859375,722.7725529543028,708.1569141283312,722.2039420372861,11529500
2025-07-16,701.2630004882812,712.2970836136572,697.6315755690009,711.6985138171127,13067600
2025-07-17,699.7665405273438,704.2460714207873,695.4766277838654,702.7395996705828,11803300
2025-07-18,702.6298828125,703.0588680042227,690.0294703606638,700.5447529444856,12779800
2025-07-21,711.2994384765625,715.3200251684316,704.1063709182977,705.1439122135475,9404400
2025-07-22,703.1586303710938,714.9209845240272,699.7665722015134,714.5119719450398,8921100
2025-07-23,711.9081420898438,712.955669824656,703.2783841619789,704.7150127643985,8771600
2025-07-24,713.1251831054688,721.9245248031309,712.3270697155897,715.3699112663372,10920800
2025-07-25,711.0101318359375,718.9614892126135,710.2319910963464,715.2401874661052,8271700
2025-07-28,715.9486083984375,723.0419351595109,711.0101939967738,713.5243091595448,8715700
2025-07-29,698.35986328125,722.7724995594365,698.270047363426,718.3130022321428,13267000
2025-07-30,693.5811157226562,706.8399547738821,689.5805015781577,706.4309422136296,27077300
2025-07-31,771.6278076171875,782.9113054874113,763.7163951695271,773.3836936232736,38831100
2025-08-01,748.2527465820312,764.2052724882252,743.5637464392476,758.9476005405788,19028700
2025-08-04,774.5509643554688,775.029820232538,756.6330226185955,758.2193240496142,15801700
2025-08-05,761.6712036132812,781.2950989411861,761.212259491104,774.6307577641016,11640300
2025-08-06,770.1812133789062,771.827371776558,758.6782598971715,768.1958857027562,9733900
2025-08-07,760.0449829101562,773.1841074016191,757.7702959207965,771.6776357205837,9019700
2025-08-08,767.49755859375,768.0961893607639,756.8027042152274,760.9629170758883,7320800
2025-08-11,764.0755615234375,771.6478049440495,762.8783609453131,768.2757194135389,7612000
2025-08-12,788.1489868164062,791.8103707559926,770.6201469797736,771.1888187456735,14563100
2025-08-13,778.2523193359375,793.5962894533881,776.4066172801486,789.2963900548351,8811800
2025-08-14,780.2974243164062,785.9641084064921,770.6999694623344,776.0573823379099,8116200
2025-08-15,783.39013671875,794.3843356438543,778.9904964215748,782.3127110697359,13375400
2025-08-18,765.572021484375,773.9922487170201,754.7873521125813,773.2739649293972,16513700
2025-08-19,749.71923828125,765.3724785334582,747.604210382002,765.3226078635242,12286700
2025-08-20,745.9680786132812,748.4423094323544,729.2872824481717,745.8184665954027,11898200
2025-08-21,737.3682250976562,743.7532539146816,731.392269728463,742.965126847803,8876300
2025-08-22,753.021484375,755.1265868650723,732.6693186706706,737.4979443181139,10612700
2025-08-25,751.5349731445312,757.1019160115399,748.3724176422635,753.0514312038815,6861200
2025-08-26,752.3331298828125,753.1013452690629,746.187589469264,749.0408739151204,7601800
2025-08-27,745.62890625,752.3830637406979,741.0995653139147,750.5373617239242,8315400
2025-08-28,749.3501586914062,751.2856157691724,739.0643171271723,742.2568318080029,7468000
2025-08-29,736.9691772460938,745.3894040667411,733.6269900366806,743.5337768140281,9070500
2025-09-02,733.3875732421875,734.2755025264773,720.0389186102121,724.3388175548104,9350900
2025-09-03,735.3230590820312,738.5155735710689,732.2702311831985,734.2755314397929,7699300
2025-09-04,746.8959350585938,759.3765729399474,744.0725487076684,746.8161054490425,11439100
2025-09-05,750.6870727539062,756.1741866261438,743.2844743615274,750.8566574056083,9663400
2025-09-08,750.537353515625,764.7140814935753,750.2580412178338,754.2286966166499,13087800
2025-09-09,763.906005859375,764.5045757250664,751.6647345226843,755.7152196596044,10999000
2025-09-10,750.2180786132812,763.9059640843684,749.2403942554,763.3372922969834,12478300
2025-09-11,749.140625,755.326049350588,746.6165236987539,752.8818385469593,7923300
2025-09-12,753.8197021484375,755.7950435825012,742.0174024328237,746.9757286440731,8248600
2025-09-15,762.9083251953125,772.2563664766384,750.2280827190908,755.6952236302711,10533800
2025-09-16,777.1748046875,779.5292605984961,763.3073480005289,765.2029206615051,11782500
2025-09-17,773.9024658203125,781.4547366857648,764.5145401578408,778.16248073438,9400900
2025-09-18,778.4218139648438,786.9318567440129,771.5479431530769,778.9206424262118,10955000
2025-09-19,776.5562133789062,788.9470955167301,767.3877436699294,784.5773532506886,23696800
2025-09-22,763.8824462890625,784.4181095052566,763.1935958899483,780.5445827585347,11706900
2025-09-23,754.1387329101562,769.3133047218867,749.815945650324,767.9655831903335,10872600
2025-09-24,759.3899536132812,759.8392144671293,751.2735837511626,756.2352564498105,8828200
2025-09-25,747.6595458984375,755.5064686568031,743.3068402529434,752.1920046258563,10591100
2025-09-26,742.5081787109375,750.6745134518627,736.1188402620083,748.7477432379202,9696300
2025-09-29,742.1587524414062,749.5264347617783,737.9158487633198,747.4698158948381,9246800
2025-09-30,733.1538696289062,741.7294934738761,725.087343094007,741.0107248479524,16226800
2025-10-01,716.1422729492188,720.6446913474787,709.0141800953496,720.28530706911,20419600
2025-10-02,725.8360595703125,726.5548890984803,716.9409630753169,721.3735522103992,11415300
2025-10-03,709.3735961914062,729.7794705550638,708.9942257916973,728.4117628788885,16154300
2025-10-06,714.465087890625,715.6830826309072,689.3571155710283,704.0125981338592,21654700
2025-10-07,711.889404296875,717.3003375901077,704.5716259627259,716.5216106896504,12062900
2025-10-08,716.6414794921875,718.4484549738279,706.6281969142439,712.2587946669486,10790600
2025-10-09,732.2852783203125,732.2852783203125,711.2504512938121,717.0807271377935,12717200
2025-10-10,704.1223754882812,734.0423674154782,703.333716456913,729.6995938834806,16980100
2025-10-13,714.5050048828125,718.7379155876384,706.4584651360833,711.8194939498104,9251800
2025-10-14,707.466796875,714.3552394376962,698.1623510959027,706.598254382022,8829800
2025-10-15,716.3519287109375,722.6913629779451,708.3253746524584,715.8627565899488,10246800
2025-10-16,710.881103515625,724.2786798244232,702.7047754671785,716.3519343648386,9017000
2025-10-17,715.7229614257812,717.3402516818879,704.9410060739878,705.8994251244851,12232400
2025-10-20,730.947509765625,732.5448748734839,718.9775387090459,719.9858621042338,8900200
2025-10-21,732.0457153320312,737.2669635645257,727.5332426508437,734.7911237948646,7647300
2025-10-22,732.1854248046875,739.3634223567747,722.8211423130082,732.6047674176828,8734500
2025-10-23,732.7744750976562,741.170406509876,731.8759534115667,733.4733185275871,9856000
2025-10-24,737.127197265625,739.9724753796752,729.9292742962166,735.5598112729552,9151300
2025-10-27,749.5663452148438,754.4881061640369,746.7610395763271,748.4781384032651,11321100
2025-10-28,750.1853637695312,757.1337649704751,744.2752651341964,751.3733793283152,12193800
2025-10-29,750.4149169921875,757.8924011644837,741.2702382858599,753.4897913670577,26818600
2025-10-30,665.3572387695312,679.8230975870755,649.08446528138,668.0328178882455,88440100
2025-10-31,647.2674560546875,673.7631824593219,644.4921293755289,673.383812052831,56953200
2025-11-03,636.645263671875,658.2291607688485,635.1177890022415,654.90470367213,33003600
2025-11-04,626.2725830078125,640.6684891460408,624.9647727272926,626.9913515895119,27356600
2025-11-05,634.88818359375,641.1576663615418,625.4938610947797,631.2542465797685,20219900
2025-11-06,617.9065551757812,634.938067569805,616.9681222612256,634.7882936522686,23628800
2025-11-07,620.6719360351562,621.0912176885568,600.1961723842201,615.4606203242017,29946800
2025-11-10,630.7052001953125,633.9397808237388,617.077966360211,630.0363359130761,19245000
2025-11-11,626.0330200195312,628.5088598168925,618.3558571038752,626.9514668906089,13302200
2025-11-12,607.9931640625,627.939784558569,606.7552442025384,627.0812350986922,24493300
2025-11-13,608.8717041015625,616.6187572691151,601.993193452889,612.0463872625083,20973800
2025-11-14,608.4424438476562,612.6553687237855,594.2062431482154,600.7852061056304,20724100
2025-11-17,601.0048217773438,610.6686515784111,594.4058732487083,608.0230519623859,16501300
2025-11-18,596.6920776367188,602.6520806612418,582.8053290854997,590.612218909938,25500600
2025-11-19,589.3343505859375,594.3359951431619,580.2794874440681,592.7286370493186,24744700
2025-11-20,588.1663208007812,605.706930555967,582.375956312388,602.4923362369276,20603000
2025-11-21,593.2578125,597.1213460929463,580.88848479756,587.517412968027,21052600
2025-11-24,612.0264282226562,615.6703584886146,596.6321908004635,597.7203367937327,23554900
2025-11-25,635.1576538085938,635.9862849922763,617.2675924687619,622.9580871825591,25213000
2025-11-26,632.5520629882812,637.2941320349476,630.5753884422047,636.6252677780955,15209500
2025-11-28,646.8681640625,646.9679727244463,634.4389389877349,635.0179876534709,11033200
2025-12-01,639.7999267578125,644.242508725797,636.6951341862962,638.4821234657416,13029900
2025-12-02,646.01953125,646.7882651016448,637.0046400682228,641.2675300698932,11640900
2025-12-03,638.5320434570312,647.7665988470103,636.4854785031988,643.3340098224904,11134300
2025-12-04,660.425537109375,674.9711573797597,658.9479666864565,674.87134871331,29874600
2025-12-05,672.2955932617188,673.5634922785046,661.2840414153883,662.8913386215002,21207900
2025-12-08,665.6866455078125,675.5801331063639,663.9595535520253,668.2224435191038,13161000
2025-12-09,655.8631591796875,663.3705623262879,652.2492080192432,662.6617867420982,12997100
2025-12-10,649.0444946289062,653.4171862971667,642.3257510862366,648.8648024836247,16910900
2025-12-11,651.6201782226562,654.1858943512054,639.730030479328,642.2158631242634,13056700
2025-12-12,643.1543579101562,709.8128965395189,637.543746077992,648.7150654102267,14016900
2025-12-15,646.9561157226562,652.4414097008485,638.1536544261938,645.1476664750544,15549100
2025-12-16,656.587890625,661.973233609148,642.6498114209788,642.9495426008936,14309100
2025-12-17,648.9443969726562,660.664343241777,648.644665798819,655.0491556477624,15598500
2025-12-18,663.881591796875,669.9863502083882,655.8984367998282,656.4679564970005,20260300
2025-12-19,658.2064819335938,670.4260003995075,657.6169598101359,665.8499012351181,49977100
2025-12-22,660.9341430664062,673.0038267300547,656.0883162216827,661.0840391473547,15659400
2025-12-23,664.3711547851562,665.4302455294139,657.6868755551602,659.4853234816244,8486800
2025-12-24,666.9789428710938,667.6084088263418,661.633543835896,661.9632786179176,5627500
2025-12-26,662.7225952148438,668.3777877623371,660.7543096382171,667.4885344385556,7133800
2025-12-29,658.1265258789062,659.6851889371151,653.8302165118,657.4471149030659,8506500
2025-12-30,665.3803100585938,671.6449047754843,657.2772625792347,658.1265110341435,9187500
2025-12-31,659.5253295898438,664.4311023248911,658.8758612620638,664.1813161961976,7940400
2026-01-02,649.8535766601562,663.8216588672108,642.9495146869224,662.1630447721155,13726500
2026-01-05,658.2264404296875,663.9715218041853,647.1959061445123,650.4531272549772,12213700
2026-01-06,660.0548706054688,664.9507033148827,651.3423593634897,659.0057810200069,11074400
2026-01-07,648.1350708007812,658.5861445899717,644.2583851266311,655.0791375151089,12846300
2026-01-08,645.50732421875,646.5464125947736,635.1761427603,645.3274855180696,11921700
2026-01-09,652.5013427734375,654.3897406244424,642.3000548798136,644.8878661181845,11634900
2026-01-12,641.4207763671875,653.4105105723186,640.6814191818085,651.9718010113269,14797200
2026-01-13,630.5501708984375,641.720599826752,623.5660991574318,641.720599826752,18030400
2026-01-14,614.9934692382812,627.9124008742662,614.2940558608916,625.9640568168747,15527900
2026-01-15,620.2689208984375,623.6360331340583,613.7045339245012,617.9508982377323,13076100
2026-01-16,619.7194213867188,628.5418850412981,619.5495838845379,623.6460522405506,17012500
2026-01-20,603.6032104492188,610.8770121629093,599.4867397151437,607.3600037753715,15169600
2026-01-21,612.4356689453125,617.7411240978843,599.5666821865381,606.2209580964126,14494700
2026-01-22,647.0759887695312,660.0049216653568,626.0140046136898,628.811597152667,21394700
2026-01-23,658.1964721679688,665.9198400091174,643.8987161260534,644.2184496993522,22797700
2026-01-26,671.7847900390625,674.7023359243682,660.7242529636108,664.5609947255355,16327400
2026-01-27,672.394287109375,676.2410302656567,664.0913982323968,674.0129574053085,13297400
2026-01-28,668.1578979492188,677.1002536346601,665.5301429727417,673.9229813666298,25709600
2026-01-29,737.6784057617188,743.363540655783,711.9404325537852,736.7991536844581,59852900
2026-01-30,715.8870849609375,731.5436633097714,712.9796010924755,726.8776752394725,23744600
2026-02-02,705.8056640625,720.6829408229889,702.9181827036907,713.9886602426056,14365200
2026-02-03,691.1082763671875,716.3866205151361,685.8227628297016,706.7648539132639,13760700
2026-02-04,668.417724609375,688.2407799622291,666.8890651090074,687.1416843315144,16882800
2026-02-05,669.63671875,680.9170392363125,652.9409906690098,663.0123852284637,17131800
2026-02-06,660.8941650390625,671.4151252649915,645.9469408650316,664.920685797671,18159300
2026-02-09,676.640625,682.7254419812133,658.2164585284562,662.6126578425271,14837500
2026-02-10,670.1461791992188,680.0677378888336,669.216982119095,677.0202983345941,10455800
2026-02-11,668.1179809570312,678.6889475196376,656.5378686274887,673.4234361526849,14323800
2026-02-12,649.254150390625,675.421749916193,644.7280570616384,669.3968787035581,14960100
2026-02-13,639.2227172851562,650.872715705495,634.0271535178357,644.5481137374378,12336400
2026-02-17,638.7431030273438,642.0502690775812,628.2620863630333,638.952945338547,12674700
2026-02-18,642.6697387695312,644.4482453696517,627.6126838179015,633.2578140286595,14649200
2026-02-19,644.2284545898438,646.6363661317032,636.1752909436037,638.0237449576674,10035700
2026-02-20,655.09912109375,662.7825455010891,638.2336163631846,639.1428111159805,14183500
2026-02-23,636.7048950195312,657.1374142434245,635.455964272141,651.9817939677475,8605900
2026-02-24,638.7531127929688,640.5615620292823,628.4419334902003,632.5384628258726,10135600
2026-02-25,653.1307983398438,653.3206382422114,641.5906910720822,641.9803720795121,11330700
2026-02-26,656.447998046875,660.4345752110744,646.9461232211356,649.9935020296807,10637700
2026-02-27,647.62548828125,648.8844201349368,637.5740968396581,642.8995542116262,15703000
2026-03-02,653.0009155273438,659.3754626922687,633.9572226725116,636.6149203669017,9816100
2026-03-03,654.5196533203125,658.4762268569145,638.293554979916,647.7354225434952,12263800
2026-03-04,667.1587524414062,672.1944798634893,657.1073609851721,657.397151925757,10810100
2026-03-05,660.0049438476562,670.1262833419206,649.7537106790966,661.363765843265,13341400
2026-03-06,644.308349609375,648.9143914185428,635.5658346648192,647.3457881163396,13159400
2026-03-09,646.836181640625,647.195859029807,626.2438278402449,634.2369839533108,13489700
2026-03-10,653.510498046875,659.7351492208539,648.444827744844,653.0009245574777,9859300
2026-03-11,654.2998046875,658.5561703533895,647.8053649208291,654.1999146227295,8977200
2026-03-12,637.6340942382812,652.9409968457168,636.355220859953,648.1950599902964,11617500
2026-03-13,613.1849975585938,628.6317326131165,609.0285222575777,623.3562813254467,18957600
2026-03-16,627.4500122070312,634.75,623.0999755859375,632.0,15134900
2026-03-17,622.6599731445312,636.5499877929688,621.7000122070312,627.989990234375,10348800
2026-03-18,615.6799926757812,622.6500244140625,614.6099853515625,616.3400268554688,11726300
2026-03-19,606.7000122070312,613.0,602.260009765625,612.1500244140625,13247700
2026-03-20,593.6599731445312,603.9600219726562,587.25,603.530029296875,21214900
2026-03-23,604.0599975585938,608.6400146484375,599.010009765625,605.7899780273438,13638000
2026-03-24,592.9199829101562,601.0,591.0,599.0999755859375,10739700
2026-03-25,594.8900146484375,603.6699829101562,593.4000244140625,598.739990234375,12585000
2026-03-26,547.5399780273438,583.0,543.3499755859375,582.489990234375,35780100
2026-03-27,525.719970703125,543.5999755859375,520.260009765625,540.0999755859375,30133000
2026-03-30,536.3800048828125,539.5499877929688,528.5399780273438,536.3800048828125,22795200
2026-03-31,572.1300048828125,573.6900024414062,546.77001953125,549.97998046875,32898300
2026-04-01,579.22998046875,592.5499877929688,573.8200073242188,580.1300048828125,23608100
2026-04-02,574.4600219726562,578.5,559.7000122070312,566.0399780273438,13518500
2026-04-06,573.02001953125,582.7899780273438,572.0,577.6900024414062,9515700
2026-04-07,575.0499877929688,575.22998046875,564.760009765625,572.47998046875,9580800
2026-04-08,612.4199829101562,629.9500122070312,591.8300170898438,606.0,32036600
2026-04-09,628.3900146484375,637.5,623.0,626.969970703125,19012900
2026-04-10,629.8599853515625,638.5800170898438,624.3300170898438,634.469970703125,13294800
2026-04-13,634.530029296875,635.0,624.4000244140625,629.5,9538900
2026-04-14,662.489990234375,666.260009765625,639.3699951171875,643.219970703125,17818000
2026-04-15,671.5800170898438,678.5,664.219970703125,667.0,14952600
2026-04-16,676.8699951171875,677.5800170898438,667.75,675.989990234375,9544800
2026-04-17,688.5499877929688,691.52001953125,675.1300048828125,678.5999755859375,16283500
2026-04-20,670.9099731445312,683.3800048828125,668.0,681.3599853515625,12534000
2026-04-21,668.8400268554688,676.2000122070312,667.3300170898438,671.0,8660100
2026-04-22,674.719970703125,678.3800048828125,669.75,674.3599853515625,9215600
2026-04-23,659.1500244140625,669.5599975585938,653.0499877929688,663.7000122070312,11667000
2026-04-24,675.030029296875,680.6699829101562,653.8400268554688,660.3200073242188,13348300
2026-04-27,678.6199951171875,682.5,670.8400268554688,671.0,12805200
2026-04-28,671.3400268554688,678.1799926757812,665.6300048828125,674.239990234375,10606800
2026-04-29,669.1199951171875,674.25,663.8099975585938,668.9099731445312,18947500
2026-04-30,611.9099731445312,620.8499755859375,600.0,619.3200073242188,52765000
2026-05-01,608.75,618.8800048828125,606.1099853515625,614.6900024414062,21404000
2026-05-04,610.4099731445312,614.0,602.75,607.9400024414062,16203900
2026-05-05,604.9600219726562,614.3499755859375,600.3599853515625,613.3099975585938,17171300
2026-05-06,612.8800048828125,619.9500122070312,598.0999755859375,601.0499877929688,19915500
2026-05-07,616.8099975585938,624.97998046875,613.5399780273438,614.719970703125,12307400
2026-05-08,609.6300048828125,616.77001953125,606.0599975585938,615.2000122070312,13557000
2026-05-11,598.8599853515625,604.9099731445312,598.0800170898438,604.5700073242188,15940600
2026-05-12,603.0,603.75,592.5999755859375,594.8200073242188,11351600
2026-05-13,616.6300048828125,619.9000244140625,596.6599731445312,598.8300170898438,14634400
2026-05-14,618.4299926757812,623.72998046875,615.0,616.0,10651200
2026-05-15,614.22998046875,621.2000122070312,609.3099975585938,613.989990234375,13272600
2026-05-18,611.2100219726562,615.5900268554688,603.6900024414062,609.1099853515625,13772400
2026-05-19,602.6099853515625,613.9299926757812,600.5499877929688,608.9199829101562,11749900
2026-05-20,605.0599975585938,608.0,597.8099975585938,600.760009765625,11329700
2026-05-21,607.3800048828125,609.5999755859375,594.8099975585938,600.0,13454200
