Date,Close,High,Low,Open,Volume
2021-05-24,240.67276000976562,241.03744947626555,237.53454740378538,237.80326133368715,21411500
2021-05-25,241.5748291015625,242.5633154271497,240.71110801987922,241.62281686028,17704300
2021-05-26,241.35414123535156,242.74569859585426,240.64396036767923,241.29654712947791,17771600
2021-05-27,239.26197814941406,241.34451819821592,239.20439869133438,241.04701456893127,24426200
2021-05-28,239.6170654296875,241.92034629984425,239.501906511513,240.88387210484515,18270200
2021-06-01,237.42897033691406,241.16219011250507,237.00671606727997,241.10461065045544,23213300
2021-06-02,237.33302307128906,239.22362695076313,235.9318592911416,238.12957317758924,19406700
2021-06-03,235.80711364746094,236.4117126902741,233.20632880475637,235.33685693077388,25307700
2021-06-04,240.68234252929688,241.50768232361588,237.53453834719892,237.77446253573572,25281100
2021-06-07,243.5806121826172,243.84932608170533,239.74182545986196,239.90497213832194,23079200
2021-06-08,242.390625,245.6919842968053,242.33303089186523,244.876236168721,22455000
2021-06-09,243.3695068359375,245.23132096206123,243.00483201146952,243.58064130243469,17937600
2021-06-10,246.8723907470703,247.08352521054456,243.44628085125785,244.04128816987938,24563600
2021-06-11,247.49618530273438,248.07197986770322,246.2677454638202,247.592131538484,18999700
2021-06-14,249.4155731201172,249.47315257534447,246.45008473782653,247.50575689635525,19150500
2021-06-15,247.9471893310547,249.5114994108037,247.29460269889398,249.3003649959735,18038900
2021-06-16,247.0067596435547,250.0777717386489,244.16605075768612,248.9453365777258,27220000
2021-06-17,250.38482666015625,251.2005745937238,245.69192571105955,245.7495051616535,27565500
2021-06-18,248.97415161132812,251.72847693840555,248.32156476965892,249.16610270011282,37202200
2021-06-21,252.045166015625,252.8992809067008,247.52500245412696,249.34842044965174,26696100
2021-06-22,254.80908203125,255.077795937688,251.82441004310962,252.13152001835851,24694100
2021-06-23,254.57870483398438,256.07582917695146,253.77256320989562,255.2696875528627,19518700
2021-06-24,255.94149780273438,257.0547494132898,254.77066673711718,255.43285975794427,21446900
2021-06-25,254.3388214111328,256.4789557010309,254.0893201724312,255.5000755623851,25611100
2021-06-28,257.88970947265625,258.06244785704735,255.1929639728323,255.46167788886962,19590000
2021-06-29,260.4617004394531,260.7016246346419,257.17955385033815,258.03366875564717,19937800
2021-06-30,259.9818420410156,260.42329434263524,258.7342479891088,259.7803139253489,21656500
2021-07-01,260.6536560058594,260.8839738651738,258.7342624112472,258.7438394636373,16725300
2021-07-02,266.4598083496094,266.7957080842182,261.517375730034,261.8244857323976,26458000
2021-07-06,266.46942138671875,268.11049474118505,263.2448248561012,266.82450452254136,31565600
2021-07-07,268.6478576660156,269.3772364417186,265.9799023346366,268.1392196481216,23260000
2021-07-08,266.23907470703125,267.49627505663517,263.791830519067,265.74001367275713,24618600
2021-07-09,266.73809814453125,266.84365072149694,264.2236975236495,264.60757033893503,23916700
2021-07-12,266.1431579589844,268.4943978499109,265.4329623197288,267.9089967844055,18931700
2021-07-13,269.6556091308594,271.45023740575635,266.2103012391227,266.3350372176916,26120100
2021-07-14,271.1239013671875,272.2275466221714,269.2428749057434,270.97034639354206,23113700
2021-07-15,269.70355224609375,271.1239138520069,268.5519045345298,270.6344591814496,22604200
2021-07-16,269.43487548828125,272.6498656125402,268.1968584208553,270.70168228808353,26186800
2021-07-19,265.8456726074219,269.0702404361909,263.38885065570423,267.6882744273962,32935600
2021-07-20,268.0625305175781,269.6460244586933,265.1258605067467,266.8245133835614,26259700
2021-07-21,270.0587158203125,270.17387476827,266.11437541463516,267.6594734457759,24364300
2021-07-22,274.607666015625,274.87637995751953,271.99728945681113,272.40034572584136,23384100
2021-07-23,277.9953308105469,278.30241146815854,274.9530796603886,275.78801102778897,22768100
2021-07-26,277.4002990722656,278.01451897326893,275.08745596802055,277.35232595583216,23176100
2021-07-27,274.9914855957031,277.90894231723627,271.54617814543514,277.76499367762403,33604100
2021-07-28,274.68438720703125,278.4559881617901,272.3906980646863,277.3427364892114,33566900
2021-07-29,274.9530944824219,276.9876467259065,274.5500089966287,274.7035639775205,18168300
2021-07-30,273.4272155761719,275.10668495635474,272.4675187874959,273.6767461132666,20944800
2021-08-02,273.3408508300781,275.212242025892,272.30436188036447,274.8187628216139,16267400
2021-08-03,275.5481872558594,275.65376915132686,272.5539374181312,273.91671999177777,17879000
2021-08-04,274.9627380371094,275.99919768889043,273.1776867693029,274.6844177660965,16191300
2021-08-05,277.8514404296875,277.95702231995693,274.56929337977533,275.317855802354,13900200
2021-08-06,277.7938232421875,277.83221931412936,276.0279846719422,276.8821288688246,16589300
2021-08-09,276.7093811035156,279.79960614575214,276.2103492828426,278.0721635231256,16117600
2021-08-10,274.8955383300781,277.5922838439448,273.70552373680465,277.16040859309794,18616600
2021-08-11,275.385009765625,277.0260831007816,274.3389144756151,275.6345110192113,13955900
2021-08-12,278.12969970703125,278.2832546943312,274.7995509694879,275.0778712144452,14561300
2021-08-13,281.0472717285156,281.0952448633655,277.64032981295765,277.81309753119916,18249000
2021-08-16,282.7267150878906,282.9378495792554,278.3312868461039,281.3735389324563,22507600
2021-08-17,281.2679138183594,281.60381354222284,279.3485202964206,280.60574999790174,20075300
2021-08-18,279.5467529296875,283.4794229415405,279.104426221495,280.80635995342857,21813000
2021-08-19,285.3544006347656,286.02748609208663,277.5371547943832,277.5852197511838,29850500
2021-08-20,292.65252685546875,294.07560799546314,286.59487330209095,288.191023550766,40817600
2021-08-23,292.9313659667969,293.65251656215764,290.2390821482606,291.5852240575287,22830200
2021-08-24,290.9794006347656,293.892847343343,290.38325427792677,293.28707625697854,18175800
2021-08-25,290.39288330078125,292.8736280290071,288.86404781166596,292.5947749618287,20006100
2021-08-26,287.5852355957031,290.79675602594824,287.4506360780136,289.41214454966746,17666100
2021-08-27,288.19097900390625,289.29673726337023,285.4121315880625,287.4890486022759,22605700
2021-08-30,291.912109375,292.51788050210155,289.47942948011064,289.53711917376893,16348100
2021-08-31,290.2679138183594,292.7871284221074,289.9025261716433,292.7102186066526,26285300
2021-09-01,290.2198791503906,293.45064959357825,289.8929610160635,291.21988301896033,18983800
2021-09-02,289.5659484863281,291.69093033858195,288.6332593639689,290.5755767585639,16285600
2021-09-03,289.5563659667969,290.96019740569926,288.7102113426839,289.4121123902904,14747900
2021-09-07,288.6332702636719,289.5082697285104,286.7294517158089,289.4313599194175,17180400
2021-09-08,288.6621398925781,289.04674765844067,286.02754588554353,288.2486872778682,15046800
2021-09-09,285.81591796875,290.51783226857776,285.5755345221825,289.2486006282176,19927000
2021-09-10,284.335205078125,288.38328426235665,284.01791177587137,286.9409832920089,19633400
2021-09-13,285.5659484863281,287.0563436631931,282.76788126792405,286.1044051321014,23652900
2021-09-14,288.2582702636719,289.7967304480166,286.6332755453167,288.0371068920759,21853400
2021-09-15,293.09478759765625,293.57555457579934,290.2101857287975,291.5947969733447,28356300
2021-09-16,293.4794006347656,293.5659351711585,289.19096732817496,292.0755692493566,19550800
2021-09-17,288.3352355957031,292.78714332382805,288.0083175119213,292.4698499713523,41372500
2021-09-20,282.9794616699219,287.22945511957835,278.38333004418814,284.93137463486613,38278700
2021-09-21,283.4601745605469,286.09479733126966,282.7582736118841,284.31595379410885,22364100
2021-09-22,287.0948181152344,288.6717480113228,283.18139690958066,285.3160036325235,26626300
2021-09-23,288.0371398925781,289.32559200827507,286.08522692976766,287.3544589280449,18604600
2021-09-24,287.83526611328125,288.26793889326797,285.50834045847176,286.75835251372126,14999000
2021-09-27,282.85443115234375,285.0659473135494,281.67173392975803,284.7486540480037,23571700
2021-09-28,272.6140441894531,279.5947887568724,271.87367374951066,278.65247509756944,43186200
2021-09-29,273.0756530761719,275.73909166392633,272.1237438163445,274.1333463335849,26353700
2021-09-30,271.0756530761719,276.7582926672313,270.78717529668586,274.71984547108286,32343600
2021-10-01,277.97943115234375,278.82558560260657,270.4698544217859,271.2679145751983,30086300
2021-10-04,272.21990966796875,276.68144205400307,269.4699361794418,276.3448992444517,31350700
2021-10-05,277.65252685546875,279.2294271274474,273.1236812465694,273.1236812465694,24993000
2021-10-06,281.8351745605469,282.3351909458261,274.52754072695535,274.78714430445336,28002600
2021-10-07,283.5083312988281,285.229485530052,282.6141116407885,283.82562463617745,20430500
2021-10-08,283.5083312988281,285.229485530052,282.46026266569163,284.82562830246127,17685700
2021-10-11,282.9120788574219,286.5082056038626,281.48899837875047,281.6524720234435,19298600
2021-10-12,281.6141662597656,284.0756916833905,281.1045542621487,283.97953238609153,17974100
2021-10-13,284.912109375,285.8447984376841,282.20057671725624,283.5659677751689,23416300
2021-10-14,291.1044006347656,291.60438772035315,286.37364073387175,287.7005622674281,27262900
2021-10-15,292.5081787109375,292.7389667684593,288.96011676723884,290.7101152636768,25384800
2021-10-18,295.4697570800781,296.3543518258326,291.0466953202489,291.8928498378823,22729300
2021-10-19,296.3736267089844,297.40244575766764,295.4024680074294,296.489006090617,17682100
2021-10-20,295.5851745605469,297.787095667317,294.3351627369978,297.3159240470741,16537100
2021-10-21,298.8063049316406,299.0562838093166,294.57553200250277,295.3544015118529,16918100
2021-10-22,297.267822265625,299.1235756390308,295.960120910737,298.46011490450775,17449300
2021-10-25,296.2774658203125,297.4986033941539,294.67169118488476,297.4601338192577,17554500
2021-10-26,298.1813049316406,300.3832260837612,296.7294084953105,299.03708430610516,28107300
2021-10-27,310.7389831542969,313.55627098080305,303.8447708537641,303.8447708537641,52588700
2021-10-28,311.8735656738281,312.37355280117015,308.9985589964651,311.854316213441,26297900
2021-10-29,318.8638000488281,319.2291875488427,311.4407587308729,311.66192204500794,34766000
2021-11-01,316.7004089355469,318.7388560634213,313.81580729941845,318.6138519641994,27073200
2021-11-02,320.3157958984375,320.6234937918966,317.3061900673543,317.60426323174084,26487100
2021-11-03,321.15240478515625,322.0177796478746,317.9312595271054,321.05624550181125,21500100
2021-11-04,323.4984130859375,323.5945723284516,316.8349913256109,320.0849800542936,23992200
2021-11-05,323.13311767578125,325.75811609186775,321.556217155061,325.4888877422965,22570100
2021-11-08,324.0273132324219,324.6619291544204,321.57541342152103,324.32538640649415,20897000
2021-11-09,323.02734375,325.69078224022303,321.6619526233949,324.1426973147689,21307400
2021-11-10,318.075439453125,321.75813115179415,317.22931417120816,321.7004414585655,25500900
2021-11-11,319.6427001953125,320.9311520712927,317.7965715810098,318.5080972611384,16849800
2021-11-12,323.7677001953125,324.258091880674,320.9504128741325,321.07541697774906,23831000
2021-11-15,323.14276123046875,324.8831355458123,321.18122351578705,324.5562174839805,16723000
2021-11-16,326.4504089355469,327.5657918667416,322.60427303916015,322.7677173822912,20886800
2021-11-17,326.6719665527344,329.62928356256526,325.59308293416547,326.4985808420445,19053400
2021-11-18,328.7430114746094,329.87971962558396,324.7453511615108,325.7664394516795,22463500
2021-11-19,330.5155334472656,332.4325070081749,329.63896245799737,330.0628138404935,21963400
2021-11-22,327.3558654785156,336.8346949958714,327.0861445993955,331.9700474366429,31031100
2021-11-23,325.2847595214844,326.98980687418253,321.31599723176595,324.6778802533964,30427600
2021-11-24,325.5064697265625,325.74729307168315,321.65329620463206,323.93629681279486,21661300
2021-11-26,317.57843017578125,325.52559745058403,316.07569544288083,322.07702143466366,24217200
2021-11-29,324.27337646484375,326.585274135935,322.4527383080336,322.64540869619697,28563500
2021-11-30,318.45501708984375,325.3810958451543,316.91374246967,323.011403387591,42885600
2021-12-01,317.9637451171875,326.8260526046821,317.2990999831267,322.82839247617034,33337600
2021-12-02,317.3954772949219,321.2486502191634,315.76750938263973,318.1757424602907,30766000
2021-12-03,311.15325927734375,320.4875701373592,306.3560498943982,319.80361098974385,41779300
2021-12-06,314.2165832519531,315.43034198292435,307.512071408828,312.05881608344686,30032600
2021-12-07,322.6261901855469,323.47386355690173,317.98310963695894,319.46658948224007,31021900
2021-12-08,322.6742858886719,323.184830047875,318.65734078900067,323.00180200991804,24761000
2021-12-09,320.8729248046875,324.1384729979598,319.92888702095325,322.1348363640117,22214200
2021-12-10,329.9664001464844,330.40950670555475,322.50087922237924,322.68390724843727,38095700
2021-12-13,326.941650390625,331.17052092748463,326.63338956387594,328.17466430025087,28899400
2021-12-14,316.2876281738281,322.3563918673137,312.2128880966609,320.98850283752,44438700
2021-12-15,322.3660583496094,322.88624490056276,312.5886384053127,316.54775928331173,35381100
2021-12-16,312.9739685058594,324.39864164478854,311.1629725069746,323.38716610207007,35034800
2021-12-17,311.91424560546875,312.9931584037919,305.6046885387923,309.10144665260225,47750300
2021-12-20,308.16705322265625,310.9509545801387,305.912951232269,308.30189894992657,28326500
2021-12-21,315.2762145996094,315.7000659257097,308.06112911488344,311.42304210587787,24740600
2021-12-22,320.96923828125,321.3641625402389,313.7926936963985,316.24907907920306,24831500
2021-12-23,322.404541015625,324.0421508973986,320.5164949405719,320.5357502177873,19617800
2021-12-27,329.8797302246094,329.90862784139654,323.11739392269027,323.1462915394775,19947000
2021-12-28,328.7237548828125,331.18978275080303,327.827899397402,330.5540058070814,15661500
2021-12-29,329.39813232421875,331.6618479007126,327.21143787403537,328.7719682057402,15042000
2021-12-30,326.8646545410156,330.53479926844375,326.38300794269304,329.3595803926416,15994500
2021-12-31,323.9747009277344,326.90309041033254,323.52195205286245,326.0843148981623,18000800
2022-01-03,322.4623718261719,325.59307446526094,317.67480384527,323.0403535774783,28865100
2022-01-04,316.93304443359375,322.89583055126775,314.1491135080895,322.5393874417457,32674300
2022-01-05,304.7666931152344,314.1010061399775,304.3813817326678,313.8986934112964,40054300
2022-01-06,302.3584289550781,307.0015085378214,300.05614444176234,301.6552144415301,39646100
2022-01-07,302.5125427246094,304.88223527940386,298.70752360593445,302.6184908441429,32720000
2022-01-10,302.734130859375,303.1676245403952,293.505795319919,298.1295907297212,44289500
2022-01-11,303.4181213378906,304.98826465644487,298.51496217670007,301.8768462438373,29386800
2022-01-12,306.5873107910156,311.5386518627093,305.4409895513784,307.9359447652065,34372200
2022-01-13,293.6116943359375,309.10146222236773,292.8410716956861,308.7065085650938,45366000
2022-01-14,298.8135070800781,299.41074404993253,292.6002553313774,293.0819018422109,39846400
2022-01-18,291.5406494140625,298.42818916600646,290.66404916965183,292.90853854423693,42333200
2022-01-19,292.1956787109375,302.3873360187906,291.58882876082123,295.0470474103309,45933900
2022-01-20,290.5291748046875,300.2102576999121,290.08606825576,297.7249746936836,35380700
2022-01-21,285.1636657714844,292.94706137271686,284.7590697196657,291.5792015826187,57984400
2022-01-24,285.4912109375,286.2040385232011,265.9170853754429,281.47429461593225,85731500
2022-01-25,277.900390625,284.16179518047517,274.70228017866594,280.8191672649652,72848600
2022-01-26,285.8186950683594,297.17592925056107,282.27378342148563,296.6846403493407,90428900
2022-01-27,288.8338623046875,296.02002216009936,286.9939685564183,291.5503564920198,53481300
2022-01-28,296.94476318359375,297.1566888577396,283.64168680427184,289.2095201733317,49743700
2022-01-31,299.56494140625,300.91354605848886,295.1241442973268,297.60945731115953,46444500
2022-02-01,297.4263916015625,299.2277450230752,293.9296328904505,299.01581936187534,40950400
2022-02-02,301.9538269042969,303.55289687211734,297.5419577332225,298.26442751039235,36636000
2022-02-03,290.19207763671875,299.8057543934319,288.94942117258597,298.12960422865086,43730000
2022-02-04,294.7098693847656,297.4648733158477,288.95900886982764,289.1901897878569,35096500
2022-02-07,289.903076171875,296.5401504808717,288.89160075762936,294.931467433284,28533300
2022-02-08,293.3805847167969,294.3438779498826,288.93981702301244,290.19208646707324,32421200
2022-02-09,299.7864074707031,300.47997960930934,296.10665053831843,298.49559837334124,31284700
2022-02-10,291.2806091308594,297.77319603906335,289.6622835734979,292.879679406839,45386200
2022-02-11,284.2099304199219,293.1203892737895,283.42002322831956,292.0607612603431,39175600
2022-02-14,284.1715087890625,285.8669143164562,280.6554943055546,282.98664750834394,36359500
2022-02-15,289.44061279296875,289.7584865084877,286.11724059844187,288.99750629948704,27058300
2022-02-16,289.1028137207031,290.42524925713894,283.484848801482,288.0120371225755,29982100
2022-02-17,280.6373291015625,286.4965868814694,279.9326604203937,286.0718591090062,32461600
2022-02-18,277.9344787597656,283.65861124098427,276.37072190934305,282.876732815773,34264000
2022-02-22,277.73175048828125,281.4191455825817,274.6235321794877,275.106174591051,41736100
2022-02-23,270.5404357910156,281.573666522266,270.37635382579157,280.10641436358,37811200
2022-02-24,284.36328125,284.9135007247491,262.094151059809,263.0498031628359,56989700
2022-02-25,286.9888916015625,287.29778988293907,281.5253747646306,284.8942395707059,32546700
2022-02-28,288.4175109863281,288.7553666251348,282.8285026347826,284.0930236175549,34627500
2022-03-01,284.7108459472656,289.5565664408294,282.00803005009567,286.1104916374732,31217800
2022-03-02,289.7688903808594,291.0044539337732,283.50420050610404,285.10654759375143,31873000
2022-03-03,285.64715576171875,292.6068524998791,283.8420480314748,292.37519352194875,27314500
2022-03-04,279.7974853515625,285.3961558141852,277.20089590151974,284.07372012763096,32356500
2022-03-07,269.22760009765625,279.6333695655803,268.8607871426468,278.5136356085561,43157200
2022-03-08,266.27392578125,274.10237453893683,260.62700152327903,268.15621422846283,48159500
2022-03-09,278.4847106933594,279.5465300399745,271.03270963096804,273.6003711570887,35204500
2022-03-10,275.6756896972656,276.6506367973392,270.83960329634476,273.194900626514,30628000
2022-03-11,270.34735107421875,279.4596429563479,269.7295545935928,277.9634336750457,27209300
2022-03-14,266.8433532714844,275.4922975054639,266.2448813621328,270.6079583933382,30660700
2022-03-15,277.18157958984375,277.8283334961411,269.0538964529326,270.6176534268287,34245100
2022-03-16,284.170166015625,284.34391018496933,273.36862828246825,279.07343471632413,37826300
2022-03-17,284.9714660644531,285.34791193212243,279.32454238410753,283.10847290668306,30816600
2022-03-18,290.00054931640625,290.55076880569743,282.56787290557435,285.11620984529543,43390600
2022-03-21,288.77459716796875,289.7205868535309,284.6624745949612,288.51398088334355,28351200
2022-03-22,293.5045471191406,294.4119173522232,288.39818135350095,289.39242369934766,27599700
2022-03-23,289.0932312011719,292.7034175820103,287.38468714348056,290.07784087692966,25715400
2022-03-24,293.5431823730469,293.6397167673037,287.9638360996713,288.75537689115174,24484500
2022-03-25,293.1377868652344,294.89461290569596,288.9002003810055,294.63399652050595,22566500
2022-03-28,299.91400146484375,300.01050637906735,293.7651124963967,293.7651124963967,29578200
2022-03-29,304.4604797363281,304.8562500359702,298.32125314184253,303.01255254853436,30393400
2022-03-30,302.96435546875,304.9818271718414,300.763506705358,302.86785052906407,28163600
2022-03-31,297.6070251464844,304.1999383958244,297.2016219305857,303.00296492746145,33422100
2022-04-01,298.6784362792969,299.3637802401649,294.933126535701,298.6301543643232,27110500
2022-04-04,304.03582763671875,304.17095222292346,298.95841894296694,299.3252319683475,24289600
2022-04-05,300.0878601074219,303.9393385314989,299.1129126534412,302.39487635888725,23156700
2022-04-06,289.1028137207031,296.3424501243935,286.4096607302466,294.59528689562205,40110400
2022-04-07,290.9079284667969,293.10877703347046,286.06220849283096,286.3614444787001,31411200
2022-04-08,286.6606750488281,290.6666017314044,285.99462607140345,290.01021503016705,24361900
2022-04-11,275.3571472167969,282.4519668205672,275.10616374606843,281.66045568500346,34569300
2022-04-12,272.26824951171875,280.6469151575573,270.75274518786716,279.1989878449197,30966700
2022-04-13,277.6352233886719,278.5618885948695,271.5346160767129,272.914995798149,21907200
2022-04-14,270.11572265625,278.30135109358486,269.6234472757118,278.0889871884744,28221600
2022-04-18,270.7817687988281,272.654424271278,268.6774543262942,269.2276739096577,20778000
2022-04-19,275.3957824707031,276.2356051160154,268.7449845312876,269.6813121043786,22297700
2022-04-20,276.41900634765625,279.64308426283594,275.46338359699905,279.35348107967593,22906700
2022-04-21,271.0616455078125,283.1180442640561,270.33768184591173,278.5618984401678,29454600
2022-04-22,264.51702880859375,273.36870459899797,263.8895994942571,271.90145264874303,29405800
2022-04-25,270.97491455078125,271.35136053281406,261.37031318338614,263.80285120767144,35678900
2022-04-26,260.8393249511719,268.6967298664818,260.62696106383044,267.86659887115906,46518400
2022-04-27,273.3880310058594,280.8689900877158,269.4689760886624,272.30691647120665,63477700
2022-04-28,279.575439453125,280.8785798159734,271.6890497286869,275.28957261335694,33646600
2022-04-29,267.88580322265625,279.8167376058599,266.9012234193171,278.59080716587056,37073900
2022-05-02,274.5946350097656,275.04832015441815,266.63103347319105,268.0692987483365,35151100
2022-05-03,271.99798583984375,274.26641131232816,270.42456669386183,274.10229991297473,25978600
2022-05-04,279.9133605957031,280.78211122173315,267.1233340856761,272.77989016075946,33599300
2022-05-05,267.7217712402344,276.40933528615983,264.816254282709,275.6274568786791,43260400
2022-05-06,265.19268798828125,269.555764420702,261.8527815684002,265.2698978061163,37780300
2022-05-09,255.3950653076172,262.90498063444784,254.17882636789196,260.6848371526901,47726000
2022-05-10,260.1442565917969,264.24671703897735,255.86805194857527,262.258232684761,39336400
2022-05-11,251.50497436523438,261.93970200384274,250.298368214071,256.45689072291424,48975900
2022-05-12,246.4855194091797,250.8582590815856,241.3405488261486,248.7442826712676,51033800
2022-05-13,252.0552215576172,253.9085817712002,246.4855375563082,248.4161076104666,34925100
2022-05-16,252.42202758789062,256.59206585930104,246.90059620764168,250.9354804390881,32550900
2022-05-17,257.55731201171875,259.0148721108303,253.34865472681068,256.87193855498094,28828800
2022-05-18,245.83082580566406,255.0417455754485,244.56335973469547,254.46121977706724,31356000
2022-05-19,244.9213409423828,249.30427969315693,243.70225448849024,245.65666082139012,32692300
2022-05-20,244.3601837158203,250.14604290717048,238.43888522978867,248.88823202551862,39199300
2022-05-23,252.18751525878906,253.0099243599592,245.2019245791374,247.19505531377055,33175400
2022-05-24,251.19091796875,252.84539116572356,245.2696206096745,249.51710474100852,29043900
2022-05-25,253.99681091308594,255.98992698907475,248.78182219830612,249.7590402014901,28547900
2022-05-26,257.26702880859375,258.43773551666885,252.94215494918038,253.75487915760345,25002100
2022-05-27,264.3687744140625,264.4655336439164,258.873192668912,259.7633362460875,26910800
2022-05-31,263.0431823730469,265.84902206515727,260.1986330948572,263.6817576729224,37827700
2022-06-01,263.57537841796875,268.674267192914,261.27264493032675,266.26511923779674,25292200
2022-06-02,265.665283203125,265.73301762123407,253.10671973952768,255.86419557770878,44008200
2022-06-03,261.2532653808594,264.571926206195,259.6955513321792,261.53385823484007,28059000
2022-06-06,260.02459716796875,265.27829636106657,258.5442722702789,263.2271303095513,22400300
2022-06-07,263.6527404785156,264.2622909881243,257.3057264093207,257.9830113148334,22860700
2022-06-08,261.6307067871094,264.136614716851,260.8566623612509,262.88848837981266,17372300
2022-06-09,256.1931457519531,263.8559928027338,256.03833688377534,259.08606081367157,26439700
2022-06-10,244.77621459960938,252.11977283149906,244.33114285896366,252.11977283149906,31422800
2022-06-13,234.39456176757812,240.9350949240482,233.6882667435192,237.1520369876546,46135800
2022-06-14,236.55218505859375,237.76160149558388,233.6689256431726,235.94263445006774,28651500
2022-06-15,243.586181640625,247.01125783719002,238.41955729083625,240.24819466243056,33111700
2022-06-16,237.01657104492188,239.38702405079715,235.12988456120002,237.99377410485405,33169200
2022-06-17,239.6095733642578,242.3670486857971,236.10710816342058,236.75535358790026,43084800
2022-06-21,245.50186157226562,246.4790647181553,241.40918580520898,242.13483565226932,29928300
2022-06-22,244.91168212890625,248.82052450027996,242.24128106481916,243.7119356534914,25939900
2022-06-23,250.4556121826172,250.94906352812058,245.39543280330932,247.27244944007643,25861400
2022-06-24,259.0086669921875,259.2795751254641,253.22280743470034,253.3098818853851,33923200
2022-06-27,256.28985595703125,259.58911783064,254.73211231864522,259.50204339521724,24615100
2022-06-28,248.15293884277344,258.24430356414223,247.99812997940293,255.40943822517565,27295500
2022-06-29,251.8102264404297,253.4647001181268,247.4563118212705,249.22689953422443,20069800
2022-06-30,248.49154663085938,251.1038981642681,244.6891481209095,248.70440512266876,31730900
2022-07-01,251.1522979736328,251.33613167518243,246.34367073039226,248.06589370294856,22837700
2022-07-05,254.3161163330078,254.44190037764724,246.46942121872016,247.84331663869565,22941000
2022-07-06,257.5669860839844,259.2891938730712,253.88068722348527,255.18686285339652,23824400
2022-07-07,259.6858825683594,260.324457968474,256.4156159102422,256.5123751272476,20859900
2022-07-08,258.96990966796875,259.395626588486,254.74179480110894,256.1930944319359,19658800
2022-07-11,255.9221954345703,257.87660171050175,253.66782672632655,257.0251678392389,19455200
2022-07-12,245.43414306640625,257.3057794671245,243.8570592390129,257.2477298377406,35868500
2022-07-13,244.51498413085938,245.3180384343123,240.05465562247608,242.06712638955372,29497400
2022-07-14,245.83082580566406,246.85640858787121,237.95510651412596,242.43478974627138,25102800
2022-07-15,248.38516235351562,251.9166531694112,246.49847527703187,247.41762900522784,29774100
2022-07-18,245.9953155517578,252.3713557823353,245.07616196648328,251.3167481398981,20975000
2022-07-19,251.10386657714844,251.28770022998475,245.44379198460823,249.21716520404595,25012600
2022-07-20,253.75494384765625,256.27053629222974,250.5040461852087,251.46189468811332,22788300
2022-07-21,256.2414855957031,256.2898799710948,248.68505377050542,251.35545481408533,22404700
2022-07-22,251.9069061279297,256.7155468615233,250.65880967638628,256.628472424911,21881300
2022-07-25,250.4265899658203,253.00991644481692,248.47218365007052,252.52614987417672,21056000
2022-07-26,243.7216033935547,251.44252883940965,241.46726406430727,251.42315927857734,39348000
2022-07-27,260.01483154296875,261.2822975208546,250.44594469622396,252.68094375810006,45994000
2022-07-28,267.43585205078125,268.81941742326114,259.17311035737987,260.99207747518795,33459300
2022-07-29,271.6252746582031,272.8443759995339,267.64872718084746,268.6839948428737,32152800
2022-08-01,268.98394775390625,272.1477710808105,266.8843874576311,268.80011406095605,21539600
2022-08-02,265.8974914550781,268.8678255810628,263.53670799309106,267.0391735890701,22754200
2022-08-03,273.29913330078125,274.295691421878,267.62937279083735,267.7745264077172,23518900
2022-08-04,274.4408264160156,274.5859505118883,271.07382928467115,272.6508838288538,18098700
2022-08-05,273.7247619628906,274.44072692749853,269.6320867822846,270.0868284690186,16774600
2022-08-08,271.2188415527344,276.63703193658046,270.2513086101462,274.8277205314604,18739200
2022-08-09,273.1346130371094,273.8892877589125,268.5968799256363,270.5610006852255,23405200
2022-08-10,279.7718811035156,280.40077172746834,277.62395639158353,278.81403276129174,24687800
2022-08-11,277.701416015625,281.7553831803719,277.2079940772859,281.4070853415443,20065900
2022-08-12,282.4326171875,282.4326171875,277.62397604955174,279.1139854304459,22619700
2022-08-15,283.9419860839844,284.62892642888846,280.6910589868737,281.55217775836655,18085700
2022-08-16,283.2066345214844,284.49347021164397,280.9910047541906,282.51000943686375,18102900
2022-08-17,282.46002197265625,284.42828191151625,280.6662805490986,280.9280583220521,18253400
2022-08-18,281.34503173828125,283.0321034033775,280.2881560238518,281.36441282325103,17186200
2022-08-19,277.4473571777344,280.45308326195857,276.8753043097147,280.11372184141766,20570000
2022-08-22,269.3027648925781,273.869510964488,268.7888850126345,273.50106320350113,25061100
2022-08-23,268.03253173828125,270.37891482482473,267.0241533528703,268.03253173828125,17527400
2022-08-24,267.40234375,268.7985510668254,266.74300225801466,267.03389604285996,18137000
2022-08-25,270.3693542480469,270.5341674761129,266.17102576018783,268.89556299786517,16583400
2022-08-26,259.9364929199219,271.813929906626,259.8298525866448,270.5922412050878,27549300
2022-08-29,257.16357421875,259.2675614677576,255.82553940593357,257.76471343275216,20338500
2022-08-30,254.97225952148438,258.92816091829354,252.73251622654692,258.559742764077,22767100
2022-08-31,253.5178985595703,258.9863535184162,253.38214218494335,257.3186923863377,24791800
2022-09-01,252.48037719726562,252.95549481319304,247.64214890957027,250.99691069203294,23263400
2022-09-02,248.27239990234375,256.68840643713196,246.7307604021961,253.7408837951921,22855400
2022-09-06,245.54791259765625,249.98860812596865,244.27775596973632,248.40820613990354,21328200
2022-09-07,250.2406768798828,250.95816170983366,245.51879346007277,246.95377791469627,24126700
2022-09-08,250.65757751464844,252.50949191714798,247.041022768642,249.67831493374948,20319900
2022-09-09,256.41693115234375,257.1635319672501,252.37377054080144,252.57737549512018,22084700
2022-09-12,258.54034423828125,259.316031521762,257.09566920762467,257.6968083589195,18747700
2022-09-13,244.32618713378906,252.48040101382477,243.93834353048703,250.96784794774865,33353300
2022-09-14,244.5491943359375,246.49805856116708,242.26096879830945,245.8193507310912,23913000
2022-09-15,237.91725158691406,243.75415439975833,236.5986127372413,242.17373772461787,31530900
2022-09-16,237.2966766357422,237.83964287173066,234.69817634172827,236.83126432370605,39791800
2022-09-19,237.08338928222656,237.68452841666505,233.52500718935042,235.09573320886867,26826900
2022-09-20,235.07632446289062,236.10408413767027,232.35178783208616,234.70789152713547,26660300
2022-09-21,231.68276977539062,240.12787756364517,231.634287475008,236.84097880590735,28625600
2022-09-22,233.65101623535156,236.44343087375472,230.34473658595115,230.63560078185145,31061200
2022-09-23,230.68411254882812,233.79649299504186,228.0468350078117,232.2548385862269,34176000
2022-09-26,230.22836303710938,234.10670990585737,229.6950873837127,229.84053426812227,27694200
2022-09-27,229.22003173828125,234.44610429031408,227.36811729613822,232.68144911431068,27018700
2022-09-28,233.73834228515625,234.96001656386545,227.5911495376008,229.60789224789139,29029700
2022-09-29,230.27688598632812,232.6523709038743,227.28086605201818,231.6246111693645,27484200
2022-09-30,225.81678771972656,233.22443119574095,225.65195971871543,231.0428606260345,35694800
2022-10-03,233.4183349609375,234.26187075492425,227.52324535563076,228.25043546623195,28880400
2022-10-04,241.310791015625,242.74577547683293,237.52939325058418,237.6360484007584,34888400
2022-10-05,241.6210479736328,242.95908260476142,236.67616375353109,238.50868236825332,20347100
2022-10-06,239.2843017578125,242.72633759632842,238.5959034669409,240.38963003439332,20239900
2022-10-07,227.11602783203125,233.98070446797666,226.07856280672056,233.57346497384196,37769600
2022-10-10,222.2777557373047,227.42625885745642,219.8343930584343,225.96218823518748,29743600
2022-10-11,218.55459594726562,222.09358236444308,217.29412996487275,220.69737480208315,30474000
2022-10-12,218.8842315673828,220.93006041435294,217.14867761413385,218.54487025171542,21903900
2022-10-13,227.11602783203125,228.91945995498912,212.46557001660585,213.163673728378,42551800
2022-10-14,221.60879516601562,230.02481774633813,221.39548484935546,228.37650806401442,30198600
2022-10-17,230.3059539794922,231.69247081215326,227.98864209353195,228.64796881811276,28142300
2022-10-18,231.24642944335938,236.511278156894,228.21161831845092,235.84227575713757,26329600
2022-10-19,229.28793334960938,232.32274544331872,227.16453541789096,229.83089971129152,19985700
2022-10-20,228.96795654296875,233.9710288478756,227.72688640768192,228.59952355559247,21811000
2022-10-21,234.75637817382812,235.60961938988035,227.3681306457899,227.60083683054654,26299700
2022-10-24,239.7303466796875,240.30239936572295,233.96130792884753,236.34648327507583,24911200
2022-10-25,243.03663635253906,243.40506928448784,238.35353022692632,239.74003228091627,34775500
2022-10-26,224.2848663330078,231.05257928125204,223.06317727493428,224.13941940981076,82543200
2022-10-27,219.85382080078125,226.58275598538947,218.91332036173824,224.01334192609988,40424600
2022-10-28,228.69644165039062,229.40425069094275,219.17510664004706,219.3593305055409,40647700
2022-10-31,225.07022094726562,227.7753619981535,224.12001509457988,226.65063759786585,28357300
2022-11-01,221.2306671142578,228.57044790856148,220.41621757358033,227.46511930486386,30592300
2022-11-02,213.4060821533203,224.26545245124476,213.34789451187777,222.48141610977814,38407000
2022-11-03,207.73399353027344,213.70665239090863,207.4722009244926,213.3963774811355,36633900
2022-11-04,214.6568145751953,214.85072897039285,206.93889737068497,210.93360492641042,36789100
2022-11-07,220.93972778320312,221.4633129127604,214.55015465736406,215.23856775890204,33498000
2022-11-08,221.90933227539062,224.6047824698309,218.97148537429405,221.74450429023085,28192500
2022-11-09,217.6819305419922,221.6766382807976,217.5074120167321,220.45494942509427,27852900
2022-11-10,235.59022521972656,235.92958655895382,227.8529257557349,228.2698410290553,46268000
2022-11-11,239.59461975097656,240.4478609583566,234.5721519094285,235.59992645228266,34620200
2022-11-14,234.20372009277344,236.49194578262,231.93489028356817,234.6303406985499,31123300
2022-11-15,234.61090087890625,239.48792091889985,232.72990026647722,238.18867825897934,31390100
2022-11-16,235.0387420654297,237.05145015358517,233.76500614633548,236.06939815763067,24093300
2022-11-17,234.99009704589844,236.51664531080124,231.05221615651442,231.19805810189396,23123500
2022-11-18,234.54286193847656,236.99311072037338,232.4134803048627,236.76946659991202,27613500
2022-11-21,235.34991455078125,237.8973866399334,234.51371927043422,234.74706643193417,26394700
2022-11-22,238.24740600585938,238.5196542333606,234.04699418411522,236.84726378647278,19665700
2022-11-23,240.72682189941406,241.40744246425524,237.50844728562427,238.3251919634337,19508500
2022-11-25,240.63931274414062,241.81581080755163,239.9003405690243,240.46428755240743,9200800
2022-11-28,235.0679168701172,239.8225578203936,234.13449861777707,239.26834351489458,24778200
2022-11-29,233.67750549316406,236.069402727706,231.61619326885713,234.71787945747192,17956300
2022-11-30,248.07754516601562,248.2622882065125,233.22050747543122,233.9108607052224,47594200
2022-12-01,247.63999938964844,249.03040883628205,243.97435155588244,246.84269045988094,26041500
2022-12-02,247.9608917236328,248.97209734788092,242.77842766287273,242.90483392955983,21528500
2022-12-05,243.27432250976562,246.79412899432043,241.19355948803093,245.03421833383436,23435300
2022-12-06,238.3349151611328,244.88835294425144,237.03201078829815,243.8771473447241,22463700
2022-12-07,237.6056365966797,239.34609626164672,235.50543841413992,238.0529099537657,20481500
2022-12-08,240.5518035888672,241.854722806182,236.3319411296729,238.06266840254827,22611800
2022-12-09,238.62661743164062,241.4366198107319,237.40150036949424,237.9265463000095,20609700
2022-12-12,245.52035522460938,245.54952361837397,240.3281734246865,240.60042165743343,30665100
2022-12-13,249.8082733154297,256.61450802590645,246.06483829010176,254.44622542877917,42196900
2022-12-14,250.09996032714844,255.32130998655228,247.27050773018283,250.01245515480875,35410900
2022-12-15,242.1172332763672,247.16357301987648,240.49346176051932,246.69686389132764,35560400
2022-12-16,237.91680908203125,242.92424748334844,236.7694646066407,241.6699621291789,86102000
2022-12-19,233.79415893554688,238.42240802601717,232.1023329485857,238.08209035651285,29696400
2022-12-20,235.10679626464844,236.18607121939564,231.82035247090366,232.77322117622552,25150800
2022-12-21,237.6640167236328,238.82107914890844,233.463604755998,234.99987114249353,23690600
2022-12-22,231.5967559814453,235.2915726004728,227.39632912956154,234.5817687693653,28651700
2022-12-23,232.12179565429688,232.25791977065128,227.46439246807083,229.57432368977197,21207000
2022-12-27,230.40078735351562,232.3162427208361,229.30206179925912,232.09261343652005,16688600
2022-12-28,228.03807067871094,233.08441080456333,227.68803509667444,230.33274508619087,17457100
2022-12-29,234.3386993408203,235.22351357854706,229.12706662796964,229.12706662796964,19770700
2022-12-30,233.18167114257812,233.3177952800152,230.10913794166316,231.61623614384257,21938500
2023-01-03,232.94827270507812,238.94748134129327,230.82860879757206,236.3513904454424,25740000
2023-01-04,222.7583465576172,226.42397945527185,219.70526469993285,225.85031465735742,50623400
2023-01-05,216.15625,221.2512072660726,215.62147154441035,220.91088965713058,39585600
2023-01-06,218.70379638671875,219.51082327228505,213.27826716927703,216.8272270587664,43613600
2023-01-09,220.83316040039062,224.8391261091335,220.14282198786435,220.18170823285104,27369800
2023-01-10,222.5152587890625,224.90715575496424,221.03732942473408,221.4554195666482,27033900
2023-01-11,229.2437286376953,229.41873899259986,224.71271707723938,224.88772743214392,28669300
2023-01-12,231.90785217285156,233.25937529724501,227.09487499383394,228.74781470305837,27269500
2023-01-13,232.60794067382812,232.74406478160432,228.41724688827324,230.43967280124468,21333300
2023-01-17,233.69696044921875,234.24145690846152,230.52718988997353,231.3828356610212,29831300
2023-01-18,229.2825927734375,235.6707371669467,229.00062672780834,234.88316097298835,30028700
2023-01-19,225.50999450683594,229.00063185867876,224.2945954552454,227.3087910377556,28623000
2023-01-20,233.57052612304688,234.07613627577243,228.0185768034781,228.3588944678233,35389800
2023-01-23,235.865234375,238.3835379806386,233.01633090813738,234.42620586269453,31934000
2023-01-24,235.3401336669922,237.1972669078359,233.78443184205133,235.78740702896604,40234400
2023-01-25,233.9497833251953,236.56532501803784,224.50855494302937,227.98946035242412,66526600
2023-01-26,241.1352081298828,241.43662476621853,235.30129180415983,236.90561285916706,33454500
2023-01-27,241.29075622558594,242.9145276437586,239.99756980206558,242.0977830088241,26498900
2023-01-30,235.9916534423828,238.80165597851493,235.4957610418544,237.74181653285473,25867400
2023-01-31,240.95045471191406,241.08657882687118,236.22498209780977,236.7111417707159,26541100
2023-02-01,245.75367736816406,248.1164058985338,238.6751947915154,241.13516117627967,31259900
2023-02-02,257.275634765625,257.36313992217566,250.12908358575305,251.65563166439156,39940400
2023-02-03,251.1986846923828,256.88675825123045,249.9832856273653,252.35574697610576,29077300
2023-02-06,249.66241455078125,251.1500618843591,247.72750865015405,250.31388153410032,22518000
2023-02-07,260.15374755859375,261.33024559426707,252.88078856760495,253.31834411841427,50841400
2023-02-08,259.3467102050781,269.09907056810056,258.8410852318201,265.63761659917793,54686000
2023-02-09,256.3228454589844,266.39609026500864,255.5255363984652,266.2210502148411,42375100
2023-02-10,255.8172607421875,256.7798475306488,253.44479884068832,254.2907120393768,25818500
2023-02-13,263.8097229003906,266.9989295409681,259.7551376978075,260.2315944105398,44630900
2023-02-14,264.6361389160156,267.35862090148964,261.82612208741193,265.12229853290944,37047900
2023-02-15,262.5209045410156,263.89531203662176,259.46016095211655,261.54614998360546,28922400
2023-02-16,255.53189086914062,260.00601053578754,255.2882022397123,257.3546770577212,29603600
2023-02-17,251.54519653320312,253.5239473924271,249.53720422274546,252.8416369479222,30000100
2023-02-21,246.29127502441406,249.04009049318063,245.2385381346892,248.05557870006874,28397400
2023-02-22,245.16055297851562,247.91911060638247,244.0200917469653,247.6754219276689,22491100
2023-02-23,248.3382568359375,250.35599131241563,244.15655088158258,249.1083064975943,29219100
2023-02-24,242.9283447265625,244.66340673985152,241.83662432455813,243.6496684913582,24990900
2023-02-27,243.8446502685547,246.43750145661366,243.09408495125825,246.08658915391715,21190000
2023-02-28,243.12330627441406,245.14105556625483,242.4507231771338,242.7821510664902,22491000
2023-03-01,240.05282592773438,244.59517118131993,239.58493299824488,244.42946467971646,27565300
2023-03-02,244.7706756591797,245.05334800361368,239.4095243197137,240.32579620114032,24808200
2023-03-03,248.84512329101562,249.16679413004076,245.04358587267618,245.82339261513917,30760100
2023-03-06,250.38522338867188,253.55317601638902,249.51769234094775,249.9563289608396,24109800
2023-03-07,247.73390197753906,251.18454195758378,246.99309375726955,249.82961864090797,21473200
2023-03-08,247.29525756835938,248.11404792403098,244.47821715829852,247.62667058752513,17340200
2023-03-09,245.9501190185547,253.0073336989174,245.22879516854297,249.36176055143883,26653400
2023-03-10,242.31427001953125,246.40823683070676,241.3492723748031,244.74141460422547,28333900
2023-03-13,247.50973510742188,251.39901208368084,239.52649097769853,241.15432969621693,33339700
2023-03-14,254.20628356933594,254.47921369225799,249.4007352202757,250.26826629818711,33620300
2023-03-15,258.7388916015625,259.7526448252449,252.66615907277222,253.41673923474747,46028000
2023-03-16,269.2272644042969,269.57816182335324,256.6334203873444,258.514689849532,54768800
2023-03-17,272.375732421875,276.177270273355,269.3442592079885,271.2352859400092,69527400
2023-03-20,265.3574523925781,270.47491398328793,263.0375317119125,269.9875366889346,43466600
2023-03-21,266.8683166503906,268.05751846766043,262.7158524815854,267.9405526736913,34558700
2023-03-22,265.416015625,273.9451208577967,265.30877711926536,266.4979792673245,34873300
2023-03-23,270.650390625,273.9645506194871,268.25250241830935,270.92332074814243,36610900
2023-03-24,273.4869079589844,273.54539085578926,268.33044774491924,270.2409584505626,28172000
2023-03-27,269.4027099609375,274.35445077052975,268.56440544663616,273.41869458351096,26840200
2023-03-28,268.28179931640625,269.16882983673474,265.18205615567683,268.8276596755071,21878600
2023-03-29,273.4284362792969,274.0425364680911,271.3814455656998,271.9175487241211,25087000
2023-03-30,276.8791198730469,277.278772955209,274.3740223659298,277.05459836442566,25053400
2023-03-31,281.02178955078125,281.96730287180225,275.8556011455048,276.5671828397676,32766000
2023-04-03,279.9787902832031,280.99251370652144,276.781596204477,279.2866930601582,24883300
2023-04-04,279.9299621582031,283.1174280924085,278.45810323855113,279.9787177266121,25824300
2023-04-05,277.1617736816406,279.90083226436434,275.77763853693574,278.6336629350254,22064800
2023-04-06,284.23846435546875,284.7063275533511,274.91005513471964,276.0602584923825,29770300
2023-04-10,282.0843200683594,282.2890102574726,277.52244476659155,281.9088415876765,23103000
2023-04-11,275.6898498535156,278.7603508575734,274.5299191651681,278.5361465748028,27276600
2023-04-12,276.3332214355469,279.7643772791171,274.84184782081707,277.60042049037634,27403400
2023-04-13,282.5229187011719,282.5814016075444,276.02132104979927,276.43070139440715,24222700
2023-04-14,278.9162902832031,281.19721243469814,276.52812965920475,279.7545649448243,20987900
2023-04-17,281.5091247558594,284.238455563406,278.9357880056503,282.61060224538903,23836200
2023-04-18,281.0899963378906,284.39442891149264,279.76434427989847,284.2092231464568,20161800
2023-04-19,281.16802978515625,281.75285885875036,277.3567350040731,278.7701115947992,17150300
2023-04-20,278.88702392578125,281.7333204424285,277.88302787911294,278.0487492496202,23244400
2023-04-21,278.5458984375,279.04300308117706,275.91404898236954,277.8148324496472,21676400
2023-04-24,274.6566162109375,277.75635870948304,271.6836263278282,274.9685448486902,26611000
2023-04-25,268.46697998046875,274.49095750236273,268.4182243921978,272.45372354096446,45772200
2023-04-26,287.9132995605469,292.0072813214267,285.3399625443694,289.20974000859206,64599200
2023-04-27,297.1344299316406,297.49511411918564,287.7962940057379,288.49811850361414,46462600
2023-04-28,299.5031433105469,301.13096702652024,295.6528502866571,296.33519048615636,36469600
2023-05-01,297.8460998535156,300.80936302886863,297.44644678158,299.2205078090528,21294100
2023-05-02,297.69976806640625,301.3745817317265,296.2376363524967,299.99044703429377,26404400
2023-05-03,296.71533203125,300.819041090019,296.4131604465873,298.8792887083803,22360800
2023-05-04,297.69976806640625,299.99044703429377,295.74050205068073,298.50880119269203,22519900
2023-05-05,302.8075256347656,304.0942089102195,296.58858621722317,298.00199235653776,28197100
2023-05-08,300.8580322265625,302.36891985995953,298.3626625741606,302.30067989163814,21318600
2023-05-09,299.24969482421875,302.2129574604757,298.5771116971217,300.22444953048654,21340800
2023-05-10,304.4256286621094,305.09821176430125,299.9027824610233,300.8287815493971,30078000
2023-05-11,302.2811584472656,303.2656701896078,298.5283767405059,302.2714311285641,31680200
2023-05-12,301.1698913574219,302.8074717362525,298.85972801100974,302.7099903393147,19774700
2023-05-15,301.6476135253906,302.07650801921994,299.8248268001941,301.2967160743426,16336500
2023-05-16,303.8699951171875,305.79026290466595,302.0082102270211,302.0082102270211,26730300
2023-05-17,306.7420654296875,307.1621190650021,303.5574089684494,305.0715994717328,24315000
2023-05-18,311.1575927734375,311.665592368816,306.4685537852504,307.2598287418547,27276000
2023-05-19,310.9817810058594,311.38230770853096,309.05731504102437,309.4187579694345,27546700
2023-05-22,313.75616455078125,315.13357706437006,310.659453353748,311.23581238076383,24115700
2023-05-23,307.97296142578125,315.26051959828607,307.9631830299581,312.63269496953484,30797200
2023-05-24,306.5955505371094,309.1842914063532,305.38419212471825,307.45521463229585,23384900
2023-05-25,318.38653564453125,319.3438643558403,312.6033603605029,315.7684598442555,43301700
2023-05-26,325.1954040527344,325.69359534814544,316.3936568169518,316.5304052743781,36630600
2023-05-30,323.55426025390625,327.9795506793169,322.88020682779495,327.4813593124993,29503100
2023-05-31,320.7994689941406,328.1749431768424,319.76394285514135,324.6093167826368,45950600
2023-06-01,324.89251708984375,325.820570098654,317.21421253677175,318.39623546469716,26773900
2023-06-02,327.6474304199219,329.6988961808169,324.86330044529166,326.5240179212979,25873800
2023-06-05,328.1749267578125,330.73436207197636,326.92451447409195,327.4715679849584,21307100
2023-06-06,325.9671630859375,327.6181020499909,324.4920861780968,327.57901828059016,20396200
2023-06-07,315.9053039550781,326.7584898244199,315.04563976499446,323.98413800054084,40717100
2023-06-08,317.7418212890625,319.0899281933469,315.8759662068324,316.45232513607897,23277700
2023-06-09,319.2364196777344,322.3624353785323,316.9114274266321,317.47800789711727,22529000
2023-06-12,324.1794738769531,324.42369526305714,317.64410719983425,320.98503906691633,24260300
2023-06-13,326.56304931640625,329.19087359317086,322.75320197847674,326.7388815445772,22951300
2023-06-14,329.5425720214844,331.20328940233077,325.11728161658255,326.61191533447175,26003800
2023-06-15,340.0538635253906,341.75363483053593,329.40581706772855,329.6793438273172,38899100
2023-06-16,334.417236328125,343.3459850753044,334.04604484014123,343.1994581968657,46552000
2023-06-20,330.23614501953125,334.17299255500126,328.09676330100183,331.4670303403785,26375400
2023-06-21,325.84991455078125,329.92354007257114,324.39436474233247,328.5949603328218,25117800
2023-06-22,331.8577575683594,332.2582841920234,325.6350018399905,326.3969713207667,23556800
2023-06-23,327.2762145996094,330.14826075055646,325.7425268104143,326.6314665032556,23146900
2023-06-26,321.0046081542969,328.340998601614,320.8971352379601,326.00625756335666,21520600
2023-06-27,326.83660888671875,328.3800749537934,321.6884029069419,324.1892275549751,24354100
2023-06-28,328.0870056152344,330.1677765285819,326.0941508206252,326.924509469394,20259500
2023-06-29,327.305419921875,328.3409159931241,324.93159571017225,326.9732824850757,16997000
2023-06-30,332.6686706542969,334.8080527610433,329.4058759346282,329.94315115449086,26832800
2023-07-03,330.17755126953125,333.02029191600536,328.7903904255227,331.3498259032752,12508700
2023-07-05,330.33380126953125,333.75290026498266,326.99286980308096,327.3445342470537,18172400
2023-07-06,333.3817443847656,335.0619888415349,327.7451250968569,329.50350728576706,28161200
2023-07-07,329.4254150390625,333.88979008817773,329.21049898077155,331.47688108416946,21214800
2023-07-10,324.1598815917969,327.48131592887023,320.01789687690416,326.86587333332807,32791400
2023-07-11,324.7851257324219,325.1660955778508,319.44156081618985,323.40771358997307,26698200
2023-07-12,329.4058532714844,333.75297652887264,327.91121941871575,328.8197159187511,29995300
2023-07-13,334.7395935058594,335.79461674267833,331.1837159282275,331.711242452727,20567200
2023-07-14,337.25994873046875,343.3068725083686,336.35145234816736,339.55563567406386,28352700
2023-07-17,337.73870849609375,338.9695642229461,334.29030311956524,337.689846323102,20363900
2023-07-18,351.1805725097656,358.30207642907544,334.26093764915,337.8363124834503,64738600
2023-07-19,346.8725280761719,354.0819486228708,344.293565577068,353.388368189592,39732900
2023-07-20,338.8523254394531,349.69576227029717,337.38699694372247,345.39747131192405,33778400
2023-07-21,335.8239440917969,342.20300571747845,331.97501253322577,341.07959326630163,69405400
2023-07-24,337.13299560546875,338.90118607619127,334.3977276840243,337.85591126570966,26678100
2023-07-25,342.8672790527344,343.75624842360725,337.0938822455354,339.0867071747874,41637700
2023-07-26,329.962646484375,336.70318113968654,325.4103558990967,333.547829841797,58383700
2023-07-27,323.0755920410156,333.4403334728924,321.4441800463063,332.61000460063315,39635300
2023-07-28,330.54876708984375,332.1508737419497,325.46897998950345,325.95742277677743,28484900
2023-07-31,328.1553649902344,329.89421985375384,325.654510875741,329.1322504149572,25446000
2023-08-01,328.565673828125,330.7148339075202,325.9867115450311,327.4422614370604,18311900
2023-08-02,319.9300537109375,325.9183675778276,318.81638974847687,325.9183675778276,27761300
2023-08-03,319.10943603515625,322.25500868577666,318.415855644904,318.46468799733185,18253700
2023-08-04,320.20355224609375,327.393445572908,319.67602568873457,324.20878906184083,23741500
2023-08-07,322.47967529296875,323.45656084506595,319.94954529049863,320.77990397221754,17741500
2023-08-08,318.5135498046875,321.1511529476865,315.53406053871555,319.4025193112215,22327600
2023-08-09,314.7818603515625,319.5490370786911,313.629112676302,318.92384579160165,22373300
2023-08-10,315.4656677246094,320.6724848006537,313.75611788086866,318.48424072838094,20113700
2023-08-11,313.59002685546875,314.9576606059445,311.83161505156005,312.8573627235517,24355500
2023-08-14,316.5500183105469,316.56954529016974,312.6815298680751,313.9612774318456,18836100
2023-08-15,314.4203796386719,317.5757308061961,313.482577825794,315.53404351386234,16966300
2023-08-16,313.65679931640625,317.59221281010525,313.06942104679297,314.04837487104845,20698900
2023-08-17,310.2109069824219,315.09587723168505,309.5549947446499,313.7938817302348,21257200
2023-08-18,309.8193359375,311.679342341884,304.99307058455463,307.8711973932979,24755000
2023-08-21,315.1056823730469,315.9769357985516,310.3675491383052,311.23880256380994,24040000
2023-08-22,315.67340087890625,319.2172084832267,314.6944471815671,318.6494284839002,16084600
2023-08-23,320.1178894042969,322.2715996929162,316.6523846218089,317.00482352144604,21166400
2023-08-24,313.2358703613281,325.97206974501347,313.22607126255105,325.8448009621162,23281400
2023-08-25,316.1825256347656,318.5124107055097,312.0904758312742,314.70429575926823,21684100
2023-08-28,316.8873291015625,319.2857477751521,314.94898999316615,318.8060700154935,14808500
2023-08-29,321.4982604980469,322.056271402599,315.1056925945481,315.1056925945481,19284600
2023-08-30,321.8702392578125,322.86876141280084,319.57949087262745,321.75276957784916,15222100
2023-08-31,320.8619689941406,323.9456680844239,319.90258332981267,322.2716651283224,26411000
2023-09-01,321.74298095703125,325.00288418337306,319.9025429102048,324.33720272503615,14942000
2023-09-05,326.5300598144531,327.80271780347465,321.7429908017799,322.0758315411327,18553900
2023-09-06,325.8741760253906,327.4209100280818,323.23098856949474,326.3636529709045,17535800
2023-09-07,322.9666748046875,326.0699418421109,322.1051906191248,324.3176359252016,18381000
2023-09-08,327.2348937988281,329.0851309217736,322.5261281543159,323.14287386196446,19530100
2023-09-11,330.82769775390625,331.2976064014658,328.37051379787096,330.14241804396147,16583300
2023-09-12,324.78753662109375,329.7019045004539,324.5036614898463,328.75231798743556,17565500
2023-09-13,328.9871826171875,329.7605644160493,324.20011449262233,324.33715247737837,16544400
2023-09-14,331.57171630859375,333.6862305598508,329.4865396056531,332.0122276628957,20267000
2023-09-15,323.2701416015625,330.29902307578516,322.71213073688756,329.829144347891,37679800
2023-09-18,322.1345520019531,323.4463465779978,319.4913646526402,320.90106058890035,16834200
2023-09-19,321.7331848144531,322.45763099664185,317.6803313099975,319.3053983263758,16505900
2023-09-20,314.0190734863281,322.65345520205574,313.7645657537052,322.5751520247809,21436500
2023-09-21,312.80517578125,318.5026953288837,308.3705152803261,312.54086895183406,35560400
2023-09-22,310.338134765625,314.6846917624831,309.4962190138313,314.5574229961994,21447900
2023-09-25,310.8570251464844,310.98429393163934,308.3704739123921,309.92700700519936,17836000
2023-09-26,305.5707092285156,309.23198754848005,303.4953016985724,308.4977720645104,26297600
2023-09-27,306.20697021484375,307.6851701509051,303.1722074325514,305.7272625333357,19410100
2023-09-28,307.0390930175781,308.84036447643473,302.9372740873856,304.4448414726015,19683600
2023-09-29,309.10467529296875,312.746384776468,308.35089159051364,311.06258297495117,24147300
2023-10-02,315.02728271484375,315.1154148364271,308.5466141242197,309.62346914878606,20570000
2023-10-03,306.79437255859375,314.6260036436558,304.6602303826851,314.0777619824239,21033500
2023-10-04,312.2471008300781,313.3043876816742,307.3914982671209,307.420865686593,20720100
2023-10-05,312.638671875,313.24564832750764,308.27254628304615,312.3743651035606,16965600
2023-10-06,320.3724060058594,322.26177952741045,309.6430516561737,309.88779008773105,25673600
2023-10-09,322.8785705566406,323.3484492911128,316.37830256029935,317.9152672966711,19891200
2023-10-10,321.4786682128906,324.13162477364205,320.7738202479149,323.9945568948938,20557100
2023-10-11,325.4238586425781,325.8154342155564,322.21289114367397,324.2393029495446,20063200
2023-10-12,324.1903991699219,326.608416662478,321.8017491013521,323.6128199146543,19313100
2023-10-13,320.8325500488281,326.8041445225291,319.49135820401887,325.3846793916084,21072400
2023-10-16,325.63922119140625,329.06555964733286,323.6421469834392,324.0826582883067,22158000
2023-10-17,325.0714416503906,326.4419711859503,320.51931182231954,322.6534242330698,18338500
2023-10-18,323.1623840332031,328.5270609392468,321.3904802675339,325.49229856493486,23153600
2023-10-19,324.3469543457031,329.7899346500429,323.94557973464435,325.15947278983907,25052100
2023-10-20,319.7948913574219,324.93439945615916,318.60056637565555,324.7385967213242,25027700
2023-10-23,322.3890380859375,325.7272737717355,317.5628035384839,318.620060384211,24374700
2023-10-24,323.5736083984375,324.8560355263617,320.70528084515973,324.3273920928105,31153600
2023-10-25,333.5002136230469,338.9138270951405,330.51438652342347,337.7586388732426,55053800
2023-10-26,320.98919677734375,334.4400133073603,320.0591786565096,333.37295718073534,37828500
2023-10-27,322.8687744140625,329.63334926048014,321.4884458683103,323.4757210351802,29856500
2023-10-30,330.2109069824219,332.3058824741977,324.84622935304117,326.39299310170355,22828100
2023-10-31,330.99407958984375,331.865362876774,327.64607407506094,331.71852577091533,20265300
2023-11-01,338.7865905761719,340.1081843444484,332.5016932588563,332.6387611479277,28158800
2023-11-02,340.98919677734375,341.4884429030558,337.51389284186956,339.93190993700205,24348100
2023-11-03,345.3749084472656,346.93147136857294,340.02002965992455,342.2716414539088,23637700
2023-11-06,349.02642822265625,350.0151812088652,345.91336203130555,346.0112633950899,23828300
2023-11-07,352.9422302246094,354.83160398439014,350.1032700356418,351.83600759444016,25833900
2023-11-08,355.5560607910156,356.2119431597548,352.9618091115113,354.0680317747925,26767800
2023-11-09,353.0989074707031,357.11262469595323,352.7758359325908,354.67500901172906,24847300
2023-11-10,361.889892578125,362.31083557483976,353.47088326732273,353.88202716517856,28042100
2023-11-13,358.9627990722656,360.71513487046275,358.1992162461448,360.4703964021509,19986500
2023-11-14,362.47723388671875,364.1218990717547,359.61870535436486,363.20168005612413,27683900
2023-11-15,362.6244201660156,366.0184671527949,360.1131840283514,364.20372057822027,26860100
2023-11-16,369.0005187988281,369.17708096054344,363.1246629725075,363.88979560921166,27182300
2023-11-17,362.80096435546875,367.23480603716206,360.0052770614011,366.4892814424939,40157000
2023-11-20,370.2462463378906,371.6489843017366,363.9289860715847,364.1447942149405,52465100
2023-11-21,365.9595947265625,369.0495522871196,364.0467481750121,368.5100468166504,28423100
2023-11-22,370.64849853515625,372.5515261398846,367.82338415552084,370.79563367244174,23345300
2023-11-24,370.2364807128906,370.766197129462,367.99014782412655,370.1383806452385,10176600
2023-11-27,371.39398193359375,373.38532049617334,369.02994094912424,369.5988734413345,22179200
2023-11-28,375.40606689453125,375.7003371685908,370.95258715281994,371.1389683050371,20453100
2023-11-29,371.62939453125,376.9755034472532,370.24626453575155,376.4458170169272,28963400
2023-11-30,371.6882629394531,372.8457658390955,368.313824366715,371.2762546529022,30554400
2023-12-01,367.37213134765625,370.95255911244834,364.23310896058763,369.57924804408185,33040500
2023-12-04,362.1044616699219,362.47719398696046,355.98337139108264,362.06521566015255,32063300
2023-12-05,365.4201354980469,365.9694600706201,358.65164849345695,359.46584629862565,23065000
2023-12-06,361.77093505859375,367.04840106048385,361.0156214613024,366.4206145498899,21182100
2023-12-07,363.8800048828125,364.37047528705625,359.33824414976533,361.211844686289,23118900
2023-12-08,367.0975036621094,367.3231008977417,361.2118585847211,362.16337240300305,20154400
2023-12-11,364.2232666015625,364.51756677042914,359.1223929698161,361.45703660419446,27708800
2023-12-12,367.24462890625,367.28387492110465,363.3993277208236,363.78190900979564,24838300
2023-12-13,367.23480224609375,370.4424978188213,363.70340938140794,368.8533485777596,30955500
2023-12-14,358.9555969238281,366.63637880742436,357.18991576728746,366.19494355032305,43277500
2023-12-15,363.6642150878906,365.30236955673547,359.2990162951195,359.8581597688427,78502300
2023-12-18,365.547607421875,365.89094271187565,361.6532709896756,362.408614614865,21802900
2023-12-19,366.14593505859375,366.14593505859375,362.7911046946417,364.4096508615579,20603700
2023-12-20,363.5562438964844,368.8631367699809,363.46796282422974,367.8527690284867,26316700
2023-12-21,366.420654296875,367.27406804850153,362.9873613143247,365.45932148482285,17708000
2023-12-22,367.4407653808594,368.02933580590116,365.606411005962,366.55792471126443,17107500
2023-12-26,367.5192565917969,369.7558002532684,366.38136175547834,367.8527728468658,12673100
2023-12-27,366.9405212402344,367.9116430236214,365.70452628978785,366.5677589576593,14905400
2023-12-28,368.12744140625,369.2849443001597,367.0287925621367,368.2157224809446,14327000
2023-12-29,368.87298583984375,369.9716347431921,366.361779793351,368.8337398258849,18730800
2024-01-02,363.801513671875,368.7356447522221,359.7796503608471,366.73451711634624,25258600
2024-01-03,363.5366516113281,366.1459576250118,361.48648901542015,361.97695939537715,23083500
2024-01-04,360.9273681640625,365.98902639400353,360.17205450864094,363.6053473830013,20901500
2024-01-05,360.740966796875,364.96881910463645,359.5147908390338,361.93771572916546,21004600
2024-01-08,367.5487060546875,368.04899543580075,361.9769695664422,362.26142084093584,23134000
2024-01-09,368.6277160644531,368.8238862439724,364.11538283242464,364.9197613954772,20830000
2024-01-10,375.4747009277344,376.84804200266086,369.1476507008414,369.1966857666869,25514200
2024-01-11,377.29925537109375,383.2339350900792,373.1302570741052,378.64313944413783,27850800
2024-01-12,381.0660400390625,381.27202920676456,377.31883933016337,378.1428259369064,21661200
2024-01-16,382.8317565917969,386.52010359232963,380.2322694497991,386.15716028479716,27202300
2024-01-17,382.0469970703125,382.67478358686355,377.47580955942465,380.58540492477397,22234100
2024-01-18,386.3631896972656,386.4808978161866,382.6846613012814,384.25417273742283,23392100
2024-01-19,391.0716857910156,391.0716857910156,386.00020863284516,388.2171444423586,29331100
2024-01-22,388.9528503417969,392.9845027036078,386.0884900033909,392.39593223013395,27016900
2024-01-23,391.2973327636719,391.76819518914533,386.4220551220332,388.2073748073525,20525900
2024-01-24,394.8875427246094,397.89903829237466,392.81777191847715,393.8869938433054,24867000
2024-01-25,397.15350341796875,399.25273113363767,394.858105500646,396.613997943498,21021200
2024-01-26,396.2314147949219,398.4287425690661,394.7600035777077,396.6630311468464,17803300
2024-01-29,401.9110107421875,402.1660648947645,396.6237261848935,398.32076431346576,24510200
2024-01-30,400.8026123046875,405.17760004808207,398.70341448382425,404.4026783420674,33477600
2024-01-31,390.00244140625,407.404352059521,389.6394980894709,399.20367116692984,47871100
2024-02-01,396.0843200683594,400.22389191253944,394.14204628655096,394.17147331645987,30657700
2024-02-02,403.3824462890625,404.78518434173446,395.86843674032343,396.113671921669,28256700
2024-02-05,397.91864013671875,403.3236336682533,396.29027477301287,402.087638647816,25352300
2024-02-06,397.7616271972656,400.1943708633147,395.2308134118543,398.1442084321405,18382600
2024-02-07,406.15850830078125,406.4037434899342,399.63525825649936,399.67450426882596,22340500
2024-02-08,406.2173767089844,407.6397528307197,404.66750343056947,406.15852265638233,21225300
2024-02-09,412.53460693359375,412.799480086422,407.17867899598485,407.3356331031592,22032800
2024-02-12,407.345458984375,412.72099505038886,406.84516963028506,412.54443290280494,21202900
2024-02-13,398.57586669921875,402.2543946406928,395.70171738557195,397.2221636270064,27824900
2024-02-14,402.42828369140625,402.7722538955099,397.5931465072421,401.03278856568113,20401200
2024-02-15,399.5487060546875,402.0743925637118,397.3178639191667,401.10147511111785,21825500
2024-02-16,397.09185791015625,401.248921048528,396.48255480055184,400.924595205485,22296500
2024-02-20,395.8438415527344,397.5145068330212,391.1462744848481,396.28606324841394,24307900
2024-02-21,395.2442626953125,395.3523813035853,390.3698079702168,393.2689462191207,18518900
2024-02-22,404.551025390625,405.7106689082216,401.5241536683513,403.1162117164581,27009900
2024-02-23,403.2636413574219,408.68843759900807,401.91727194539897,408.5017417603321,16295900
2024-02-26,400.5118713378906,405.05219339501383,400.33495269298504,404.36425308702184,16193500
2024-02-27,400.4529724121094,401.27848291877046,396.88556737137105,400.95415701072204,14835800
2024-02-28,400.6888122558594,402.24155173669396,398.3302065928444,401.1408710933735,13183100
2024-02-29,406.5067138671875,407.05705416129825,398.9198455368932,401.59293981884394,31947300
2024-03-01,408.3346252441406,408.6982397267373,403.7943028017663,404.17756158377745,17823400
2024-03-04,407.76458740234375,410.1526740907754,405.2094192211678,406.3100996705869,17596000
2024-03-05,395.7062072753906,407.1061687535314,393.7308905561475,406.8211614689715,26919200
2024-03-06,395.1558837890625,398.17294829822555,391.5197089331465,396.02071283324057,22344100
2024-03-07,402.0842590332031,402.7132064248943,395.3032278348167,399.1163207431,18718500
2024-03-08,399.2146301269531,403.34221201538827,397.357209279769,400.9246137706761,18002200
2024-03-11,397.54400634765625,398.6840056449402,394.3402457274735,396.79713300835283,16120800
2024-03-12,408.118408203125,408.4034154899357,399.7748296289143,400.5905029088669,22457000
2024-03-13,407.9415283203125,410.96839994406946,404.3544792559954,410.88979275530687,17115900
2024-03-14,417.88702392578125,420.44219256711494,410.7816954714427,412.9928939125644,34157300
2024-03-15,409.23870849609375,415.31212509375916,405.67130428358104,412.0592095701896,45079900
2024-03-18,410.1232604980469,413.4744581297676,406.6442999374372,407.10619591579865,20106000
2024-03-19,414.1427001953125,414.39822603826195,408.38374152289526,410.62442124737834,19837900
2024-03-20,417.8968811035156,418.6142729932591,413.40568396768447,414.7225719478996,17860100
2024-03-21,421.9654541015625,423.39046066082557,419.7935742345306,422.41751294459345,21296200
2024-03-22,421.34625244140625,422.446932938044,418.7223141130456,422.2897185739193,17648500
2024-03-25,415.5677185058594,420.03927125139006,414.3392748930156,417.9066799433217,18060500
2024-03-26,414.3785095214844,418.6436612820826,414.0836951106592,418.270209700842,16725600
2024-03-27,414.16229248046875,417.13023077184835,411.78404297935896,417.12039362795616,16705000
2024-03-28,413.464599609375,414.59476162825587,411.89218593509474,413.70045116356334,21871200
2024-04-01,417.24822998046875,420.51098325002465,414.9387501061958,416.6389267777452,16316000
2024-04-02,414.1722412109375,415.09603324692273,410.6343174551748,412.8651603553986,17912000
2024-04-03,413.1992492675781,415.96078773337547,411.8626872035861,412.49166464341647,16502300
2024-04-04,410.673583984375,421.27751676074166,410.3689323931849,417.66095627375125,19370900
2024-04-05,418.1817932128906,419.1547408159618,411.10597696046364,412.76683489834704,16554800
2024-04-08,417.267822265625,419.91143485729225,416.0000602813901,417.83783679739304,14272400
2024-04-09,418.9286804199219,420.3634939121141,414.3490398303801,419.08592477391875,12496900
2024-04-10,415.9608459472656,416.7175564186243,412.46224092463933,414.9092910129871,16216600
2024-04-11,420.55029296875,421.96546240995326,415.07634103238024,418.4766945462349,17966400
2024-04-12,414.624267578125,417.84770230483133,412.53099493709567,416.73718451939897,19253800
2024-04-15,406.5067138671875,419.4594150607099,406.30031376342345,419.2432078029309,20273500
2024-04-16,407.4304504394531,411.18458077665684,406.59513289625886,407.4206432860486,16765600
2024-04-17,404.73773193359375,411.65633410094387,403.25376259314334,410.0544389834795,15855500
2024-04-18,397.29827880859375,404.78689570186344,396.98382006074763,403.54861503604855,21029900
2024-04-19,392.2370910644531,398.48742718931453,390.91036608589934,397.0624207324797,30565800
2024-04-22,394.0453186035156,395.9027393940693,388.9251749817352,393.1804896634458,20286900
2024-04-23,400.5414123535156,401.1605527245356,396.10917826173034,397.2688218184954,15734500
2024-04-24,402.00567626953125,405.3568737379943,399.76499652417516,402.4970536697523,15065300
2024-04-25,392.1584777832031,392.9938253486681,381.3383380037112,387.2348667133991,40586500
2024-04-26,399.31292724609375,405.8777219430486,398.7625869715763,405.0620486762338,29694700
2024-04-29,395.3131408691406,399.3129603314087,392.3059134087563,398.2614054374624,19582100
2024-04-30,382.61590576171875,395.2246663994194,382.4586913890698,394.5662074998568,28781400
2024-05-01,388.1291809082031,394.7922572147303,383.57902141142335,385.8393454420747,23562500
2024-05-02,390.97918701171875,393.0331410549717,387.84419663220166,390.8022983361386,17709400
2024-05-03,399.6470642089844,400.12860445610875,394.92982324925293,395.3425934548566,17446700
2024-05-06,406.4084167480469,406.7916755135943,399.36205183771864,401.7108501382599,16996600
2024-05-07,402.28082275390625,407.5189223273103,402.0351340682459,407.5090851826696,20018200
2024-05-08,403.4601135253906,405.1209713289568,399.69614631705593,401.1309897393213,11792300
2024-05-09,405.2094421386719,405.60253803694064,402.04497067197207,403.48962134136315,14689700
2024-05-10,407.5877380371094,408.2167155386998,404.6984363706866,405.81879129865774,13402300
2024-05-13,406.5853271484375,411.13548678399485,403.7353441559508,410.80135374265615,15440200
2024-05-14,409.3763427734375,410.29029755221785,404.45273155985166,404.91462752191757,15109300
2024-05-15,416.5338439941406,417.2525598208021,410.81374213755174,411.433999213995,22239500
2024-05-16,414.4761657714844,418.8376448328751,413.8460838814957,415.2736305334928,17530100
2024-05-17,413.708251953125,416.37634285020215,411.56198942365705,416.00221762948183,15352200
2024-05-20,418.7588806152344,420.1667475860199,413.49165301735496,413.7082502471213,16272100
2024-05-21,422.40167236328125,426.27085809319817,418.27649987771593,420.2258450310574,21453300
2024-05-22,423.8587951660156,425.7195666799427,420.52126235451976,423.43545552526075,18073700
2024-05-23,420.3931884765625,426.89107515061806,418.83764844643395,426.2708180980622,17211700
2024-05-24,423.5043029785156,424.39037161476875,417.84327052223153,420.58025544710625,11855300
2024-05-28,423.661865234375,424.15412896604386,419.999421868943,422.9825388810405,15718000
2024-05-29,422.5296325683594,424.27223522977,419.1034664398289,419.1034664398289,15517100
2024-05-30,408.2540283203125,417.73500282997145,407.8306586642601,417.73500282997145,28394500
2024-05-31,408.70684814453125,410.3017776619535,398.2511723788605,410.3017776619535,47995300
2024-06-03,407.1217956542969,409.98677424724076,402.5929932498963,409.10070551791864,17484700
2024-06-04,409.6323547363281,409.9966250957063,403.3412097338974,406.0486602967713,14348900
2024-06-05,417.4494323730469,417.51832644992857,409.85870521580796,411.3453510614717,16988000
2024-06-06,417.9515075683594,418.72929252757683,414.072467704925,417.44941908945174,14861300
2024-06-07,417.2919616699219,419.68435613947076,416.4551073364084,419.60560716420275,13621700
2024-06-10,421.249755859375,421.45649821147657,417.3313558315188,418.1288206635897,13982900
2024-06-11,425.9852600097656,426.12310825195254,418.6702294665461,418.8966815592582,14551100
2024-06-12,434.2356262207031,436.5394165910894,426.54647009815636,428.58444890305617,22366200
2024-06-13,434.74761962890625,436.52964196122593,432.57182236972,434.0289338170149,15960600
2024-06-14,435.7222900390625,436.2834778568933,429.96279885352675,431.49865916361745,13582000
2024-06-17,441.4325256347656,443.9627681496181,433.9008973733048,435.741958721063,20790000
2024-06-18,439.4339599609375,443.1751821409538,438.00641324566425,442.75181252074634,17112500
2024-06-20,438.80389404296875,439.62103860195157,434.442414629224,439.3945864733692,19877400
2024-06-21,442.82073974609375,443.6083496603445,439.60134591371855,440.45787995794916,34187100
2024-06-24,440.743408203125,445.74479433203504,439.5028940256874,442.8404263927747,15913700
2024-06-25,443.97265625,444.4353853435752,439.83762902888526,441.3144201727987,16413400
2024-06-26,445.16387939453125,446.5816011478092,441.25530470792563,442.05276943847076,16507000
2024-06-27,445.8432312011719,449.1118693221635,444.7799248025884,445.18358463488477,14806300
2024-06-28,440.0345764160156,448.33413599754493,439.5029231553918,446.05987988510304,28362300
2024-07-01,449.6632385253906,450.2933204774516,438.76451231040363,441.71809469633655,17662800
2024-07-02,452.1737976074219,452.47899873460125,446.0992495967908,446.18788351342585,13979800
2024-07-03,453.64068603515625,453.88681788882053,450.7954174304016,451.10061852531385,9932800
2024-07-05,460.32562255859375,461.10340760685847,451.8685359116121,452.4986178155469,16000300
2024-07-08,459.02606201171875,460.4634937005408,457.27360437796756,459.33126311315795,12962300
2024-07-09,452.4297180175781,460.09916463101644,450.91353744838284,459.77428381745585,17207200
2024-07-10,459.0359191894531,459.24266153927346,451.76024698147666,454.0837473649462,18196100
2024-07-11,447.66461181640625,457.5886345893225,444.5633265323156,455.81649732303464,23111200
2024-07-12,446.5323791503906,449.29889867197954,443.67725577045155,447.3003093014831,16324300
2024-07-15,446.9360656738281,450.185024234339,444.44521246679955,446.28627396172595,14429400
2024-07-16,442.5647888183594,447.27082904351875,439.74905460392523,447.19208006387777,17175700
2024-07-17,436.6575927734375,437.9670310742686,432.38474735385836,435.74198947896895,21778000
2024-07-18,433.55633544921875,437.7701116080265,427.6787055457858,437.46491051123894,20794800
2024-07-19,430.3468322753906,434.31450723136834,425.3159108077653,426.3988971452904,20940400
2024-07-22,436.0865783691406,437.7208974938516,432.1189340633458,434.95437784378936,15808800
2024-07-23,437.967041015625,441.4522765923751,436.24411798255437,437.0317279223722,13107100
2024-07-24,422.2637939453125,434.64916540683873,420.9740654607642,433.6351033912307,26805800
2024-07-25,411.9263000488281,423.1499075413269,411.0500861973103,422.1653800411885,29943800
2024-07-26,418.68994140625,422.28349032231534,410.8137224917234,411.7293557750341,23583800
2024-07-29,420.1273498535156,425.4634710488169,418.12876061583677,424.9022832711689,15125800
2024-07-30,416.3763122558594,422.41143955979663,410.9023126509883,421.1020314288797,32687600
2024-07-31,411.8770446777344,415.2539664560443,405.8320320070505,413.9937725831716,42891400
2024-08-01,410.6562194824219,420.8460843318748,406.69843005351635,414.27930323794226,30296400
2024-08-02,402.1695556640625,408.57883813707474,398.08377329176966,406.10766494731143,29437900
2024-08-05,389.0360107421875,394.83489176821496,379.6140759587015,383.1485558976655,40709200
2024-08-06,393.4269714355469,399.39323499306323,392.3341604668248,393.81095153508136,24946500
2024-08-07,392.26519775390625,403.73493458005663,391.3200599759009,402.31724293574274,20650900
2024-08-08,396.4593505859375,399.58028569311574,393.7519001712231,396.2132187300544,20203000
2024-08-09,399.73779296875,401.73638233312255,396.03599047899144,397.77859311198716,19276700
2024-08-12,400.51556396484375,402.4354042920839,397.98532149531104,400.7616957993417,16762900
2024-08-13,407.6042175292969,408.52967573215994,403.23291326546496,403.2525929980432,19414300
2024-08-14,410.41009521484375,411.2568044389076,406.0683556338293,408.38197108714223,18267000
2024-08-15,415.2627258300781,415.34161674551206,411.9388929382302,414.0495635460023,20752100
2024-08-16,412.7377624511719,415.5684441235936,411.5837759699612,414.83859034033384,22775600
2024-08-19,415.7558288574219,415.97281647426513,410.7552711189502,413.22102581055816,15234000
2024-08-20,418.9809875488281,420.02646503626016,415.864300386001,415.9234760853241,16387600
2024-08-21,418.330078125,420.5590998224222,415.9432144212139,418.27087232284174,16067300
2024-08-22,409.85772705078125,420.94378045645306,408.9306008917766,418.5470440541718,19361900
2024-08-23,411.080810546875,413.51697764071497,406.4451792024677,411.26821033098173,18493800
2024-08-26,407.8259582519531,411.5640508373135,405.7054152115458,410.6665125068156,13152800
2024-08-27,408.1711730957031,408.6840392458711,404.6303529004273,407.2045864016282,13492900
2024-08-28,404.9755859375,409.3153084895278,401.7306441001557,409.1969570716752,14882700
2024-08-29,407.4610290527344,416.268697643249,404.9755591436319,409.25610570352524,17045200
2024-08-30,411.4259948730469,411.7711764633265,406.4846126518204,409.90708149754283,24308300
2024-09-03,403.8314514160156,414.1284456363182,401.45446023053216,412.18542969380115,20313600
2024-09-04,403.298828125,405.60677088600426,398.8308818633999,400.3497951691964,15135800
2024-09-05,402.79583740234375,407.44131080829675,400.56678553175374,402.0363656944642,14195500
2024-09-06,396.1974792480469,405.02486305915306,395.3097834719027,403.4566466739337,19609500
2024-09-09,400.16241455078125,403.0522719406784,396.6413094868822,401.6615826272171,15295100
2024-09-10,408.5262756347656,410.627073483588,402.11531302402886,402.6084639940855,19594300
2024-09-11,417.2451477050781,418.1821164133012,403.9695029843538,409.80842324527,19266900
2024-09-12,421.15093994140625,421.51586685329676,414.00025068010603,417.51148327493246,17395700
2024-09-13,424.6917419433594,425.914746697553,419.6320082561189,419.9969351521576,15874600
2024-09-16,425.43145751953125,427.5914610863902,422.3542004104568,424.70160374609685,13834700
2024-09-17,429.1892395019531,435.79747386739723,426.34868538784633,434.199669703098,18874200
2024-09-18,424.90875244140625,430.05724996700025,424.5142376703877,429.04136013434226,18898000
2024-09-19,432.6807861328125,435.452292084435,430.91529729082623,435.1860014052933,21706600
2024-09-20,429.3076477050781,433.22326773049826,428.2720426762547,431.2309485866615,55167100
2024-09-23,427.5718078613281,430.4813808255123,424.4945503062013,428.3312495978339,15128900
2024-09-24,423.29119873046875,427.4139334394583,420.2632446802758,427.0687217553129,17015800
2024-09-25,426.19091796875,427.1870925626301,422.69943076362244,423.94215074360574,13396400
2024-09-26,425.40185546875,429.33719028271923,423.2517246244965,429.1300753187062,14492000
2024-09-27,422.15692138671875,425.93447445668835,421.6144673905514,425.6089779793521,14896100
2024-09-30,424.4057312011719,424.5241127227398,419.54326964937644,422.34436366886086,16807300
2024-10-01,414.9273681640625,422.61066875300435,413.07311568923785,422.58108089859957,19092900
2024-10-02,411.4161376953125,417.0281982052677,411.00187763203274,416.7914652693021,16582300
2024-10-03,410.834228515625,413.8029769595959,408.6150490966078,411.9092940444477,13686400
2024-10-04,410.36077880859375,414.00023534021534,409.28571331626097,412.5109097932594,19169700
2024-10-07,403.93011474609375,411.39639773757887,403.3975032576847,410.3016170053712,20919800
2024-10-08,409.0292663574219,409.966265233936,402.57887338489604,405.27145839926953,19229300
2024-10-09,411.7416076660156,414.62162263212304,408.6248898614367,410.1635185105957,14974300
2024-10-10,410.14373779296875,411.63306314606467,407.49058353722927,409.54210814143926,13848400
2024-10-11,410.6172180175781,411.41612015597997,407.589263932771,410.4396908978323,14144900
2024-10-14,413.3985900878906,418.2314633461143,411.80075573680847,412.0473312101826,16653100
2024-10-15,413.00408935546875,416.6928792987612,409.57177766327413,416.39697063938524,18900200
2024-10-16,410.419921875,410.65662468764714,404.85719508098555,409.4829531752425,15508900
2024-10-17,411.0117492675781,416.7125733271007,409.89722324961605,416.57447660649984,14820000
2024-10-18,412.4320373535156,413.90161766396704,410.5580696214905,411.4260201751563,17145300
2024-10-21,413.04351806640625,413.22104518863654,408.08242059822123,410.4199513395574,14206100
2024-10-22,421.6539611816406,424.68188532771023,412.3136804024992,412.75749822543423,25482200
2024-10-23,418.7837829589844,425.1749998576998,416.7421308498749,424.95801224079617,19654400
2024-10-24,418.9119873046875,420.14486459281426,416.61388718387514,419.5037443233538,13581600
2024-10-25,422.2851867675781,426.5953216047658,420.72684288279277,420.914242666979,16899100
2024-10-28,420.7465515136719,426.02327304477956,420.46051551603273,425.74710969864265,14882400
2024-10-29,426.0331115722656,427.23640107681365,419.96733089551304,422.1372070838931,17644100
2024-10-30,426.60516357421875,432.4933871760131,426.1810609771617,431.4479095602445,29749100
2024-10-31,400.7838134765625,410.4594334413064,400.73448031809437,409.6703738017444,53971000
2024-11-01,404.7486877441406,409.8084210802644,401.91800623395363,403.40733166804887,24230400
2024-11-04,402.8648986816406,404.7980722358363,400.01450160866744,404.18653972407174,19672300
2024-11-05,405.8237609863281,409.2166418436789,402.4900558335031,402.7760918050739,17626000
2024-11-06,414.4243469238281,414.69066771455005,404.8966664565658,406.77066424480597,26681800
2024-11-07,419.6024475097656,421.00300957645607,414.1284835164612,415.5093002796819,19901800
2024-11-08,416.7519836425781,420.65773046119216,416.0023846199846,419.49390152577604,16891400
2024-11-11,412.2840576171875,418.9908983471605,410.3015812107333,416.7322586188732,24503300
2024-11-12,417.2353210449219,418.626010434167,411.48519380527927,412.52079883366196,19401200
2024-11-13,419.3756103515625,423.44901221052845,412.481339102593,415.8643777407356,21502200
2024-11-14,421.04241943359375,422.304884622317,414.24678510633004,419.17829445283394,30246900
2024-11-15,409.3152770996094,417.00841966551917,407.97392100075103,414.0692593490907,28247600
2024-11-18,410.06494140625,412.66876311229754,406.45507236642675,409.1871181522339,24727000
2024-11-19,412.0670471191406,412.2149863727036,405.9125032750338,407.4511317111748,18133500
2024-11-20,409.798583984375,411.57394553855335,404.9558378403451,411.1596854793811,19191700
2024-11-21,408.0295715332031,414.85856338751086,405.47983232208855,414.5818472703372,20780200
2024-11-22,412.1111755371094,412.50647998528166,406.2408124943726,406.54717570369087,24814600
2024-11-25,413.880126953125,416.1432573462543,409.9863169830385,413.47493016174343,27691100
2024-11-26,422.9722900390625,424.0099980685231,413.93946191933657,414.6707766023476,23458900
2024-11-27,418.0309143066406,422.22122564388053,417.07228524559736,420.12605489536344,18332400
2024-11-29,418.4954528808594,419.89881842784905,412.90180567999255,415.1649667399431,16271900
2024-12-02,425.9272766113281,427.92358362660957,416.37063273208213,416.62759418862754,20207200
2024-12-03,426.1446838378906,427.3997836787713,422.72522667678595,424.80061260374794,18302000
2024-12-04,432.2917785644531,434.5153999624501,427.55792723241916,427.95323167121506,26009400
2024-12-05,437.4307556152344,439.4468472719849,431.05639296725934,432.78587611481566,21697800
2024-12-06,438.36968994140625,440.87002757046025,436.5907746503493,437.1145598403157,18821000
2024-12-09,440.7909240722656,443.0738395996816,435.33565050126293,437.41103647885797,19144400
2024-12-10,438.1324462890625,444.34871163189086,436.42274787532307,439.1800467406791,18469500
2024-12-11,443.72607421875,445.0701453909691,438.84398789693245,438.84398789693245,19200200
2024-12-12,444.2894287109375,450.81205740820604,443.8446923743848,443.8446923743848,20834800
2024-12-13,442.0262756347656,446.13750815775296,440.3560864798084,443.1825720342727,20177800
2024-12-16,446.2956237792969,446.8787030896928,440.0596036741231,442.02626356510217,23598800
2024-12-17,449.1319885253906,449.9522746519603,444.2993336430134,445.7224537683285,22733500
2024-12-18,432.2621154785156,447.34318887069384,431.89642797238076,446.0287948744165,24444500
2024-12-19,431.9063415527344,437.98423408144293,431.2046739034814,436.4425256398133,22963700
2024-12-20,431.48138427734375,438.5376604876813,423.6048219518138,428.03227991601136,64263700
2024-12-23,430.1471862792969,432.51904296318025,427.7555447705133,431.61970806424813,19152500
2024-12-24,434.1793212890625,434.4461751355928,429.09959787026054,429.5541964268554,7164500
2024-12-26,432.97369384765625,435.77053252746487,431.511064298451,433.9323230175154,8194200
2024-12-27,425.4825439453125,430.117561657289,421.351556737901,429.5048352492743,18117700
2024-12-30,419.84930419921875,422.53741628176584,416.95366258935724,421.0648946073582,13158700
2024-12-31,416.5583801269531,421.727075036825,415.72823181420273,421.1044562623139,13246500
2025-01-02,413.6726379394531,421.0748471756245,409.98638702094667,420.54116958363784,16896500
2025-01-03,418.38671875,419.0587393010629,414.62138898974536,416.1433125624827,16662900
2025-01-06,422.833984375,429.2281326887413,420.491774572373,422.9822197752049,20573600
2025-01-07,417.41815185546875,425.60107637135604,415.8665512132567,423.9704269151791,18139100
2025-01-08,419.58251953125,421.9642686702226,416.5979364179098,418.4954097350683,15054600
2025-01-10,414.0383605957031,419.73081147394316,410.1544118842337,419.6517626416587,20201100
2025-01-13,412.2989196777344,413.5935589908242,407.456372689251,410.3717691669062,17604800
2025-01-14,410.7967834472656,414.8190446806072,405.90480416806594,412.9116788431012,16935900
2025-01-15,421.3119812011719,423.1304056035061,413.3662329233126,414.2161660512409,19637800
2025-01-16,419.6022644042969,424.45470380326,419.4145196873236,423.67398737859014,15300000
2025-01-17,424.0000915527344,429.3862083308609,423.1501885882937,429.0007661773637,26197500
2025-01-21,423.476318359375,425.8481750206776,420.61032363697626,425.1563998310193,26085700
2025-01-22,440.9688720703125,442.02630472978717,430.88844231911156,432.4301508467356,27803800
2025-01-23,441.47283935546875,441.5123788470024,436.3239289556834,436.81806704057095,18389300
2025-01-24,438.8538818359375,441.41351331157875,436.22506379505893,439.9409915761193,15549500
2025-01-27,429.4653015136719,430.09781275609777,418.53496919379126,419.03899970511213,35647800
2025-01-28,441.9571228027344,443.1232814648123,426.3225862891417,429.50483681704293,23491700
2025-01-29,437.1441650390625,441.6408395030523,435.23679935643304,441.45306462654537,23581400
2025-01-30,410.12469482421875,417.9024230144378,408.31616280623206,413.86037732807745,54586300
2025-01-31,410.19390869140625,415.7579084081136,410.0456732964256,414.06796458574274,34161900
2025-02-03,406.1024169921875,410.5397669066902,403.868903417148,406.7744374831542,25679100
2025-02-04,407.53546142578125,409.067307667959,404.9362901326214,407.85171705562664,20532100
2025-02-05,408.44464111328125,408.97828849654115,405.5885086845079,407.5156591589932,16316700
2025-02-06,410.9449768066406,413.29707875974475,409.1463070589971,409.1463070589971,16309800
2025-02-07,404.9461975097656,413.7418501912579,403.3155477128268,411.59730759667843,22886800
2025-02-10,407.38720703125,410.5892121947109,406.10246006462063,408.85972888435845,20817900
2025-02-11,406.6163024902344,407.65398028408873,404.5013772557914,404.83741765511496,18140600
2025-02-12,404.2444763183594,405.93442005448907,399.6292135248499,402.435914112503,19121700
2025-02-13,405.72686767578125,406.18146622486773,401.59585076694265,402.22836193070845,23891700
2025-02-14,403.6416320800781,404.1160155029715,401.1215398904841,403.0091510093491,22758500
2025-02-18,404.8374328613281,405.78616946504144,401.7342314553049,403.2166455935164,21423100
2025-02-19,409.9072570800781,410.6188170610077,402.8707362463259,403.098050601273,24114200
2025-02-20,412.07598876953125,415.2250013636158,408.52096684547683,411.24417583261857,23508700
2025-02-21,404.23309326171875,413.9772255480723,403.9162337604133,413.27415103230015,27524800
2025-02-24,400.06414794921875,405.38182745676596,395.429748735741,404.5302202614153,26443700
2025-02-25,394.0235290527344,398.0043843099881,392.835237956153,397.19236575081766,29387400
2025-02-26,395.83575439453125,399.66804717869115,390.40913086553707,394.13250979931917,19619000
2025-02-27,388.7059020996094,401.7871994813194,388.3494237890168,397.36074580317216,21127400
2025-02-28,393.1224365234375,393.7562160246685,382.8039671137811,388.83463352266693,32845700
2025-03-03,384.7052307128906,394.93461038215554,382.39794340981075,394.93461038215554,23007700
2025-03-04,384.8240661621094,388.755390806373,377.2882188683939,379.66483152587324,29342900
2025-03-05,397.1131591796875,397.7568509049982,385.02212029604283,385.54695570418704,23433100
2025-03-06,393.0234069824219,398.2321421191711,388.8544001591339,390.43881857931865,23304600
2025-03-07,389.478271484375,390.9537458547577,381.7839796807534,388.497925986767,22034100
2025-03-10,376.4564208984375,382.6356200973146,373.5450604558272,382.0810781292241,32840100
2025-03-11,376.7435607910156,382.23947903620126,373.2380400086461,375.3076750122287,30380200
2025-03-12,379.53607177734375,381.4670864515663,375.2581813231993,379.21921226907705,24253600
2025-03-13,375.0799255371094,381.5661320778761,373.7728082450696,379.4271716632625,20473000
2025-03-14,384.7745666503906,386.42831046600287,375.8127456880931,376.0801044136148,19952800
2025-03-17,384.9132080078125,388.88412112316473,381.813696346666,382.9326924641042,22474300
2025-03-18,379.7836608886719,383.59615946585757,377.38725393405446,383.29909421372145,19486900
2025-03-19,384.041748046875,385.8836128611327,380.25895638414784,381.77404945468027,19185500
2025-03-20,383.07135009765625,387.97313863322194,379.5460345045817,381.98206039861145,18470500
2025-03-21,387.4482727050781,387.92357710345186,379.07067004050685,379.4865916093534,39675900
2025-03-24,389.25054931640625,391.54795482220453,386.01241696850974,391.54795482220453,21004500
2025-03-25,391.3102722167969,392.4985634335279,388.81483346341923,390.08236222676067,15775000
2025-03-26,386.17083740234375,391.45881045430576,384.7844825194778,391.15183295239507,16108400
2025-03-27,386.77484130859375,388.4186727261189,383.62582905803845,386.3292434732889,13766800
2025-03-28,375.109619140625,385.3389984995421,373.2578420054409,384.2992097422753,21632000
2025-03-31,371.7328796386719,373.3965054432232,363.6622546184452,368.91063894364476,35184700
2025-04-01,378.4666442871094,379.12021808448793,369.59394254927554,371.0000917512926,19689500
2025-04-02,378.4171447753906,381.3284750168948,372.95090216784337,374.2877562933966,16092600
2025-04-03,369.47503662109375,373.80248816308017,365.75168821202425,371.1386925275575,30198000
2025-04-04,356.3343505859375,370.94065262193254,355.97787229621173,360.5825648601157,49209900
2025-04-07,354.3736267089844,367.3856281525139,341.43098078163547,347.4616469003483,50425000
2025-04-08,351.1058044433594,370.00982228854286,346.8377957272636,364.6723484414274,35868900
2025-04-09,386.68572998046875,389.39905670107095,349.66000929830324,350.0957251156184,50199700
2025-04-10,377.6347961425781,380.1599412978202,364.21678559967916,378.33787067807094,38024400
2025-04-11,384.6656494140625,386.25003769690613,375.1987873888056,376.93173851590154,23839200
2025-04-14,384.0318908691406,390.80525087459347,380.46695659777833,389.38918941494444,19251200
2025-04-15,381.9721374511719,388.07212889209285,380.41742551182244,384.7250528209778,17199900
2025-04-16,367.98968505859375,377.892263018399,364.4148689208335,376.9614484928254,21967800
2025-04-17,364.1969909667969,370.6732850580017,363.31567729138493,370.10883089247193,21120200
2025-04-21,355.62139892578125,360.92919678600947,352.2050274305898,359.28536510699473,20807300
2025-04-22,363.246337890625,364.1870645763753,356.3541225187108,359.83984897446516,19485000
2025-04-23,370.74261474609375,376.68416126561135,369.38593623911186,372.3963282706759,20545500
2025-04-24,383.5268249511719,384.6656455709585,371.53481777720657,372.0398589139721,22232300
2025-04-25,388.0325012207031,388.33947870228997,380.8531326101871,383.2297451406492,18973200
2025-04-28,387.3492126464844,388.9138065441973,382.87325863987553,388.1414067328739,16579400
2025-04-29,390.2012023925781,391.2508732709842,386.5768551213708,387.4878753983452,14974000
2025-04-30,391.4093017578125,392.7956566127169,380.6947052715702,386.4976013857663,36461100
2025-05-01,421.255615234375,432.73269823374693,420.7604863894309,426.90997818196183,58938100
2025-05-02,431.0393981933594,435.1588741169636,425.80092616148227,427.533877248033,30757400
2025-05-05,431.9207763671875,435.21832168508354,427.9003017248534,428.6529073554782,20136100
2025-05-06,429.0885925292969,433.46554517602334,426.9694566129341,427.9894209087166,15104200
2025-05-07,429.12823486328125,433.8517538131467,426.9100367836598,429.6134515274466,23295300
2025-05-08,433.9012451171875,439.3476626606329,431.41568853142036,433.66356271096413,23491300
2025-05-09,434.4557800292969,436.4461774951318,431.6335394854884,435.7133964534002,15324200
2025-05-12,444.8831787109375,444.99209255092137,435.49552494666744,441.59551593295606,22821900
2025-05-13,444.7643737792969,446.27946690563454,441.0211705280613,443.4176075446257,23618800
2025-05-14,448.52734375,449.4779827199474,443.7741186799948,443.7741186799948,19902800
2025-05-15,449.5392761230469,452.57502540604634,446.860659567107,447.1979616790238,21992300
2025-05-16,450.67022705078125,450.7595102326154,445.17414935289,448.4678177382938,23849800
2025-05-19,455.2337951660156,455.948090917999,447.22773658664954,447.30711960117503,21336500
2025-05-20,454.5393371582031,454.70797307292094,450.71983965496236,451.9797648957129,15441800
2025-05-21,448.9837341308594,454.1524403651085,448.22974686474834,450.967885651573,19216900
2025-05-22,451.25555419921875,456.6028569421555,450.30316997101943,451.3448676580097,18025600
2025-05-23,446.6126403808594,450.0948358464348,445.3527151156796,446.4142434023006,16883500
2025-05-27,457.03936767578125,457.29731705224054,452.5055743512772,452.86273735527834,20974300
2025-05-28,453.7357482910156,458.8548627693229,453.3091629867606,457.56517641086623,17086300
2025-05-29,455.0453186035156,458.0612374989779,451.702028016876,457.89257129241645,13974800
2025-05-30,456.71197509765625,458.0215223462663,451.9301930198663,456.07706236471586,34770500
2025-06-02,458.3092346191406,458.44810948050275,453.2695031394806,453.51752207653715,16626500
2025-06-03,459.3013000488281,460.4620419695056,457.20800452370844,457.8131864599202,15743800
2025-06-04,460.19415283203125,461.9997378828715,459.35088242690273,460.3231275179124,14162700
2025-06-05,463.9739990234375,465.9283895442318,460.35292843866904,461.2755516588244,20131700
2025-06-06,466.6525573730469,469.5890928719542,465.06523024972654,466.3648469522318,15285600
2025-06-09,469.0038146972656,469.67841894667356,464.90653697170796,465.9779957450024,16469900
2025-06-10,467.18829345703125,469.0533703074369,463.2596519580402,467.45614299188406,15375900
2025-06-11,468.87481689453125,471.7022387212418,465.93828127215454,466.29541399515057,16399200
2025-06-12,475.07525634765625,476.61299175337194,469.76764562448443,471.25575908280854,18950600
2025-06-13,471.1962890625,475.3828499324856,469.0137405811006,472.6348110082228,16814500
2025-06-16,475.3431701660156,476.8808754060361,471.23596219473825,471.44428961660435,15626100
2025-06-17,474.25189208984375,474.9463269378011,470.3232503868908,471.63279762120845,15414100
2025-06-18,476.4344482421875,477.1884355000323,470.70025162122124,474.21220825159133,17526500
2025-06-20,473.616943359375,479.62891980922967,473.09114443804276,478.4086860483398,37576200
2025-06-23,482.1487731933594,483.8849056071214,468.76568216065505,474.4204952857464,24864000
2025-06-24,486.2261962890625,487.9524285572733,482.9424282150726,485.07541514458467,22305600
2025-06-25,488.3691101074219,490.64097201284227,485.5119574284625,488.1409520653471,17495100
2025-06-26,493.508056640625,494.09337765578726,488.9048109762518,489.07347716233096,21578900
2025-06-27,492.0100402832031,495.3434002058453,489.12309627390664,493.60726767719865,34539200
2025-06-30,493.4683837890625,496.79184348109624,491.404849352638,493.1013206195562,28369000
2025-07-01,488.1508483886719,494.10330273882704,487.08935037246306,492.53583641461546,19945400
2025-07-02,487.198486328125,489.5893925672679,484.82744098086494,486.107196925814,16319600
2025-07-03,494.8870849609375,496.16687121115365,489.52988173373706,489.89694493303733,13984800
2025-07-07,493.77593994140625,494.7977767455099,491.3056810299541,493.4386378219278,13981600
2025-07-08,492.68463134765625,494.25212791462184,490.1945116420166,493.2997134401056,11846600
2025-07-09,499.5200500488281,502.76412671878114,495.77990524850594,496.3354652236218,18659500
2025-07-10,497.5061340332031,500.4426696344743,493.8056807647675,499.06366987607214,16492100
2025-07-11,499.3315734863281,501.0280145407016,493.85529597280816,494.5200000462786,16459500
2025-07-14,499.033935546875,499.9764196247383,497.0597144820079,497.5458219138798,12058800
2025-07-15,501.811767578125,504.2720960834484,498.80577924001653,499.03393728805895,14927200
2025-07-16,501.61334228515625,502.70463167926073,497.9129190668174,501.1768265275145,15154400
2025-07-17,507.6451721191406,509.3019216630888,501.61333461976557,501.67285674255714,17503100
2025-07-18,506.0082092285156,510.5618634291492,503.40897568442307,510.4030974050004,21209700
2025-07-21,506.01812744140625,508.0320701704435,501.54385636100875,502.69466780228106,14066800
2025-07-22,501.26611328125,507.1491456054249,501.26611328125,506.92095727911294,13868600
2025-07-23,501.861328125,502.77405108780124,496.7323137246232,502.7343595827018,16396600
2025-07-24,506.8316345214844,509.5995039044367,503.27998658866585,504.73833906736274,16107000
2025-07-25,509.63922119140625,514.1828842249572,506.3157313206406,508.4089964805577,19125700
2025-07-28,508.4388122558594,510.91900158393673,506.07766717141,510.0063088656235,14308000
2025-07-29,508.5082702636719,513.5182406496896,507.50626407616875,511.4448362580723,16469200
2025-07-30,509.1729431152344,511.86149016920456,505.4030674134904,511.08764202727673,26380400
2025-07-31,529.2723388671875,551.0484106553389,527.6850421089878,550.8301225339796,51617300
2025-08-01,519.9568481445312,531.5542170062565,516.7326017006552,530.7605684534492,28977600
2025-08-04,531.3954467773438,533.9847498429226,523.9449485218581,524.0838536533402,25349000
2025-08-05,523.5679931640625,533.0423047576313,523.0620248277625,532.9232605080902,19171600
2025-08-06,520.7802124023438,527.4866537198485,519.8774501718309,526.6930052823053,21355700
2025-08-07,516.7127075195312,523.9052559727172,513.4487398823029,522.6254396329194,16079100
2025-08-08,517.9031982421875,520.502431840537,515.2940341981842,518.4587582353118,15531000
2025-08-11,517.6353759765625,523.4092640243366,515.6015722772428,518.1611446296885,20194400
2025-08-12,525.046142578125,526.7723446368122,518.5579891899393,519.5996565820958,18667000
2025-08-13,516.454833984375,528.4787877679453,515.2544004746543,527.8934364066101,19619200
2025-08-14,518.3396606445312,521.7821945996749,516.0182375574066,518.4190436500928,20269100
2025-08-15,516.0479736328125,521.9309749680182,514.9666450837208,518.627406652342,25213300
2025-08-18,513.0023193359375,518.6770238166106,509.9467697824549,517.4567900842618,23760600
2025-08-19,505.7304382324219,511.0777107186651,504.5201046206217,510.91900524319027,21481000
2025-08-20,501.7125244140625,506.9506829011106,500.44266872858867,505.8296325155463,27723000
2025-08-21,501.066650390625,504.4353306174317,499.5562271428435,500.5201238427197,18443300
2025-08-22,504.0378112792969,507.51578439064156,499.248138173549,501.07655468445085,24324200
2025-08-25,501.0865173339844,504.9917771303553,500.9473838488724,503.44159720621536,21638600
2025-08-26,498.8804626464844,501.8019624337255,495.37267961289456,501.18583887731603,30835700
2025-08-27,503.5509033203125,504.09746017877256,496.75395340313815,498.8407434548062,17277900
2025-08-28,506.4326477050781,507.87350408410515,502.3186878124423,503.89867767213724,18015600
2025-08-29,503.5011901855469,506.39287997665497,501.3150235761296,505.458793364042,20961600
2025-09-02,501.9410705566406,502.81553721257154,493.68337117589067,497.32034095368414,18128000
2025-09-03,502.1696472167969,504.5942937991858,499.1587173668126,500.6194673133705,16345100
2025-09-04,504.77313232421875,504.95199223037696,499.983459333639,501.1262158347851,15509500
2025-09-05,491.884765625,508.74796779288187,489.27131242222254,505.86622472604114,31994800
2025-09-08,495.06463623046875,498.04575600626316,491.91457299081776,494.97517595073856,16771000
2025-09-09,495.2733154296875,499.0891451753406,494.5677922273047,498.27429847652155,14410500
2025-09-10,497.2209777832031,500.06299449245154,493.5939546766565,499.81456783685906,21611800
2025-09-11,497.8569641113281,500.00337405269875,494.7466575341409,499.08915061774627,18881600
2025-09-12,506.6910095214844,509.32432605160386,500.67909648146514,503.4614629424367,23624900
2025-09-15,512.1166381835938,512.2259313574772,503.80926524972944,505.58800862213144,17143800
2025-09-16,505.8364562988281,513.9748860992247,505.39922293408733,513.6271130220401,19711900
2025-09-17,506.81024169921875,508.07226852063866,502.74598524416496,507.4064717390096,15816600
2025-09-18,505.2501525878906,509.84107240669834,504.4651158521554,508.270998935228,18913700
2025-09-19,514.6705322265625,516.0319056285313,507.09849160720086,507.34691829589656,52474100
2025-09-22,511.21240234375,514.48167541423,509.3143886623668,512.3452424901319,20009300
2025-09-23,506.0252380371094,511.35152134239047,504.1173079645634,510.56645428814153,19799600
2025-09-24,506.9394226074219,509.2547456727144,503.72976965544393,507.16798604562155,13533700
2025-09-25,503.83905029296875,506.8003068435259,501.8615838862597,505.1010467430239,15786500
2025-09-26,508.2411804199219,510.70558375978015,503.4316440082871,506.849997214163,16213100
2025-09-29,511.3613586425781,513.5971983462931,505.6773863749633,508.28089264453985,17617800
2025-09-30,514.6903686523438,514.8990082310244,506.45253207823936,510.0099885223437,19728200
2025-10-01,516.439208984375,517.2341620265153,508.4696637232757,511.5600762745242,22632300
2025-10-02,512.4942626953125,518.3173691617891,507.4661094259624,514.3823296081488,21222900
2025-10-03,514.0940551757812,517.2143082734997,511.75886906280147,513.8456285403139,15112300
2025-10-06,525.2435302734375,527.6880704621805,514.9387971845453,515.3461902238155,21388600
2025-10-07,520.682373046875,526.4657528279373,518.1583800775612,524.9652461341774,14615200
2025-10-08,521.5468139648438,523.6336339322414,519.7979415330736,519.9867481874902,13363400
2025-10-09,519.1123046875,521.0301509722098,514.143772141299,519.0526847229869,18343600
2025-10-10,507.74432373046875,520.2849266906686,506.42270727517143,516.3697201998212,24133800
2025-10-13,510.81488037109375,513.1600134586593,508.45980051307464,513.1600134586593,14284200
2025-10-14,510.3379211425781,512.0371813139038,502.8155546768959,507.01894463812107,14684300
2025-10-15,510.19879150390625,513.93513816427,506.7903850161382,511.71919177145384,14694700
2025-10-16,508.3902587890625,513.5972720757079,504.93217895922305,509.35418580491137,15559600
2025-10-17,510.3478698730469,512.235876086287,504.1173098719632,505.8364332653001,19867800
2025-10-20,513.5376586914062,515.4356724346321,510.1988187679518,511.3713853844849,14665600
2025-10-21,514.4021606445312,515.4257076122852,509.81124074780416,514.2431942660954,15586200
2025-10-22,517.2640380859375,521.9245247034462,514.4518919333965,517.8702452376143,18962700
2025-10-23,517.2838745117188,520.6525542416625,515.3461346267313,519.1719411998674,14023500
2025-10-24,520.3146362304688,522.0436758041421,517.4329238246899,519.4997896375017,15532400
2025-10-27,528.1749877929688,531.2157277722118,525.6807743511338,528.4333612309177,18734700
2025-10-28,538.6585083007812,550.2351530342114,537.3667019364588,546.5385938392855,29986700
2025-10-29,538.1417846679688,542.8321112501552,533.3521116884923,541.5104645203966,36023000
2025-10-30,522.4512329101562,531.6032326010347,518.834126044735,527.1414993194383,41023100
2025-10-31,514.5512084960938,525.9887810857076,511.85824179468614,525.5515477587454,34006400
2025-11-03,513.776123046875,521.6562086548496,511.3514766558802,516.5385956979154,22374700
2025-11-04,511.0931701660156,512.3054631947169,504.64399323613884,508.53933673798264,20958700
2025-11-05,503.96826171875,511.5900049686576,503.39189488693165,510.06960470137113,23024300
2025-11-06,493.9715576171875,502.51744045426454,492.6896676102462,502.47768369906356,27406500
2025-11-07,493.6933288574219,496.2372153715257,490.1457889557352,493.8225155697467,24019800
2025-11-10,502.8155517578125,503.66020845333964,495.66085193460816,496.8930687697553,26101500
2025-11-11,505.47869873046875,506.39292220487647,499.1885488885237,501.62311202080633,17980000
2025-11-12,507.9232177734375,508.4498810705414,495.9788447581273,506.1543908722183,26574900
2025-11-13,500.12261962890625,510.2683558569415,498.13520636364063,507.09842927280135,25273100
2025-11-14,506.96923828125,508.38031503091224,494.30942559248354,495.0944623167857,28505700
2025-11-17,504.296142578125,508.8970088955905,501.7323929449627,505.2501227292945,19092800
2025-11-18,490.6824035644531,499.8145698875434,483.71651040889276,492.2524466910109,33815100
2025-11-19,484.0543518066406,492.0735713081103,479.79134202204426,487.0156083775533,23245300
2025-11-20,476.308837890625,491.38172816347884,473.39183555424523,490.525525238351,26802500
2025-11-21,470.0268249511719,476.796695003642,466.19388806310616,476.3785437287191,31769200
2025-11-24,471.89849853515625,474.7856351712577,465.94500021095376,472.8940649877621,34421000
2025-11-25,474.8752136230469,477.0256407210385,462.82888433135173,471.9681767111092,28019800
2025-11-26,483.3475341796875,486.14507360501653,479.06661039650686,484.1539406114854,25709100
2025-11-28,489.82867431640625,490.44592067381114,484.49242217644115,485.4382224868377,14386700
2025-12-01,484.5820007324219,487.68816317334665,482.5012705124726,486.27447583839387,23964000
2025-12-02,487.82757568359375,491.312058367048,484.16389832530854,484.56211884124775,19562700
2025-12-03,475.6119689941406,482.09308589504883,473.0931871020635,474.2082166599713,34615100
2025-12-04,478.70819091796875,479.1860737742951,474.377470578239,477.6329924690825,22318200
2025-12-05,481.01788330078125,481.2568095233099,476.7568601661199,480.3807061976695,22608700
2025-12-08,488.8430480957031,490.11737199051475,482.2325023858298,482.74025101921535,21965900
2025-12-09,489.8385925292969,489.93815525049575,486.33420957194573,486.93155551686203,14696100
2025-12-10,476.43829345703125,482.10306917330496,472.9737111601482,481.88404333185355,35756200
2025-12-11,481.3265075683594,483.8751552220924,473.750231167373,474.51683677020293,24669200
2025-12-12,476.4084167480469,480.31105063829824,474.22812377070755,477.69270598810584,21248100
2025-12-15,472.7148742675781,478.588710310573,470.42505317808707,477.97146396596463,23727700
2025-12-16,474.2779235839844,475.7712732838117,468.79234263095657,469.8177748762136,20705600
2025-12-17,474.00909423828125,477.8718969329872,472.8940646732686,474.79560024235434,24527200
2025-12-18,481.8342590332031,487.4293375934554,475.7712630284666,476.06992080908344,28573500
2025-12-19,483.7656555175781,485.68709144559693,480.35083955461556,485.1992432324443,70836100
2025-12-22,482.7701110839844,486.5632169440421,480.5499868948874,483.9647726311972,16963000
2025-12-23,484.6915283203125,485.66716398872717,482.59086732909867,482.8298239351052,14683600
2025-12-24,485.8563232421875,486.99128356758627,482.680463867149,483.5267014178325,5855900
2025-12-26,485.5476989746094,485.9558848600665,483.8054577080926,484.5521325365998,8842200
2025-12-29,484.9404296875,486.1848877649252,482.0333622504328,482.71034015280554,10893400
2025-12-30,485.3187255859375,487.5089534635432,483.3474931520442,483.77557941756965,13944500
2025-12-31,481.4758605957031,485.97584057107747,481.15727202744546,485.6771523949816,15601600
2026-01-02,470.84320068359375,482.5112407273309,468.07552715971417,482.24244872265706,25571600
2026-01-05,470.7536315917969,473.9593569778809,467.4184776979013,471.95825856508776,25250300
2026-01-06,476.3885192871094,476.617480129593,467.6673473241013,471.69937935780575,23037700
2026-01-07,481.3265075683594,487.5288974221053,475.83099176167434,477.63296458601815,25564200
2026-01-08,475.9902648925781,480.5201105081445,473.7502403609407,479.10639276886474,18162600
2026-01-09,477.15509033203125,477.6927047258898,470.106493184136,471.9582322108041,18491000
2026-01-12,475.06439208984375,478.85749783991434,473.57104241242143,474.5566738594685,23519900
2026-01-13,468.5832824707031,473.6706125344443,463.88420753037366,472.57548334410274,28545800
2026-01-14,457.34332275390625,466.1242261748137,455.1431293963808,464.3919198839424,28184300
2026-01-15,454.6353759765625,462.19172164087615,453.8787357567712,462.062293141988,23225800
2026-01-16,457.8211669921875,461.1364202404358,454.45617795729186,455.8001683410004,34246700
2026-01-20,452.5048828125,454.77477325819245,447.2881239806389,449.2195254560932,26130000
2026-01-21,442.1410217285156,450.6829992738946,436.7351029497524,450.5934019351739,37980500
2026-01-22,449.1398620605469,450.8323067932568,442.7284117030413,445.6354487179439,25349400
2026-01-23,463.8841857910156,469.01134678020316,448.5325382185013,449.8665935761158,38000200
2026-01-26,468.19500732421875,472.1474075016215,459.9517180089597,463.2470406576191,29291200
2026-01-27,478.4493103027344,480.72916597612596,471.0622242712429,471.5998386603028,29213900
2026-01-28,479.49468994140625,481.59532063648624,475.8807787479093,481.06767161592717,36875400
2026-01-29,431.57806396484375,440.5381621786467,419.1533835040837,438.0392806211351,128855300
2026-01-30,428.38232421875,437.65104604221966,424.5593524472701,437.2229597325442,58566800
2026-02-02,421.49298095703125,428.8303011436502,420.37795134689077,428.33251789753194,42219900
2026-02-03,409.3868713378906,420.178808008447,406.7486263222299,420.1390072256922,61424100
2026-02-04,412.3536682128906,417.9387813848693,407.4256021580933,409.1778088233149,45012400
2026-02-05,391.9246520996094,406.4897635323938,390.5806313349955,405.6335909812077,66289200
2026-02-06,399.3615417480469,400.0086538663787,391.17798428483076,397.4002746193236,53515300
2026-02-09,411.76629638671875,413.05058563481117,399.0927243377603,403.0550898097971,45480500
2026-02-10,411.437744140625,421.80159473973595,410.8702943432265,417.75959730190846,44857900
2026-02-11,402.57720947265625,414.61360447479314,399.23212070980424,414.3348470778888,42491000
2026-02-12,400.05841064453125,404.3990960787573,396.24540458526855,403.20440420967,40802400
2026-02-13,399.5407409667969,403.7420326637702,396.2852191820681,402.65686886295305,34091600
2026-02-17,395.1004943847656,398.7442713079252,392.78083787972264,397.45004705087115,32078800
2026-02-18,397.828369140625,400.77523739702553,394.5629123207548,396.3648852083561,23223400
2026-02-19,397.5988464355469,403.55594539020564,395.8127368785549,399.82403795970674,28234000
2026-02-20,396.37152099609375,399.2552593187824,394.3059873534157,395.2539159508346,34015200
2026-02-23,383.6390686035156,394.50551684604494,382.27203437696886,394.14630950985264,43238300
2026-02-24,388.1593017578125,388.5185091169527,380.88504821898124,383.30981969967445,33884700
2026-02-25,399.7342224121094,400.60233728073825,389.31678308531696,389.68597856263057,43625500
2026-02-26,400.851806640625,406.6093255926281,397.8782360341113,403.8353349281015,34405900
2026-02-27,391.8912048339844,395.9624042352165,389.0374004516944,390.03523926255787,51367200
2026-03-02,397.6886291503906,400.32293811697235,389.78576315389057,392.01092411942045,35474900
2026-03-03,403.0570068359375,405.82103971635513,391.82136299902305,392.2903484387299,38199200
2026-03-04,404.32427978515625,410.14166638677375,399.44483360720756,400.4027502952161,35808000
2026-03-05,409.79241943359375,410.72040218284053,403.525993165685,403.54596943015656,39001300
2026-03-06,408.0761413574219,412.1572983375802,407.6271321747383,408.31564337314285,31123900
2026-03-09,408.5251770019531,409.3234358422322,402.62794618065146,404.044890641513,30131900
2026-03-10,404.8830871582031,409.31349393117443,402.05918625996463,409.1438479339772,31706400
2026-03-11,404.0049743652344,408.1260534422115,400.7220762180728,404.6934855668013,25512100
2026-03-12,400.9914855957031,405.2422886286942,400.84181586601125,403.7555185610488,27263900
2026-03-13,394.69512939453125,403.9251383935716,393.3979511212616,400.13336309353434,26848000
2026-03-16,399.08563232421875,399.7641553863696,393.9367805641587,397.209690545171,27733700
2026-03-17,398.5467834472656,403.5259891234105,396.8903674487218,399.4049101655112,26228300
2026-03-18,390.9432678222656,397.13983817793417,390.1549666521916,396.271723303423,25908500
2026-03-19,388.1792297363281,391.6417315076428,386.2234742615233,389.2569126674818,25138800
2026-03-20,381.0447082519531,386.16362631018524,379.29849030352204,385.95408868282834,50853200
2026-03-23,382.1722717285156,386.3731646745857,380.85511716508233,383.07032058481127,29680100
2026-03-24,371.9344177246094,381.6434000325674,371.04635704379217,381.53362193174286,42733600
2026-03-25,370.2381286621094,376.2451074667104,368.831172255135,376.10542586510894,31181200
2026-03-26,365.1790771484375,373.9101668945663,364.4007640805619,370.01860155518807,36836600
2026-03-27,355.9989318847656,361.6666793192034,355.73951450811694,361.11784971721505,37883400
2026-03-30,358.1842041015625,364.5703662773937,355.51000344849933,361.1178525849577,44797000
2026-03-31,369.3699951171875,372.09407550142714,362.28533367877645,363.7621155862403,45244400
2026-04-01,368.57171630859375,373.1817267376728,367.4042619540212,372.682807332766,29417200
2026-04-02,372.6528625488281,372.83249667260446,363.3629859357669,366.41637016886637,24099100
2026-04-06,372.0741271972656,372.92229624611906,368.70142726638517,372.682794233078,16146600
2026-04-07,371.48541259765625,371.64507045865594,365.7677853538718,369.5396147715723,21443300
2026-04-08,373.52099609375,384.167949815935,370.6073237610428,384.148004001906,33064800
2026-04-09,372.26373291015625,372.6927962909368,366.2567237727329,371.6949574789129,30435300
2026-04-10,370.0684814453125,374.8281921461914,369.23030048358606,372.17393720824543,28111100
2026-04-13,383.539306640625,383.70895264062807,370.2181521550117,372.8025510733858,35745800
2026-04-14,392.2604064941406,393.83700889302276,385.684652281273,387.0816509997633,37504500
2026-04-15,410.3312683105469,413.47445440771634,395.8725939925935,397.1398382929036,45063400
2026-04-16,419.35174560546875,419.9105328997013,411.2492993874727,418.95258572248235,41642400
2026-04-17,421.87628173828125,430.64726300981,419.78081413338697,423.9018933176335,48568200
2026-04-20,417.1664733886719,422.4150847565369,415.40027922801784,420.2398034863272,27582200
2026-04-21,423.2433166503906,426.25677891783357,416.2983670043314,419.33177508554746,32048500
2026-04-22,431.984375,432.7626880248645,422.7543663498755,425.2689090952171,29378200
2026-04-23,414.8514709472656,422.7443793162959,410.5208543154444,418.9825380949446,38308000
2026-04-24,423.7023010253906,424.0316048781353,414.9013556123021,416.0688403922519,27457400
2026-04-27,423.9018859863281,426.1869149113369,416.1686352924954,421.46715688013995,30867300
2026-04-28,428.3222961425781,428.99086152362304,420.9881750222059,423.6524179624475,30438100
2026-04-29,423.5426330566406,425.8975483734993,419.38166246548025,423.6623688360089,38288300
2026-04-30,406.8987121582031,413.5243765293071,397.1498378648014,409.92216255995794,70909400
2026-05-01,413.5443115234375,416.2085240460113,409.5529563541748,411.9078412872606,31372400
2026-05-04,412.72607421875,419.87060358807366,409.91216153093814,410.6505829404435,28066500
2026-05-05,410.4909362792969,415.8792597859335,407.916495085617,414.42242364358015,25700900
2026-05-06,413.0653381347656,417.51572107575487,404.23445872829495,407.11822745622237,30285900
2026-05-07,419.8606262207031,427.05506598481406,417.8549909144547,419.2020489501835,34942400
2026-05-08,414.22283935546875,417.7252633012779,413.105264767488,416.48795292910256,33383800
2026-05-11,411.7681579589844,411.79809190456297,404.6236285818644,406.9885016374445,35657900
2026-05-12,406.8887023925781,414.6020070114768,405.76117016707224,413.58422243338293,38594200
2026-05-13,404.3342590332031,405.4318878236479,400.1633000811369,402.3286237155428,29667100
2026-05-14,408.5451354980469,410.94993067744383,400.013625877668,403.6058516736889,27077500
2026-05-15,421.0081481933594,427.24464052002446,412.01761111071977,413.3746572242232,50771200
2026-05-18,422.6246643066406,424.2012362508279,414.7117792841577,415.71960624154525,32564100
2026-05-19,416.51788330078125,431.7648588737268,415.58987007798993,428.9708919761278,33018700
2026-05-20,420.1499938964844,421.18775475321456,410.4110776678385,413.2749005432513,27864000
2026-05-21,419.0899963378906,426.3399963378906,415.7099914550781,424.75,31303300
