Date,Close,High,Low,Open,Volume
2021-05-24,94.09934997558594,94.97449510744033,93.39089733772924,93.64093607872576,11341268
2021-05-25,94.4327392578125,95.72462195532637,94.22437046541566,94.93282308778274,15289982
2021-05-26,92.59908294677734,95.01616202444443,92.432390469246,95.01616202444443,17466748
2021-05-27,91.93231201171875,93.05750219761572,91.09883685788235,93.01582589635959,34169451
2021-05-28,90.80711364746094,92.51574022215509,90.30702983696115,91.93231016972378,13383166
2021-05-31,92.09901428222656,92.8074669664614,89.84863367138381,90.8071251129837,14754293
2021-06-01,91.84896850585938,92.89081255133833,91.26553838395573,92.47407493314674,10271211
2021-06-02,92.6407699584961,92.8074624553036,91.72394850823257,91.76561845297887,6492771
2021-06-03,93.18252563476562,93.51591061236397,92.05732907918326,93.0158267870556,12140851
2021-06-04,93.14083862304688,94.18268245551944,92.55740862042629,92.93246985655236,8930671
2021-06-07,97.01651000976562,97.30822504432619,93.3492180296748,93.47424057560386,28407410
2021-06-08,96.84980773925781,98.76680308532198,96.68311525651772,97.93332795380027,43191813
2021-06-09,98.43341064453125,100.85048977031258,96.51642167911956,97.09985172100343,49807823
2021-06-10,98.76680755615234,99.93367406488485,97.76663989661643,99.47526017823287,22144392
2021-06-11,99.01685333251953,99.64195971376294,97.97500936378053,99.10019957823647,13871562
2021-06-14,98.51676177978516,99.10019820956775,96.89148775456327,99.0168519650019,14179055
2021-06-15,98.18338012695312,99.14187151029029,98.01668127326457,98.51676511650811,8148417
2021-06-16,99.8503189086914,100.51709516923921,97.39156356348607,98.1833687189564,21585917
2021-06-17,97.84998321533203,100.51710113360215,97.47491558504014,98.5167595154442,14466025
2021-06-18,94.64110565185547,98.47509006301598,94.09934553357054,97.84998370166663,43927941
2021-06-21,98.35005950927734,98.72512075197746,94.22436040393531,94.39105287648864,34597018
2021-06-22,98.6001205444336,99.10020440198797,97.47492391629721,98.7668130439813,16712010
2021-06-23,97.72496032714844,99.05851928157898,97.47491524116928,99.05851928157898,12590251
2021-06-24,98.35005950927734,98.7667970495709,96.43306428036294,97.68327690124359,14046692
2021-06-25,96.72478485107422,99.26688001063468,96.43306348813714,99.26688001063468,12768348
2021-06-28,96.80813598632812,98.22504113983435,96.68311344715747,97.43324232327096,10709748
2021-06-29,98.01667022705078,98.80847538528722,96.1830275555007,96.89148011683095,33488455
2021-06-30,97.01651000976562,98.72513027442656,96.80814121952082,98.22504644962119,16739618
2021-07-01,97.80829620361328,98.18336379283171,96.43306109429909,97.3498887397819,12479506
2021-07-02,97.9333267211914,99.2252157023543,97.5165891606757,97.97500302080718,17215972
2021-07-05,98.85014343261719,99.2668809735295,97.72495334393601,98.26671341890406,16409169
2021-07-06,98.05836486816406,99.14187888261142,97.55828098773364,98.43342618875901,14979094
2021-07-07,97.89164733886719,98.51675365995551,97.3915635537786,97.55826238808169,14545289
2021-07-08,97.89164733886719,98.93349120734773,97.68327856517108,97.80830110117081,12037089
2021-07-09,98.18338012695312,98.68346397019667,96.89149103623885,97.51659743002104,9585144
2021-07-12,98.22504425048828,98.97517315035734,97.6416141944294,98.35006679361824,7651672
2021-07-13,99.93366241455078,101.68395879414335,98.43340474123707,98.47508103840528,30663035
2021-07-14,100.64212036132812,100.80881284113673,99.85032154387152,99.97533772427272,9539611
2021-07-15,100.26705932617188,101.01718184589589,99.35023160844605,100.64212058603388,11278872
2021-07-16,99.26689147949219,100.68380308389973,98.60011515881001,100.14204295159423,17198632
2021-07-19,101.18388366699219,101.55894493790768,98.76680447967372,99.26688829386462,14364285
2021-07-20,98.72513580322266,101.68397533396396,98.51676700130879,101.68397533396396,11360716
2021-07-22,99.35023498535156,99.76697255887889,98.80848122689461,98.97517371274125,9520328
2021-07-23,98.76680755615234,100.10036655517054,98.60011506586666,99.51693648025973,10442400
2021-07-26,99.47525787353516,100.01701799277818,98.39174399395984,98.5167601793222,5370055
2021-07-27,99.05851745605469,99.68362380057195,98.5167573523576,99.43358507811139,5280342
2021-07-28,97.34989929199219,99.6419559363259,96.51642414859812,99.6419559363259,11010096
2021-07-29,97.30821990966797,98.55843258516691,96.05800723416901,98.1000187272531,11897018
2021-07-30,98.51676177978516,99.97534331587535,96.89148775456327,97.47491782543501,14546264
2021-08-02,98.1417007446289,98.9751759101884,97.5165943704593,98.8501533635723,11742555
2021-08-03,98.05836486816406,98.76681756201647,97.09986705464067,98.76681756201647,21122697
2021-08-04,98.22504425048828,99.05851939280707,97.14153038082026,98.39174309429845,9432176
2021-08-05,97.09984588623047,98.18336602337479,96.64143205307475,97.55825971938617,11045322
2021-08-06,98.05836486816406,98.93351006918944,97.05819074839167,97.09986705464067,8434733
2021-08-09,97.26654815673828,99.26688980281972,97.14153197047321,98.76680598102706,7816050
2021-08-10,95.30786895751953,97.68327153491559,94.72443897672396,97.43323283982173,9774255
2021-08-11,97.47491455078125,97.76663593532764,95.47457931275859,95.59959549595203,8056886
2021-08-12,99.30856323242188,99.51693201538586,97.09985286122141,97.47491412699236,8640167
2021-08-13,98.55843353271484,99.55860113916548,97.6832821078876,99.55860113916548,9744939
2021-08-16,99.05851745605469,99.51693131893157,98.43341111153741,98.55843365222297,8768804
2021-08-17,97.84998321533203,99.60027974662871,96.8498092267977,99.47525720319808,8758578
2021-08-18,97.14151763916016,99.10018269491702,96.76645005896638,97.84997014542415,9357721
2021-08-20,95.14118957519531,97.51659247918826,94.55775315527254,96.93316241817622,11684504
2021-08-23,94.5160903930664,96.47475587115204,93.51591632246799,96.2663870679746,6271685
2021-08-24,94.97449493408203,96.9331667089903,94.7244561935419,95.1828637306543,11791078
2021-08-25,95.01616668701172,96.05801061998334,94.84947420130055,95.59959674591154,9491958
2021-08-26,93.97431182861328,95.43289316519929,93.30752924546711,95.09950187362621,11668986
2021-08-27,94.5160903930664,95.09952049839873,93.43257007297926,93.93265392882286,8095717
2021-08-30,95.80796813964844,96.26638202619468,94.39106289581426,94.39106289581426,9915170
2021-08-31,96.64144134521484,96.9748326778466,95.59959740505984,96.05801128229234,11386659
2021-09-01,96.18302917480469,97.26654300481309,95.64126908034525,96.68311297010936,7508413
2021-09-02,97.09984588623047,97.26653835706337,95.84963327825325,95.9329795136697,5700524
2021-09-03,97.51657104492188,98.26669978628006,97.09983356182391,97.51657104492188,9364904
2021-09-06,97.05816650390625,98.05834037384186,96.59975904423196,98.05834037384186,7005043
2021-09-07,96.55809783935547,97.43324931746189,96.05801400568507,97.26655046696445,7723357
2021-09-08,97.71472930908203,98.18594940885768,96.3010559364679,97.54337119736432,10508654
2021-09-09,98.14311981201172,98.31447139586547,97.24350765516976,97.62905198716264,5757417
2021-09-13,98.52867126464844,98.95705679188605,97.8004171756734,98.228802702911,6322443
2021-09-14,99.29976654052734,99.51395930418826,98.35731968774822,98.7428640476801,7369292
2021-09-15,106.41094970703125,106.96785213359587,99.38543050978977,99.38543050978977,48721413
2021-09-16,106.23961639404297,107.6961246493034,105.38284529409101,106.66800194401895,17684303
2021-09-17,106.0254135131836,106.83934336589988,104.14051988760686,106.36812322782775,15763396
2021-09-20,105.12581634521484,106.19678027104892,104.35472754793035,104.95446473173942,7431359
2021-09-21,106.32528686523438,107.43909185398023,104.6117447512527,104.78310288463751,8629222
2021-09-22,106.58231353759766,108.80991682672143,106.23960383081462,106.75366512266719,11698183
2021-09-23,108.12449645996094,108.80991586748455,106.79650534576932,106.92502230176049,11053966
2021-09-24,106.45379638671875,108.55288271489788,106.19676247293832,108.38153113014022,8598140
2021-09-27,108.681396484375,109.49533282971261,106.6679860076241,107.35340539984064,8490460
2021-09-28,113.05093383789062,114.5074419619168,109.10978844054556,109.23830540128766,35900138
2021-09-29,120.50484466552734,123.58922571867109,111.89430594930478,112.57971234041325,75859390
2021-09-30,121.53294372558594,122.68957646652837,119.17682401557714,121.447261415908,34614825
2021-10-01,119.86225128173828,123.6748924871457,117.97735779686523,120.76186339844438,22452069
2021-10-04,124.70303344726562,127.95876616954222,120.37633687379865,122.90380894795011,58612212
2021-10-05,124.57450866699219,126.67360825248694,123.54638599502297,124.703032171794,24390676
2021-10-06,122.77528381347656,126.20236772691185,122.34689832429714,125.4741071659918,14421296
2021-10-07,122.3469009399414,124.78869043649428,121.87567427711221,123.54637510597216,10035682
2021-10-08,120.89039611816406,123.2893445148756,120.20497668769437,122.98948250193078,10686586
2021-10-11,124.06043243408203,125.73113312155091,121.19024460880686,121.66147123175624,17449923
2021-10-12,123.84626007080078,125.30276826676521,123.20368177199686,125.08857550049724,16030831
2021-10-13,125.38844299316406,126.15953167561828,123.97476297761378,124.66018240273317,19100941
2021-10-14,128.0015869140625,129.02972261079267,125.81683124173199,126.3737271830538,29263867
2021-10-18,128.13009643554688,129.9721487235501,127.40183590868773,129.58660441597814,25346029
2021-10-19,128.2157745361328,130.31487393846743,126.88778994874615,129.32957944744982,20234486
2021-10-20,125.30272674560547,129.07251295342436,124.4887971181542,129.07251295342436,16129487
2021-10-21,126.71641540527344,127.27332435413052,125.00287354408901,126.54506383381238,20818539
2021-10-22,124.14610290527344,126.88778034824172,123.37501429524295,126.67358761509026,11379569
2021-10-25,123.28935241699219,125.30276967180347,122.64677411098295,123.97477189139322,14079380
2021-10-26,122.6895751953125,124.78866102782331,122.04699709924074,124.48879909362738,16224116
2021-10-27,121.06173706054688,123.84624262989678,120.67619275021738,123.37501599581091,15072448
2021-10-28,117.67750549316406,121.53297510501203,116.77789330240853,121.06174842668406,19999659
2021-10-29,113.65066528320312,117.29194194870031,110.13791210869607,112.23699839532516,29217522
2021-11-01,115.06433868408203,115.92110961535101,112.15130967379534,114.12188543037138,10043407
2021-11-02,117.07775115966797,120.63335863052895,115.66408424817213,115.66408424817213,21525811
2021-11-03,117.1634292602539,119.04832276532262,116.13530671869708,118.19155180181072,9808728
2021-11-04,117.50613403320312,118.49142849877171,117.33478245280045,118.49142849877171,1026849
2021-11-08,120.20497131347656,120.46200522257206,116.99208013300206,118.83413251382571,12765483
2021-11-09,118.66278839111328,121.14741916421107,118.27724403987928,120.5905232205718,9556650
2021-11-10,117.72032165527344,118.44858218190922,117.16342577487222,118.40574102035058,5479056
2021-11-11,117.07775115966797,118.02020448285711,115.1071883311072,117.8060117342494,11418813
2021-11-12,116.90638732910156,118.40573641229378,115.36419708601797,118.40573641229378,9306659
2021-11-15,117.50613403320312,117.93451952085357,116.52085264092213,117.6346575234708,3991733
2021-11-16,115.06433868408203,118.06303694352349,114.80730479004396,117.97735462108182,5762128
2021-11-17,116.90638732910156,118.23438484601482,114.80730122728976,114.80730122728976,15264066
2021-11-18,115.92113494873047,117.8917111359558,115.44990821889336,117.03494001744825,9942974
2021-11-22,111.50875854492188,117.29196373490348,111.12321414691445,115.66410379963209,15990636
2021-11-23,114.37892150878906,114.59311424569691,109.79519170964632,111.42306435411824,11510010
2021-11-24,115.96395111083984,117.6346518169728,114.4217608154529,115.23569058784722,7570759
2021-11-25,115.8354263305664,117.120582716793,113.35079587984305,116.09246022246909,13919886
2021-11-26,110.39495849609375,114.85016548164738,109.66669785135892,114.12190483691255,13323593
2021-11-29,108.38153839111328,110.82334112568314,107.139222976782,109.4953433765888,16077669
2021-11-30,109.02410888671875,110.90900245713608,106.83934023936072,109.49533554764506,22883512
2021-12-01,109.40965270996094,113.90770040341627,107.82462768721497,111.38022859984655,17010938
2021-12-02,110.26643371582031,111.63727265243011,108.46721578232555,109.40966264876143,12916313
2021-12-03,108.80992126464844,111.59442712378313,108.29585995182933,110.26642940707659,12827354
2021-12-06,106.53946685791016,109.32397245933376,106.2395983312394,108.80991119409198,8158812
2021-12-07,107.396240234375,108.29585237132042,106.2396007273336,107.18204749097312,8701301
2021-12-08,109.02410888671875,109.36681859133388,106.9678571956719,106.9678571956719,12093435
2021-12-09,107.99598693847656,109.36681922827677,107.65327723186552,109.02410952166572,11518172
2021-12-10,108.08168029785156,108.5529005014673,106.58233080729735,108.03883912632057,8389566
2021-12-13,107.78179931640625,110.1807608401649,107.52476539005916,109.32398326455599,13223189
2021-12-14,108.25302124023438,109.19546809121431,107.09638162600243,107.09638162600243,11649242
2021-12-15,108.55288696289062,110.05223626644792,107.86747406039382,108.08166681804487,11916145
2021-12-16,109.15262603759766,109.83803891140576,108.16733808631432,109.28114299413791,10758513
2021-12-17,107.56761932373047,109.40967204681989,106.32529724779558,109.15264462661081,13041775
2021-12-20,104.31187438964844,107.48192463118536,102.04142982045043,106.66799475573906,14185935
2021-12-21,104.69740295410156,106.83933023660481,103.54076352887847,105.85404891596798,10168470
2021-12-22,104.99729919433594,106.15393885300101,104.22620390967766,105.42568473729668,7885198
2021-12-23,106.71083068847656,107.43908473131032,105.21148143814189,105.46850881621287,9836979
2021-12-24,103.88349151611328,107.09638300630235,103.58362295102452,106.92503140815006,8509575
2021-12-27,104.39755249023438,104.65458642322838,103.32658866383343,103.88349116089081,5097217
2021-12-28,106.32528686523438,106.7536723937298,104.48322778537518,104.5260689528825,6511374
2021-12-29,105.5113525390625,106.88218486527629,104.69741614716008,106.75366790480284,8960770
2021-12-30,108.72425079345703,109.53818070056296,104.74026398486338,105.59703506040418,32394253
2021-12-31,106.58231353759766,108.6385652416519,106.23960383081462,108.6385652416519,9155163
2022-01-03,107.95315551757812,108.42438222378094,106.83935050472307,107.43909417958524,9034081
2022-01-04,113.86487579345703,114.2075920829471,108.59573867296062,108.80993145140827,33986738
2022-01-05,113.09376525878906,113.82202579469462,111.97996041052234,113.60783305746207,16122852
2022-01-06,112.15131378173828,113.39364213621256,110.78048808546866,113.39364213621256,8037648
2022-01-07,112.53688049316406,113.26512802775414,110.90900768534391,112.49403932682618,8820039
2022-01-10,112.96526336669922,113.35080770814187,112.02281002247213,113.05093262408192,7324926
2022-01-11,113.35081481933594,114.80732301909954,112.23700981717941,113.22229131526653,11971883
2022-01-12,114.67879486083984,114.97865684407,113.39363845854407,114.25040939340792,10439580
2022-01-13,115.6212387084961,117.07774672925441,114.3789234282401,115.1500120647335,15114699
2022-01-14,115.96395111083984,116.6493573992012,114.20756808201824,115.15000826515856,9344382
2022-01-17,117.03492736816406,117.67750563759405,115.19286181849175,115.3642134090154,9803141
2022-01-18,115.6640853881836,118.02020564609104,115.15001755714313,117.03492422209949,6473378
2022-01-19,115.49273681640625,115.92112232902402,113.9077051904052,114.89299971339906,21136414
2022-01-20,115.5783920288086,116.82072032305165,114.93581383797397,115.23568888967816,8466412
2022-01-21,114.89299774169922,116.60653976276386,113.5650000607165,114.85015657651498,12437749
2022-01-24,113.60784912109375,115.87828722747356,112.23701017966016,113.95055231980764,14284658
2022-01-25,115.92113494873047,116.22099699623425,112.27985769507335,112.40836813353357,10007486
2022-01-27,115.6640853881836,116.52085639105903,114.07905380354885,114.97866597122565,18760325
2022-01-28,120.07643127441406,123.37500432776947,118.23437914744575,119.94792087422033,34009553
2022-01-31,121.704345703125,122.8609789233495,118.70564664779495,121.66150453053363,27928927
2022-02-01,120.93323516845703,123.50354846065198,120.3334980149361,123.37503802535802,17413984
2022-02-02,120.93323516845703,122.30407415361012,120.59053195881349,121.66149583056138,10783943
2022-02-03,120.49234008789062,122.211780589316,120.1837325666756,121.2418404836182,9571728
2022-02-04,118.3320541381836,121.1977708646707,118.06752374943912,120.80098200884123,7213085
2022-02-07,119.16971588134766,120.22783737764307,118.3320475755919,118.3320475755919,10562489
2022-02-08,119.03744506835938,119.61058294056329,117.09757828408577,119.4342338610061,8721631
2022-02-09,119.08154296875,119.5665130580564,118.02343497226438,119.30198269529171,5144026
2022-02-10,120.31598663330078,120.6686982291635,118.42021057836094,119.16969749224735,6081460
2022-02-11,120.93321990966797,121.41818996412833,118.55247372499333,118.55247372499333,8426925
2022-02-14,116.83304595947266,120.31599067640666,116.21581746418609,118.7729127109042,7705072
2022-02-15,119.34606170654297,119.74285048475399,115.20178448757588,116.48034554063739,12674466
2022-02-16,117.45027923583984,120.53643529247378,117.14167170292005,118.94926662957609,12946623
2022-02-17,117.05347442626953,118.94925036283277,116.78894410953329,118.59655224356499,5811964
2022-02-18,116.70079803466797,118.24387613925784,116.3039957584005,117.05349621960204,6760078
2022-02-21,116.34808349609375,118.28795037404174,115.64267368922913,116.74487230790105,12212740
2022-02-22,116.48035430908203,116.83305248191527,112.77696294875513,115.5545047871787,13578566
2022-02-23,114.80500793457031,117.67072440563656,114.49640038735329,116.39217667099858,9263264
2022-02-24,109.69080352783203,113.74689293831469,109.02948438284183,111.98337521834083,18045779
2022-02-25,114.93726348876953,115.51040131959547,110.21984858740026,110.21984858740026,10424521
2022-02-28,117.71480560302734,118.11159439167368,113.57054172964045,113.70280017433183,13262687
2022-03-02,115.46632385253906,119.03745004479757,115.0254444079287,117.09758317942656,12587947
2022-03-03,116.48035430908203,117.67072073332388,114.84909498693936,116.48035430908203,15628119
2022-03-04,114.80500793457031,117.58255658696311,114.40821911410656,116.39217667099858,15883138
2022-03-07,114.67276000976562,115.06954886666682,111.89521782959552,113.7469103739465,14985637
2022-03-08,117.93526458740234,119.74287320283442,115.06954787780191,115.06954787780191,28572640
2022-03-09,115.9512939453125,118.11160053322693,115.59859577141447,118.11160053322693,14286413
2022-03-10,117.22985076904297,119.03745932376304,116.34809181108916,117.18576013023049,13101323
2022-03-11,116.34808349609375,117.62663120283858,115.95129468428645,117.18575175536982,8669803
2022-03-14,116.5244369506836,117.18575614666834,115.28997983334145,116.34808785600235,5670284
2022-03-15,115.55450439453125,117.22984089165575,115.20179276832366,115.7749441154462,6895190
2022-03-16,117.05347442626953,117.2739141144546,115.99536661389538,116.74485348098212,5561866
2022-03-17,117.18576049804688,118.42023111580126,116.30400153732546,117.71482125630932,13995384
2022-03-21,117.18576049804688,117.62663997840758,116.12765243609597,117.18576049804688,9172207
2022-03-22,117.14166259765625,118.28793828022084,116.17172253056295,117.53845136889565,10343712
2022-03-23,117.67071533203125,117.9352456768002,116.56851677430414,117.18574527571688,11892811
2022-03-24,119.39013671875,119.65466705095068,117.58254193361712,117.71480037243167,11276181
2022-03-25,118.81700897216797,120.05146602121853,118.33203889769355,119.91920757116766,7266868
2022-03-28,118.86109924316406,119.47832776579978,117.97934036666369,119.47832776579978,7778682
2022-03-29,118.46430206298828,119.3019702455172,118.06749983296302,119.0374399103576,5116935
2022-03-30,119.302001953125,119.87513995282063,117.67074233156768,119.03747154765958,24047012
2022-03-31,119.03744506835938,119.56650576160324,118.4202165626231,118.4202165626231,11615450
2022-04-01,126.04742431640625,126.48830373930699,120.62461279655608,121.6827207206034,32589741
2022-04-04,127.23778533935547,128.73677246481253,124.76885824500667,125.07747917726411,15437496
2022-04-05,131.47024536132812,132.79288359049815,127.63458911490635,128.20772696571797,23958626
2022-04-06,134.90911865234375,136.93716691777087,130.76485429968977,132.57246282875684,52737388
2022-04-07,135.34996032714844,139.31787447354694,134.2036713272749,134.86499035167463,37738903
2022-04-08,134.07144165039062,136.58444640917935,133.32194121354303,136.58444640917935,17585569
2022-04-11,134.99729919433594,136.31993760530105,133.89510051853168,134.4241478101735,15583159
2022-04-12,134.55641174316406,135.4381706315083,133.0133336885616,134.64457955925477,11306524
2022-04-13,135.74676513671875,137.73072244501478,134.6886572632085,134.95318759522897,19454061
2022-04-18,143.90304565429688,144.38801572627676,136.23174613563214,136.58444430366876,82098517
2022-04-19,141.65457153320312,146.68060836854414,140.6405541110969,145.40204711296587,38522118
2022-04-20,141.52232360839844,143.9030702865967,140.1996850700022,142.97722061880432,20047692
2022-04-21,143.46218872070312,144.07941733887318,141.3900631129483,142.49226187917154,21966151
2022-04-22,141.47821044921875,143.72669829754895,140.94916319080582,142.18362024834215,9922564
2022-04-25,137.642578125,141.8750103412718,137.0253360934343,139.8469755103807,12008027
2022-04-26,138.43614196777344,139.71468963261225,137.55438310173665,138.9652026692245,11735823
2022-04-27,137.24575805664062,140.72871623810724,136.84896926957683,138.25978879532826,17873048
2022-04-28,140.81690979003906,141.16962146323706,136.89308492591175,139.31792217902773,29123808
2022-04-29,137.73074340820312,141.96318900101136,137.28986393925587,141.4341282564452,28941216
2022-05-02,138.8770294189453,139.62652988017848,134.90911429268974,136.31993394163214,13368198
2022-05-04,139.8910369873047,142.7567532665337,138.70067060559913,139.31789911328784,24511385
2022-05-05,139.67059326171875,141.74273189362543,138.436136281799,140.72871462116078,33396072
2022-05-06,140.1996612548828,141.39004111906468,137.59847526213758,137.95117343063527,22604305
2022-05-09,140.1996612548828,140.90507104645084,137.51029399272682,140.15557062017743,22958742
2022-05-10,137.0694122314453,142.18361631541023,136.23174400453257,140.15556824449297,20322427
2022-05-11,134.5123291015625,138.39206305901098,132.30793174970003,135.83496751267998,13794764
2022-05-12,130.9852752685547,134.90909932264537,130.50030522713408,133.23376294817982,11818556
2022-05-13,127.10552978515625,132.263824315281,126.53239192828548,132.263824315281,22913410
2022-05-16,130.7207489013672,131.29388676935878,124.90113513674555,126.44421311703151,16286682
2022-05-17,132.70469665527344,132.9251363507141,129.0013124627847,130.0594203099856,13925542
2022-05-18,130.94122314453125,133.0574395508954,129.79493365167744,132.70474130135995,17611218
2022-05-19,130.50030517578125,130.985275217011,128.51634783358188,130.05942576640362,11701170
2022-05-20,131.9111328125,133.10149921857598,130.19169224610252,133.10149921857598,17841739
2022-05-23,132.39608764648438,136.98124448904497,130.85300963916137,136.14356280712593,26055890
2022-05-24,129.53038024902344,133.89509767621328,129.0013329686122,132.39609674528126,16581141
2022-05-25,134.60049438476562,135.04137384682457,129.97126003314673,130.85301895726462,19926619
2022-05-26,135.92312622070312,136.76080792190533,132.7928929545917,135.04136733907788,22698086
2022-05-27,132.66064453125,136.6726508437061,131.82297613634879,136.6726508437061,10245727
2022-05-30,133.05740356445312,134.46822309017895,131.20571807333167,132.30791662325115,12513990
2022-05-31,137.5543975830078,139.31791550073868,132.5724648472477,133.23378406639677,124665699
2022-06-01,138.25978088378906,141.25775538624478,137.77481085865233,137.9511599256371,16084988
2022-06-02,140.24375915527344,140.4641988856481,136.0113136411653,137.11351229303858,17646975
2022-06-03,136.67262268066406,140.59644689896865,136.40809233294829,140.1996581046812,14063328
2022-06-06,136.8489532470703,139.89101819781888,136.31990607778437,137.37801387092682,18485464
2022-06-07,138.65660095214844,139.05338980608866,135.3500047450225,136.84899233467138,14911957
2022-06-08,138.480224609375,140.8609707193511,137.64255642590197,137.64255642590197,16416591
2022-06-09,136.8048858642578,139.31790407271504,136.4080970562311,136.93715776998195,13821409
2022-06-10,136.89308166503906,138.08346167004302,135.79088293987772,135.87906421972033,7908849
2022-06-13,131.29391479492188,136.58446899949215,130.2798972875426,135.79089125063663,19208167
2022-06-14,133.49830627441406,134.42415590878375,131.2939087899979,131.2939087899979,17034328
2022-06-15,130.63258361816406,135.52634850246366,130.10353631865055,134.51233108746572,15172295
2022-06-16,126.04742431640625,132.3960853152624,125.2097561038093,132.35200813663013,18494040
2022-06-17,123.8430404663086,127.37007622728326,123.04946280191875,124.41619185021118,21387729
2022-06-20,121.02141571044922,124.68070996576624,119.03745807585169,123.8430416554065,16578770
2022-06-21,123.40216064453125,124.5484499544962,121.4622936724379,121.8590825035021,51398446
2022-06-22,121.37410736083984,123.40215552438896,120.40418064232372,123.40215552438896,8317317
2022-06-23,120.36009979248047,122.69675568867332,119.61059928373793,121.59455697262496,11257409
2022-06-24,120.44827270507812,121.59454852648706,118.99336242821002,121.59454852648706,21879039
2022-06-27,122.12360382080078,122.6085738915091,120.58052579418415,121.02140523036033,12872030
2022-06-28,122.21177673339844,122.82900521092637,120.93321569225351,122.12359547036372,14272044
2022-06-29,124.98931884765625,126.17969869470102,120.6246151661129,121.5063740292357,53487394
2022-06-30,126.00336456298828,126.92921426889332,124.46028620467176,125.47431719859651,19270932
2022-07-01,124.0193862915039,126.26787422071932,123.22580864805062,125.20976621125716,9592229
2022-07-04,124.68070983886719,125.386119688032,122.87311475951046,122.87311475951046,17526429
2022-07-05,124.19574737548828,127.19372227607607,123.62259601345878,124.68070401045604,11370649
2022-07-06,122.5204086303711,125.20977623334011,120.00740358857334,124.76889673956074,15929985
2022-07-07,123.8430404663086,125.87108871978376,123.00537216399184,123.44625163411366,18144208
2022-07-08,126.70877075195312,127.1496502698476,124.32802404623807,124.32802404623807,15375888
2022-07-11,127.67867279052734,129.6185393967067,126.62056495575416,126.97326308248819,16779135
2022-07-12,129.7067413330078,130.58850024498048,127.01737396057655,127.01737396057655,19138561
2022-07-13,131.02935791015625,131.6906769841552,130.0594178864627,130.2798575777957,13644449
2022-07-14,130.76486206054688,131.64662105831917,129.618572672528,131.38209066807258,9775869
2022-07-15,132.0434112548828,132.3961094757371,130.6325914623163,130.89712185524436,11518139
2022-07-18,132.0875244140625,133.63060293886562,131.6466448355473,133.49833099256486,8286352
2022-07-19,132.92514038085938,133.3219291537685,131.6025021681145,132.08747220370196,6798359
2022-07-20,132.74879455566406,134.2477818758428,132.39608295089894,134.1155234331634,7271345
2022-07-21,133.01333618164062,133.36603436175983,132.2638357306709,133.14559463554204,7521568
2022-07-22,131.33798217773438,133.49828873776437,130.6325723844706,133.14559056841884,6800124
2022-07-25,132.3520050048828,132.66061252086763,129.92716823630587,131.5584139896963,7996687
2022-07-26,132.26385498046875,133.1015233710967,131.51435442041605,132.26385498046875,5774871
2022-07-27,131.99929809570312,132.7487985053786,131.42616022094356,131.86703964908858,5403197
2022-07-28,132.57247924804688,133.10152660808998,131.42618978609033,132.30794884073762,6030744
2022-07-29,134.8650360107422,136.18767450732594,132.66063851643594,133.1015180152972,11771461
2022-08-01,137.99526977539062,139.05337777923936,133.14559575772512,134.82093230927117,14221965
2022-08-02,140.6846466064453,141.16961673172895,138.0393696917064,138.52433981699005,18278835
2022-08-03,140.7727813720703,141.9190704568465,138.61247508993688,141.1254929506166,10147608
2022-08-04,136.40809631347656,141.52230051845362,134.95319954044305,140.81689072215113,15754128
2022-08-05,137.20172119140625,138.56843703124693,134.90914215208932,136.14359950890545,33864055
2022-08-08,140.5523681640625,141.08142890428297,136.62854361357682,137.11351371635,16964235
2022-08-10,139.96823120117188,141.22636712016612,139.2942268775707,141.00169901229907,14055597
2022-08-11,138.08102416992188,140.9567871406696,137.36209713988904,140.3726417879503,15810624
2022-08-12,142.43955993652344,142.88889608774275,137.13739883719595,138.12593014228779,17998843
2022-08-16,142.6642608642578,143.6078697416389,141.0466476048409,142.8889289916031,8309725
2022-08-17,145.0906524658203,147.06772895189545,142.88890788558544,142.88890788558544,19674110
2022-08-18,144.5065155029297,146.16905110995768,143.69770216660507,145.09064704084327,9585888
2022-08-19,141.7655792236328,145.2703962994093,141.22637026767333,144.73120105610317,9599472
2022-08-22,140.64222717285156,142.84397175666928,140.19289098380094,141.36116781786305,11400211
2022-08-23,142.57435607910156,143.068628590685,139.87833915699323,140.59727974541903,14362373
2022-08-24,144.5065155029297,146.48359191508143,141.99023019989488,142.79902982356776,20602844
2022-08-25,142.79905700683594,145.54001091739883,142.39465711801782,145.0008156365261,12889454
2022-08-26,146.8430633544922,148.0113402065173,142.799037590857,142.88891031510988,30724938
2022-08-29,144.64132690429688,146.84307164629388,144.41665879363077,145.40520396562286,10928330
2022-08-30,147.3822784423828,148.68535072266596,145.18053373257294,145.40520183995463,24663153
2022-09-01,144.41665649414062,147.60694635733196,144.05719300785978,145.13559717935533,14554158
2022-09-02,145.4051971435547,149.53908195826668,144.91092458074874,146.48360128162508,25106698
2022-09-05,147.83160400390625,148.37081290782632,145.76465482241545,146.12413199591285,15226001
2022-09-06,151.38136291503906,151.7408401023399,148.10121414275295,148.99988654202613,27866331
2022-09-07,150.347900390625,152.9091085903916,149.7637550831093,151.4263045648769,19415892
2022-09-08,149.8985595703125,152.05536785255765,149.13468254266382,150.97696371143508,11595205
2022-09-09,149.71884155273438,152.19019088758492,149.1346962096319,150.66243669228146,16415150
2022-09-12,149.53907775878906,151.06683176685883,148.73027810611276,150.4826864953462,15469466
2022-09-13,150.43775939941406,151.83070440939352,148.8650826458428,150.0333595481692,15644741
2022-09-14,154.88621520996094,155.51528323509714,148.2809666643943,148.2809666643943,38751148
2022-09-15,157.3575439453125,158.30113900250768,155.1557855781166,156.72846229031214,29483891
2022-09-16,155.29058837890625,156.99806039794905,153.94257982303492,156.3240561200134,26126152
2022-09-19,153.67298889160156,156.45887897060422,153.26858903178592,155.91967001574778,13304030
2022-09-20,154.48178100585938,155.60512151262873,153.5831086004439,154.48178100585938,15395199
2022-09-21,151.51617431640625,154.6165913987164,151.11176076043523,153.67298262253868,7370283
2022-09-22,151.56112670898438,152.45979929833538,149.94352701827697,150.0783224216174,7447846
2022-09-23,147.3373565673828,151.4263192663645,146.16907955158027,150.213105882136,12264388
2022-09-26,142.5294647216797,147.24749537106334,140.7321197123907,145.98934563696852,21951865
2022-09-27,142.88893127441406,145.27040797725917,141.5409224888064,143.24839479884764,8367800
2022-09-28,141.94532775878906,143.29333659545878,139.29424645586965,141.81053236018408,14261815
2022-09-29,143.3831787109375,145.3153188124143,141.99023380136836,142.66423807574193,17623352
2022-09-30,143.4730224609375,145.18050800200984,141.45100985286675,143.78756324058654,12015533
2022-10-03,144.10214233398438,147.47216424345405,142.84399259352315,143.65280607938843,10528629
2022-10-04,146.07919311523438,147.3822652791354,145.00078903864912,145.53998422061582,9013773
2022-10-06,146.39373779296875,148.37082816893354,145.9444015643683,147.60695109525136,6456408
2022-10-07,147.65187072753906,148.1461432655153,145.00079002176892,146.5734666436421,8825983
2022-10-10,147.3373565673828,148.82017444951254,145.45015250738277,146.21401592000623,10484521
2022-10-11,144.731201171875,147.7417456592057,144.0571968327132,147.7417456592057,13805741
2022-10-12,148.2809295654297,148.55053399807886,144.82103572384256,145.49503994913997,12496248
2022-10-13,148.0562744140625,149.8985555332171,147.60693822464197,148.14614713700752,9447511
2022-10-14,148.37083435058594,150.52764285266701,148.14616622692526,149.40430223436354,9588164
2022-10-17,151.38136291503906,151.920571839664,147.38227348080386,148.3708186050654,13426449
2022-10-18,150.03335571289062,152.28003673198947,149.53908314615833,151.8307005281697,20635735
2022-10-19,147.42721557617188,151.0668416772898,147.2474838318587,149.62896029747802,6947654
2022-10-20,150.03335571289062,150.88709175761764,145.1355938337857,147.38227485288454,12020720
2022-10-21,148.32589721679688,151.38137819773047,147.83162460476686,150.5276420747626,7414335
2022-10-24,150.03335571289062,150.93202812053016,149.4042877700735,150.03335571289062,685185
2022-10-25,152.190185546875,152.50471267813523,148.6853547492146,150.48269965694197,8131380
2022-10-27,153.3584442138672,154.1223212620347,150.572567917189,152.6844398934793,16225577
2022-10-28,156.4139404296875,156.9980720287782,152.6844415878945,153.3584459157622,16185760
2022-10-31,155.5602264404297,156.36902626362777,151.92059981072802,152.68446326315842,24233760
2022-11-01,163.37867736816406,164.41214534745552,155.91969223073338,156.36902851958274,41101936
2022-11-02,162.61477661132812,164.18745339424746,161.76104052884543,163.46851269381082,22146420
2022-11-03,160.09848022460938,163.42357902591726,159.28968056154403,161.17689805889972,16719953
2022-11-04,159.0200958251953,161.31171343829806,158.48090055382968,160.9073135566103,14881752
2022-11-07,158.03155517578125,161.31170411989893,157.13288272943083,159.82890006848208,12799401
2022-11-09,155.82981872558594,159.73904990451376,154.7963507513502,159.73904990451376,14929008
2022-11-10,154.6615447998047,156.54874884740653,153.26859966367795,155.91968083153927,10668583
2022-11-11,154.077392578125,156.00954662047027,152.45977938603357,155.4703376522219,16963169
2022-11-14,154.077392578125,155.82980115595169,153.76286544052488,154.88620603049756,10224241
2022-11-15,154.6615447998047,156.5038124792758,154.0324630712831,154.8412765596733,13899999
2022-11-16,152.72940063476562,155.42541834663317,152.01045983573655,154.66155488919713,9781274
2022-11-17,151.24656677246094,153.49324775923947,150.5276261141613,152.72937073867377,12778124
2022-11-18,149.04481506347656,151.92056384733107,148.3708107994801,151.47122767133342,11134908
2022-11-21,147.7417449951172,149.35935814436513,147.51707688307312,148.28095394908428,12788632
2022-11-22,150.12322998046875,150.52762982552917,148.1461534058879,148.5056168875743,15198091
2022-11-23,151.0218963623047,151.2016280959656,149.40428333405217,150.84216462864381,12004998
2022-11-24,152.32498168945312,152.77431791862554,150.61750950365928,151.60604098024655,10986350
2022-11-25,152.54966735839844,153.89767620103524,151.5161993974389,152.99900363927736,12358833
2022-11-28,153.13377380371094,154.48178242421068,152.23510139004443,152.77431032330546,5471921
2022-11-29,152.90911865234375,154.21220473265933,151.92058714116948,153.67299575372502,7693168
2022-11-30,154.7513885498047,155.33553385254174,152.5496438552492,152.86418468846554,9133076
2022-12-01,154.7513885498047,156.05446082105973,153.53818900594086,155.91966544262584,9214914
2022-12-02,154.7064971923828,155.33557904182413,153.80782450764596,154.931165363567,6376672
2022-12-05,157.4024658203125,157.8518020215839,154.03244431077695,155.51526200256416,9861212
2022-12-06,157.44741821289062,158.16635895065167,156.23421857353202,157.80689543809817,7008295
2022-12-07,154.43685913085938,157.26767173706546,153.94258656286948,156.45887205319306,7718718
2022-12-08,153.08885192871094,154.97605577937966,152.77431109727306,154.43686055603982,4225180
2022-12-09,152.32498168945312,154.34699472072904,150.97697300193585,153.8527221261087,6174919
2022-12-12,151.78575134277344,152.7742963927282,150.57255192253976,152.7742963927282,7153044
2022-12-13,152.0553741455078,152.77431484022776,151.02190632429696,152.5496467301686,5166993
2022-12-14,154.21218872070312,156.09939252571561,152.2800348406837,152.72937103892275,8562333
2022-12-15,154.6615447998047,156.41395345566866,154.3020675674132,154.57167206354325,10644546
2022-12-16,152.59458923339844,155.5602111480132,151.92058487610663,154.48179320622327,9433166
2022-12-19,154.39190673828125,154.7963065382311,152.32495766751916,152.59456210503618,7706855
2022-12-20,152.54966735839844,154.0774079708558,151.47126302682,153.80780345979744,7387632
2022-12-21,150.93203735351562,153.71792747268088,149.71883775657864,152.77431864440533,8454254
2022-12-22,149.08973693847656,151.56108589365877,147.87653749716,151.42629052661863,6979001
2022-12-23,146.48358154296875,149.49413916403486,145.89945004641598,147.65185824872503,5313321
2022-12-26,148.86509704589844,150.7523148178,145.49507510511305,145.58494784192905,8321609
2022-12-27,148.460693359375,151.15671084306578,147.87656172297028,150.07830659212027,9244387
2022-12-28,149.04481506347656,150.6174916794683,148.10120635135115,148.28093807921982,9652984
2022-12-29,149.85362243652344,150.43775401043536,147.38227334086864,148.28094573928854,19571340
2022-12-30,149.58399963378906,150.79721270796344,149.17959984661456,149.85360406278903,8626291
2023-01-02,150.9769744873047,151.47124708678788,149.5390930547451,150.12323838600838,7322962
2023-01-03,150.6175079345703,152.0553756253507,149.89856723285345,150.97697142910206,9629995
2023-01-04,149.71884155273438,151.42631378993318,148.01135560288165,150.84218215948462,11995082
2023-01-05,152.6844482421875,153.08886182665577,150.21309893229972,150.97697602223562,18887530
2023-01-06,151.87564086914062,154.7064535422912,151.47124101764098,153.1787131518186,13216749
2023-01-09,153.13377380371094,153.67298273697196,152.2800377532583,152.99897842672206,6012344
2023-01-10,150.93203735351562,153.40338662570454,150.21309664089358,153.13378214438958,7557693
2023-01-11,149.2245635986328,151.69591284496994,148.7302910068347,151.38137200128386,8463293
2023-01-12,149.13470458984375,150.25804525971702,148.77524106054616,149.9884407564165,7628932
2023-01-13,150.79722595214844,151.11175305306355,148.7302767651477,149.35934467963,5090393
2023-01-16,149.13470458984375,151.56111769423907,147.96642755064462,151.56111769423907,10321015
2023-01-17,150.70736694335938,151.15670316782536,148.99989477544997,149.71883547712622,13015434
2023-01-18,152.28004455566406,152.5047126691167,150.16817251680138,150.5276360132642,5536057
2023-01-19,151.60604858398438,153.13378909726313,150.3479125642617,153.13378909726313,6812613
2023-01-20,151.60604858398438,152.68445284555443,150.66243971286528,152.68445284555443,8545359
2023-01-23,149.94349670410156,152.32497309935488,149.17961967252452,152.23510037352722,7787735
2023-01-24,149.2245635986328,150.57257227845307,148.64041827645198,150.258031434767,7033092
2023-01-25,149.08973693847656,149.71881855173527,147.74172841746807,149.17960965827118,9257370
2023-01-27,149.44923400878906,150.1232383590578,147.38228459210083,149.4042976429071,13756671
2023-01-30,151.7408447265625,154.7963254921445,150.1681679799079,150.61750419323778,30768122
2023-01-31,153.80780029296875,155.1558091078507,150.39285559872496,152.63953695686155,24990701
2023-02-01,152.77432250976562,156.18928069663235,150.25803680825047,154.79633560180665,13878016
2023-02-02,149.9884033203125,153.5381699212377,148.7302675691386,152.77429297132062,19898080
2023-02-03,152.66265869140625,153.49259199560794,149.89619558278866,151.6943937891983,11730514
2023-02-06,153.123779296875,153.86150581589231,151.2794700348132,151.69443680458448,7588936
2023-02-07,152.38601684570312,154.64529234480602,151.50997296698483,153.5387098626903,8699758
2023-02-08,152.61659240722656,152.847131066452,151.32558154394945,152.70881349930198,8839686
2023-02-09,153.07763671875,153.67703147510807,151.83272259897856,153.03152618265474,5507650
2023-02-10,152.15548706054688,152.89321344836588,151.32555366860083,152.24770813563444,9468345
2023-02-13,154.7836456298828,155.10639127727023,151.97107146028642,152.2477206373054,9829152
2023-02-14,153.123779296875,155.38305532870814,152.0171965538305,155.38305532870814,12916373
2023-02-15,152.8932342529297,153.53873965349666,151.41778127652313,153.07766235723992,11855678
2023-02-16,154.36863708496094,154.6452862122591,152.7087704630901,153.07762658551493,7923121
2023-02-17,154.9680633544922,156.44350208159432,153.49261055642936,153.9997983351985,10182025
2023-02-20,154.82974243164062,156.76627260395654,154.23034760595135,154.64531433688714,6679716
2023-02-21,159.76327514648438,160.68542969278442,155.8902288662165,155.8902288662165,26883881
2023-02-22,157.2273406982422,159.71715500947673,155.38303171644463,159.48661638675205,12225021
2023-02-23,156.3974151611328,158.28782070590916,155.84411681034462,157.64231534396396,11184381
2023-02-24,157.68841552734375,157.87284360850524,156.21296273613055,156.99679966976768,8338893
2023-02-27,158.97943115234375,159.99380673698573,157.22734321991967,157.82673802023288,17669762
2023-02-28,157.2273406982422,159.53272692548916,156.62794590754234,159.34829884150156,19044910
2023-03-01,158.8411102294922,159.57883663255862,156.7201520972865,157.64230658337934,9318790
2023-03-02,157.50399780273438,158.79500852671484,156.99680999297007,158.79500852671484,7725981
2023-03-03,159.1638641357422,161.37702919343954,158.14948860957074,158.61056583583772,12962719
2023-03-06,163.0369110107422,163.6824163172378,159.25607210404436,159.44050018147735,12402804
2023-03-08,164.9273223876953,165.20395745481795,161.7919889410286,162.0225275442706,22099710
2023-03-09,165.4806365966797,168.01656169213746,164.14351526963074,164.51237147331244,18874546
2023-03-10,166.67941284179688,166.90995144877033,163.95906009370228,164.14348816508905,12399692
2023-03-13,165.71115112304688,167.4171424764387,165.48061251155934,167.18660386495117,13669178
2023-03-14,164.05126953125,166.9099539285765,163.40576423632598,164.74288536244575,9217542
2023-03-15,164.3279266357422,165.5728408205654,163.91295993112138,165.480619743556,8548173
2023-03-16,165.6189727783203,165.98782899214,163.17525463113623,164.3279478880261,9405016
2023-03-17,163.17526245117188,167.55549703727237,162.20699725478858,167.55549703727237,47276890
2023-03-20,162.29920959472656,163.7285520388726,161.3309444505655,163.7285520388726,5627841
2023-03-21,163.31358337402344,163.7285501249667,161.65370229928806,163.0830447267258,12894327
2023-03-22,160.7776336669922,163.95906369898998,160.27044590630612,163.95906369898998,7893205
2023-03-23,161.00819396972656,162.16088718522872,160.17824641198774,160.50100614071317,5759884
2023-03-24,159.25608825683594,161.56147463597645,158.93334260633333,161.56147463597645,4977283
2023-03-27,157.9189453125,160.40875944630073,157.41175756445767,159.20995587937153,12077986
2023-03-28,158.610595703125,159.53275032930597,157.22736376385356,158.01120082449256,8750986
2023-03-29,160.4548797607422,161.7458904062949,158.33392163936782,159.20996558249007,20272070
2023-03-31,161.46925354003906,163.4518800247905,161.00817630442612,161.19260438447918,8125121
2023-04-03,163.95907592773438,164.23572509701134,161.7920071845196,161.9303388046387,9098662
2023-04-05,162.20697021484375,164.42014944777705,161.51535434285728,164.42014944777705,10829323
2023-04-06,161.5614776611328,162.85250250020238,161.23873200458698,162.6680603296481,7159274
2023-04-10,163.77464294433594,164.14349911170825,161.56146372721955,162.1608725879006,10968456
2023-04-11,164.23573303222656,165.75728243032322,162.80639064770315,164.23573303222656,9208605
2023-04-12,162.11474609375,164.42013209033072,161.65366889443385,164.14348295654915,7591360
2023-04-13,159.57882690429688,162.39140072961177,158.8872110818896,162.29917965824015,9944382
2023-04-17,156.3974151611328,160.40877895598192,156.07465544467942,158.93334013881594,17401126
2023-04-18,156.8584747314453,157.45786948470146,155.8440992264395,156.76625365973206,16199789
2023-04-19,154.09202575683594,156.72015769346973,153.8153765869373,155.61357508483647,16314641
2023-04-20,156.48960876464844,156.95068599381415,153.8153664638715,154.09201561556299,15498083
2023-04-21,156.48960876464844,156.7201473792313,155.29080515462553,156.4434982275398,6672391
2023-04-24,157.64231872558594,157.91896790691453,155.10639369350412,155.38304287483268,8088991
2023-04-25,157.7806396484375,159.02553977352355,157.08902377751383,157.9650677331583,9175412
2023-04-26,156.62794494628906,158.3339223014054,156.30518524807098,157.78063805283827,9032416
2023-04-27,157.64231872558594,158.01118899101132,155.65969205616125,156.7662747105137,9054900
2023-04-28,158.610595703125,159.0716730162155,156.3974302286759,158.51837461212173,21552892
2023-05-02,161.9303436279297,162.29919981731163,159.1177694532669,159.20997646513155,8893428
2023-05-03,162.62193298339844,164.74287683248028,161.469239991089,161.9303171880128,11194149
2023-05-04,162.62193298339844,163.63629437405513,161.19259085874288,162.71413998020756,4671155
2023-05-05,160.68540954589844,162.66803594347533,159.5327165075491,162.62193947870932,5958697
2023-05-08,163.2674560546875,163.7285333019072,160.91595927967487,161.19260844219886,6287186
2023-05-09,162.29920959472656,164.74291365626215,161.561483100558,163.4057923004981,7918748
2023-05-10,163.2674560546875,163.5441052172115,161.3309259879804,162.29919102133394,6231734
2023-05-11,165.57286071777344,165.98782747226159,163.17525313701134,163.7746620676831,12125975
2023-05-12,161.33091735839844,165.29618428657813,160.91595067228943,165.15786674819518,8920297
2023-05-15,162.2530975341797,162.9908240214537,160.31658133491806,160.45489889523589,7980565
2023-05-16,163.63632202148438,164.1435098379851,161.8381234638561,163.12913420498364,7874923
2023-05-17,162.29920959472656,164.00520123305614,161.42316553894753,163.63633095049062,6639494
2023-05-18,161.46925354003906,163.86684672265005,161.05427277121896,163.22134140698404,6921939
2023-05-19,159.8093719482422,161.69979141981918,159.48661225640203,161.37703172797902,6657753
2023-05-22,160.54710388183594,163.26745683931338,159.67104585113967,159.8093774685469,13339834
2023-05-23,160.5932159423828,161.97644782499063,159.3483156906132,161.33094242729945,8359389
2023-05-24,161.33091735839844,161.65367704257218,159.94768569072832,160.45487344973273,8507023
2023-05-25,160.91598510742188,161.8842502961864,159.90160937234225,161.33095188233148,7986243
2023-05-26,160.91598510742188,163.45191037415776,160.54712887882738,161.37706242864658,6926193
2023-05-29,162.5758514404297,163.95908327786222,161.19261960299715,161.33093715835565,9943211
2023-05-30,163.0369110107422,164.14349354630045,161.9303284751839,163.22133908817517,9727639
2023-05-31,160.3165740966797,163.22135529990342,158.56447200964038,163.22135529990342,41785992
2023-06-01,160.82373046875,161.10037961797153,158.47224787776767,160.08601816543958,11602551
2023-06-02,160.9620819091797,162.2069821276064,159.9015957183399,162.2069821276064,7262018
2023-06-05,160.54710388183594,162.4836198868886,160.03991609326468,162.11476371572456,12239684
2023-06-06,161.7458953857422,162.0686550925471,160.03991798523944,160.91596195533126,4889564
2023-06-07,163.54409790039062,164.14349266657547,161.74588545991554,162.25307322335826,6270083
2023-06-08,167.87823486328125,169.9991930947375,164.235727286955,164.83512210257982,27382635
2023-06-09,168.56982421875,169.90694526143238,166.4949768546348,169.6764066654196,10235269
2023-06-12,171.24407958984375,171.93569543154018,168.4315056860862,168.5698372970017,17450400
2023-06-13,170.92132568359375,172.12011516096024,170.59856601140453,171.520720422277,8332566
2023-06-14,172.6273193359375,173.73390192014355,170.92134195598342,170.92134195598342,15061573
2023-06-15,172.16622924804688,172.71952753437054,170.92132921025848,172.4428783912087,9840499
2023-06-16,173.5494842529297,174.01056152994116,171.56685759016503,172.35068051850746,8562558
2023-06-19,171.3824005126953,173.5494549056221,170.78299171136365,173.5494549056221,5363723
2023-06-20,172.90396118164062,173.36503841145833,170.18360833990823,171.52072949218748,6035600
2023-06-21,172.90396118164062,174.01054371901105,171.98180672200522,172.90396118164062,5906854
2023-06-22,170.1374969482422,173.318927003814,169.07702495337168,172.90396031325426,6683123
2023-06-23,172.16622924804688,172.90395560615846,169.4458764940353,170.1836028521469,15255365
2023-06-26,170.50637817382812,172.8117646503318,170.09141142224993,172.8117646503318,7231775
2023-06-27,171.5668487548828,172.39678218237916,170.41415562171503,170.5063626297918,6787438
2023-06-28,174.37940979003906,175.76264144653024,170.87522011273606,171.56683594098166,32476741
2023-06-30,174.42550659179688,176.73089269039826,173.36503461482428,173.45725568715235,9579059
2023-07-03,176.36204528808594,177.60695947144495,174.01054853671928,175.20935218162785,7352149
2023-07-04,178.944091796875,179.6357077037908,174.2872085427829,176.22373871053185,13258826
2023-07-05,178.34466552734375,179.58957966689763,177.37641460875773,178.89796382735886,6558910
2023-07-06,181.43389892578125,181.8027550995331,177.74528090441848,178.436896783424,16276609
2023-07-07,177.60696411132812,182.35605420561842,177.19198332539347,181.4338996963612,12652336
2023-07-10,176.63870239257812,178.29858335472704,175.02493197095362,177.6530639293081,10238356
2023-07-11,177.42254638671875,177.9297342508506,175.94710741129157,177.65308504578203,11236383
2023-07-12,175.94708251953125,179.5895900032221,175.4398947271528,178.6674354974289,9191559
2023-07-13,173.27281188964844,176.86922261173652,172.3967679947285,176.86922261173652,10612659
2023-07-14,172.85784912109375,173.68779657002764,170.3680349162126,173.31892634684803,12369394
2023-07-17,171.98182678222656,174.24110265766663,171.33632139938112,173.78002537406815,9058800
2023-07-18,172.76565551757812,174.42552240225845,171.79739045420703,172.44289580613398,7177677
2023-07-19,177.56085205078125,181.2955805954756,175.39378334420425,176.1315097594833,31761232
2023-07-20,177.8835906982422,179.1285048545732,176.91533976660745,177.69916261940512,8936996
2023-07-21,179.912353515625,181.06504667225775,177.1458899397064,177.79139529322845,11031250
2023-07-24,180.65003967285156,181.66441513192115,177.9296870320223,180.28118354462225,9981788
2023-07-25,185.03028869628906,185.6758080817755,180.65005496570248,181.203353275845,18028061
2023-07-26,185.90634155273438,186.4135152402043,184.4308888138396,185.8141204799434,13857423
2023-07-27,186.22911071777344,187.19737582069354,184.98421050341494,186.0446826198272,16013422
2023-07-28,193.65245056152344,194.0674172842487,183.96982803344727,186.13689679906793,39630520
2023-07-31,201.35244750976562,201.90573178589187,193.32969183180106,195.68118870048164,43494779
2023-08-01,207.62310791015625,209.00633984578946,201.81354503726718,202.45905045970343,63510580
2023-08-02,202.0440673828125,207.62309114938535,199.96921964685876,207.53088413703114,22647784
2023-08-03,202.96620178222656,206.19374238440034,200.9835612554579,202.0440473244626,29868065
2023-08-04,200.98358154296875,204.9027383840696,200.66083589274928,204.44166110864597,12879897
2023-08-07,200.98358154296875,204.1189154584265,200.7069323635222,202.59735200695147,12929354
2023-08-08,200.61471557617188,203.2428474754552,197.3410642659786,203.15064046744027,15314866
2023-08-09,201.6751708984375,202.5973253278505,199.60032343225816,201.44463229108425,12554174
2023-08-10,200.4763641357422,203.65780812335737,199.6464307908615,202.1362448964632,10970619
2023-08-11,199.16732788085938,202.44003045167162,198.84005191663778,200.94393214073136,7970536
2023-08-14,199.16732788085938,200.1023857582343,198.04526128157966,199.44784809764204,9283695
2023-08-16,203.3282928466797,203.7958216940015,198.27898700274355,199.12053322078353,9687712
2023-08-17,201.7387237548828,205.52571076236833,201.17768335827384,205.19843481970477,11865239
2023-08-18,201.17767333984375,202.58025999366888,199.44782502750232,201.78546945054418,14101163
2023-08-21,204.59063720703125,205.2919305149156,201.69195249396972,203.0945391097384,13336739
2023-08-22,207.3023223876953,207.86336280455478,204.63741607723915,205.0114335099118,16930149
2023-08-23,207.3023223876953,208.42438895356375,206.69454049263965,208.42438895356375,13507905
2023-08-24,206.50750732421875,207.95683540510146,205.38542662336286,207.58281801671538,11182959
2023-08-25,203.74908447265625,207.44257411644563,203.0945468804902,207.44257411644563,7413549
2023-08-28,204.4971466064453,205.05818701717945,203.0945598474603,203.74909748141656,4851793
2023-08-29,206.74127197265625,207.3490537963742,204.0763517071417,204.9646537063636,8799235
2023-08-30,206.0867156982422,207.5828137567818,205.47893388762523,207.5828137567818,5490930
2023-08-31,205.9932403564453,207.25555985124544,204.5438978835859,207.25555985124544,18532999
2023-09-01,215.7178192138672,216.60612121926604,202.11272615188298,203.70233573484285,29859815
2023-09-04,220.4866180419922,221.14115560670865,215.53080916425515,218.52299107999391,21895573
2023-09-05,219.3645477294922,221.51516908013835,216.65287176952975,221.51516908013835,13952922
2023-09-06,216.83990478515625,220.533394623087,213.5672023844532,220.2061186758766,14623019
2023-09-07,218.8970489501953,222.54376886735204,214.45552415137212,217.86847960543287,30334731
2023-09-08,224.64761352539062,227.78006254287357,219.7385605763446,220.6736182809248,28856420
2023-09-11,227.3125457763672,228.06058056552433,222.6839984783254,227.7800746535149,22493483
2023-09-12,219.8320770263672,229.0423870641029,218.89701930063674,228.34109376980507,21174310
2023-09-13,221.74896240234375,222.96454045533332,218.00873101951458,220.76716307863146,9151928
2023-09-14,222.4969940185547,223.66581623368458,220.62687847434688,222.4969940185547,7568464
2023-09-15,220.86062622070312,223.75931080222958,220.29960016056293,220.29960016056293,14098284
2023-09-18,225.5359344482422,226.42423648868856,220.72039257203068,221.60869461247705,11163399
2023-09-20,226.05023193359375,230.0242277380106,224.74115666986714,225.8164674745104,18936709
2023-09-21,223.4320526123047,227.1255279721276,221.70220428826073,224.46062187254117,10134737
2023-09-22,222.4969940185547,223.75932771803468,220.67363421652195,223.1047901311318,7209300
2023-09-25,224.0865936279297,224.6476340089733,221.74894915333059,223.61906473300988,8027642
2023-09-26,224.60086059570312,227.40603374452834,223.52554992912616,224.18008747694904,10681642
2023-09-27,223.75933837890625,224.88140490532123,222.40350739832775,224.32036450818876,9679279
2023-09-28,221.65542602539062,225.5359096924892,220.346336711927,224.03982596433522,32887087
2023-09-29,229.6034393310547,235.16703023452425,223.94633694301612,223.9930926853006,35038887
2023-10-03,225.5359344482422,230.67875225570475,224.92815259631823,228.48137502595316,14885044
2023-10-04,219.87884521484375,225.3489392821523,216.4658898083745,225.3489392821523,25424437
2023-10-05,218.6632537841797,221.98269727977254,216.98014703264687,221.84244432874837,22472389
2023-10-06,220.25283813476562,222.0761977469075,218.47621999208167,219.03726030405508,8825123
2023-10-09,219.45806884765625,220.95416707598062,215.5308288331174,218.66327825648716,10659145
2023-10-10,220.5801239013672,221.4684402038539,218.56975538782746,219.64506612430696,11665907
2023-10-11,223.1982879638672,224.13334573855272,220.6736348257861,220.9073992694575,14313043
2023-10-12,225.9099578857422,226.98526859004878,223.10478463849134,223.43204628996122,13170027
2023-10-13,226.33071899414062,227.9670699680964,224.03983048417217,224.92813244503566,11880728
2023-10-16,227.63980102539062,229.08914335734354,225.3489124453869,227.0787749493063,6936948
2023-10-17,229.9774627685547,231.1462850170916,227.4995653087963,228.94890775055202,10084205
2023-10-18,226.28396606445312,230.77224593087146,225.90994868718843,229.9306854302533,6987265
2023-10-19,223.94635009765625,226.09698595842715,223.01129226843847,224.60088772453864,11485237
2023-10-20,225.34893798828125,226.42424879021385,222.12299131463317,223.43206657505985,9040953
2023-10-23,221.1879119873047,225.25540460914345,219.73856963190744,225.1619073955413,7058625
2023-10-25,216.9801483154297,220.954143653559,213.52043758051036,220.67362348200368,23949207
2023-10-26,216.6061248779297,218.14897874606575,212.9594053129702,215.85809008254765,17410264
2023-10-27,221.23468017578125,222.96452853716355,216.93340860830432,216.93340860830432,10519462
2023-10-30,219.3645477294922,222.91775566595902,215.67105830588557,222.0294536818423,8812268
2023-10-31,220.4866180419922,221.79569317142514,218.38273812607213,219.27104012589083,6583581
2023-11-01,217.49444580078125,221.32817414627934,217.02691690978028,221.32817414627934,6718059
2023-11-02,219.9723358154297,220.3931089496046,218.569749189614,218.9905223237889,6057787
2023-11-03,221.24685668945312,222.0965294671398,220.25556217839969,220.25556217839969,6825146
2023-11-06,222.66299438476562,223.93750359019216,221.43567801960648,222.1909507370605,5338605
2023-11-07,225.77847290039062,226.15611646521924,222.0493309321857,223.08783272842814,7002346
2023-11-08,223.46546936035156,227.4306332870592,222.7574038589527,226.43935310960444,9777991
2023-11-09,224.64556884765625,226.2977216130497,222.8046015044865,223.93750337677335,13987058
2023-11-10,229.17718505859375,229.64922869414184,222.61578140560113,224.55116319247395,9589671
2023-11-13,231.96226501464844,236.58830179270007,229.69646107828487,231.25419948383106,18792969
2023-11-15,233.47279357910156,235.03053187124402,232.19826995416386,235.03053187124402,10965645
2023-11-16,238.2404327392578,240.03419282307848,233.80321096394468,234.88891998783933,22145147
2023-11-17,237.53236389160156,238.9484948025476,236.9659057649717,238.85408031289975,5618928
2023-11-20,237.0131378173828,241.11990924559495,236.3050722877983,236.96593056761785,6283832
2023-11-21,236.0218048095703,238.66525190456304,233.4727721987525,238.47643734184092,6851869
2023-11-22,239.46774291992188,239.79817924412416,235.40817896903263,236.77710270170198,5275418
2023-11-23,238.61805725097656,241.4031118135319,237.62676273735423,239.79816633728208,8200025
2023-11-24,239.70375061035156,242.48881956415394,238.8540778348505,239.137306895227,7149443
2023-11-28,243.14967346191406,243.85773893945168,239.46773874097008,240.60065502953347,6151585
2023-11-29,243.95216369628906,245.0378583786089,241.78077433164938,245.0378583786089,8637363
2023-11-30,246.69000244140625,247.02043876197428,241.68635122569017,243.5273330036704,21687673
2023-12-01,253.91226196289062,260.04882871451554,247.11482265197344,247.68128072975898,29121320
2023-12-04,259.4351501464844,263.40032789739877,257.97182651600076,260.5680663071041,20464526
2023-12-05,269.48974609375,270.5282191317144,257.54701804456386,259.8128507378741,18883076
2023-12-06,265.3829650878906,272.1331840114384,263.3531830075595,271.8971621692776,13415314
2023-12-07,267.93194580078125,272.13314552153986,265.5717277129969,266.090992979063,25133786
2023-12-08,269.1120910644531,275.5790952576272,265.28854877213445,270.4338364205108,20815064
2023-12-11,271.2362976074219,272.3692140082169,268.49844991863824,270.05618836128576,8071675
2023-12-12,267.5543212890625,272.46358652092863,265.1469103224541,271.37789194405144,8640883
2023-12-13,277.6088562011719,278.41133616021585,268.592834102889,268.82885592547507,23629670
2023-12-14,278.8833923339844,281.810068827781,277.1840466595265,281.1020033282137,24900443
2023-12-15,288.041015625,289.8347755747752,278.50572897250385,281.33799062307173,28843558
2023-12-18,286.24725341796875,289.40992252049205,284.8783154398205,288.89068607981795,13307504
2023-12-19,292.3366394042969,295.02729408863706,285.5864206778007,287.9466390305098,15650536
2023-12-20,281.007568359375,295.8297499282572,278.647350199442,295.02726999162854,23497233
2023-12-21,285.0671691894531,286.2000566524847,276.80640538892885,279.2610092977928,17868637
2023-12-22,285.86962890625,291.67578897193164,282.8485667696947,287.00254521449483,15207726
2023-12-26,292.2894287109375,293.32793048495756,287.5689922938076,289.31555953039714,9917180
2023-12-27,288.9378967285156,294.7912493122202,286.57767855948265,294.17759835052306,12630732
2023-12-28,296.3489685058594,297.85951379926354,290.5428379452405,291.81736143690193,37591916
2023-12-29,293.7527160644531,296.7738065214485,290.92045456524016,296.7738065214485,12682889
2024-01-01,292.4310302734375,295.7825285389935,290.59004858256446,294.55522661924937,8024960
2024-01-02,288.8907165527344,293.4223241114112,285.16156015769747,293.4223241114112,13506040
2024-01-03,289.0795593261719,290.7789050389084,286.34168295049915,290.0236466801943,14259987
2024-01-04,299.3700866699219,303.760086824481,291.34534467145073,293.51673392300455,40057506
2024-01-05,297.34027099609375,307.441986607725,295.21607482587285,304.84574684412166,27456415
2024-01-08,298.7564392089844,300.5501993263362,295.1216973222731,298.7564392089844,10136462
2024-01-09,301.8719177246094,303.47687767798476,298.3787831490316,300.07815759576874,12229517
2024-01-10,295.82977294921875,301.87192614658585,290.7788999316605,301.77751165059,14455000
2024-01-11,295.4049072265625,299.55888553957715,294.8856707416573,297.34030345747516,10316319
2024-01-12,295.1689147949219,297.67074059984236,292.383874299354,297.5763549104669,12341629
2024-01-15,299.558837890625,300.21971041289044,292.28938420197034,297.29303451768396,9706124
2024-01-16,294.0832214355469,299.5117239179045,292.808697699176,299.5117239179045,10162832
2024-01-17,292.00616455078125,296.5378004769181,289.9291899611503,292.4310153227256,13502940
2024-01-18,282.5653076171875,293.89435482634315,279.969067631756,291.6757727968891,32481018
2024-01-19,291.2037353515625,292.147822639055,284.83114616098817,286.81370641571635,28651237
2024-01-23,285.6808776855469,297.6707714147367,283.5094591911762,295.9242326228417,21652362
2024-01-24,291.58135986328125,293.3279270795942,281.57402901289345,286.0112507179851,23922028
2024-01-25,297.1514892578125,299.46451475747625,291.9118160630759,292.6670744080123,32525422
2024-01-29,306.4035339355469,307.5364502653257,298.4732060608724,300.030944405874,24694773
2024-01-30,297.8123779296875,305.8371207239308,296.9154833870031,303.85453144780683,20918448
2024-01-31,299.74774169921875,302.1079601377953,295.12171932186084,300.7390219189168,20931224
2024-02-01,303.99609375,308.66933715047304,299.3700719986643,302.15511209253935,24020951
2024-02-02,313.9090270996094,315.0419433835698,305.0346122461126,305.88428505345394,32346639
2024-02-05,317.3077392578125,321.98095398772887,314.42825577896815,319.1014993201417,19651482
2024-02-06,318.5946960449219,320.3106342341467,313.6374960209353,320.3106342341467,12024661
2024-02-07,315.2581481933594,322.1219305055961,314.25715993834564,322.1219305055961,8080437
2024-02-08,315.44873046875,319.59561450681554,312.684150807563,318.3563292046673,17754869
2024-02-09,309.72894287109375,319.35733398282207,304.6764354928729,317.40306939697183,18304439
2024-02-12,301.38751220703125,311.4449021603439,299.814564033004,310.9205667072858,11714289
2024-02-13,306.535400390625,308.8233570774267,301.1492296333164,303.67548362470063,15426888
2024-02-14,312.6842041015625,313.9711723454955,303.48481184208947,305.915729230849,14085723
2024-02-15,323.40887451171875,324.9818226886184,314.73378908213067,315.54410453464675,21973316
2024-02-16,321.9789123535156,326.9361122784451,321.0732605485046,325.9351241109213,20307449
2024-02-19,322.9322204589844,325.9351268011953,321.74058864917265,324.5051686294212,8496898
2024-02-20,329.5577087402344,330.3203414702357,322.0265723417457,324.69584508189797,19340526
2024-02-21,320.4059753417969,331.7979582903083,319.07135349791184,330.79699918053814,17751633
2024-02-22,323.6948547363281,324.36218019006014,315.162788392604,323.17054837451985,16083122
2024-02-23,321.9789123535156,324.12384959347247,319.214332396086,324.12384959347247,9665454
2024-02-26,321.8359375,322.69390661783973,318.9283383156978,322.2172538754205,7711995
2024-02-27,320.4059753417969,322.21724992225325,318.49936439551135,320.4059753417969,8882923
2024-02-28,317.7367248535156,320.7873142186282,316.3067665434771,320.0246814236382,12977628
2024-02-29,319.9293212890625,320.31063765823603,315.1627939429578,317.7367012543099,13149469
2024-03-01,327.4604187011719,328.2707341438379,319.3573224596582,319.92931154227966,13027254
2024-03-04,337.3271484375,341.5693403493554,329.60536826484133,331.7503055854369,38075510
2024-03-05,341.5216979980469,343.14232899752415,337.0411504766042,338.32811873000367,15918221
2024-03-06,335.5158996582031,342.6656912767819,328.8904144546228,342.6656912767819,13120921
2024-03-07,335.75421142578125,337.37481333321415,333.3709476566958,335.5635386872243,9172926
2024-03-11,331.7026672363281,336.65983848351686,330.5110353366324,335.8018693342511,10664917
2024-03-12,328.65203857421875,333.13258561748063,326.5547550449106,331.75028114235863,9637912
2024-03-13,307.4410400390625,328.41376215025434,304.5811233875363,327.794119360939,23722232
2024-03-14,306.82135009765625,311.68321347659827,301.72116036771286,306.0586883189086,20859127
2024-03-15,301.53045654296875,310.8251832731457,291.4730972052921,307.58395105241834,43285007
2024-03-18,302.3408203125,307.8223266982901,300.24356575956807,302.29316667660964,13690352
2024-03-19,298.8136291503906,303.05582129106284,295.62004981562166,299.6239155744839,13388060
2024-03-20,299.0042724609375,302.6268509158834,293.9040820774771,301.24454626592393,10026655
2024-03-21,309.8243103027344,311.11127864096886,302.1978657414363,302.4361921339769,23370426
2024-03-22,309.5859375,311.96920106812934,306.1540321433792,309.34761114318707,14709219
2024-03-26,313.73284912109375,314.87679827740845,305.1530995321445,305.1530995321445,11208959
2024-03-27,316.1161193847656,318.4993832083954,311.06358262312494,316.49743577803116,45209520
2024-03-28,320.1199645996094,324.1238592032676,314.8767845242624,316.4020790919691,19868037
2024-04-01,326.3641357421875,328.31840033224563,320.45363015006274,323.17055657696807,8580656
2024-04-02,328.69970703125,329.4623688456532,324.8388316015551,326.9837688608464,9745257
2024-04-03,334.84857177734375,337.56549839177484,326.03049550989766,328.27076935311544,21679943
2024-04-04,338.0898132324219,345.7639404958352,336.1832021000326,338.42347599910545,28962927
2024-04-05,337.99444580078125,341.47403407173266,335.1345293649797,339.75806675470704,11208130
2024-04-08,346.5265197753906,348.9097833226767,336.75513923151783,338.99541278448123,11447140
2024-04-09,345.9545593261719,349.7677813172955,343.5236419438606,347.95650669002674,10010148
2024-04-10,345.5732116699219,351.1500541457303,344.47691626520765,347.09850614684154,12886638
2024-04-12,344.8582458496094,357.01289031286444,344.14326676353556,345.5732249356832,30924494
2024-04-15,344.2862548828125,348.9097920993652,336.3261486161293,338.9000849489736,18126999
2024-04-16,342.4749755859375,345.04891188290276,338.0421111567844,344.14326008774793,15328939
2024-04-18,334.75323486328125,344.38162664473583,332.8943065141011,342.7609955882007,22966560
2024-04-19,334.18121337890625,335.9448342773795,326.9837688788074,327.0791052421847,12867942
2024-04-22,326.8884582519531,338.42346090701733,325.93515272827136,338.42346090701733,37382916
2024-04-23,330.9400329589844,332.36999135785015,327.9371261398819,329.8437373383696,14651106
2024-04-24,335.2298583984375,336.65981658505893,331.0829738387206,333.4662374830896,11132307
2024-04-25,342.4273681640625,343.7619901271113,332.79897620712,334.61025094929886,19865014
2024-04-26,339.37677001953125,344.52461408333477,338.42346448576853,343.8573176652465,10986589
2024-04-29,346.0499267578125,346.66956956847764,340.28243961554665,342.9040299697725,13652173
2024-04-30,346.24053955078125,348.3854767418769,342.5226251454907,347.9088240327445,14566548
2024-05-02,351.8173828125,355.20163478991424,346.2405689167192,346.2405689167192,27892188
2024-05-03,347.90887451171875,362.63742790536827,343.5236631329251,354.9156470785367,26844664
2024-05-06,340.13934326171875,351.62669038802903,337.8514161997481,350.6257022972743,15319437
2024-05-07,332.8466491699219,341.71240883194895,330.6540578956733,341.52173607219754,10028071
2024-05-08,338.8524475097656,341.76001761253553,329.0810662530613,329.0810662530613,9595776
2024-05-09,329.8913879394531,341.2834013824053,328.74743868645544,339.8534429967249,9043486
2024-05-10,338.9001159667969,339.71043148593594,331.3213253651082,331.41666173663793,11699095
2024-05-13,334.5148620605469,339.37672546294056,330.3203240812048,338.90007275863866,10691781
2024-05-14,339.1860656738281,340.5683702060254,333.9428857266395,334.18121208787534,10891985
2024-05-15,344.4769592285156,346.5265603003602,339.99641159860573,340.80672711796086,8538183
2024-05-16,344.572265625,346.8601928804129,336.56447659219464,346.8601928804129,13114162
2024-05-17,348.385498046875,349.3864571602361,343.5236342978903,345.52558161718684,8509179
2024-05-21,354.6296691894531,356.63161668887676,348.2901930184259,349.86314137776696,10939593
2024-05-22,356.39324951171875,359.7298185980534,353.2950067886937,357.48954496442826,14001806
2024-05-23,354.9156188964844,358.06154443894985,352.246375187036,357.5372089689184,15370357
2024-05-24,357.4418640136719,360.492423775372,351.48370538624414,355.58290688488586,13317821
2024-05-27,352.38934326171875,362.7327129041763,350.8163951346567,362.20840655934654,21891930
2024-05-28,348.3377990722656,355.82125253279617,347.0985136475597,355.2016098204432,10200096
2024-05-29,347.5751647949219,349.2434492935744,343.18995400852066,344.61991215022283,18146672
2024-05-30,342.9039611816406,347.7657954073817,340.47301497619833,347.00316273071655,14425073
2024-05-31,342.2366638183594,349.5294448472274,338.90009467249797,346.47888479798434,30515612
2024-06-03,373.50506591796875,374.83971683004967,356.01193407938297,367.02260045603447,39261174
2024-06-04,315.7824401855469,373.600411717231,299.29026702194284,373.600411717231,84042244
2024-06-05,325.0771789550781,326.26881084274333,300.57721570765057,324.1238734449459,46418629
2024-06-06,333.4186096191406,342.95166493348347,328.8904083448278,331.5596521958134,33171039
2024-06-07,343.7619323730469,345.0965541118712,331.464298556083,335.5635001308803,23930193
2024-06-10,347.8611755371094,352.8183758369218,344.9059226311664,347.9565119068318,16072588
2024-06-11,350.24444580078125,354.5820034165549,347.8611819764801,351.53141408441905,11235777
2024-06-12,353.9623107910156,356.53624720734973,348.3378143140135,352.29402621183687,12134524
2024-06-13,352.6753845214844,358.8241875960236,350.7687735044039,358.8241875960236,11243702
2024-06-14,351.24542236328125,353.53334973988905,349.0051486245418,352.7230342481014,10298434
2024-06-18,352.38934326171875,354.86794317629335,351.4837205667789,354.4389440995616,10228382
2024-06-19,345.5732116699219,353.5809713080346,344.66755989196486,352.53232953686654,8337334
2024-06-20,340.94970703125,347.8611719219554,340.3777179114352,345.57324453527144,14338604
2024-06-21,342.9992980957031,346.0022336145044,340.09172803544317,343.14231719094073,17931844
2024-06-24,345.81158447265625,347.6228591792907,338.947772950848,340.9020667624763,9335598
2024-06-25,344.00030517578125,347.67053727259895,341.0450522240874,347.24153814849427,14983828
2024-06-26,348.0041809082031,349.76780200191007,342.8563367342674,346.04991615921074,15918394
2024-06-27,359.5391540527344,363.30472231575226,347.09852924187913,348.0041519875216,55378829
2024-06-28,360.6831359863281,371.3124863231485,359.11018775495035,360.30181961092967,25141039
2024-07-01,352.4847106933594,364.1627031368851,350.6257533204211,363.92437676048667,23389211
2024-07-02,353.1043395996094,355.20162326666025,348.0994858916041,355.20162326666025,13702830
2024-07-03,355.249267578125,356.7745621057088,351.43604580545207,353.247320328957,9207317
2024-07-04,355.5352783203125,363.0663855378561,354.39130014616035,356.4409010399906,14916930
2024-07-05,362.0653991699219,363.4477037128757,353.67632282616887,356.8699019100951,15946104
2024-07-08,359.8251647949219,363.44771397919294,358.5858502163006,363.06639760599194,8898299
2024-07-09,359.44378662109375,362.49437551425825,357.5371758360089,361.4934164891174,8355819
2024-07-10,363.5906982421875,365.87862553784595,352.7230217683793,361.11209821665165,17715196
2024-07-11,359.49151611328125,365.40199286040774,357.1082523218813,364.54402371401886,19873143
2024-07-12,359.5391540527344,361.6840913713352,354.62963667534063,361.2551213631596,16151583
2024-07-15,367.64227294921875,370.7881986633759,359.3008495362337,360.92148057921554,22951140
2024-07-16,362.68505859375,370.59748194092595,362.25605951781824,368.59553474086556,11893034
2024-07-18,360.11114501953125,365.0206624223283,356.7269222030353,365.0206624223283,15709153
2024-07-19,347.6228332519531,360.34946707428185,345.9545486821648,360.1111407071692,13330099
2024-07-22,356.0596008300781,359.6344964207415,345.4302504256871,347.71817778519676,18715538
2024-07-23,364.5916748046875,367.6422347373944,344.6675679636162,359.1101685601744,49882257
2024-07-24,374.26776123046875,376.5556887104473,363.8767366516577,366.1646641316363,36868466
2024-07-25,373.8387451171875,377.79495711426136,368.2142484990822,372.6947959754538,25973101
2024-07-26,377.794921875,380.84551082022597,371.50312945090144,376.5079828471622,20381410
2024-07-29,375.5070495605469,389.23464363403076,374.3154176254775,385.13544141442276,27751449
2024-07-30,387.9476623535156,393.4291686604816,378.4622615418234,378.4622615418234,34447139
2024-07-31,396.5750732421875,397.909695074007,389.4729358944505,390.3785877227783,29727771
2024-08-01,403.6772155761719,404.53518468632683,396.1937617687037,400.29296367976303,28803487
2024-08-02,400.1022644042969,406.39405639891817,394.04876965304,396.8133493313691,24233263
2024-08-05,393.9534912109375,396.2414185537202,385.75505823110603,388.6149746827281,42489503
2024-08-06,395.62176513671875,405.1071660824479,393.9534805849374,393.9534805849374,18230579
2024-08-07,399.9935607910156,404.50947401123557,398.74449338399705,404.50947401123557,15556736
2024-08-08,391.7304382324219,400.66614631340633,389.9048376091993,400.04161262124416,16447385
2024-08-09,394.5648498535156,400.04159280751026,392.21083385008035,397.59145861347866,10954753
2024-08-12,385.14874267578125,393.94033202606795,384.42812011719695,393.94033202606795,26254763
2024-08-13,380.6808776855469,388.6557553747369,379.52786989622024,387.21451029918165,11355664
2024-08-14,380.8250427246094,384.33206697128037,378.23078954366935,383.27514792266743,9424614
2024-08-16,382.4583740234375,385.24480451218176,377.89443147269384,382.4583740234375,13844122
2024-08-19,387.31060791015625,391.53825436276065,385.72524415570547,386.5419262591875,10677045
2024-08-20,390.3372497558594,392.2108802835712,387.31064063757884,388.7038267664588,10126083
2024-08-21,392.9314880371094,393.65211062478795,389.32837509871626,391.5382726387141,9726854
2024-08-22,387.55084228515625,393.9883866207234,386.49392326820976,393.74817908606326,10445288
2024-08-23,386.2056579589844,390.00091913816664,383.8996423356456,387.55081419112753,11513586
2024-08-26,398.600341796875,399.65726068897834,386.2056403369135,386.6860553494873,13772637
2024-08-27,393.6040344238281,399.89748900943385,393.07558961137426,399.22489622794086,8441188
2024-08-28,393.0274963378906,398.167942657428,391.3941029454816,393.98832632949745,15884745
2024-08-29,393.84423828125,396.43849118894053,387.9351392384066,393.0275268605173,19014705
2024-08-30,399.8974914550781,402.779981698179,395.38157834533723,396.53458617146043,22633988
2024-09-02,393.9403076171875,402.68386665069295,391.730410303339,401.43477003321783,11107165
2024-09-03,390.4813537597656,395.4296229988296,389.7127013949004,394.420763104668,7538160
2024-09-04,389.23223876953125,392.25884740435237,384.2359110418677,384.3319999062852,11052003
2024-09-05,387.4547424316406,392.40301164103147,386.1095861400889,389.47249153007215,14246871
2024-09-06,379.335693359375,388.79987524995437,377.3179737049684,387.4547190396146,17956121
2024-09-09,374.5796203613281,377.366021786975,370.2078258128648,375.87674686081084,12293356
2024-09-10,380.77691650390625,383.75549536234575,374.4834917454685,374.8197881092318,15852309
2024-09-11,374.387451171875,383.659455984709,372.3216722740221,383.37121867699307,11492592
2024-09-12,388.9920654296875,390.3372216830461,375.3482665059757,375.68456289986716,24028069
2024-09-13,385.6772155761719,391.3461075854212,383.70752550148484,388.9920913159427,12017217
2024-09-16,394.99725341796875,395.8619946291736,386.25369378865963,386.6860790553656,11479712
2024-09-17,399.9935607910156,401.2906872965858,394.03643173619383,395.7178844191384,14432501
2024-09-18,397.9277648925781,403.3084191120582,396.8228161841097,402.10738153280846,10303840
2024-09-19,407.3439025878906,414.9344539537507,404.0770570310093,407.391932360466,59601773
2024-09-20,407.3439025878906,413.0127938954466,400.2337369144011,411.28328224964963,36084164
2024-09-23,411.57159423828125,413.6373731643233,408.3528074212251,410.75488275899704,14139629
2024-09-24,411.33135986328125,414.550146470297,410.2744409191886,414.550146470297,12539885
2024-09-25,419.0179748535156,419.8827160014345,408.97728948112103,411.3313347436495,19443168
2024-09-26,417.5767517089844,420.795538288058,413.6853723561796,420.795538288058,20041825
2024-09-27,419.7866516113281,425.16730586639505,416.51983523860395,418.92191041299037,53885913
2024-09-30,425.8398742675781,430.88423184503336,416.6159002615047,419.78662758130884,20903229
2024-10-01,422.861328125,430.21167244300176,421.61223141570485,428.5302197868873,15984996
2024-10-03,418.29736328125,425.1672921946432,415.0785767866347,415.0785767866347,13563784
2024-10-04,413.5893249511719,422.1407069080299,409.60185661044045,415.94334108393554,18347292
2024-10-07,399.1768493652344,416.039404733519,393.0275136896996,413.7334185162963,23431004
2024-10-08,404.4613952636719,410.94699768405394,395.1893624197327,397.7836151167672,18706355
2024-10-09,402.059326171875,408.11254345719044,400.6661109397255,407.82430618539627,13916492
2024-10-10,406.14288330078125,413.0608422281992,404.02904541278286,404.22122315613063,15866037
2024-10-11,405.95068359375,409.93812231372095,403.16428239920435,407.34389885212545,8639087
2024-10-14,407.8723449707031,409.3135900059353,403.5486098650066,407.96843383749297,8483177
2024-10-15,409.8901062011719,410.46661009702905,406.9595569481505,409.9381359749074,9365964
2024-10-16,407.6321716308594,412.58044080212534,404.7496813187967,408.6410315111982,6219440
2024-10-17,401.3867492675781,408.92927094710126,400.28180058586076,407.0556406399501,11968387
2024-10-18,408.3047790527344,409.26560919115974,398.21606259926824,401.3387605491506,8828971
2024-10-21,408.352783203125,411.9558959960937,402.6838916066289,409.36164305627346,9139781
2024-10-22,399.465087890625,409.60183305229253,397.2551905343637,406.2869870179006,14242323
2024-10-23,392.30694580078125,398.50431211224253,385.96549015079546,397.7836894863614,22522821
2024-10-24,395.7658996582031,398.9846862546203,390.86566044060453,393.21970583914117,9400171
2024-10-25,383.27508544921875,391.5382294066592,376.26103809915935,386.73407935258973,19642277
2024-10-28,388.0792541503906,390.5774181629838,382.2181849383622,383.27510386548306,11716022
2024-10-29,396.006103515625,398.07188228097175,388.60772964412655,392.9794946899117,20284308
2024-10-30,392.4991149902344,398.55233318653677,389.9048618648425,397.92779945552286,12264297
2024-10-31,394.5776062011719,396.99447262345365,390.0822405562805,395.39934668530043,12204072
2024-11-01,397.6711730957031,401.63483959064007,396.70442660926784,398.29955241133376,2145479
2024-11-04,387.6170349121094,400.52307754891115,380.6081225351178,400.08805930992804,13866505
2024-11-05,389.6955261230469,390.66227263811135,383.94337255730824,386.6986060257945,6665326
2024-11-06,395.30267333984375,397.1394859537363,389.74388046717985,393.1758485510919,9700643
2024-11-07,390.37225341796875,397.23615996997137,388.63212139194627,397.23615996997137,7589295
2024-11-08,384.4267578125,390.758965385453,382.396584166952,389.7438638112974,7536509
2024-11-11,379.496337890625,387.5686773026435,378.77127799438557,384.91012434976545,12243693
2024-11-12,367.6536865234375,381.67151094022915,366.4452533840589,380.07638509680186,10549517
2024-11-13,368.6687927246094,374.71095849791567,366.7352996771514,371.2306651119387,20602407
2024-11-14,360.113037109375,372.3907282964895,359.00128464032736,367.4119606912936,15086601
2024-11-18,354.50592041015625,367.3636358643032,350.5905797473155,367.3636358643032,16383636
2024-11-19,354.50592041015625,365.9135162490494,352.91076523116976,355.7626789422726,17055094
2024-11-21,344.3067932128906,352.2341270769762,343.00167941172515,351.6057476920491,21276150
2024-11-22,353.2975158691406,354.8926416739167,343.87173761038196,345.17682176707785,15949254
2024-11-25,356.1494140625,364.6568011878135,355.27934809017864,361.5632005053791,18388844
2024-11-26,349.6238708496094,358.0829028461915,348.2704316307087,357.6962101411859,11222231
2024-11-27,357.01947021484375,359.2430048637975,349.33385325084475,351.7023644713081,14225274
2024-11-28,350.01055908203125,359.48469249879605,347.6420478549115,357.406193421034,16837860
2024-11-29,351.557373046875,353.24917949031783,348.2221151886026,351.1706803317835,14280017
2024-12-02,346.2886047363281,351.79904203112784,345.1284971464958,351.55735540847627,12510350
2024-12-03,355.23101806640625,357.6962098738917,346.288612819559,347.0619982289922,14205760
2024-12-04,360.3547668457031,362.6749526029096,355.76272085638834,356.6811418553563,22035954
2024-12-05,356.8744812011719,361.51488231902454,352.2824351122292,360.35477466387056,18758283
2024-12-06,357.21282958984375,358.85631043100994,355.811035372216,357.16450406624074,9736086
2024-12-09,357.5512390136719,360.886497110959,355.5210652354994,358.56631115137554,10878679
2024-12-10,356.8744812011719,358.85632932016296,354.21592820231035,356.72947511996847,7913822
2024-12-11,353.34588623046875,358.4213059369256,352.5725007429719,356.9711860207951,9998662
2024-12-12,343.77508544921875,354.7959904228358,341.26153847210094,353.8292438549262,22538216
2024-12-13,345.2735290527344,346.38528169956027,336.47612942944636,343.920089765174,14269143
2024-12-16,341.16485595703125,346.96533533120385,340.004777783855,345.27352884707017,12168143
2024-12-17,337.44287109375,342.083272230146,335.7027391068286,340.2947852141214,15646176
2024-12-18,330.3856201171875,339.32802534347564,328.69381372302485,337.9262311014932,14672392
2024-12-19,326.1802978515625,329.27389878131925,323.9084374346566,325.79360511103414,14513129
2024-12-20,322.16827392578125,332.46411833973616,319.99309428187127,326.56695873791665,20375797
2024-12-23,322.55499267578125,327.00203287410466,319.5097468289478,324.7301724953429,8884187
2024-12-24,324.15008544921875,325.64856020646164,320.71814721978757,323.95675385338063,7755462
2024-12-26,323.5216979980469,326.1802507717542,321.2015123869999,324.15007729855284,9030212
2024-12-27,323.8600769042969,328.69380939540576,323.08669150682414,325.45520272581047,9090597
2024-12-30,320.3797912597656,325.6002165742575,316.5128051745475,323.8600846370144,36657549
2024-12-31,322.2649841308594,323.4734173775607,315.3527518602808,319.12305768943594,8580998
2025-01-01,322.55499267578125,323.5217392622531,317.86626583083984,321.9266132951274,7843971
2025-01-02,326.76031494140625,327.3403687383043,319.0263429901304,322.5549617923477,16543382
2025-01-03,328.548828125,333.04419378055627,325.84192002396406,326.80866659517034,8689629
2025-01-06,316.6094665527344,330.3372781249801,315.5943945679444,330.3372781249801,10538077
2025-01-07,317.6728820800781,319.3646883287518,314.28926958273075,316.1260818950245,13891401
2025-01-08,314.5793151855469,319.50972839261175,311.14737680270713,319.50972839261175,8993608
2025-01-09,309.6972351074219,315.11102119701246,309.1655068514849,313.2741793163801,12403467
2025-01-10,297.9996337890625,310.3256527049118,297.37125441155246,309.6972733274018,15941143
2025-01-13,288.2838439941406,299.6431163894061,286.97873020136575,291.08740319539794,29630336
2025-01-14,300.0780944824219,302.30162903614274,290.2172983184006,290.4589849327554,22732888
2025-01-15,310.6639709472656,313.51585521196364,302.15658466801193,302.15658466801193,21894626
2025-01-16,314.6759948730469,316.41612682239185,310.95401483958733,313.90260945172975,14865186
2025-01-17,315.30438232421875,318.0596159005053,312.59750377723475,314.48264185371033,7129232
2025-01-20,324.87518310546875,325.7936041765085,313.75759720627036,315.3527526983673,17991880
2025-01-21,313.5158996582031,327.00202605954723,313.03252637504045,326.56697830359525,12774630
2025-01-22,311.6790771484375,316.12611711234416,306.7970189452083,316.12611711234416,11068145
2025-01-23,312.88751220703125,314.28930649309245,308.923845486948,310.3256397730092,6477347
2025-01-24,312.88751220703125,318.9296780904621,311.3890668690456,313.99926482902987,7492600
2025-01-27,311.4857482910156,314.24095233932104,304.52516137281737,312.88751307821667,13803855
2025-01-28,307.6670837402344,313.0808702187769,297.90293786866414,311.77575650031605,22008929
2025-01-29,310.56732177734375,312.16244764623127,302.8816750871184,309.35888861867704,16056888
2025-01-30,312.2591247558594,315.9327497165881,310.4706378002037,311.5340648686554,10375720
2025-01-31,315.6691589355469,317.8613058725993,309.384992489505,314.159025160958,13195557
2025-02-01,309.5311584472656,322.2943012327426,308.60557340577117,317.66643549106175,10097627
2025-02-03,303.2469787597656,305.97497181609333,296.1833945155622,302.1265541020915,15881217
2025-02-04,310.8951416015625,312.2104356494708,302.3213939161228,306.75441980108087,12141064
2025-02-05,311.3822937011719,314.7435677661699,310.21313679767115,312.7462902666593,12226722
2025-02-06,304.7571105957031,314.4025803942938,303.3931140758996,314.3051457001162,13384442
2025-02-07,308.8004455566406,311.0412949899565,304.07514507380057,305.4391416737709,8937447
2025-02-10,302.5162658691406,308.7029973818034,301.0548346330578,308.36199081347183,6806132
2025-02-11,297.74224853515625,304.31868877557804,296.3295198496121,304.31868877557804,13241830
2025-02-12,298.3755187988281,299.5933780592315,292.2862224968112,298.32681632156886,7616083
2025-02-13,298.8139953613281,300.6651357094654,295.3065543300232,298.2781193836465,9086906
2025-02-14,292.6272277832031,300.32409232941427,290.678652974902,298.96009591018185,7446248
2025-02-17,294.5758056640625,295.40395591280685,285.2713430176396,289.8505057580668,6464173
2025-02-18,303.1982727050781,304.36739982991213,289.8505224664086,293.40666578706475,15793327
2025-02-19,306.7056884765625,308.2158519185008,302.61369887807547,303.19827731582916,13079903
2025-02-20,316.7895812988281,318.7381563395503,303.4905625924784,304.5135525956993,22888146
2025-02-21,317.8612976074219,321.27130386527926,313.28213445371256,314.98713758264125,10809296
2025-02-24,311.86944580078125,317.0331578414788,311.2361648498121,313.81802087016086,6034113
2025-02-25,310.5054016113281,313.23339439721417,307.6312419313231,311.86939800427115,10686112
2025-02-27,307.58258056640625,311.08999183623087,306.4134236545345,307.24157398936904,7302366
2025-02-28,303.44183349609375,307.5338228829829,298.66780127871704,305.92625456195884,21127180
2025-03-03,306.31597900390625,309.62855050272066,299.7882707012502,303.2956818571158,9779703
2025-03-04,305.6827087402344,306.80313343923706,300.0805555123257,303.29569242822816,8734999
2025-03-05,317.8125915527344,318.8842840068403,305.4391285201632,305.48783100157,10493615
2025-03-06,329.21173095703125,330.08858373555825,314.889722953373,320.54057839978606,26294903
2025-03-07,321.076416015625,330.0398724142012,320.2482954726346,327.2144447666804,8992315
2025-03-10,320.9302673339844,326.3375803064068,317.90997041239154,320.9789995442844,11383132
2025-03-11,321.80712890625,324.6812887417573,315.3768556012048,318.59199225372737,10299324
2025-03-12,321.6610107421875,326.1914416503799,318.0074326335009,322.48916106006874,6984859
2025-03-13,323.3659973144531,325.9478530992446,320.0047234661789,323.46343200561176,8965150
2025-03-17,323.1224365234375,325.8991617856791,322.00201186895947,324.38902808610794,4353561
2025-03-18,323.1224365234375,323.1224365234375,323.1224365234375,323.1224365234375,0
2025-03-19,332.5243225097656,335.057476037498,327.7016170699998,330.28347308113456,30582397
2025-03-20,332.9627685546875,335.83692870603574,331.5500397210629,335.83692870603574,15002119
2025-03-21,342.2671813964844,344.75163232158565,332.96274781308057,333.20631968419474,36406837
2025-03-24,357.5148010253906,358.53779098150085,344.5567597615945,347.82062875107556,24588471
2025-03-25,357.5148010253906,361.89909466511006,354.78677825427314,359.51207845699406,23189083
2025-03-26,345.5310363769531,359.51206715743194,344.21574237979854,357.5147897886035,18668095
2025-03-27,351.37677001953125,355.0790802443258,341.97490188300185,344.8003295987043,37930538
2025-03-28,348.4051818847656,354.9328896568477,347.2847573158828,352.6920405190821,11327077
2025-04-01,343.0953369140625,353.5689275309925,341.82877505819636,343.2902063070703,18736320
2025-04-02,342.7055969238281,344.3618974161904,338.12643419757393,343.09530594176863,13593404
2025-04-03,349.6717834472656,352.058799753951,342.7056336564081,342.7056336564081,10317410
2025-04-04,341.39031982421875,349.6230607492348,339.5878820777657,349.6230607492348,10872963
2025-04-07,340.8057556152344,342.3646215618517,315.66915000777334,319.5663000078693,18025165
2025-04-08,343.8747863769531,349.03849825419917,341.00062634743813,347.6745016953884,17506712
2025-04-09,340.36737060546875,345.6772200546697,339.2469458397032,344.89780188706686,7462119
2025-04-11,350.8409423828125,352.204938966116,341.97491999199644,341.97491999199644,11246077
2025-04-15,353.17919921875,358.9762214163254,352.25361425177806,357.5634927262931,17497327
2025-04-16,350.0614929199219,353.66636862551644,348.6974963428764,353.1792248670791,11541484
2025-04-17,354.640625,356.05335366856923,348.0641848385989,350.0127597012363,12288196
2025-04-21,355.1764831542969,358.732656184675,352.497192627948,356.3943424844555,7375594
2025-04-22,350.987060546875,357.6122034398902,350.4512143323274,357.6122034398902,12077119
2025-04-23,354.44580078125,354.8842420743632,348.6975101506468,353.6176801454308,9719205
2025-04-24,353.8612060546875,357.0276401984787,352.3023402219348,354.39705224740277,7491123
2025-04-25,347.2847595214844,356.3943230274272,342.0723159263955,353.861199545306,9785640
2025-04-28,352.20489501953125,353.56889143264124,344.60546519442426,344.60546519442426,5315840
2025-04-29,347.7719421386719,354.98166383970954,344.99521676024034,354.64065726114853,9472828
2025-04-30,345.4336242675781,351.7177905909625,342.9492030139025,347.8206405567136,16739088
2025-05-02,339.7340393066406,348.7949005277519,338.66231718525614,345.4335969954307,8221620
2025-05-05,339.6366271972656,342.94919873850176,336.66503249345936,341.97491124208557,9492646
2025-05-06,333.0114440917969,340.5134694755459,331.25773854559543,340.02632574239055,8904223
2025-05-07,333.2550048828125,334.8626029351123,328.33486523462,329.3091526685506,8465490
2025-05-08,331.2577209472656,334.2780178789515,329.6988551374059,332.28071083938704,14286109
2025-05-09,326.1427307128906,330.0398805944487,322.09944365735294,325.606884497334,11322011
2025-05-12,339.5878601074219,340.22117070136795,329.4065746552159,331.6474237736826,7978210
2025-05-13,332.7191467285156,340.80572024633017,331.74485932960346,339.6365932073706,14738980
2025-05-14,329.8450012207031,335.0087424971646,329.06558316114706,333.64474602649494,22485535
2025-05-15,333.1576232910156,334.9113289019259,324.09673168025927,330.7706070173203,43307763
2025-05-16,334.2780456542969,338.6623393840688,333.20632346266257,334.18061095816745,6920351
2025-05-19,336.27532958984375,338.759780590867,333.59603892571175,334.27805207883074,6218209
2025-05-20,333.7908935546875,340.708340546268,332.76787387026775,337.980317787376,9986143
2025-05-21,337.2496032714844,338.4674626143201,331.11160407675004,333.74216241753874,5930972
2025-05-22,332.62176513671875,338.0777813881208,329.5527652868353,337.24963102027374,8717514
2025-05-23,335.7394714355469,336.08047800000486,331.4038802579263,333.2063180418661,4045937
2025-05-26,334.667724609375,342.16974954326605,333.742139678725,341.9748801685317,16655082
2025-05-27,329.8450012207031,335.6420233871655,328.1399981991428,335.15487966671975,24937330
2025-05-28,331.3064270019531,331.93973761456283,328.4322969377317,329.8937280753369,10985957
2025-05-29,330.62445068359375,333.44987832987596,329.35785916429944,332.23201902260837,15884093
2025-05-30,325.3145751953125,331.9884502069465,324.2915852609797,328.8220159790005,19143010
2025-06-02,323.9992980957031,326.19144498331383,321.8071512080924,325.31459217484854,29479727
2025-06-03,319.8098449707031,326.14271318794476,318.59198569815663,324.43771020637973,14081719
2025-06-04,320.7841491699219,321.466162291383,316.4972902528783,320.5405773026706,15654279
2025-06-05,320.1995544433594,323.0737142237834,319.17656454613314,320.73543036377174,16270360
2025-06-06,324.2915954589844,324.9248763779097,320.5892851747618,321.1738636125753,11402511
2025-06-09,328.43231201171875,328.8707235333864,324.19415557156725,325.3145802152433,19416373
2025-06-10,330.47833251953125,332.13460343293355,328.1400187287834,330.0885937324766,12061248
2025-06-11,329.4066162109375,333.7909100476415,328.7733352699927,332.23204407023434,10807496
2025-06-12,325.1197509765625,332.8653187697685,324.0967312607765,329.4553125162716,11881618
2025-06-13,323.41473388671875,324.34028913297107,318.2022900348364,318.39712968688724,11711773
2025-06-16,325.1197509765625,326.0453062627747,322.09945377688626,323.46345033170604,8065112
2025-06-17,326.5811767578125,328.23744764203144,324.53516709340613,325.412019883039,6796992
2025-06-18,323.8531494140625,327.26315556256503,322.2455810334901,326.58117217260093,17835507
2025-06-19,321.5635681152344,324.58386522383717,320.1021369078034,323.85314962012166,11610604
2025-06-20,326.5811767578125,327.36059485239855,321.22259559207384,321.51486994431997,16592862
2025-06-23,324.0480041503906,327.0683011205164,321.8558574397515,325.119726266615,8277787
2025-06-24,321.4661560058594,323.17115904328085,313.0872779896664,322.4891459351549,100814893
2025-06-25,322.343017578125,325.1197428330004,320.9302888439042,322.97629849133307,17963666
2025-06-26,328.48101806640625,329.1142989820799,322.78143035955463,323.8531525345608,13754087
2025-06-27,329.6014404296875,332.52430285052264,325.85045744259764,330.23475107385036,50845169
2025-06-30,326.28887939453125,328.57846097727514,325.0710200135925,327.11702972014865,11858890
2025-07-01,324.0480041503906,326.62985988523155,323.60956291510576,326.62985988523155,8903292
2025-07-02,325.1684265136719,327.0195666655982,322.78141044086397,324.09670440480113,11326880
2025-07-03,325.99658203125,327.7015850442451,322.4891413150814,325.99658203125,15786429
2025-07-04,326.8734436035156,327.3605873346684,323.7070093510226,327.06831298913426,5899185
2025-07-07,328.7732849121094,330.2834184425102,325.1684097498165,326.87341264738103,9454556
2025-07-08,334.37548828125,335.0574717045421,328.3348937726892,329.50405068818344,12092302
2025-07-09,335.1548767089844,336.71374254723264,333.98571989707494,334.4241611347642,9079872
2025-07-10,332.67047119140625,336.1291798444743,332.4268993219537,335.1548923666643,6426072
2025-07-11,333.8883056640625,335.1548673976993,330.7705740741829,331.74486147940877,17234194
2025-07-14,333.30377197265625,336.129199880142,331.20905971708385,334.2293272920089,11516965
2025-07-15,333.206298828125,335.252308363999,332.18330892663425,334.32672341854163,8450777
2025-07-16,333.644775390625,334.96003976527084,332.0371771853544,333.20633411047925,6001484
2025-07-17,333.839599609375,335.6420373968367,333.20631869294095,335.34976304552697,7562006
2025-07-18,333.30377197265625,335.0574776440899,331.8910431524654,334.18062480837307,6370338
2025-07-21,332.76788330078125,333.98574267420366,330.5757364286209,333.303759264824,4463318
2025-07-22,332.0859069824219,333.79091014162015,331.3064591270511,332.7678904063639,4728372
2025-07-23,334.2292785644531,335.15486348176,332.18329882369756,333.01141932215023,5058422
2025-07-24,330.1860046386719,334.76516746057104,327.8477207492971,334.76516746057104,9098453
2025-07-25,324.6325988769531,331.16030712602645,323.99928823127567,330.1860196500847,7790739
2025-07-28,324.3890075683594,327.9451506958595,321.8558543361358,324.87615127713724,4605823
2025-07-29,325.99658203125,326.8734347770689,320.05342272508835,323.46342875107865,7551356
2025-07-30,330.08856201171875,333.49856794048816,323.95056323309075,326.3862817536403,12537358
2025-07-31,325.6556091308594,331.35519716693904,324.43774971002597,327.40931480370114,8935384
2025-08-01,322.3917236328125,326.14273640586663,321.7097402313719,324.43773330292333,7107542
2025-08-04,323.46343994140625,324.7300017588626,318.7868719799893,322.39171777815415,8193399
2025-08-05,325.0223083496094,325.7530239575299,322.78142931225005,323.90188369737683,9855535
2025-08-06,323.56085205078125,326.77598858323086,323.0737083499318,325.02228315332957,13872826
2025-08-07,321.2712707519531,323.9018586300387,320.1995486633667,323.5608520928214,8731389
2025-08-08,326.1427307128906,328.8220212564618,321.1738586673253,321.51486522854043,11247218
2025-08-11,327.5067443847656,330.3809044661656,325.3633296773396,326.3863196816912,11993280
2025-08-12,331.3551940917969,333.0601972651404,327.1170374000495,327.604181163862,7221182
2025-08-13,331.2090759277344,334.18064116446345,330.42962802114,331.55005279566586,5417151
2025-08-14,330.62445068359375,331.6961728205679,327.65285613412476,331.20902909766085,5689423
2025-08-18,327.4093017578125,333.01145487042396,326.8247530454211,332.6704780324939,6511340
2025-08-19,326.4350280761719,331.8910442416087,325.55817523757753,330.1860410482157,10316115
2025-08-20,333.206298828125,334.57029527441017,327.84771799901773,329.11427975637696,10824544
2025-08-21,330.08856201171875,335.49587496707403,328.23742188267954,333.5473001506344,11135121
2025-08-22,328.3348693847656,330.1860095860536,326.87343821539724,329.79630055413406,8534844
2025-08-25,329.16302490234375,332.6217334984358,328.38357709319916,328.38357709319916,7142387
2025-08-26,324.6325988769531,328.72458843617204,323.21987014367994,327.50672909124484,13113388
2025-08-28,322.2942810058594,324.34029062561814,320.24830111899445,322.73272225755545,10486948
2025-08-29,319.1278381347656,322.976285404538,318.59199193750806,322.4891416859791,11813425
2025-09-01,322.1968994140625,323.07375224815706,319.56631117888287,319.56631117888287,6897558
2025-09-02,327.6528625488281,329.55273499851813,322.5865855711445,322.5865855711445,9224639
2025-09-03,325.6556091308594,329.3091873933597,324.9248934783593,327.8477560883596,10778333
2025-09-04,324.81903076171875,329.59216919528404,324.08091749984493,328.2143637799006,7934237
2025-09-05,323.490478515625,326.5413228978578,320.7840629911934,324.8190584732195,5678244
2025-09-08,321.5221862792969,325.70482858302927,321.1777273769136,323.5396840828277,5239184
2025-09-09,318.9633483886719,322.94914796612073,318.52046842055296,322.40787692411345,9735495
2025-09-10,320.4888000488281,322.85075668455676,319.9967244983052,320.3411833904529,6509477
2025-09-11,325.8031921386719,328.21437421770185,320.8332413642303,321.27612134900113,10309925
2025-09-12,326.44293212890625,328.2143920966744,323.1952154761205,326.7381654455649,5257048
2025-09-15,325.8524475097656,328.5096375596649,325.40956748449446,325.754026389271,6566824
2025-09-16,329.73980712890625,330.47792043843276,325.9508495004629,325.9508495004629,8784889
2025-09-17,331.06842041015625,332.1017970741923,329.2477348882994,330.1826904366309,7936518
2025-09-18,331.6097106933594,332.24940287367366,328.804874173928,331.65890623265017,6497322
2025-09-19,333.28277587890625,334.1193103504831,331.1176614021352,331.6097369696617,10646331
2025-09-22,333.8240661621094,334.95583392381485,331.5113050632019,333.77484058661287,6966213
2025-09-23,337.5638427734375,338.6464150398427,332.7415081691703,334.0701182218535,10738268
2025-09-24,342.0909118652344,344.84652279874786,336.82569772743255,337.85904431902344,14653575
2025-09-25,335.10345458984375,345.24019905873377,334.6113790324431,343.7639723865318,13228081
2025-09-26,332.5446472167969,335.34948382934107,331.1176461570167,335.10344605690574,6337702
2025-09-29,335.54632568359375,338.301936718208,332.64306795855805,333.72564016283786,16922231
2025-09-30,335.05426025390625,337.61302913447474,333.77484577971336,335.6939524740484,8308029
2025-10-01,334.857421875,337.6130330245518,332.69227737613147,334.9066174179206,6022078
2025-10-03,336.57965087890625,338.0558774178488,333.3811600445307,334.85738658347327,8506827
2025-10-06,333.7256164550781,336.3828061852815,330.33028342692836,335.2018429831596,8436245
2025-10-07,332.64306640625,335.98917408521186,331.511298666383,333.7256386054779,16130172
2025-10-08,328.5096435546875,333.873279363479,327.03341682205604,333.873279363479,13223442
2025-10-09,330.5271301269531,331.0684011810283,325.9508338346163,328.5096024908693,6824759
2025-10-10,334.3161315917969,336.5304715065776,330.62556506716226,330.67476060726113,8970962
2025-10-13,336.2844543457031,336.6781087923391,330.87162311120863,332.59388759491145,6663149
2025-10-14,331.314453125,337.5638184529958,329.88745208774424,336.5796673787888,7545848
2025-10-15,333.8732604980469,336.3336382467429,331.4128827493509,331.6097249828098,8121744
2025-10-16,336.08758544921875,337.1701576170371,334.26689998978424,334.8082010906468,6788416
2025-10-17,335.59552001953125,338.7448155054184,334.75898559041366,336.0875955620819,7032129
2025-10-20,336.5304870605469,338.9908648573518,334.9066136875287,335.9891859249046,6896835
2025-10-21,336.57965087890625,338.0558774178488,335.6446953906803,337.5146063671322,346988
2025-10-23,337.2193603515625,339.7289636169493,335.64471262240147,338.3511280827413,8710859
2025-10-24,334.21771240234375,337.8098578335593,332.790681324371,337.0225489839997,7584711
2025-10-27,336.3336486816406,337.4654164743728,335.0542642261885,335.3003020086915,6752390
2025-10-28,333.77484130859375,337.46540795294777,331.9541557572641,336.9733324003672,13186584
2025-10-29,341.99249267578125,344.45287032093074,333.77482533420056,333.8732464467879,15423201
2025-10-30,339.67974853515625,343.46873630345164,338.00670967379386,343.46873630345164,6721032
2025-10-31,331.6097106933594,339.5321146892116,330.2811007595333,339.5321146892116,18651312
2025-11-03,329.887451171875,332.1509866227039,328.11596122287625,331.51129443302676,10242245
2025-11-04,325.3603515625,330.6747613633437,324.4746216013439,330.0842647112706,11887651
2025-11-06,321.4729309082031,327.67310047474126,319.45543329165474,326.78734051244567,11587302
2025-11-07,323.6564636230469,324.6489703926429,318.4458030826677,321.96918999917244,8578167
2025-11-10,323.0113525390625,325.79035948383523,321.5722055529706,323.6564759060022,5246998
2025-11-11,324.20233154296875,324.9963551352011,320.43081791879985,323.50759497478134,6103758
2025-11-12,324.6986083984375,325.7903719861034,323.1105913880966,325.045991852091,6850550
2025-11-13,324.5001220703125,327.4776425776202,323.11058826911164,324.6986052641234,7276001
2025-11-14,325.9888610839844,327.4279777287404,323.75572084900506,324.5497141503254,9169855
2025-11-17,327.72576904296875,328.96640258675814,326.0881085340428,326.53474872536896,6283156
2025-11-18,325.9888610839844,327.2791077708557,324.6985841082101,326.58434091552317,6776200
2025-11-19,324.1527404785156,326.4851376137269,322.6143367009101,326.4851376137269,6935056
2025-11-20,324.1527404785156,327.52725768169756,323.7557437997128,325.5422439987782,5155775
2025-11-21,324.20233154296875,325.93921839679183,322.5647014242876,324.4008450132526,6142545
2025-11-24,321.0263366699219,324.64898043320596,319.6368029183904,324.25198377087,13719726
2025-11-25,321.27447509765625,323.16023202926664,320.08345477826816,321.02634838852583,8074651
2025-11-26,323.6564636230469,325.3437069580184,321.5721933491146,321.8699332644323,7101095
2025-11-27,324.8970947265625,326.2865981361298,322.5646977771625,324.6985812585232,6755179
2025-11-28,324.00384521484375,325.6910885402578,321.8203182185401,325.5422185834422,8930988
2025-12-01,324.64898681640625,325.79036360140253,323.0113566215068,324.64898681640625,6936186
2025-12-02,326.13775634765625,327.4776466503896,324.3016126208665,324.99637953010756,5806943
2025-12-03,320.53009033203125,326.5347444905355,318.8924298443442,326.5347444905355,8546132
2025-12-04,320.53009033203125,321.86995031082324,318.69394665325495,320.48044681758057,5965357
2025-12-05,320.87744140625,321.72107825739164,318.54507462043483,319.8353213653072,6574010
2025-12-08,317.1059265136719,320.7782138345562,315.4682963312413,320.7782138345562,7906928
2025-12-09,317.45330810546875,318.99168153992724,313.1855106643288,315.0712978277346,7152584
2025-12-10,319.190185546875,321.2744558363941,317.1059152573559,317.45329868709297,5484712
2025-12-11,320.1827087402344,321.0263456017354,316.7585480683971,319.2398151381619,6317942
2025-12-12,322.61431884765625,323.5075991866605,320.48043531438657,320.48043531438657,4261023
2025-12-15,321.5225830078125,322.8624429276532,319.1405425083109,320.6293026760478,10219819
2025-12-16,318.5946960449219,321.3737030848919,316.6592955889,319.63681611268436,5241263
2025-12-17,318.8428039550781,319.984180697448,317.1555303088596,317.6021704766537,5043027
2025-12-18,316.1134033203125,319.7360469395152,314.62464317908655,319.5871769831731,5554193
2025-12-19,317.5029296875,318.1976965858744,315.12091934706694,316.56006636988315,10833662
2025-12-22,318.29693603515625,321.224812858892,317.1059157851905,317.55255595115347,8925871
2025-12-23,320.82781982421875,322.3165800090179,317.8502994546204,318.6442927709519,6024641
2025-12-24,320.133056640625,324.202340583696,319.8353167157995,321.4729468801477,5678004
2025-12-26,321.67144775390625,323.3090778540973,319.88491740823196,320.1330440988337,4174183
2025-12-29,323.06097412109375,323.35871405541303,320.6293202648354,321.6714706127625,14043845
2025-12-30,322.4654541015625,323.11057746546095,320.9270806731198,322.5647108396016,8035909
2025-12-31,327.0805969238281,328.1723604385753,322.2669632765072,322.316576499899,8497983
2026-01-01,333.780029296875,334.37553944281365,327.1302518191223,327.32873500849905,10357315
2026-01-02,349.4616394042969,350.35488943856933,333.43266114357067,334.276267666054,23128940
2026-01-05,347.972900390625,352.14141090010577,345.78937325072695,347.7247736833141,18248271
2026-01-06,348.17138671875,351.4466774580942,343.5562359789838,347.278136622167,8641743
2026-01-07,346.2359924316406,348.7172593541995,343.7050819972889,346.93072899661536,7165806
2026-01-08,341.8193359375,347.1788666008996,339.6358391503614,344.15173297579446,8805975
2026-01-09,333.4822998046875,341.8193512420237,331.8942827954556,341.8193512420237,10161744
2026-01-12,334.9214172363281,338.09742068511275,331.1995168978991,334.22665039092703,9406174
2026-01-13,335.3680419921875,336.7079322312866,332.5393915516236,334.9214321050904,5583379
2026-01-14,346.484130859375,347.87363432529014,334.9214326664008,336.36054935688634,20389924
2026-01-15,346.484130859375,346.484130859375,346.484130859375,346.484130859375,0
2026-01-16,343.7547302246094,351.3970142775835,342.81183666554153,350.0075108396703,14275582
2026-01-19,340.7772216796875,345.3427590957348,339.4869446442261,340.9260916444588,9974363
2026-01-20,336.211669921875,345.6900975044803,335.16954992402526,340.4298237142528,7718407
2026-01-21,336.1620788574219,339.04034263593076,334.2762916301079,336.2613053103078,6948955
2026-01-22,339.88397216796875,340.6283522819688,334.5740546303211,336.1620715979687,5885972
2026-01-23,334.17706298828125,342.8614977822708,333.581552830341,341.37273753187264,10084314
2026-01-27,342.1170959472656,343.9035960188152,334.5243949209227,337.94855539511275,12203590
2026-01-28,345.4419860839844,350.6030336560542,342.1171124729344,342.1171124729344,13566973
2026-01-29,355.46630859375,357.798705659296,344.69760362777674,347.37738413523886,20624409
2026-01-30,353.3324279785156,356.6573318838472,348.4691506174911,356.30994843900874,22641103
2026-02-02,347.7247619628906,350.10677221500646,335.2191702781529,342.3652313234041,12622760
2026-02-03,355.8633117675781,363.20788654042616,351.1489043252551,363.20788654042616,11559806
2026-02-04,364.49810791015625,365.78835458365774,354.92042372604976,356.7565672913423,15515053
2026-02-05,364.25,367.92228731992134,362.2649863760218,366.97939373297004,18789794
2026-02-06,365.04998779296875,365.95001220703125,361.0,361.79998779296875,7328789
2026-02-09,361.8999938964844,368.6000061035156,361.0,366.54998779296875,7983235
2026-02-10,366.8999938964844,368.1499938964844,361.25,361.8999938964844,8319282
2026-02-11,368.45001220703125,369.0,366.0,369.0,5782448
2026-02-12,368.25,372.0,366.8500061035156,370.0,6763353
2026-02-13,363.0,368.0,362.3999938964844,367.54998779296875,7111972
2026-02-16,369.1000061035156,369.6499938964844,362.5,362.6000061035156,6292850
2026-02-17,368.3999938964844,369.5,366.04998779296875,368.75,4442793
2026-02-18,368.3999938964844,370.70001220703125,367.3999938964844,368.45001220703125,4871319
2026-02-19,363.20001220703125,370.8999938964844,362.20001220703125,367.0,5375352
2026-02-20,372.95001220703125,373.6499938964844,362.70001220703125,362.79998779296875,16736731
2026-02-23,375.45001220703125,376.5,372.1499938964844,374.0,16135451
2026-02-24,382.75,385.0,373.54998779296875,374.95001220703125,20774629
2026-02-25,384.8999938964844,388.54998779296875,382.70001220703125,382.75,12750016
2026-02-26,381.8999938964844,385.8500061035156,378.3999938964844,385.0,10721570
2026-02-27,381.8999938964844,385.20001220703125,380.1499938964844,381.0,11548959
2026-03-02,377.54998779296875,378.95001220703125,365.0,365.0,14732253
2026-03-04,365.79998779296875,373.8500061035156,364.1000061035156,370.75,11433169
2026-03-05,378.04998779296875,379.8999938964844,366.6000061035156,366.95001220703125,16158714
2026-03-06,380.6000061035156,385.54998779296875,374.6499938964844,377.0,14940896
2026-03-09,376.25,379.0,371.3999938964844,373.0,11286578
2026-03-10,377.29998779296875,385.45001220703125,374.8500061035156,385.0,10875834
2026-03-11,379.8999938964844,383.8999938964844,376.45001220703125,377.5,9963701
2026-03-12,390.54998779296875,392.3999938964844,375.6499938964844,379.0,23847146
2026-03-13,384.45001220703125,394.5,383.20001220703125,391.8500061035156,27107369
2026-03-16,382.3999938964844,388.25,375.45001220703125,384.5,16793109
2026-03-17,383.3500061035156,385.8999938964844,378.29998779296875,382.8999938964844,9720902
2026-03-18,378.5,386.3500061035156,377.6000061035156,385.0,10681498
2026-03-19,374.04998779296875,380.75,373.1000061035156,373.5,10568326
2026-03-20,380.95001220703125,383.29998779296875,375.5,375.8500061035156,20930288
2026-03-23,372.3999938964844,379.5,369.29998779296875,377.1000061035156,13148432
2026-03-24,375.54998779296875,378.1499938964844,371.0,378.0,9339144
2026-03-25,378.3999938964844,380.95001220703125,375.6000061035156,376.0,9266292
2026-03-27,375.6499938964844,379.8999938964844,374.6499938964844,379.8999938964844,20263654
2026-03-30,370.6499938964844,377.95001220703125,369.6499938964844,374.0,17974103
2026-04-01,364.6499938964844,381.8999938964844,361.45001220703125,381.29998779296875,15449629
2026-04-02,359.6499938964844,361.29998779296875,352.0,359.95001220703125,16551512
2026-04-06,366.1000061035156,366.75,355.70001220703125,358.79998779296875,11534034
2026-04-07,368.8500061035156,369.79998779296875,362.25,364.8500061035156,12603971
2026-04-08,374.1499938964844,375.54998779296875,368.25,373.5,19491331
2026-04-09,378.6499938964844,384.20001220703125,376.5,376.95001220703125,18503665
2026-04-10,380.1499938964844,384.45001220703125,372.04998779296875,381.20001220703125,14953758
2026-04-13,386.25,388.0,374.3500061035156,374.3500061035156,15240045
2026-04-15,392.6000061035156,393.95001220703125,387.1000061035156,390.25,7722460
2026-04-16,390.79998779296875,397.25,387.79998779296875,397.0,9896906
2026-04-17,393.6000061035156,396.25,388.45001220703125,393.0,15320653
2026-04-20,398.0,400.8500061035156,390.6499938964844,393.0,9895187
2026-04-21,396.20001220703125,402.70001220703125,395.70001220703125,398.6000061035156,9493644
2026-04-22,405.3999938964844,407.25,393.20001220703125,398.0,16411131
2026-04-23,402.25,405.8999938964844,400.3999938964844,404.0,9144699
2026-04-24,401.8500061035156,405.25,399.20001220703125,404.75,6266676
2026-04-27,410.20001220703125,414.3999938964844,402.6000061035156,403.8999938964844,13001752
2026-04-28,406.8500061035156,414.20001220703125,405.95001220703125,414.0,7726655
2026-04-29,401.29998779296875,410.0,399.6499938964844,409.5,11920835
2026-04-30,399.1499938964844,400.29998779296875,393.1499938964844,400.0,7706357
2026-05-01,399.1499938964844,399.1499938964844,399.1499938964844,399.1499938964844,0
2026-05-04,400.04998779296875,404.79998779296875,397.25,400.0,6333200
2026-05-05,398.6499938964844,400.5,394.54998779296875,398.29998779296875,6791514
2026-05-06,394.8500061035156,403.0,391.6499938964844,400.0,11120409
2026-05-07,400.3500061035156,403.5,393.1499938964844,396.75,9700378
2026-05-08,402.1499938964844,405.1000061035156,397.1499938964844,398.0,4740939
2026-05-11,392.95001220703125,405.0,391.0,401.8999938964844,10088836
2026-05-12,392.70001220703125,399.8500061035156,391.25,392.20001220703125,10247516
2026-05-13,390.45001220703125,394.04998779296875,385.79998779296875,392.0,12322076
2026-05-14,396.29998779296875,398.54998779296875,391.20001220703125,393.70001220703125,7363948
2026-05-15,395.25,398.0,392.5,396.0,7107857
2026-05-18,388.29998779296875,393.8500061035156,384.8999938964844,393.0,7632596
2026-05-19,389.3999938964844,392.75,386.04998779296875,386.70001220703125,6693518
2026-05-20,392.45001220703125,393.3500061035156,384.0,386.1000061035156,5386249
2026-05-21,388.79998779296875,395.54998779296875,387.8500061035156,393.5,10596954
2026-05-22,388.6499938964844,391.5,387.45001220703125,389.95001220703125,11754648
