Date,Close,High,Low,Open,Volume
2021-05-24,100.43267822265625,101.91091248898523,99.3022721088634,99.56313142928231,22028927
2021-05-25,101.25877380371094,101.93267035226512,100.49792019863685,101.30224643497803,9165363
2021-05-26,98.08490753173828,101.65004600891484,97.80230599040597,101.3891866766031,18322114
2021-05-27,99.25880432128906,99.82400747287201,97.06320065899462,98.56317148764623,51194207
2021-05-28,98.01970672607422,100.43269717421947,97.73709924730662,100.43269717421947,15307498
2021-05-31,98.10664367675781,98.51968078053474,97.2805753661958,98.2588155516752,13102261
2021-06-01,97.56319427490234,99.12838002969659,97.34580752831961,98.38926273251813,15733731
2021-06-02,98.88925170898438,99.1935954968144,97.43275940492802,97.47623793133124,7995532
2021-06-03,98.38923645019531,100.62832405947324,98.10663493452655,99.58486323701733,10291328
2021-06-04,98.32402801513672,99.19358072271051,97.73708273859546,98.2588131837414,6142487
2021-06-07,102.71524047851562,103.3891368972019,98.6501079639781,98.82401614651084,18058790
2021-06-08,101.75874328613281,103.88913782675196,100.88919641959181,103.88913782675196,22511761
2021-06-09,105.2586898803711,106.73691263187918,101.65006057119318,102.6065645833369,39865778
2021-06-10,105.06304931640625,107.82385644825845,104.45436167137454,107.82385644825845,32690784
2021-06-11,107.08472442626953,108.17165807626036,106.08474782707495,108.17165807626036,29142097
2021-06-14,108.12818145751953,108.60642752827245,105.258681445033,107.80210137455586,18732629
2021-06-15,107.64994049072266,109.3455499261362,107.41080565002373,108.93251277600218,15026686
2021-06-16,105.28042602539062,107.60645941558529,104.7586954928839,107.32386373121716,30706682
2021-06-17,104.28043365478516,106.10647255213858,102.93262899961522,106.10647255213858,22261167
2021-06-18,101.30223846435547,106.51951991721654,100.0413907289868,106.08474646281145,49278209
2021-06-21,102.1065673828125,102.36742671474454,99.3022764916162,100.82398344718185,11719831
2021-06-22,101.75874328613281,103.04132727307764,100.88919641959181,100.88919641959181,10961545
2021-06-23,100.97616577148438,102.60656634495336,100.86747239991978,102.49787297338877,10721151
2021-06-24,100.4979019165039,101.28049169484626,99.17183358227584,100.97614794938436,12964208
2021-06-25,100.36747741699219,101.21528806760607,99.73706530185534,100.62834858317329,7736431
2021-06-28,100.80224609375,101.08485356180847,100.30226368854996,100.86746683068195,9989595
2021-06-29,102.60655975341797,103.43263404183544,100.71529992728438,101.12832527750824,61089570
2021-06-30,101.04137420654297,103.30219841854593,100.86746011562575,103.1065480147601,17437744
2021-07-01,100.34574127197266,101.28050897956696,100.0848818993343,101.10659486848435,15924813
2021-07-02,99.10664367675781,100.47617310332515,98.95446587781535,100.34574341422147,9549992
2021-07-05,100.12833404541016,100.38920515866388,99.28052356680601,99.69356065063707,6849185
2021-07-06,99.47618103027344,100.21529821276724,99.25879431742139,99.7370521620863,5343938
2021-07-07,100.41094970703125,100.62833642225156,99.47618211399022,99.47618211399022,7228897
2021-07-08,100.4979019165039,101.36744873554733,99.80225738487903,100.04138040131926,8740010
2021-07-09,100.10662078857422,100.62835134125075,99.99792741484936,100.45443722569662,2990856
2021-07-12,99.56314849853516,100.75877554440439,99.21533208035206,100.30226575841499,5578309
2021-07-13,99.41098022460938,100.82399397373204,99.25880243677443,100.17183378182928,8264289
2021-07-14,99.9761734008789,100.62833352778115,99.32401327397666,99.41097031636038,9228746
2021-07-15,100.17182922363281,100.62833897839485,99.69357136160902,100.43268857092986,5376823
2021-07-16,101.67179870605469,102.82395316307398,100.21531224362106,100.71530647077712,15903784
2021-07-19,101.36746215820312,102.01962235884201,100.6500812199063,101.67179414997986,13725925
2021-07-20,100.56311798095703,102.73698518268174,100.41095199443005,102.12830944258945,14178067
2021-07-22,101.41093444824219,101.95440128029081,99.43271753838224,101.95440128029081,10378326
2021-07-23,101.30223846435547,101.71527560483725,100.88920132387368,101.62831855515928,6660369
2021-07-26,101.17182159423828,102.32397611185768,100.8892140955056,101.49790172632079,12963701
2021-07-27,100.80224609375,102.10657827449418,100.2805273742343,101.30224029293501,10832912
2021-07-28,99.17183685302734,101.04137201081602,98.86749899451996,100.86745792367812,13828088
2021-07-29,97.04143524169922,100.60657984798625,96.89651076009393,99.1283454180185,28609665
2021-07-30,99.21530151367188,100.40367517504048,97.50519146774185,97.99793234167441,34142169
2021-08-02,99.12836456298828,99.70806260136834,98.14287671834353,99.41821358217831,9575755
2021-08-03,101.1282958984375,101.56306933186842,99.18631025457624,100.02687930226654,20959435
2021-08-04,101.59205627441406,102.37464607522047,100.78047686121397,101.82393779161178,23323277
2021-08-05,101.56307983398438,101.88191843573019,100.43267350776816,101.59206945013779,6621382
2021-08-06,101.4471435546875,102.31669049944198,101.18628418885527,101.73699253627233,5340311
2021-08-09,102.2876968383789,102.60653542310676,100.89643121698224,102.60653542310676,16415005
2021-08-10,100.05586242675781,102.08480522368389,99.33123999928421,102.08480522368389,11925263
2021-08-11,102.22972869873047,102.60653471608931,100.02688361737474,100.25875335668661,31279965
2021-08-12,108.40351867675781,108.80930253175052,102.20075521338232,102.60653906837504,58107755
2021-08-13,107.09918212890625,108.5774164239216,106.43252721558592,106.78034358088853,26776843
2021-08-16,104.75141143798828,106.83833342525175,104.57750913503939,106.66441932831826,21308655
2021-08-17,106.22964477539062,106.51949373794285,104.92532444390561,104.95431405775463,15962459
2021-08-18,104.69345092773438,107.82382232167691,104.43259155906641,106.49051227429858,25227527
2021-08-20,103.53406524658203,104.3746344619874,102.63554038126995,102.7804648879964,18720467
2021-08-23,101.82393646240234,104.28765248825104,100.98336744778138,104.0557709740803,13112745
2021-08-24,102.37464904785156,103.93984048889641,101.70799408929454,102.78044466322655,11029463
2021-08-25,101.73698425292969,102.86739047147962,101.4761249083364,102.72246599248685,12001351
2021-08-26,100.34571838378906,101.6790284607591,99.47617141028311,101.6790284607591,12115246
2021-08-27,101.07032775878906,101.36017671238123,99.56311555890666,100.75150098622817,8051699
2021-08-30,101.73698425292969,102.22972512270827,100.1718045974014,101.56307016054464,14512401
2021-08-31,101.65003967285156,102.63553332725158,101.41815811922888,101.7369967297083,43248333
2021-09-01,101.82393646240234,103.07028928133431,101.24423857396737,103.07028928133431,11817591
2021-09-02,101.88191223144531,102.08480415020745,100.98337571323272,101.67902031268319,13545023
2021-09-03,101.76598358154297,102.49060604568388,101.09932855573625,102.02684295103953,12286475
2021-09-06,100.92540740966797,102.22972775417713,100.28774204448263,101.85292174029979,13950485
2021-09-07,100.28772735595703,100.95438223764002,99.96888882307037,100.92539262774747,12485031
2021-09-08,101.96903991699219,102.41148586282998,100.40573450899967,101.02515763296113,25370295
2021-09-09,102.35248565673828,102.7359411734542,101.40860346320831,101.7035673988185,5078350
2021-09-13,102.58845520019531,102.8244287398928,101.88053458110286,102.79492754663832,7522483
2021-09-14,102.7064437866211,103.29637167971153,102.35248945118958,102.58846300884849,8434427
2021-09-15,104.94817352294922,105.5970917983825,102.49997039088802,102.64745236267348,20064238
2021-09-16,105.86256408691406,107.1604127568542,105.18415655725487,105.56760011676148,16214883
2021-09-17,105.47911071777344,106.42299293405702,104.26975375177308,105.92155663185451,21219226
2021-09-20,104.417236328125,105.71507288277037,103.2963709388693,104.53521710505144,7833069
2021-09-21,103.768310546875,105.24313016237318,103.50283581481767,103.85680212422743,9481007
2021-09-22,104.26976776123047,104.6827125356764,103.70934099560881,103.70934099560881,9165634
2021-09-23,105.1546401977539,105.44960412537735,104.41723037869532,104.41723037869532,10295913
2021-09-24,103.91580200195312,105.89205806684473,103.70932963734305,105.18414938757765,7093411
2021-09-27,103.82730865478516,104.50572812880449,103.29637115328683,104.12227259982717,5205649
2021-09-28,108.51721954345703,111.4373695036497,103.88628847770516,104.3287343502696,38873626
2021-09-29,115.06543731689453,115.80284716383153,107.63233645807887,108.2517655303513,53686662
2021-09-30,112.02730560302734,116.80571897901909,111.28989576098807,115.00643416359797,23618199
2021-10-01,113.17766571044922,114.15104915013673,111.87982912560847,112.55824861400363,16994903
2021-10-04,113.05968475341797,113.88558621616369,112.11580251118595,113.26615711857592,10757286
2021-10-05,112.05680084228516,115.09493195585416,111.70284649942879,113.05968548284451,17200858
2021-10-06,110.67046356201172,113.3546401119458,110.16902728403309,113.23664733928949,8929507
2021-10-07,111.08342742919922,113.0006930879467,110.67047070143151,112.67622794485162,6733699
2021-10-08,110.7294692993164,112.17479995048076,110.31652454304925,111.49638042051501,8165175
2021-10-11,114.12152862548828,115.09491190031464,111.6733378461011,112.08628250712472,12982042
2021-10-12,114.06253814697266,114.82944909062378,113.05966568414752,114.38700323900471,8539966
2021-10-13,117.63162994384766,120.6402599429808,114.53450835606942,115.0949350806312,33075614
2021-10-14,120.72875213623047,121.49565123672853,116.95321101941782,118.10356567122209,19185455
2021-10-18,120.22731018066406,123.8553571446545,119.25392675042433,123.76687756181671,38546365
2021-10-19,117.1891860961914,120.81724527853717,116.21580260793554,120.34529813207538,16174177
2021-10-20,114.65247344970703,118.13305011056569,114.06254560895513,117.98556815037772,21909934
2021-10-21,114.47550964355469,116.4222644416731,114.15104450947825,115.77334617563362,16946547
2021-10-22,114.71147155761719,116.2157924536751,112.82370714094094,115.56687418557475,7705870
2021-10-25,113.64960479736328,115.03593286998927,112.38125749606644,114.71146774566459,7862419
2021-10-26,112.32228088378906,113.82658991220828,111.90932412927268,113.62011753600736,8525850
2021-10-27,112.23377990722656,113.17766212100393,111.23090730548441,112.17478951926176,9862679
2021-10-28,109.66761779785156,112.73523860252767,109.28416219673807,112.49926500167969,11095238
2021-10-29,109.16615295410156,111.28989080416116,106.95392352651598,110.2575170712879,12988035
2021-11-01,110.75894927978516,111.20139514907856,108.87118503831151,108.90067422833033,5475153
2021-11-02,109.43163299560547,112.8237186544989,109.22516061679141,111.28990840916133,10946890
2021-11-03,108.51721954345703,110.49348737593475,107.95679290572039,109.43161248093514,13957727
2021-11-04,109.16615295410156,109.63808803071882,108.69420587537152,109.10715056767573,830214
2021-11-08,111.58484649658203,112.29275506034415,108.90067018826952,110.67045359978671,11947323
2021-11-09,110.05104064941406,112.29275918507813,109.31363086752873,112.29275918507813,10381150
2021-11-10,108.78271484375,110.02156112082699,108.2812784937563,109.69709595206447,13857851
2021-11-11,107.45536804199219,109.28414210870568,106.59996539641831,109.13666013554953,8851354
2021-11-12,107.36688232421875,108.36975499563219,106.36400965280531,108.36975499563219,9590673
2021-11-15,111.08342742919922,111.34889018110337,107.36687688985862,107.48485766801296,24821341
2021-11-16,110.67046356201172,112.88269302554652,110.02154531979744,111.49636496215398,23206330
2021-11-17,112.70573425292969,114.32803603776733,110.31652136895944,110.31652136895944,18359498
2021-11-18,113.56112670898438,114.71148137350232,112.70573600994432,113.17767115344023,10742933
2021-11-22,114.56398010253906,116.21578283196014,113.26614367378856,114.68197287013341,25095721
2021-11-23,119.07693481445312,119.40139993468487,113.94456729045598,114.00355767537641,19671538
2021-11-24,119.93235778808594,122.3805491942496,119.16544664742976,119.28342743732382,18120478
2021-11-25,120.4927749633789,120.93522089347698,118.72299124298655,119.51939151674031,18537454
2021-11-26,119.16544342041016,120.90572603585247,118.45753469598624,120.37480049359185,12814537
2021-11-29,118.1330795288086,120.3453094825316,117.10070555040453,117.39566954423425,16066147
2021-11-30,121.96761322021484,123.58991520984284,118.1625824453882,118.1625824453882,37739647
2021-12-01,122.23304748535156,123.14744046690915,120.75822783904127,122.11506671449193,20332817
2021-12-02,126.5395278930664,127.42441969651442,121.82010494134364,123.294924613757,33758843
2021-12-03,121.58413696289062,127.68988828595303,121.23018262572003,125.7431334304579,47614182
2021-12-06,119.16544342041016,122.70501104675897,118.7819878604661,122.32155548681492,11322446
2021-12-07,121.40716552734375,122.08557300454233,119.25392631131498,119.51938906307845,8049102
2021-12-08,120.81726837158203,122.49856089877876,120.0798583156083,121.02374078683131,8788449
2021-12-09,119.87334442138672,121.79061009546278,119.2244261321222,121.2301833915784,5755422
2021-12-10,119.54888153076172,120.49276369292757,119.07693444862237,120.49276369292757,6164402
2021-12-13,120.58126831054688,123.6783898664576,120.16831156849027,121.23018661707675,21648126
2021-12-14,125.2121810913086,125.74311853522777,119.87332946419113,120.40426690811032,48042035
2021-12-15,123.79635620117188,127.21794251209204,122.58701131698199,125.71362170250704,15207306
2021-12-16,122.82298278808594,124.94673280918207,121.70212939064642,124.71075925104763,13410737
2021-12-17,123.85535430908203,124.1798194457715,120.96471728234395,122.82298051321457,15209414
2021-12-20,123.79635620117188,125.44815897239805,122.41002816216748,124.32729366350263,22539246
2021-12-21,121.87909698486328,124.91722795176332,120.81723400755669,124.74024478782219,17566511
2021-12-22,123.0698013305664,123.95519057978197,120.90210706796468,122.00122210143036,14750231
2021-12-23,127.22197723388672,127.98524805053233,123.37509977180935,123.64987229659073,15932489
2021-12-24,125.42069244384766,127.43572041780683,125.08484823667253,127.13041201965873,8975969
2021-12-27,125.84809875488281,126.55031044097038,125.17642287285369,125.42067203623569,8648187
2021-12-28,125.54280853271484,127.40519469649325,124.13839738079452,126.18396112628585,15736206
2021-12-29,124.93221282958984,125.72601975338958,123.77203825751037,123.95522829316644,17172943
2021-12-30,125.39013671875,129.0843727187883,123.13085990051357,124.93217419426733,87481206
2021-12-31,124.8100814819336,125.9091843128272,124.29105966542568,124.5658322673913,9842223
2022-01-03,125.17642974853516,126.36712740376078,124.65740801223244,125.42067892533326,7410054
2022-01-04,128.5959014892578,130.06138436103058,125.48175815113514,125.97025658273645,14784090
2022-01-05,127.40518188476562,129.05384206954602,127.038814335151,128.22951197715582,9565107
2022-01-06,125.75651550292969,127.43571157624062,124.96272117663685,126.8556306292178,5615931
2022-01-07,125.2985610961914,127.31360148458405,124.87113430981987,126.36714048515074,11908249
2022-01-10,124.56580352783203,126.5503077507019,124.22995938244276,126.5503077507019,11085710
2022-01-11,124.47422790527344,125.66493807805287,124.2605145172454,124.90166710435972,7208789
2022-01-12,125.14591979980469,126.21449929893024,124.77955217042513,125.78707246849271,11018139
2022-01-13,127.00828552246094,129.14544417307928,126.12289619355953,126.76403633492718,20522807
2022-01-14,126.85565185546875,128.01582636667143,126.12291659735743,126.97777025747672,14183654
2022-01-17,126.0007553100586,127.954736231009,125.66492357421232,127.7104870630116,7574539
2022-01-18,125.26802825927734,126.91668850864517,124.93218407887339,125.93970419705573,8475422
2022-01-19,124.96269226074219,126.6418879454936,122.76447493985478,125.78702220319661,13724367
2022-01-20,131.0688934326172,131.49632020653866,125.42068825549582,126.45873180532229,30170343
2022-01-21,131.3436279296875,133.8776892995523,130.0613355566916,130.61089298026886,29509593
2022-01-24,130.6719512939453,132.9617635245635,129.1454098068665,132.13743360614623,12850189
2022-01-25,133.63345336914062,134.45778337437997,129.4201959364389,130.36665672732377,27389035
2022-01-27,131.19102478027344,133.90827715533365,129.66448268968838,133.1144702990169,28512473
2022-01-28,128.35162353515625,132.80913035061823,127.77154264766376,132.80913035061823,18932049
2022-01-31,131.52684020996094,132.35117027377316,128.96224260551008,129.450740936747,19907759
2022-02-01,130.0308380126953,132.53437674297584,129.02333026659187,132.5038409348387,8622355
2022-02-02,130.6719512939453,132.99229932351565,130.21398884782167,131.19097291494683,9921099
2022-02-03,129.02333068847656,131.28260780710775,128.84014068511505,130.67199102660956,4594389
2022-02-04,128.04632568359375,130.27507927398284,127.67995812341336,129.4507491578196,7329263
2022-02-07,130.45826721191406,130.85517057212368,128.22951365661,128.87066619410473,7869237
2022-02-08,128.26002502441406,131.52682143195503,127.31356430140391,130.67195568585342,9074237
2022-02-09,127.83263397216797,129.23705768439746,127.43573053844821,128.59590502815539,9833985
2022-02-10,129.4812774658203,131.71001850411335,128.26004405392115,128.26004405392115,19180334
2022-02-11,126.88617706298828,129.45076267507463,126.42821445918494,128.35164745673436,20071130
2022-02-14,123.25297546386719,126.36711807481375,122.88660793723142,126.36711807481375,12109375
2022-02-15,124.22997283935547,124.47422202400281,121.5127332706065,123.34458352091715,19046061
2022-02-16,123.19448852539062,126.14412209393795,122.81792869263764,124.637921067534,20270061
2022-02-17,123.63378143310547,124.79480677617197,123.00619878623692,124.41825974169117,16405551
2022-02-18,122.81790924072266,125.61065946091036,122.53550217908824,123.50826031263014,14600643
2022-02-21,124.3554916381836,124.8889342812221,122.72377947257151,122.81790664566039,10682638
2022-02-22,124.3554916381836,124.54375875256169,120.37034478134245,121.87653276916876,13606058
2022-02-23,124.29275512695312,125.20274490747084,124.01033525947351,124.48102227040386,6493463
2022-02-24,119.9310302734375,123.00618751495138,119.1779362734833,121.7510223362274,13145037
2022-02-25,123.82205200195312,124.1985990080535,120.58999906054022,120.84103465400737,10920938
2022-02-28,131.2589111328125,131.94924948013846,123.0375811385821,123.9161866161598,31938385
2022-03-02,132.35716247558594,133.76922321444027,129.40751682683708,130.38027488754994,20502615
2022-03-03,136.71888732910156,137.66026137006605,132.23166851353034,132.23166851353034,19805555
2022-03-04,134.96163940429688,136.4992116233487,132.38854060281372,135.52645351369532,12794317
2022-03-07,133.54959106445312,135.05577918775475,131.0706319724663,132.10614588338728,17635653
2022-03-08,133.26719665527344,140.20199126695107,131.66686827671978,134.3027107638693,28410490
2022-03-09,130.59994506835938,135.55785048703476,129.65857110664385,135.02440779570293,22830958
2022-03-10,131.0706329345703,132.67097378757725,129.94099183380212,132.41993817578378,16516553
2022-03-11,133.32992553710938,133.6751010932222,130.38029226345967,131.35305045381295,12992850
2022-03-14,133.9261474609375,134.30269451809542,131.54132815193336,133.32993624958527,12598659
2022-03-15,131.57269287109375,134.961641419078,130.7254589261478,133.80060341015894,14528285
2022-03-16,131.38442993164062,132.92201514015656,131.13339430900515,132.57683956300752,11933774
2022-03-17,132.7650909423828,133.5181848802561,130.38027219211844,133.04749797703545,28464621
2022-03-21,128.5916748046875,135.55783897621396,128.3406392159063,135.55783897621396,17797415
2022-03-22,130.9765167236328,131.47858803822024,128.05826710823067,128.6544656221248,13285297
2022-03-23,131.8551025390625,132.16889384104417,130.7254615128489,131.47855553032463,9408783
2022-03-24,132.2630157470703,132.54542277305848,130.53716382154508,131.79232885829072,11188958
2022-03-25,131.57269287109375,132.29441540501085,129.72131656511507,132.2630311681534,9842670
2022-03-28,133.2357940673828,133.51820113641918,130.22339241272374,131.57269758654397,12823578
2022-03-29,132.6082000732422,134.58507492324821,131.60405776239483,134.20852794078039,10470515
2022-03-30,136.24818420410156,137.25231384213518,132.9220039801027,133.73785372491702,54218485
2022-03-31,136.05992126464844,136.34232834496385,134.77337174720822,135.27544296577062,10326026
2022-04-01,141.2374725341797,141.67677525715402,135.6206004721449,135.6206004721449,39663961
2022-04-04,142.71229553222656,143.151598274924,140.60989623240044,141.83367727863015,9907530
2022-04-05,146.25814819335938,147.23089368319287,142.39851217059476,144.3126316772878,17167487
2022-04-06,148.51742553710938,149.6470665614636,145.0657212209924,145.1912326342982,17153675
2022-04-07,145.19122314453125,150.55705915615252,144.34398923959102,148.07810037568308,11913911
2022-04-08,145.97572326660156,146.91709725082495,144.7205579543037,146.22675888270152,6746769
2022-04-11,144.9088134765625,147.82707489027862,143.33985710017745,145.912943003809,12413822
2022-04-12,146.2894744873047,146.6346499608325,143.46535330890808,143.87328447720503,14769907
2022-04-13,144.0302276611328,147.70158385179568,142.8064465203127,147.4505482216216,11015439
2022-04-18,145.03433227539062,145.47364774410104,142.80642176823181,144.03020269693874,19069923
2022-04-19,142.99472045898438,146.44642542527552,142.1474863390808,146.0384941028914,15036942
2022-04-20,142.4612579345703,143.7164232027163,140.23333447633064,143.24573622716156,9814641
2022-04-21,142.61813354492188,143.49675166275492,141.36296845321738,141.89641106355188,11134333
2022-04-22,141.4884796142578,144.4694967019815,141.01779270566988,141.2374568109039,12032249
2022-04-25,139.8567657470703,142.39848012793266,139.00953187618268,140.5471039837862,11042683
2022-04-26,145.34812927246094,145.7246762831371,140.79815537030535,142.46125183300927,15389155
2022-04-27,143.9047088623047,146.13261964155075,142.74367072821943,145.1912456527477,12680209
2022-04-28,147.8584442138672,148.2663754194548,144.37536876969494,146.47776772993936,18378146
2022-04-29,142.93197631835938,148.3291856037433,142.4926734852553,147.54470713876879,9026331
2022-05-02,145.31674194335938,146.38362715187031,141.7708980460622,141.7708980460622,12634353
2022-05-04,149.11361694335938,150.27464215095438,146.16398395452876,146.22673965825277,23124643
2022-05-05,146.69744873046875,151.0277716958321,146.13262177529927,149.6157106920094,16481935
2022-05-06,149.61570739746094,150.08639438837062,145.25400028744357,145.25400028744357,17715186
2022-05-09,153.85189819335938,154.66774802512253,147.88986266989485,149.99226211663395,54118806
2022-05-10,152.91050720214844,155.86014039508552,152.18878463888055,154.2598123824839,30997494
2022-05-11,150.11773681640625,155.6404682151928,149.80394554984335,153.1301380826897,15412618
2022-05-12,148.04672241210938,151.81221761834428,145.69328790821254,149.9922257150242,26538994
2022-05-13,148.2977752685547,150.52568586439475,146.289503263512,150.52568586439475,15074553
2022-05-16,147.60740661621094,149.30188711579305,146.22673015124712,147.79568648334205,7960529
2022-05-17,149.77261352539062,150.18054483298732,146.06987305122493,147.41917840641278,15470937
2022-05-18,143.02606201171875,149.52153868313863,142.52399087738127,149.05085178277199,19181550
2022-05-19,143.27713012695312,144.1243641864382,139.103702775324,139.95093683480906,15085602
2022-05-20,143.74783325195312,146.28953571539643,142.30438782713074,144.81471881415843,15148281
2022-05-23,140.95504760742188,145.59916134179153,140.7040120169856,145.59916134179153,11572501
2022-05-24,142.4612579345703,144.12435446850404,140.95505705915485,141.20609266642433,16336858
2022-05-25,141.11192321777344,143.96742871313356,139.66849112208047,143.33984621025868,11062614
2022-05-26,142.58676147460938,143.77917096709453,140.51574655753578,142.46125006201123,14150454
2022-05-27,141.01780700683594,143.49676597105312,140.20195727679805,143.4653817333513,8430491
2022-05-30,143.2457275390625,144.28124137611755,140.76678139210705,140.8922928040286,9305758
2022-05-31,146.16400146484375,147.57606242469868,143.21435535444806,143.24573959416995,26351545
2022-06-01,143.8419189453125,146.22673780215555,143.1829649122743,145.69329517497223,10282009
2022-06-02,141.55125427246094,143.9674446218843,140.9236717002367,143.9674446218843,10071898
2022-06-03,141.83363342285156,143.15155401163676,141.20605097407787,141.83363342285156,16082518
2022-06-06,141.08056640625,142.74364999703815,140.2960881961801,141.83366038063707,12693293
2022-06-07,141.20608520507812,141.99056345621744,140.39022271661295,140.5471183668408,9103195
2022-06-08,140.92369079589844,142.14747187028237,139.98231681000252,139.98231681000252,11240130
2022-06-09,141.11192321777344,141.64536579157735,138.69573313534497,141.01778328870247,9468041
2022-06-10,140.86090087890625,142.74364856417495,139.35471294525124,139.35471294525124,9019239
2022-06-13,139.54298400878906,141.51987168800434,139.00954136981358,139.2291927190152,10186775
2022-06-14,140.54713439941406,142.64954656685558,139.32335329531716,139.5430046770522,17023962
2022-06-15,139.480224609375,142.02193909648835,139.26057326599235,140.73538973521866,5898563
2022-06-16,135.77748107910156,140.76676997357941,135.33817840481024,140.1705588948131,11883333
2022-06-17,132.63955688476562,136.1226448161905,131.9492186984846,134.42816443001146,19675226
2022-06-20,130.69406127929688,132.35715752988816,129.50165192406922,131.2275038737358,7402273
2022-06-21,132.01197814941406,133.76921428102708,130.09785915882722,131.19612854903568,9459619
2022-06-22,132.2002716064453,132.57681859674872,130.66268664108958,132.29441154607122,10257637
2022-06-23,130.88232421875,132.85919870906434,129.37612379473154,131.85506934911788,13114525
2022-06-24,131.13339233398438,133.0475245635234,130.38029824562258,133.0475245635234,9499105
2022-06-27,132.7650909423828,133.8947318491927,131.57268156725064,133.8947318491927,17545390
2022-06-28,131.98062133789062,132.76509956084954,130.75682764915453,131.50993440411526,6770087
2022-06-29,132.48268127441406,134.93025591204,130.81958486883488,131.22751610313927,41502918
2022-06-30,132.98475646972656,134.7733643392145,132.04338256281702,132.73372087424386,22260722
2022-07-01,129.5958251953125,133.61235695597478,128.77996259285518,132.45133153571055,11133663
2022-07-04,132.2316436767578,133.14164607302132,128.6858123363592,128.6858123363592,20178279
2022-07-05,134.39683532714844,135.52647650578947,132.38856306256022,132.41994730427353,20083997
2022-07-06,132.07472229003906,134.39678502993166,130.66266176904136,134.30264510822562,19203527
2022-07-07,133.3927001953125,135.11855251943427,133.11028033589866,133.8320029523536,14069302
2022-07-08,137.31507873535156,137.69162574376278,133.45544317068473,134.30267713166018,17142257
2022-07-11,136.216796875,138.85263846398567,135.68334149571993,138.0681602805733,10826079
2022-07-12,133.9888916015625,136.15404656934234,133.76924023454447,134.99302125664587,8503695
2022-07-13,134.58509826660156,135.99715927192327,133.9575155975697,134.616482507334,10210005
2022-07-14,134.83612060546875,137.59748663083374,133.58095539104838,137.59748663083374,10898403
2022-07-15,131.35305786132812,136.18543931021625,131.03926652651197,136.18543931021625,22067479
2022-07-18,131.94924926757812,133.29855448911516,131.10201526230648,132.01200497756093,15155654
2022-07-19,131.7923583984375,132.73373238699776,131.54132278118104,131.72960268617385,14922395
2022-07-20,131.32167053222656,133.23580273687068,130.85098354107163,132.60822008199742,14181034
2022-07-21,133.2357940673828,133.80060820545552,131.44717340281593,131.76096470983455,12461554
2022-07-22,131.7923583984375,134.27130479436545,131.4785670689174,134.27130479436545,9272199
2022-07-25,130.47442626953125,132.4199297934248,130.1606349667032,131.79234718776877,6635194
2022-07-26,131.22752380371094,132.41993334003394,129.9723585587817,130.47442976403386,11451315
2022-07-27,132.2002716064453,132.41992295343897,131.41579338989652,131.72958467651603,9209354
2022-07-28,134.4281768798828,134.80473662381834,131.82371951625987,132.4199178304917,13192642
2022-07-29,134.27130126953125,136.6875046579683,133.5809629163499,135.8088864047368,15433067
2022-08-01,137.40921020507812,138.1623170136345,134.39682127545612,134.9616481898231,12136557
2022-08-02,139.69989013671875,140.2019613453123,136.4050813468518,138.036793622479,17748747
2022-08-03,140.32748413085938,141.0492067636017,137.84853766209477,140.17058846148942,12406038
2022-08-04,138.5702362060547,140.7040067239939,137.50333817888503,140.5784953175975,9712267
2022-08-05,140.35887145996094,141.04920986673605,137.3464694345027,139.1350775510299,14099223
2022-08-08,139.2605743408203,142.02194019262882,138.75850317932785,141.20607774725357,8392041
2022-08-10,140.2647247314453,141.14334301047282,138.4133609888032,138.53887241372058,8585266
2022-08-11,139.8567657470703,142.39848012793266,139.1350432762403,140.98641942038677,5040626
2022-08-12,143.12022399902344,143.46538678489264,139.32334397705296,139.95092660758021,13279062
2022-08-16,143.62228393554688,144.312622282663,142.49264284977542,143.84193530487454,11298246
2022-08-17,143.40261840820312,144.940190609895,142.90054724085056,143.6222697558448,11225465
2022-08-18,145.19122314453125,145.41087448756022,142.93192847529068,143.05743988039296,11360485
2022-08-19,144.5891876220703,145.57148642466726,143.03650180852262,144.77930373212206,9829530
2022-08-22,143.1949462890625,146.2686256214924,143.00483016846633,144.55750317453152,9190493
2022-08-23,144.2089385986328,145.0328008403845,142.08587872529242,142.56118832793314,8903751
2022-08-24,145.41302490234375,145.729897924919,143.5434792265883,144.08216078624696,13007225
2022-08-25,143.416748046875,146.395349568978,142.6562449882803,146.07847651796288,12124365
2022-08-26,146.04676818847656,146.5220777133602,143.60684853945972,143.60684853945972,7966045
2022-08-29,143.8920440673828,145.06447166696526,142.9731045698535,144.6525341607346,7517013
2022-08-30,145.50808715820312,145.92002465995805,144.55746810504377,144.62084012986853,7214498
2022-09-01,143.2899932861328,145.82497773310055,142.59287514193622,142.62456760496238,13109081
2022-09-02,142.0858612060547,145.03278295779026,141.83237309744666,144.17722835724678,6897237
2022-09-05,141.5789031982422,142.94146010253044,140.50152692558663,142.59289453622435,18055474
2022-09-06,142.62457275390625,144.4941186935991,141.9591341551149,141.9591341551149,14103701
2022-09-07,142.21263122558594,143.82867608768714,141.35707654640322,141.35707654640322,7866745
2022-09-08,142.21263122558594,143.79699651799754,141.61056467831088,143.2266224340098,7187735
2022-09-09,141.2620086669922,143.32168349779923,141.008507647558,143.25831146634005,9162027
2022-09-12,141.9274444580078,142.4027540682404,140.81838870079847,141.6739563140958,8778919
2022-09-13,143.73362731933594,144.1772444525199,141.83238893095105,142.14926199568188,11278383
2022-09-14,147.37765502929688,147.7895796635344,142.40273802126052,142.59286700136778,25072958
2022-09-15,150.57809448242188,150.99003209098075,147.2509269337224,147.94804517473003,23606369
2022-09-16,149.34226989746094,151.11675122768267,147.91634118340548,151.08507165908426,29399642
2022-09-19,147.75790405273438,150.89494205333267,146.80728491393523,149.5323853756678,13920046
2022-09-20,147.47271728515625,149.7225211734558,147.09247219105436,148.29659240037526,20162973
2022-09-21,143.8920440673828,148.51838244019928,142.14924245098842,148.20150941903665,14468837
2022-09-22,139.48753356933594,143.4801397160203,138.88547984744508,141.95914628425487,26264530
2022-09-23,128.3653106689453,139.2657412300826,125.54513206373429,138.3468143065963,87162722
2022-09-26,127.28792572021484,132.67476859071994,118.09860552935324,126.7492440118843,167547134
2022-09-27,129.82290649414062,131.755837561623,127.54142275281025,130.42497312031355,54127095
2022-09-28,131.62905883789062,133.34018103137876,128.3652767619358,130.04469359962235,52877873
2022-09-29,131.81918334960938,134.4175396734544,130.58338366314553,132.42123696227702,36761869
2022-09-30,134.48095703125,138.60030789942385,131.18548149415142,131.18548149415142,62897614
2022-10-03,133.5937042236328,136.0336245168524,132.45295590528627,134.9879407073013,11740863
2022-10-04,132.10438537597656,134.575998043832,131.8192047539005,134.41756149965664,19179333
2022-10-06,130.74185180664062,133.6570818725465,130.29822171151582,132.35789694956674,20692745
2022-10-07,132.70643615722656,132.9282447139057,129.28420463235645,129.28420463235645,14282850
2022-10-10,132.4212646484375,134.3225032673302,131.53403027450057,131.78751844213994,16834226
2022-10-11,132.04098510742188,134.00559525645417,130.90024996940127,133.0866686541379,17807162
2022-10-12,136.60400390625,136.85749208127737,132.67476957652647,133.37188784505165,35288330
2022-10-13,135.58999633789062,137.71305645416953,135.14637914876946,136.22374254726353,16436903
2022-10-14,134.76611328125,138.15665240137147,134.06899513684334,138.15665240137147,23365190
2022-10-17,134.2591094970703,136.22371983992244,133.72042788761695,134.3224815287241,9520537
2022-10-18,134.5760040283203,136.25543404998186,134.06901480057314,134.9562491725306,13256574
2022-10-19,135.5583038330078,137.45954227977202,134.95623725537342,134.98792972025888,11595367
2022-10-20,137.8397979736328,138.15667107242277,134.57600247737633,134.70275945305198,16371066
2022-10-21,137.71302795410156,138.72701910053019,135.62166073854502,136.47721536541926,11634491
2022-10-24,138.69534301757812,139.58259021057617,138.53690647931413,139.2974095991404,1132859
2022-10-25,138.47352600097656,139.04390008267495,135.78010501468754,138.69533456230437,20622687
2022-10-27,141.895751953125,142.49780558043685,137.74470991135223,138.98052252147255,24298489
2022-10-28,143.73362731933594,145.1278636467123,141.45213093839567,141.83238893095105,11669879
2022-10-31,144.5891876220703,145.92005196682655,143.67024796255876,144.46243065510396,11755682
2022-11-01,149.025390625,149.50070017649782,145.6348517363683,146.17353331601313,15220278
2022-11-02,147.8529815673828,149.91265654951874,147.56778806446647,149.02540936310973,12884449
2022-11-03,144.52581787109375,148.04310134546196,143.67025023473514,147.66285622574628,9358215
2022-11-04,143.32168579101562,145.41304022421622,142.59287518358002,144.4941135193611,8059667
2022-11-07,144.4940948486328,146.9657069444997,143.48010377929143,144.0504777850447,14862038
2022-11-09,138.63194274902344,146.39533154296876,138.1883256896649,146.39533154296876,22831150
2022-11-10,136.1920623779297,139.51922996260092,135.3048151099641,136.88918062647423,16217631
2022-11-11,135.6533660888672,138.0615936787509,135.33649301965104,136.88916590137083,12123886
2022-11-14,137.14584350585938,138.67076510697518,136.43205182044179,136.88627929243907,18460862
2022-11-15,140.16323852539062,140.48769046642164,136.04270151469362,136.26981523301868,15258103
2022-11-16,140.8770294189453,141.1041431360833,138.50852762140175,140.13078731807772,9825807
2022-11-17,141.65570068359375,143.0508332512622,140.32544265165265,140.74723274973016,9449665
2022-11-18,141.6881561279297,141.9801707880512,140.71480033149055,141.6881561279297,5828998
2022-11-21,142.1423797607422,142.43438118397145,140.48766982382605,141.1365736105412,4712051
2022-11-22,141.33128356933594,142.23973852475459,140.74726738229216,141.78551104704528,4366445
2022-11-23,139.6116485595703,141.98014995713586,139.02763252699538,141.62324760334536,13510578
2022-11-24,143.24549865722656,143.4077245900207,139.57918993568293,139.773866335828,7622243
2022-11-25,143.14820861816406,143.34288508380635,140.5525928201847,143.24554685098522,10989671
2022-11-28,143.60244750976562,144.18645049542644,142.2073013953864,142.2073013953864,4526153
2022-11-29,142.33706665039062,144.2188905852632,141.81795145586327,143.60243716614212,6476054
2022-11-30,145.35447692871094,145.97093036703464,141.2339397097447,142.33707108421368,17317951
2022-12-01,143.99179077148438,145.9060521648081,143.0833225908282,145.35448644147627,13241961
2022-12-02,142.6291046142578,143.73223613449576,141.8179746134988,141.8179746134988,12880949
2022-12-05,143.99179077148438,144.21890451615224,140.9419342508518,142.56419414417186,16477957
2022-12-06,145.03001403808594,145.451804191345,142.36951082811945,143.7646567802918,11299945
2022-12-07,143.4402313232422,145.41938055848374,143.0508783702245,144.60825057633917,5813973
2022-12-08,141.33128356933594,143.95933660805616,140.74726738229216,143.9268993322109,11176439
2022-12-09,140.94190979003906,142.0774915182801,139.9685540229753,141.7206023248796,6020031
2022-12-12,139.87124633789062,141.46105567361232,139.25477968784722,140.1632478233957,8194429
2022-12-13,140.35789489746094,140.68234679209033,138.24895758237,139.87121705551687,8235450
2022-12-14,142.23971557617188,143.11574631639326,140.35790501328148,140.35790501328148,10055353
2022-12-15,140.39035034179688,143.0184163093379,140.09834887961813,142.43440018299734,5385778
2022-12-16,138.34629821777344,141.5908175305916,137.95695854063183,139.51433045118114,11166617
2022-12-19,142.04507446289062,142.23973772281806,138.54099056236828,138.89789300854517,7758862
2022-12-20,141.00682067871094,142.04506426305733,138.80054481073523,142.04506426305733,6541929
2022-12-21,140.19570922851562,141.6232926942385,138.76811256080757,140.84461320420516,7005861
2022-12-22,139.51434326171875,140.8121511060138,138.11919718870473,140.2281349356842,6961415
2022-12-23,137.0809326171875,139.7089983812921,136.56180427796272,138.47607847711978,4554651
2022-12-26,137.4702911376953,139.02766316712876,136.88627497640977,137.24317740885758,6864331
2022-12-27,137.98941040039062,139.64410734535642,137.4378447520687,138.184073639925,13115851
2022-12-28,140.00099182128906,141.72058949448447,137.89205451691274,137.89205451691274,16815549
2022-12-29,140.00099182128906,140.48766966076053,138.54095830287469,138.8978606659463,22536873
2022-12-30,138.6707305908203,140.64989237328993,138.37872917464395,140.19566501435315,4643134
2023-01-02,139.54678344726562,139.83878490990375,138.216525224174,139.2223315101197,5959394
2023-01-03,139.90365600585938,140.29299564369938,139.09252625953368,139.6765423172845,2873110
2023-01-04,136.95114135742188,139.77387002208778,136.5942390150701,139.77387002208778,9954542
2023-01-05,135.49114990234375,137.50274950489128,134.06355329261174,137.50274950489128,21273509
2023-01-06,135.0369110107422,136.46450763944154,134.68002175505598,135.06936148943404,11510471
2023-01-09,135.68580627441406,137.5351797956969,132.5386249203736,135.75069402565515,52485126
2023-01-10,137.43783569335938,137.85961261887547,135.62089969889706,136.20491578297296,17248326
2023-01-11,137.53515625,138.24896099740218,136.33468685061354,137.697382201322,9164361
2023-01-12,138.54095458984375,138.80051873766823,137.17825931624148,138.57340505906467,21179555
2023-01-13,138.86541748046875,139.7414349970753,138.41119008726002,138.60585331207147,6560245
2023-01-16,139.9361114501953,140.09833740522637,138.0218372596395,139.51432132671815,8362194
2023-01-17,141.72061157226562,141.9152748171908,139.44944796758824,139.93612588287624,13000571
2023-01-18,142.33706665039062,142.85619504690152,140.4228054419758,141.65572548220155,11171369
2023-01-19,143.24549865722656,143.56995052281485,141.88280346215183,141.98014166222436,11586815
2023-01-20,144.86778259277344,145.28957273008058,143.40774894962118,143.40774894962118,10112645
2023-01-23,146.06826782226562,148.14476826002868,145.06247468074105,145.35447616009054,14393610
2023-01-24,143.3752899169922,147.041599042419,143.08328848658772,146.81448535188423,6150893
2023-01-25,142.36952209472656,143.5699917013239,141.33127846745276,143.21308926601853,5790331
2023-01-27,142.27218627929688,143.69976964075838,140.8121524406268,142.30463675650546,10458603
2023-01-30,137.4702911376953,142.01261852238562,136.62672397315745,141.46105283749858,24288177
2023-01-31,140.58502197265625,142.88862272273147,137.66495464288394,137.9569560950681,20997546
2023-02-01,140.52015686035156,146.00339000415826,138.60588227021728,146.00339000415826,20246369
2023-02-02,138.02186584472656,140.87704588499324,137.14584814652713,140.16325417542276,12820663
2023-02-03,139.4169921875,139.61166862700094,136.52937528079426,138.34629817421057,10815686
2023-02-06,140.8445587158203,141.0392219120269,138.24894381722498,138.50849474550046,6948201
2023-02-07,140.71478271484375,141.59080018157027,139.5792010944994,141.461024705752,10035526
2023-02-08,140.81443786621094,141.64471167438435,139.78489293864746,141.37902135305464,12432719
2023-02-09,141.3790283203125,142.10966660479727,140.81444480564573,140.81444480564573,7011082
2023-02-10,142.20928955078125,142.441763505184,140.71479675502988,140.74801311147482,10892159
2023-02-13,143.47129821777344,143.80340770438866,142.14286027131257,142.2092794659217,7710133
2023-02-14,142.80709838867188,144.16875287175986,141.31260549855787,144.16875287175986,6010681
2023-02-15,142.47499084472656,142.93993878937397,141.4786622374208,141.6447170053051,8107497
2023-02-16,142.54141235351562,144.06912164817703,142.14288360686496,144.06912164817703,3963115
2023-02-17,142.01004028320312,143.4048976050133,141.4786596303367,142.14287868963405,6491149
2023-02-20,143.33848571777344,144.13554322418344,142.2757243577974,143.20563379099042,6841917
2023-02-21,144.26837158203125,145.29791651016026,143.504530488949,144.5008590593044,6701434
2023-02-22,142.57461547851562,144.33479858586927,141.4786513917807,143.47130845363674,9128659
2023-02-23,141.64471435546875,143.40489756482776,141.2129692643322,142.8070977089134,10345874
2023-02-24,142.84031677246094,143.07279074483827,141.08013352976693,141.08013352976693,9808830
2023-02-27,145.5968017578125,146.09496601589842,142.5081941685362,143.7701994781642,17763618
2023-02-28,147.62266540527344,148.1208296304881,145.29789902093842,146.52670140708733,36559278
2023-03-01,145.39755249023438,147.62268360107973,144.40122391699873,147.15773567233157,12896085
2023-03-02,146.3606719970703,146.79241710302887,143.33848328250397,144.7997598572864,79708558
2023-03-03,147.52304077148438,149.74817177268096,146.3938738495549,146.3938738495549,9951869
2023-03-06,150.87734985351562,151.9733139156786,148.1208382770361,148.78505728276272,15659957
2023-03-08,151.47515869140625,151.67441629686058,149.91423312403964,150.74450693069377,11591495
2023-03-09,149.98068237304688,153.0692904634263,149.78141123205413,152.10617814696408,13941653
2023-03-10,150.4788360595703,151.54158387129706,147.62268864658128,147.62268864658128,9605434
2023-03-13,150.17991638183594,152.80358959561275,149.71496847740482,151.47515156744336,13209653
2023-03-14,149.5821075439453,151.27587133312494,148.7850501805488,149.54890470338609,9583405
2023-03-15,151.64122009277344,152.80360347298742,149.91423968845532,150.51203955813685,12228069
2023-03-16,154.19847106933594,154.69663540823308,151.67443301349485,152.4050713411628,18437817
2023-03-17,152.5710906982422,155.42723765023408,151.6411949590536,155.39402129659047,33711025
2023-03-20,151.1098175048828,152.3718362658793,149.64854115861513,149.64854115861513,9281411
2023-03-21,148.22047424316406,151.24266261948995,147.75551282971912,150.94376947150914,11272787
2023-03-22,148.85147094726562,149.24999963317276,146.65955641799147,148.1208327708409,7589846
2023-03-23,147.55624389648438,149.1171557416227,146.95844413289095,148.78504626335626,17091298
2023-03-24,147.72232055664062,148.95112310585876,146.65957277119713,148.12084928698553,10371666
2023-03-27,146.19461059570312,150.27956046691017,145.82929822536275,148.05442934613646,19983733
2023-03-28,147.52304077148438,148.18725978757712,145.26469341405493,146.95845731051963,8689166
2023-03-29,147.7555389404297,148.5858128466213,146.4935334138766,147.52306494941058,19743258
2023-03-31,149.91424560546875,150.6116810665531,148.1208594392121,148.78507853983638,10202058
2023-04-03,149.18359375,151.01019611084132,148.68542946977053,151.01019611084132,7643214
2023-04-05,149.8810272216797,150.51202989643315,148.58579200158516,150.51202989643315,12019382
2023-04-06,149.6153564453125,151.04343025283242,149.2168276769185,150.91057832098608,4282875
2023-04-10,152.13937377929688,152.37184773639873,149.44928131028348,149.58211971046433,4145643
2023-04-11,153.6670684814453,154.09881354970818,151.74083060935985,152.03973727826673,5106602
2023-04-12,150.97698974609375,153.79992060156155,150.81093498988977,153.700285045125,9118795
2023-04-13,153.5674285888672,153.86633524933387,150.77771417259962,150.9769852795774,11428621
2023-04-17,157.18743896484375,159.34615085097062,154.2980888353574,154.49734643978033,21815047
2023-04-18,152.96966552734375,157.75203768543105,152.53792040570076,157.35350892451916,13482833
2023-04-19,152.73715209960938,153.70027774800928,151.87367551648566,152.10614946142013,8264190
2023-04-20,153.36817932128906,154.69661740373664,152.5379055197593,153.33496296379948,7308750
2023-04-21,153.79995727539062,154.3313245138063,152.50472176000628,153.96601207119062,5030650
2023-04-24,154.0655975341797,154.29808500392332,152.73715948339625,153.43459486548582,5725067
2023-04-25,154.6966094970703,155.36082850434536,153.20211673070148,153.63386178814432,8338703
2023-04-26,158.2834014892578,159.08045892604767,154.09881616218397,155.46047058973505,13581018
2023-04-27,156.7224578857422,158.28338324940225,155.09512684250126,158.08411215638245,9794457
2023-04-28,157.58596801757812,158.05091594244394,154.82945628526247,157.38669689916648,10585487
2023-05-02,159.47897338867188,160.17640871869764,158.2501709861419,158.54906411982742,6732907
2023-05-03,159.21328735351562,160.7409964441567,158.61550107015785,159.4125584570149,4789217
2023-05-04,158.64871215820312,159.87751465746803,156.0582552459115,159.18009278610884,9189783
2023-05-05,160.11001586914062,160.40890905200754,158.2169806657439,158.61552292766228,3896441
2023-05-08,162.56759643554688,163.56392491216923,160.1431944397185,160.6413586780297,8758321
2023-05-09,161.67091369628906,163.99568028822625,161.20595226975922,162.10265876607727,9166941
2023-05-10,164.49383544921875,164.69309303792295,162.46796212585483,162.83328797550075,9689409
2023-05-11,165.09165954589844,165.5233911417651,163.79642421758263,164.52706251086306,12616726
2023-05-12,160.574951171875,165.7890678763965,160.17642245492783,165.29090360181985,13853807
2023-05-15,161.57127380371094,163.16540212668772,160.97347399339836,161.67090935769141,12187763
2023-05-16,159.81109619140625,162.43476947258188,159.4125674754318,161.77055044143424,11418509
2023-05-17,158.6155242919922,160.67460077080352,157.7188177085347,160.01038167998877,11560929
2023-05-18,156.52322387695312,160.07679313809277,155.82578845992708,160.07679313809277,14497723
2023-05-19,155.22799682617188,157.7520347882121,154.09882977206402,156.52323216731307,10071694
2023-05-22,155.6597137451172,158.74833467476694,154.53054689553622,155.89218768314038,12566129
2023-05-23,155.4936981201172,157.1210431228186,154.99553376464036,155.4604952712292,12458561
2023-05-24,156.6228485107422,157.98448937785818,155.99183234089492,157.95128653538438,8877971
2023-05-25,158.05091857910156,159.6118441677003,156.95496795026756,157.884863815512,12502747
2023-05-26,157.61917114257812,158.01769983237273,155.9586236737923,157.98448347756906,6811801
2023-05-29,155.75936889648438,158.3166095637124,155.49367857091897,158.21697400242894,13638297
2023-05-30,156.15789794921875,156.68927860144245,155.22798856461293,156.68927860144245,9469926
2023-05-31,155.32763671875,156.22432981769887,152.77039583894305,156.0914914006592,48104157
2023-06-01,154.7630157470703,155.49365389123108,152.8035752449707,154.72979939405744,8804790
2023-06-02,155.82577514648438,156.15788464744173,154.82944664361227,155.42724644804957,6617781
2023-06-05,156.48997497558594,158.08410308758621,155.9586079472982,157.05455835532788,27428302
2023-06-06,156.29074096679688,157.41990789649117,155.72614398837916,157.05458202969976,6898603
2023-06-07,158.8811798095703,159.44577677190117,156.85531996242085,157.22063230523295,11153571
2023-06-08,160.508544921875,163.03256934190404,158.91441641189397,158.91441641189397,19300834
2023-06-09,162.66725158691406,163.06578032287075,160.60817518982836,161.7705585526187,11037141
2023-06-12,160.508544921875,163.69678842826514,160.20963822486937,162.7336761584703,8188909
2023-06-13,160.90704345703125,161.70410080557022,160.37566288229235,160.7409887166215,6443218
2023-06-14,163.72999572753906,164.19494365683383,160.8074292065645,160.8074292065645,10297426
2023-06-15,163.69679260253906,164.02890215418842,161.93662278965527,164.02890215418842,9732749
2023-06-16,163.69679260253906,164.29459249822236,162.40157075653548,163.66358975551748,9702361
2023-06-19,161.47166442871094,164.9256119407352,161.0067164528483,163.696795765035,10431647
2023-06-20,165.22450256347656,165.85550530854132,161.90340703456246,161.96982624242628,13426365
2023-06-21,171.5013427734375,172.06593974212504,165.22447854180027,165.25769489768905,31172093
2023-06-22,168.41273498535156,171.36850416730525,167.84813801735496,171.36850416730525,7430965
2023-06-23,166.12118530273438,169.14338745116493,165.75587292545944,168.4459520281205,5593393
2023-06-26,165.05844116210938,166.22082455057492,164.16174810800743,166.05476978079415,7305362
2023-06-27,165.755859375,166.08796888004824,164.49384055310264,164.7927337022179,11142907
2023-06-28,166.15438842773438,167.71530040202927,163.69676997706736,166.58613348791903,17808717
2023-06-30,169.47549438476562,172.49768297328495,166.85182101248765,170.37218740523682,17659979
2023-07-03,166.38685607910156,169.34262516290318,165.72263709275785,169.0769483792216,12467239
2023-07-04,165.78907775878906,167.71531577135258,165.52338742713002,167.71531577135258,8637967
2023-07-05,168.2134552001953,168.67840307666336,165.72263404718154,165.8554724365811,5340907
2023-07-06,174.49032592773438,175.088125730562,168.97731633482869,172.66372367738722,16705046
2023-07-07,169.6747283935547,174.39069383338955,169.17656417218362,174.39069383338955,13149183
2023-07-10,166.05474853515625,170.30575280037024,165.0584200439453,169.67473664779465,15319047
2023-07-11,168.37954711914062,169.64156615134772,166.08799655785947,167.38321843796228,7486045
2023-07-12,167.41641235351562,169.2097983337641,166.81861252224252,168.71163405996498,9390877
2023-07-13,161.47166442871094,167.51605568278777,160.54175496341315,167.21716248595786,30591450
2023-07-14,159.44580078125,162.33515117116136,157.22065597951948,161.40524172599262,72085831
2023-07-17,160.07676696777344,162.7004264151371,158.88116745221305,161.07309539288406,11474161
2023-07-18,160.17642211914062,161.87017254100806,159.14687721507886,160.07678656172,14940593
2023-07-19,161.57127380371094,163.53071447318908,159.7778878863435,160.07678103471463,22954874
2023-07-20,162.23548889160156,163.2982365767138,160.9402672618663,162.03621778845613,10249082
2023-07-21,162.1358642578125,163.59715424761484,160.87384538457394,161.5712807789763,18466409
2023-07-24,164.36099243164062,164.82595385756824,161.30558761748057,162.1026585561119,14825562
2023-07-25,166.81861877441406,167.05109274151903,164.8259616045351,165.35732874169338,10500017
2023-07-26,166.71900939941406,169.80763120056412,166.0547902384602,168.64524766889488,12898171
2023-07-27,166.51971435546875,168.31311394089295,165.855495289809,167.383204546255,10836773
2023-07-28,171.5013427734375,173.46079695875883,166.1211715015241,167.25035192532886,17518458
2023-07-31,176.71548461914062,177.34648731464438,172.13237044649736,174.0253920465799,24269734
2023-08-01,167.2503662109375,174.0253952781705,166.3868760197775,174.0253952781705,31395702
2023-08-02,165.09165954589844,168.5788097540556,163.79642421758263,167.9810098728,20825405
2023-08-03,165.1912841796875,166.4533031679336,163.46431722851653,165.39055531441085,10882019
2023-08-04,164.29458618164062,165.42376672197855,163.79642187331936,164.72633128490008,7406390
2023-08-07,164.693115234375,165.35733431338207,163.39789343573992,165.25771226238842,6345966
2023-08-08,163.54188537597656,166.08135564578987,162.9662748703205,166.08135564578987,15171726
2023-08-09,162.7631072998047,164.8962650237864,162.35679482321476,164.55766899704352,18442141
2023-08-10,163.7450714111328,164.32068199729795,162.5599851194652,162.8985812027988,9962450
2023-08-11,165.43804931640625,166.7585685103575,164.4222610818254,166.25067439306707,23866073
2023-08-14,165.57347106933594,166.11523026890987,163.03400065416207,165.81048555258374,9188486
2023-08-16,167.97750854492188,168.38382105577912,164.59154799193018,165.64118749685235,9191471
2023-08-17,165.03170776367188,168.48539846438538,164.01591962287577,167.97750439398735,15301142
2023-08-18,163.2032928466797,164.9978546314083,162.59381721332736,164.9978546314083,12292241
2023-08-21,167.40187072753906,167.74046675552964,163.6773144196427,164.08364067523752,9129526
2023-08-22,167.80821228027344,169.3996110013971,167.06328992878207,167.94364519281245,11107830
2023-08-23,169.02716064453125,169.29804026445632,167.4018967024905,169.29804026445632,8487619
2023-08-24,166.79238891601562,171.09255520079796,166.45379292859172,169.29799371195008,18982087
2023-08-25,163.88047790527344,167.53731777105793,163.4741654262991,166.69082769923318,12851343
2023-08-28,168.28224182128906,168.62083788129166,164.25295421826178,164.55768516126054,11908665
2023-08-29,170.07681274414062,171.32961547730676,168.34996723524296,169.02715939127975,12363321
2023-08-30,167.33416748046875,170.3815319728276,166.89398985384852,170.1783826065089,6748007
2023-08-31,165.60731506347656,169.02712651989197,164.93012303913605,167.84204047729608,20715819
2023-09-01,170.787841796875,171.05872139188168,166.04749710553818,167.2664483943139,13120723
2023-09-04,172.95486450195312,173.69977305389503,169.8397836081452,171.7359132151329,10240031
2023-09-05,172.2099609375,174.03837414317573,171.32960567402122,172.88715305478863,10893186
2023-09-06,172.3453826904297,174.20766089238916,170.75398407334777,173.83519974099406,10018473
2023-09-07,174.0383758544922,174.51240483025177,170.7539968088489,172.00679948264985,13760453
2023-09-08,175.15573120117188,176.95029293746228,174.10607798442433,174.88485161838142,16781751
2023-09-11,179.11729431152344,179.45589033101592,174.44466648702573,176.30694459423438,17683806
2023-09-12,172.72914123535156,184.42198920287146,172.14223312560563,183.29333565817825,29826173
2023-09-13,174.4446563720703,175.7087563713827,172.72910881711854,174.4446563720703,10692151
2023-09-14,176.2053680419922,176.65682941414948,174.89613281823756,175.34759419039486,10941807
2023-09-15,175.25732421875,177.15345386716623,173.54176260064907,177.10830497083302,20516593
2023-09-18,180.67483520507812,181.0359987689261,175.25729908231725,176.29565466151035,25627043
2023-09-20,184.7831268310547,185.95692910790805,179.18500879241608,179.41073946959915,33369524
2023-09-21,182.02923583984375,185.5957780238209,180.94571749445132,185.09916774510071,20332556
2023-09-22,179.8170623779297,183.20302273235347,177.33402478468557,181.08116251008602,21193988
2023-09-25,179.5913543701172,181.17146940175098,177.60492680013664,180.58457504386232,11951847
2023-09-26,179.09474182128906,180.62970781661915,178.41754972533386,179.77193391724427,7440011
2023-09-27,179.99765014648438,180.2233808269904,178.14665581083375,179.95250125488172,6736870
2023-09-28,181.26173400878906,184.60254527985063,178.59811477013895,180.6748397583687,50185120
2023-09-29,180.35882568359375,182.30010415366542,179.77193138636508,181.4423302663665,16293959
2023-10-03,180.17823791503906,180.58455039793284,177.78548435576175,179.45589695794575,10830728
2023-10-04,179.681640625,180.0428042408809,176.4311129720367,179.59134283227536,14120040
2023-10-05,177.51461791992188,180.13308838036264,176.3859644839547,180.13308838036264,14575590
2023-10-06,177.92092895507812,178.28209254064868,175.93450167942478,177.87578006250487,12857229
2023-10-09,177.19857788085938,177.78547211825185,174.94127115626245,177.42430855331907,7853369
2023-10-10,178.73355102539062,179.2753101725064,176.7019748899675,177.19858514523906,7440527
2023-10-11,179.23016357421875,179.81705784318166,178.19180793605125,178.19180793605125,10031916
2023-10-12,181.26173400878906,182.39038739614142,178.19180230619352,178.19180230619352,21872719
2023-10-13,182.2097930908203,182.75153841302418,179.95248647120536,180.99084200522574,13105921
2023-10-16,183.3384552001953,184.06079610864305,180.67483601670705,180.85541779944225,18336656
2023-10-17,187.04043579101562,188.71084833271482,182.9321484402279,183.78992226805698,19378328
2023-10-18,186.4535675048828,188.2142642972479,184.19626039223292,188.2142642972479,14923328
2023-10-19,185.82151794433594,187.2661861807565,182.5709903017493,184.19625412304262,13192888
2023-10-20,183.15789794921875,185.2797582911917,181.3971874435809,185.2797582911917,22081120
2023-10-23,180.35882568359375,185.23460319482527,179.68163359717224,182.39040194285826,6988219
2023-10-25,180.1331024169922,180.99087633966658,178.5981363799682,179.68164100742578,16817158
2023-10-26,179.63648986816406,180.58456157191836,177.2437499383396,179.45590806209387,11070090
2023-10-27,181.44232177734375,182.20981161705004,179.81705809047062,179.90735587543875,9995487
2023-10-30,181.35203552246094,182.57097293937926,178.46267176937872,181.4423195288026,7679981
2023-10-31,182.5258331298828,183.24817410409682,181.08116495896292,181.93893883818225,7474770
2023-11-01,181.44232177734375,182.70642187935957,181.03600930000238,182.70642187935957,5598615
2023-11-02,183.3836212158203,183.88021772034085,181.39718008770546,182.16466995788693,12924797
2023-11-03,184.55740356445312,186.45354683993008,183.38361501797547,183.6544808194656,8684015
2023-11-06,187.98851013183594,188.6657021811419,185.05401125151008,185.09916014363196,9804415
2023-11-07,187.80795288085938,188.80117352729073,185.77637646748468,187.98853469543525,10730361
2023-11-08,186.905029296875,189.2526342096752,186.58900078947562,188.7108749905646,7435543
2023-11-09,189.43321228027344,190.06525550507354,186.09240056846517,187.17590520776662,13777877
2023-11-10,190.6521453857422,192.32255809143655,189.25262605544054,190.06525107158402,12066023
2023-11-13,191.6905059814453,194.21869248180155,190.24582404481086,191.41962639613786,11352269
2023-11-15,189.7491912841797,194.12837169147838,189.43317662002298,194.12837169147838,19182861
2023-11-16,190.71568298339844,192.23442153364775,189.33501923490158,190.2554617338995,27533260
2023-11-17,192.83270263671875,193.93723082137438,190.4395465326,191.17590333731636,16705395
2023-11-20,192.6486358642578,194.39747115795637,192.23443950994385,193.3849927412822,11156900
2023-11-21,192.3264617919922,193.43099000729424,191.40601927176746,193.29292924719584,9608081
2023-11-22,194.76564025878906,195.68608276654356,191.6361273055209,191.6361273055209,13079580
2023-11-23,194.12130737304688,196.14629200189987,192.60258294624435,195.1798246190086,11382709
2023-11-24,193.70712280273438,195.22586136629346,192.8327052299908,194.48950455167432,7250200
2023-11-28,193.47698974609375,197.3888699476114,192.83268287481107,197.3888699476114,15629209
2023-11-29,194.25941467285156,194.62758609706478,192.46455440134295,193.56908271882213,10062023
2023-11-30,192.3264617919922,195.87017111279275,191.68215483680254,193.66110063735042,60354322
2023-12-01,193.47698974609375,195.54798514689722,192.78665794582594,194.67356767552528,20719909
2023-12-04,195.96221923828125,197.06676156775268,194.85769095364898,194.85769095364898,27914088
2023-12-05,204.61436462402344,205.4887821646929,194.7196080360259,196.69855373569038,40709207
2023-12-06,206.5472869873047,208.25011119400844,204.7984518924503,208.02000057390455,29544730
2023-12-07,211.70176696777344,213.91082326602393,206.4092227935791,207.09955464238706,24534268
2023-12-08,210.4131622314453,214.83127501895567,208.43420241906983,213.3585754380649,22206320
2023-12-11,212.57618713378906,214.37104715395503,208.5262458552178,209.8608846371444,19106395
2023-12-12,212.9443817138672,214.7392418112625,211.24155744117732,211.7017786992191,14355329
2023-12-13,218.09884643554688,218.6050926168904,212.25404501774537,212.62221639790184,26878281
2023-12-14,213.6347198486328,218.69715383514222,212.7142773056311,218.37499332715618,29972018
2023-12-15,218.46702575683594,219.15735760897064,209.07850133193375,216.30398033554548,41341690
2023-12-18,213.40460205078125,218.05282550106932,213.0364166190341,218.05282550106932,29051897
2023-12-19,214.96934509277344,215.75171277780075,212.48415319325767,213.680717187398,12612164
2023-12-20,209.07850646972656,216.67215702981113,208.20408891116924,216.25796071731955,20400245
2023-12-21,213.8648223876953,214.64719009272403,204.98254375709897,206.59331814636982,17755207
2023-12-22,213.3125457763672,215.56762705435582,212.16199267077727,214.46309888195708,9735375
2023-12-26,214.78524780273438,217.04032895928128,212.66822739348828,213.54264489767948,6772092
2023-12-27,215.42958068847656,217.08638008015362,214.00289193328692,216.30399829816096,10231881
2023-12-28,220.0778045654297,220.86017225356414,215.475592124035,216.39603461231394,39164340
2023-12-29,218.3289794921875,219.295447020448,216.0738979561392,218.8812506640047,12665999
2024-01-01,219.29541015625,220.44596320009182,217.5925860334293,218.9732496860395,5952776
2024-01-02,218.92724609375,220.9982416416608,217.36248266612523,220.906191777152,9128513
2024-01-03,218.19088745117188,219.7096118887511,215.93580623831522,217.22442006142265,8284439
2024-01-04,222.24082946777344,223.75956795579253,218.19088825606391,219.06530578531513,19663959
2024-01-05,222.05674743652344,225.50840672310153,220.26188741647036,222.74707929383905,16345257
2024-01-08,223.06924438476562,225.73852200356993,221.27437028281187,223.1152552736667,13585746
2024-01-09,223.02322387695312,225.18625535723046,222.28686705703055,223.29935944002887,8688409
2024-01-10,220.12380981445312,222.83912632118046,219.06530659798605,221.8266339920783,16872195
2024-01-11,222.70108032226562,223.759597720448,220.16986321703357,221.13633073890819,18812468
2024-01-12,220.4459686279297,223.34535675186524,219.8016617164815,223.20729600113967,11296498
2024-01-15,221.96469116210938,222.2868516374899,218.14486061318883,221.27435932472585,12597366
2024-01-16,220.0317840576172,223.11525802846788,218.78918105551264,222.4249261483738,7478450
2024-01-17,220.1698455810547,222.01073060103815,218.7891818160671,219.5255386330281,13620300
2024-01-18,214.87730407714844,216.9482997528553,208.06603502831462,209.1705632463906,25522629
2024-01-19,216.6721649169922,218.09885364069706,213.91083734008146,216.30399352467276,20931080
2024-01-23,219.019287109375,227.16520874234408,217.45453768946598,221.82663950544466,27492163
2024-01-24,226.61293029785156,227.34928707304752,216.30397757962012,217.36248078813864,28309825
2024-01-25,225.96861267089844,228.91402558717294,223.7595564949017,225.27828086029487,20651484
2024-01-29,233.74636840820312,234.71283583531613,225.64647165668347,225.9226072136926,26181011
2024-01-30,233.8844451904297,236.507711936982,231.49128906919466,233.79239532236758,16031367
2024-01-31,238.6707305908203,239.31505158094717,232.31968291679965,233.79239654446377,34369455
2024-02-01,244.65362548828125,249.3939272268763,237.7503061676223,238.3946272067551,29929092
2024-02-02,255.05459594726562,259.0124870514041,242.950783944014,243.45701603070393,33900724
2024-02-05,260.3931884765625,266.37606497572915,253.0296481698959,255.42280438749796,27440927
2024-02-06,252.4313507080078,260.393172559988,250.63647663209895,260.393172559988,29668277
2024-02-07,246.63255310058594,252.5693897456716,245.57402186547972,250.45238345480502,27335466
2024-02-08,254.22625732421875,265.1334796611176,249.25584481309443,249.25584481309443,69776717
2024-02-09,251.2808074951172,257.21767297400424,247.69108729169366,256.43529121551643,24496638
2024-02-12,248.79556274414062,254.0420955178787,245.0677823609971,251.46486810356615,19140023
2024-02-13,248.7495880126953,249.30185913593164,243.22693295968452,248.79559890226662,22031847
2024-02-14,251.87905883789062,253.12166170419127,245.7581224546148,248.05922847010746,13546941
2024-02-15,263.5769958496094,265.1679211829919,253.93794064424642,254.54622554489833,25475670
2024-02-16,256.9325866699219,264.74678722455343,255.76279702280092,263.90454439048983,25129188
2024-02-19,258.61712646484375,260.4419813591712,255.76282230809505,257.4473367020747,11429901
2024-02-20,269.42596435546875,270.2214270821199,259.88049731361417,260.4887822601169,43053543
2024-02-21,262.12646484375,270.8764969493412,261.33100218700224,269.09839387214606,24651085
2024-02-22,264.466064453125,265.30830733597855,255.71603167391936,262.12648502335446,26793590
2024-02-23,263.8577575683594,266.89921057410527,261.09704264710945,264.4192337373513,14313526
2024-02-26,269.33233642578125,272.79492494138776,263.9513044586698,264.7935757879309,31012494
2024-02-27,273.73077392578125,274.57301674907404,265.86979330951965,265.86979330951965,36510093
2024-02-28,261.6117248535156,274.8069567557171,260.5355241739681,272.7949244314648,18824161
2024-02-29,264.70001220703125,266.7120447273211,256.7922226150729,261.6585590654039,35043015
2024-03-01,269.23876953125,270.8296661557682,266.33768578625074,266.7120127238247,15149735
2024-03-04,275.7427978515625,277.94200800386034,269.5195229128343,269.5195229128343,23131460
2024-03-05,276.07037353515625,276.4915092574969,271.15725671800516,273.309658376077,13220556
2024-03-06,274.8537902832031,275.9767712226256,268.1157904093969,271.67193955654477,15969436
2024-03-07,273.87115478515625,279.7201031982995,272.3270381159501,275.13453335425885,14908694
2024-03-11,267.2267150878906,273.21606046966036,266.1505144068685,269.89384099081695,19020659
2024-03-12,266.8523864746094,270.12779721510617,264.60639625013175,266.6184285645739,17906155
2024-03-13,247.34031677246094,265.68262453746604,245.00073742894799,265.12111978315926,39389523
2024-03-14,249.25877380371094,251.17721732493757,243.97133052094708,247.10634380305163,26005940
2024-03-15,248.8844451904297,254.5462153959138,241.1170251585676,250.89647757820327,43817794
2024-03-18,247.90179443359375,249.53949979506808,242.84830931576457,248.88443478606737,12423655
2024-03-19,242.3804168701172,249.39915481037153,241.725323238633,245.32828109316046,20031514
2024-03-20,247.66783142089844,248.13574722881978,242.33360834618392,243.26943996202658,11308487
2024-03-21,256.1839294433594,256.88580322265625,249.96065431212384,250.61571937054396,23559105
2024-03-22,258.05560302734375,260.39518238389263,253.93794907168135,256.1839395421046,22097588
2024-03-26,252.7213592529297,256.5114950748403,249.02484087964217,252.76816797724123,28477120
2024-03-27,252.90850830078125,255.29486763067922,251.92589647301526,253.61038205184724,18094214
2024-03-28,259.13177490234375,261.5649428734951,254.2186588018577,254.54620558708646,26646830
2024-04-01,262.1732177734375,263.53018502102066,259.8336387667866,262.7347224468965,8945400
2024-04-02,261.6117248535156,263.6237857370833,260.62911305030167,261.3309867838303,13229425
2024-04-03,262.12646484375,264.9339599433418,260.6759085733707,262.1732450050164,14499308
2024-04-04,259.8336486816406,268.3029421444806,257.4004807100149,264.6531759073845,23722104
2024-04-05,260.5355224609375,261.9860786362818,257.4940696356444,261.9860786362818,9308711
2024-04-08,263.67059326171875,265.9633924529393,261.14383613503975,262.54758374779067,14473340
2024-04-09,263.1558837890625,266.1037479134396,262.96870602652683,264.7000003723727,5780865
2024-04-10,264.4192199707031,267.0395657132801,262.03286069877964,262.03286069877964,8809693
2024-04-12,257.5876770019531,266.1973401183883,257.02617226665217,263.4366251627604,17731780
2024-04-15,256.4646301269531,258.4766908482731,251.1771874726003,252.90848158756,13378690
2024-04-16,256.6518249511719,257.86839464845417,253.84433005653736,255.4820354117408,9662195
2024-04-18,262.12646484375,271.2976040786897,259.88047447594,269.42594067896187,51039603
2024-04-19,263.5769958496094,264.1385005884101,257.07298258984304,260.25480469729075,18755469
2024-04-22,265.44866943359375,266.431309903938,263.6238146617861,265.7762162570418,14965203
2024-04-23,267.0395812988281,268.72406693505064,262.68796960582245,265.4486559851492,11464036
2024-04-24,271.7655334472656,273.1225009032958,266.1505429687712,266.7120477284843,19324163
2024-04-25,274.47943115234375,275.6024406363888,270.68932412249734,273.26286134405956,22022414
2024-04-26,273.49676513671875,277.1465023984516,272.74811133509064,275.36842820010094,15581578
2024-04-29,274.8537902832031,275.69603312759943,271.01687448171117,273.5436030149001,9804396
2024-04-30,282.4808044433594,284.82038369407576,274.2454683452475,274.8537817978874,33288857
2024-05-02,293.4768371582031,296.89261727152814,282.4808142962947,282.57440318145115,44059506
2024-05-03,290.9032897949219,295.8164062222536,288.4701216619037,291.9794905385692,27074447
2024-05-06,287.1599426269531,290.8564604459498,283.6505739991819,290.2949843129584,16855909
2024-05-07,276.3043212890625,288.51691407472475,275.6024474839252,287.300344236214,13857464
2024-05-08,282.62115478515625,283.41661738962654,273.2628384015418,273.2628384015418,18754452
2024-05-09,277.14654541015625,284.82037658468664,276.30430261278497,283.3230401897397,11196567
2024-05-10,284.2588806152344,284.91397423297167,277.2401428222656,277.2401428222656,11786977
2024-05-13,286.8791809082031,287.9086014351539,278.5035047755792,284.6799993779683,11710605
2024-05-14,289.40594482421875,292.91531359734995,288.0021973149663,288.236155233175,9957875
2024-05-15,294.6466064453125,296.00354522861596,289.03161643609957,290.1078171426688,11397656
2024-05-16,292.4474182128906,295.34850231342614,285.70941827353835,294.3190816894531,19843532
2024-05-17,293.0556640625,295.7227898729001,290.80967390191046,294.6933693861632,9069551
2024-05-21,304.7535705566406,306.4380846591677,291.0436426209263,291.0436426209263,21976662
2024-05-22,304.84716796875,306.7188313177523,299.6533135989951,306.7188313177523,10287081
2024-05-23,299.37255859375,300.12124109803216,289.1719986571884,298.9514514594513,35705284
2024-05-24,298.3431396484375,302.22686411743945,297.03298095785107,297.59448569933596,15058182
2024-05-27,297.5476989746094,300.86989006953536,294.3190682017694,300.86989006953536,12857918
2024-05-28,292.7281188964844,298.99820216530424,291.9794650252736,298.5302863559688,10935739
2024-05-29,297.313720703125,298.24955233447344,289.2655629616654,289.2655629616654,16812268
2024-05-30,287.0195617675781,297.26690060285773,284.3056272931392,294.4126256602685,22768893
2024-05-31,290.10784912109375,291.5115967781313,286.08378392798045,288.7508816288964,36929443
2024-06-03,315.98358154296875,326.3245394135394,304.70682049099423,313.5036331419187,55218939
2024-06-04,276.9593811035156,313.4568145129152,261.7988973405007,313.4568145129152,73262478
2024-06-05,279.62646484375,281.732085899981,261.28418871247743,277.28688589238226,45312613
2024-06-06,281.170654296875,291.46480331203435,278.9714440226819,283.9313407608043,36508044
2024-06-07,289.49951171875,290.7160813773226,277.754807980975,278.9245974831848,38016104
2024-06-10,295.53564453125,302.60119112364885,291.6051684590796,292.91532714980303,25478964
2024-06-11,296.23748779296875,299.185380242482,294.9273292372487,295.9099695735247,12238518
2024-06-12,303.8177490234375,306.11054806183057,296.56505350765565,299.3725485460228,20346144
2024-06-13,300.8230895996094,306.9059952090144,300.0744071582475,306.0169437346831,11756503
2024-06-14,300.8699035644531,305.0811463826181,298.85787104097125,305.0811463826181,14159988
2024-06-18,310.5089416503906,311.1640352535985,301.3378025613796,301.3378025613796,21653702
2024-06-19,306.2977294921875,313.3632765511374,304.5196548259877,312.5678138280345,14235150
2024-06-20,303.7241516113281,307.23352031070095,301.61853039170444,306.4848664118943,11749507
2024-06-21,305.03436279296875,308.4501428841355,302.2736477750116,305.736236588112,17209541
2024-06-24,311.58514404296875,312.5677558036558,301.85247251181084,302.36719702971067,18044357
2024-06-25,306.39129638671875,313.50362310025974,304.89395993766004,313.50362310025974,13979671
2024-06-26,305.7362365722656,309.01164761609755,304.09853105034966,304.8004048454565,12946277
2024-06-27,310.2749938964844,311.1640454500687,303.5370226794719,307.46749874956646,27061015
2024-06-28,309.7135314941406,315.70284902884174,308.4501529099546,311.63197517282845,21676594
2024-07-01,308.45013427734375,310.46216672208163,304.37926066724054,309.76029294652307,11959181
2024-07-02,309.5730895996094,312.94208915574075,306.99955263523765,308.87121588205343,12684459
2024-07-03,313.64398193359375,315.28168737408174,307.98221169163327,309.853875052191,9369793
2024-07-04,313.5035705566406,316.9661587297972,312.4741501354876,315.37523366444145,12878827
2024-07-05,317.62127685546875,318.0891927107536,311.4915905749646,313.50362304082586,10894118
2024-07-08,317.62127685546875,319.11861330424364,315.23491741724314,319.11861330424364,7828162
2024-07-09,319.2590026855469,320.3820122334923,316.40472721022104,318.182801861702,9214579
2024-07-10,323.84454345703125,325.48224890723014,313.9715305952731,320.9902682389827,10662609
2024-07-11,320.8030700683594,326.3712796685086,320.0544161910536,326.13732176193616,12642065
2024-07-12,321.0838623046875,323.70417964359524,318.2763672018648,320.80309565881504,11380570
2024-07-15,321.78570556640625,323.2362331415886,318.36992589374364,323.2362331415886,5277531
2024-07-16,320.4755554199219,324.73357794329087,319.58650394130785,320.7562934872131,11363095
2024-07-18,319.3525390625,322.58116956246204,315.3284745361342,320.0544127747253,13908161
2024-07-19,310.88330078125,319.91407093422737,309.76029132251716,317.7616408982089,12937990
2024-07-22,316.8725891113281,317.6212429762013,308.3565157416533,308.8244315470276,10678640
2024-07-23,312.8017272949219,318.6506750753056,300.4955468768576,317.34051648436275,15954324
2024-07-24,315.515625,317.05974146127835,309.10517269055066,309.66667737446494,12573882
2024-07-25,317.6680603027344,320.6159242446315,309.24557557770544,309.24557557770544,16271884
2024-07-26,322.1133117675781,323.376661829664,316.7790591702305,318.5103536840587,11468068
2024-07-29,320.3819885253906,323.70417963996675,316.07715698924727,317.99560055242785,31849674
2024-07-30,327.3539123535156,334.0451317561641,321.27100639424725,322.8619316842441,25813219
2024-07-31,325.8565673828125,328.149337616839,320.6159048261167,325.9033475380589,17976593
2024-08-01,337.9288330078125,339.2389916776005,327.6814644561692,328.6172961573488,26792459
2024-08-02,335.26171875,337.8820361818206,331.2844338799721,335.02776081646897,13771470
2024-08-05,320.8030700683594,332.03304958383495,319.58650037790875,330.1146061736671,13566586
2024-08-06,318.8846435546875,328.289740473513,317.48089604087374,320.8030870665064,12273667
2024-08-07,329.4595642089844,329.9274800954106,321.36462508567433,323.6574243528906,12441847
2024-08-08,320.6627197265625,332.2202466967493,319.3525610852555,332.2202466967493,15489731
2024-08-09,323.7977600097656,326.5584748786621,322.20683473628014,325.57583448292706,8720610
2024-08-12,319.2590026855469,321.73895116466394,317.71488597661124,320.9902971722464,12521136
2024-08-13,315.3284912109375,320.4755653727706,313.6439770769298,315.3752713705005,10435954
2024-08-14,312.099853515625,316.63864270440195,311.1640218709005,315.3752642721608,12385993
2024-08-16,319.5072326660156,320.40364735948657,311.9583318530998,314.2229963376203,13013828
2024-08-19,321.1113586425781,323.94219646357095,320.16774603558054,323.3288540283768,5891370
2024-08-20,321.3000793457031,323.32884060718095,319.69592646168604,321.2529102360198,6393840
2024-08-21,317.66717529296875,321.7247267416092,317.1953689940644,320.8282832549824,10118601
2024-08-22,315.1666259765625,318.65800430998206,311.86398169237697,317.0538512818114,18370039
2024-08-23,317.2897644042969,317.95030480057665,314.55329338514616,315.77997835335293,7494822
2024-08-26,319.17694091796875,322.24368166588715,316.9122765865521,317.4784498685986,7993675
2024-08-27,316.4404602050781,322.1965022611932,316.11019006804145,319.8846400987046,9589690
2024-08-28,315.59124755859375,319.79030637674106,314.93070721576225,316.4404931445404,8790600
2024-08-29,314.50604248046875,316.95944080027215,310.2597861258444,313.7511639805764,17653536
2024-08-30,318.3748779296875,321.6303528411853,315.21377003530586,316.11021350275325,22713812
2024-09-02,316.6291809082031,320.73390127657825,315.3553269979917,319.31848244588133,9789776
2024-09-03,315.77996826171875,318.89390729167116,315.16662579721645,317.05385110139144,8434423
2024-09-04,314.128662109375,315.827182247649,312.3358037385088,312.5245377972418,9025610
2024-09-05,312.5716552734375,315.4496620146059,311.01470033482565,313.6096348314353,13912371
2024-09-06,311.20343017578125,314.31736909602694,306.6741011240426,314.2701711870217,23755639
2024-09-09,310.02392578125,310.63729704342853,305.30586251386364,309.2218780632126,18597200
2024-09-10,315.30816650390625,316.3933153101741,308.5613417030864,308.5613417030864,15472387
2024-09-11,314.4117126464844,318.2333319488074,313.27936606969325,317.9030617975125,10134008
2024-09-12,319.1297912597656,319.8846698173223,314.4588973941671,315.96868330605145,18410837
2024-09-13,318.2333679199219,322.007818540173,317.14821912595426,320.6395686716228,10417461
2024-09-16,319.17694091796875,322.24368166588715,318.04459435387577,318.2333283801477,7748570
2024-09-17,317.903076171875,320.8282809635439,315.638411712663,317.71437093172375,11451846
2024-09-18,315.4496765136719,319.7903001759544,314.31735868662264,319.4128609002713,6583254
2024-09-19,316.0158386230469,319.27131345354724,314.3173475442979,317.24255222149435,10589610
2024-09-20,321.6303405761719,323.6119326729625,315.87429831283504,319.0825751950454,31236123
2024-09-23,321.91339111328125,323.18727371794637,321.064145642427,322.71546747894206,6542941
2024-09-24,330.3116149902344,331.2080585763159,323.04581445907496,325.1217451265029,26145769
2024-09-25,343.23907470703125,345.5981061483167,332.4818970941238,333.89731595889504,40770462
2024-09-26,344.84326171875,345.4566041948038,337.0584571924117,343.52218094352844,18733959
2024-09-27,334.2747497558594,342.8144319147534,333.42550421025845,341.7764811350023,33148043
2024-09-30,332.95367431640625,337.2942975488006,329.98130071922105,334.2747260488477,16356171
2024-10-01,331.019287109375,335.9260841265613,330.2172394403099,331.302388166196,9856291
2024-10-03,324.7442626953125,330.17003501440104,323.2816747193099,323.6591139908489,19350466
2024-10-04,319.7431335449219,327.85820762051003,318.7051539311656,323.659120054448,20121706
2024-10-07,310.4013671875,320.8282745930665,306.6740860080783,320.8282745930665,13851446
2024-10-08,308.7028503417969,312.3357645406724,304.17352146837453,308.8443864696968,21148292
2024-10-09,311.1562194824219,313.0906135738404,307.14586638825875,308.56128512737513,9228363
2024-10-10,315.49688720703125,319.0354345539096,311.48653354723575,311.5809005691736,20773976
2024-10-11,311.4393005371094,316.4404641684378,310.9203251701005,315.59121866025566,6098468
2024-10-14,312.0527038574219,312.80758243206355,309.31620423160933,311.43933261915726,5944216
2024-10-15,311.2506408691406,314.64765219585985,309.033145364423,314.64765219585985,12415489
2024-10-16,308.75006103515625,313.892732540298,306.62693263842027,312.9963178286282,22085298
2024-10-17,312.477294921875,313.1850043451301,306.2966441441553,309.9767273857277,17039729
2024-10-18,313.3265686035156,315.0250886498973,309.7408520557755,312.80759316523864,10569021
2024-10-21,312.477294921875,314.93069334851333,310.8731708405589,314.22298392525823,8745904
2024-10-22,304.55096435546875,316.7235610444044,302.94681142884616,314.12862641395503,11219831
2024-10-23,299.0307922363281,303.748854684982,296.1527856613564,301.20111824076963,12541589
2024-10-24,301.1539306640625,302.71088556614893,297.4738475872849,297.4738475872849,8327779
2024-10-25,297.9928283691406,303.3714313614416,295.58662791281984,303.3714313614416,12979410
2024-10-28,300.3518981933594,302.380688450008,293.2276341282605,296.7661816036619,9610615
2024-10-29,302.4750061035156,303.08837732828067,296.4358912489805,298.27594732973336,15856332
2024-10-30,300.49346923828125,307.0515600812754,298.88931616478055,300.5878074687912,14498110
2024-10-31,302.7109069824219,304.50379393864205,299.92726712339487,302.3334677062385,9900390
2024-11-01,303.89044189453125,304.5038131534014,301.95604748404565,304.26790999130446,847672
2024-11-04,297.6625671386719,306.39098254360033,294.02965334591573,306.2494176347551,9249409
2024-11-05,298.74774169921875,299.7857212726405,294.40711817194506,294.73738832668425,7518195
2024-11-06,300.5406188964844,302.28630799950747,296.1999950934131,299.50263925711073,11019250
2024-11-07,295.3035888671875,301.0124338525791,294.12407306055513,301.0124338525791,14504208
2024-11-08,298.4174499511719,299.6441346694181,291.29318717064945,294.26556075468307,15740539
2024-11-11,311.20343017578125,313.65682874412795,295.1620156554467,295.86972511957913,22838987
2024-11-12,304.5037841796875,313.7511757352826,303.6545098395294,312.8075631766802,12069181
2024-11-13,300.06884765625,306.2966974235649,299.266771077688,304.45664108432123,12918639
2024-11-14,298.7287902832031,305.14172647630943,297.29305437592416,301.60026209776106,12500377
2024-11-18,298.680908203125,302.03095857840174,296.8144690915435,300.54737652482765,9408101
2024-11-19,301.5523681640625,304.6152829286182,298.87233965266626,299.63805373874516,13157158
2024-11-21,311.93756103515625,312.7511505895024,299.59023759606504,302.4617095219059,25406386
2024-11-22,322.5141296386719,323.13627597551874,310.1189322371218,311.8418035099469,31523269
2024-11-25,328.0656433105469,330.60210414911484,321.7483996979914,327.20420763840764,29419152
2024-11-26,324.2848815917969,329.8364114584841,323.4234458637262,327.3477966361845,13997179
2024-11-27,324.715576171875,326.67773672409066,322.08339390371685,322.8012617950327,12177260
2024-11-28,319.35552978515625,327.10850981744056,317.96766921544275,324.7156165488419,16920231
2024-11-29,315.2875671386719,318.25476021882605,312.5118171772833,317.1540353112208,13890537
2024-12-02,313.8040466308594,317.7283976527965,312.22474282730985,314.09118215509585,16003524
2024-12-03,315.5268859863281,317.15406501789136,310.35824260683535,310.35824260683535,23174488
2024-12-04,311.1239318847656,317.0583181269633,307.3431785229836,314.95256063195916,17880011
2024-12-05,314.2826232910156,316.2926595781231,305.85962104269,311.0761403104066,19785053
2024-12-06,314.80902099609375,318.4940823362232,312.7032925232497,313.08614959011936,8802058
2024-12-09,315.00042724609375,316.48400916027276,312.7032559037669,313.7082592378729,9376929
2024-12-10,313.85186767578125,317.632650632765,311.41112828489753,317.632650632765,14994365
2024-12-11,313.516845703125,314.90473540033605,312.8468531538778,313.22971021203637,5013051
2024-12-12,315.0961608886719,315.7661534003986,311.88967843718416,313.9475605683982,10414162
2024-12-13,319.5469665527344,319.9776698064118,311.12396488931114,316.4840515460128,14973536
2024-12-16,320.6476745605469,321.8441211074146,317.39334579509085,319.54694957945276,12695136
2024-12-17,315.67047119140625,321.17412575942893,313.9475997063354,318.2548076291357,17360248
2024-12-18,307.7738952636719,315.00044986782,306.9124595997002,313.94757107402324,15037099
2024-12-19,307.8695983886719,309.97535585014055,303.2752556492549,304.3759805545195,10234715
2024-12-20,302.270263671875,311.6504227384428,300.1645351378377,307.53462882215234,13973399
2024-12-23,301.7916564941406,304.6631281228579,298.20231695824396,304.37599264403417,5984169
2024-12-24,296.8144836425781,303.08385225389713,295.5223154495999,300.64311283058913,4833589
2024-12-26,297.0058898925781,299.68594778092825,295.5223078046521,296.81447596420287,3775101
2024-12-27,296.1444091796875,298.9201590052883,295.57010906160383,297.43657714284643,3981693
2024-12-30,294.3736877441406,298.6330490053482,293.17724123370255,295.7615773802968,12489142
2024-12-31,295.4744567871094,296.479460222459,292.0765310002142,294.18228864871605,8402716
2025-01-01,297.10162353515625,298.01093466478636,292.79441563503605,295.47447363229577,4239498
2025-01-02,301.6481018066406,303.6102916972374,295.5223012423458,296.57518006045615,10766571
2025-01-03,302.509521484375,304.3759897090918,300.2123500455756,302.7966861705497,7636948
2025-01-06,292.89013671875,302.9402884689032,291.7415362632547,302.2702666681771,6722495
2025-01-07,291.9808044433594,297.3887662186675,290.01864378496816,292.8901155056114,10137739
2025-01-08,293.51226806640625,294.66086846296133,290.01864990788994,293.03368943619523,6907996
2025-01-09,292.1722412109375,293.75154478086444,290.64078381793064,293.51225547602337,8244909
2025-01-10,286.86004638671875,292.17225756753425,285.71144597513177,291.0236571559473,6540783
2025-01-13,275.2784729003906,285.75932885932605,274.4648832718578,282.3614317879618,19474228
2025-01-14,277.8149108886719,280.4949396886477,274.5127064653774,275.42201759936376,15954608
2025-01-15,285.8550109863281,289.5400722939113,278.62848532882623,282.3613928155499,12198882
2025-01-16,284.8978576660156,288.67864059433373,283.8928542091827,286.1900258320308,11694289
2025-01-17,289.63580322265625,291.9329748879467,283.03142373115014,284.89786292977004,7593230
2025-01-20,293.1294250488281,295.57016449579777,289.01366031586514,289.6358067229238,9435937
2025-01-21,289.396484375,296.6708849147273,288.5828949154698,293.8472594993341,13911546
2025-01-22,284.8021545410156,289.34865190135525,283.1271291977326,289.06151638369914,9723333
2025-01-23,281.7392578125,286.76433365026116,281.021389835677,284.75429747313217,12228286
2025-01-24,283.17498779296875,289.5400778778457,281.73925186960753,282.64853376166303,11142914
2025-01-27,274.7041320800781,282.36139011715346,271.5933710025163,282.36139011715346,13477947
2025-01-28,271.7847900390625,276.42697894433195,267.3818612161158,274.84767545624203,11298068
2025-01-29,275.5177307128906,276.7620235010742,271.1626475340035,273.1248374970589,4800024
2025-01-30,282.6963806152344,284.3714056900714,275.5177017230757,275.5177017230757,10969499
2025-01-31,288.72650146484375,290.4494021772343,283.2228468418883,284.27572574221756,14141459
2025-02-01,277.4320373535156,292.2679748674991,276.28343695870706,288.7264813252738,6945157
2025-02-03,271.6412048339844,279.48990564927925,266.08970469349185,277.5755912270239,14978897
2025-02-04,273.4119873046875,274.12985530699814,260.4425170803248,268.9612115323863,19836427
2025-02-05,272.98126220703125,278.293473315418,272.3590866200002,273.36411926896625,15337191
2025-02-06,269.104736328125,278.48489425351164,267.7647221131038,275.18269028603163,21418561
2025-02-07,269.3468322753906,272.9781486269869,261.4547773149336,264.45667140926554,17193482
2025-02-10,260.1959228515625,267.2648732583572,259.61490634717717,266.29652226829074,16709670
2025-02-11,253.17539978027344,260.29275652329574,251.77127890415463,260.19594505740855,22083955
2025-02-12,248.9146270751953,253.80481763807177,245.96116817566727,251.2870989826207,17861265
2025-02-13,250.9481658935547,253.0785500004455,247.9947070447423,249.10830482945542,12257226
2025-02-14,249.2051544189453,253.2238054594861,246.6874357200921,252.1586133693871,11339563
2025-02-17,254.8699951171875,255.64466409678988,244.21811933729094,248.76936608384136,8332653
2025-02-18,258.5013427734375,259.4212586045084,251.96497272687063,255.4994483972606,10483635
2025-02-19,254.72471618652344,260.00224090453156,253.99845294377334,254.19213496253084,14602009
2025-02-20,257.33929443359375,258.01715199691387,253.03012039190682,254.4342412509003,15312926
2025-02-21,253.61114501953125,257.3393026331229,251.19026729015096,256.9035328211424,10757038
2025-02-24,250.9481658935547,253.5142902370401,249.10830482945542,249.83456810884158,14599185
2025-02-25,247.65579223632812,251.72287865093057,246.83268789626214,250.60925125169004,21287363
2025-02-27,248.13995361328125,249.30198668016166,245.42856775033403,245.96116377667684,13614799
2025-02-28,242.91087341308594,248.8662266223009,239.47322413686564,247.80103452796848,38512868
2025-03-03,244.50863647460938,245.76749577598812,240.63523233243734,244.99281199238087,9873539
2025-03-04,245.96116638183594,249.01146627504443,241.55516615486243,242.0877621868464,11947033
2025-03-05,256.0320129394531,258.7434136235141,247.65578222706532,248.81781531333843,14536637
2025-03-06,258.2108154296875,258.84023773562126,252.4491441040102,256.758288776734,11926868
2025-03-07,254.96682739257812,260.1475115778614,253.32064828858915,257.5813871277244,10043068
2025-03-10,262.7136535644531,265.5703012601409,252.7880543377751,252.7880543377751,30233763
2025-03-11,258.8402404785156,263.24625577020277,257.43614909681986,261.45480030223024,9255499
2025-03-12,258.64654541015625,263.77879363944345,255.25731707526543,262.13261475067486,11875548
2025-03-13,259.1791687011719,262.0842220313962,257.0972197248572,261.26111767748654,9270442
2025-03-17,258.888671875,262.0842186766507,256.5646351509149,261.454796373505,11987667
2025-03-18,258.888671875,258.888671875,258.888671875,258.888671875,0
2025-03-19,268.4269104003906,269.49207286448365,261.2610893221769,263.39147335381784,13089950
2025-03-20,271.47723388671875,274.57593964248076,268.2816575599182,274.52753390869157,13710249
2025-03-21,274.14019775390625,276.12530565514754,271.18670921706524,272.10665456743357,26003527
2025-03-24,282.61328125,284.64682451930895,275.44748884781086,275.98007014494203,19966817
2025-03-25,281.7901611328125,285.90565317684843,278.5461791406971,281.7901611328125,16983852
2025-03-26,281.6448974609375,287.35816251551717,280.3860234155954,282.4680017306367,20367015
2025-03-27,286.14776611328125,287.84238063341064,279.8534836099434,279.8534836099434,37203166
2025-03-28,281.1607360839844,284.9372993063308,279.1755986806343,284.5983705251023,10834900
2025-04-01,280.1439208984375,287.55182938358377,277.9167255111985,280.43444391746397,11603556
2025-04-02,277.6746520996094,280.5797051294222,275.49586232724977,277.77149311094865,11679536
2025-04-03,289.6337890625,290.4568933201518,276.0768751068659,280.1923668433977,23478876
2025-04-04,284.598388671875,291.3768465217408,282.8553684740305,290.5053364228185,21020875
2025-04-07,280.24078369140625,284.59836335003746,273.3654854307757,274.62435950763955,22847548
2025-04-08,279.8050537109375,284.69521479748136,275.641126375719,282.71010692315673,20831596
2025-04-09,284.11419677734375,290.02114418869473,280.14395149746986,280.7734033315833,21342531
2025-04-11,294.4755554199219,295.3470654403839,283.9689407881724,283.9689407881724,19831004
2025-04-15,294.91131591796875,300.62461105387973,294.0882411237009,297.4774699763862,16563441
2025-04-16,296.0733337402344,297.2837725535632,293.21668632008675,294.8144891950639,7032401
2025-04-17,299.2204895019531,299.9951585602305,292.4420318109704,295.7828549222183,8528993
2025-04-21,309.8723449707031,311.80904712677,298.6879018401087,300.18883419036865,13369014
2025-04-22,302.6581115722656,309.63025101551136,302.22237132689344,309.63025101551136,10027268
2025-04-23,304.982177734375,306.095775541447,299.65624691194205,304.20747915643824,8225575
2025-04-24,304.4495544433594,305.85367524150877,302.9486221846986,304.9337299528277,8021180
2025-04-25,296.7995910644531,305.41790933183546,293.79769695737076,303.0938727672882,11475773
2025-04-28,298.78472900390625,301.10879535467075,293.9429733593657,294.57242523454096,7314824
2025-04-29,293.3619689941406,300.96350126565216,291.6673546186545,298.7847113543128,14678005
2025-04-30,297.71954345703125,300.18882682473674,292.3451773747768,294.8144902942112,17619987
2025-05-02,293.4587707519531,299.2204712586938,292.732507472199,295.83124261984125,5688285
2025-05-05,298.4458312988281,300.8667091336605,295.00816704232733,295.153413802071,4342960
2025-05-06,297.86480712890625,300.6246137007377,295.879669623817,297.86480712890625,9124804
2025-05-07,301.2540283203125,303.2391362229906,297.2837829632264,298.25213404779714,14679327
2025-05-08,298.4942321777344,307.3546389986981,294.3787399254866,303.4812345259943,19253478
2025-05-09,289.8274230957031,293.4587391028414,287.0192112938613,290.5052805710591,11981497
2025-05-12,299.2688903808594,301.2540278320499,294.4271349658529,294.4271349658529,7145884
2025-05-13,289.00439453125,298.97839893410884,288.5686247202087,295.3470823478646,17988336
2025-05-14,286.5835266113281,291.0379181347918,284.7436358366363,289.7306677604059,10359258
2025-05-15,290.1664123535156,290.89267570642033,281.8385866631953,286.5350955889921,22640626
2025-05-16,290.6990051269531,292.63570728089223,286.14774324450434,290.50532309086736,16763668
2025-05-19,294.4271545410156,294.8629243780306,289.5369930674257,292.4420465095738,12575289
2025-05-20,288.4718017578125,295.6375943595318,287.69713265828193,294.766084234627,21339095
2025-05-21,286.77716064453125,292.68410802367583,286.29298511430187,288.3265282516112,11997632
2025-05-22,281.69329833984375,286.97082307962546,277.48096560416894,286.53505331148676,26158839
2025-05-23,288.66546630859375,289.29488860777093,282.516430966752,282.7585187396455,9872024
2025-05-26,287.30975341796875,294.1850218741288,286.38980814760674,290.55370562542714,16469130
2025-05-27,285.227783203125,288.181271566729,282.9521819308902,287.6002550401406,17074710
2025-05-28,281.9353942871094,286.2929738883065,281.3059720328376,285.2277818532238,10099453
2025-05-29,283.8236999511719,284.59836897398986,282.12908560599465,282.12908560599465,9773818
2025-05-30,280.5797424316406,285.3246571008113,279.1272157236252,282.7585324936637,21788566
2025-06-02,283.7752685546875,284.3562851056245,279.2724420004522,281.1123031186449,7255782
2025-06-03,279.127197265625,286.0509015389711,278.6430217283039,283.2426893328545,10989055
2025-06-04,279.4176940917969,280.62813294950126,277.96516746255156,279.1272005866398,8580196
2025-06-05,284.93731689453125,285.9056680139689,280.9186656592112,281.79017575635885,13110486
2025-06-06,286.4382629394531,287.6002961587673,283.67848575911347,284.2594728170382,7935393
2025-06-09,290.989501953125,291.61892424999877,286.7771688098469,288.5686242330491,8666186
2025-06-10,291.5220642089844,292.2483274776183,288.81069316010877,291.0378886965617,7273892
2025-06-11,286.09930419921875,291.86097470528654,284.6951834804106,291.5704812367113,10941604
2025-06-12,279.8534240722656,286.4381987003345,279.36924859809216,285.8087764942542,14071159
2025-06-13,276.4642639160156,277.3842093644504,272.88135270306583,273.6076160933881,16028417
2025-06-16,279.5145263671875,281.30598173089703,277.2388954755418,278.8366983591143,11067299
2025-06-17,279.4176940917969,281.25758479689154,278.11044376686004,279.5145351107592,7286868
2025-06-18,278.2072448730469,279.1755959231469,276.46422480355835,278.4009269037584,11904855
2025-06-19,277.3841857910156,278.54618938573884,276.2705583791098,277.72308503631166,13573824
2025-06-20,283.8236999511719,285.17938551696784,276.02845623231923,276.5126317595127,33014151
2025-06-23,281.06390380859375,284.1626391165812,278.9819548759131,282.17750165149454,6833477
2025-06-24,276.8999938964844,285.3730655634303,276.318977357548,284.1626267538666,15007849
2025-06-25,281.257568359375,281.88699061825,277.43256997188115,277.43256997188115,10838516
2025-06-26,284.2110290527344,284.9372923297005,280.5797126679039,281.59646943496506,10232220
2025-06-27,289.779052734375,291.183173582518,284.8404564516138,285.6635607573622,15523628
2025-06-30,290.4084777832031,291.4736698624816,286.87400231481786,290.8926533145361,8415241
2025-07-01,288.13287353515625,291.95787240728777,287.6002922221044,291.4736968311563,12349270
2025-07-02,285.518310546875,289.294873699044,284.1141897157614,288.13284062834805,10826029
2025-07-03,284.4047546386719,289.48859835605145,283.82373801776765,288.9559874736672,10373094
2025-07-04,284.6951904296875,285.80878815537665,282.41955969788035,284.40469695402146,14193884
2025-07-07,286.5350646972656,287.2613279718709,284.2110281288743,285.3730611889341,6220756
2025-07-08,288.3265380859375,288.9559603863584,283.7752761258537,284.84046823903606,6254288
2025-07-09,290.1664123535156,290.50534116188413,287.0192711575952,288.8107266717731,5650646
2025-07-10,289.779052734375,293.1198756893476,288.5686139176065,290.5053160244361,9307817
2025-07-11,289.1011962890625,291.37682718369206,287.5518582390185,289.77905384975355,7073217
2025-07-14,288.7623291015625,290.941119221891,288.0360657281197,290.0211737948371,5484223
2025-07-15,288.6170349121094,290.5053313868159,287.4550313176004,288.6654701983788,6173407
2025-07-16,287.6486511230469,289.4885416541546,286.34140092172856,289.4885416541546,8144630
2025-07-17,287.21295166015625,288.762319381695,286.4382530235212,288.132867504513,8318287
2025-07-18,284.8404541015625,291.9578401957856,284.21103183238165,287.11608496865813,8702106
2025-07-21,287.6002502441406,287.8423379968714,283.00058294225624,284.6951972113715,5298012
2025-07-22,288.37493896484375,289.3917253269252,285.2277979639942,287.6971109418524,7775653
2025-07-23,289.779052734375,290.16638724539513,287.697103879879,289.39171822335487,5310964
2025-07-24,289.8758850097656,291.81258705820005,287.11607868040096,290.36006052187423,6294709
2025-07-25,282.8553771972656,288.32655529161315,281.6933439950449,287.7455386905028,8202572
2025-07-28,282.6616516113281,285.90563337880826,281.5480538692244,282.7584926218866,7037396
2025-07-29,283.8236999511719,284.59836897398986,280.62812374065743,281.3059812994199,6586034
2025-07-30,279.8050537109375,287.1160924743307,277.52942278435324,283.72686372674167,10515572
2025-07-31,281.7901611328125,284.98570784043096,275.93164898493546,275.93164898493546,14283621
2025-08-01,282.0322265625,283.5331587801675,277.23887732898726,282.4195610491503,6697683
2025-08-04,278.8367004394531,282.32274062521867,276.657910547485,281.98384139451815,10397121
2025-08-05,276.94842529296875,279.51454989670066,276.07691517966583,278.0136174544418,15561914
2025-08-06,275.7863464355469,279.2724158631761,275.06008320277937,278.4977469022481,12985269
2025-08-07,276.51263427734375,277.2388975747471,274.4306854018,275.49587748167073,8893659
2025-08-08,275.8348083496094,277.1904939379996,274.6243695114522,275.78637306504544,6172968
2025-08-11,275.8348083496094,277.33574068823253,274.3338464592568,275.8348083496094,8755499
2025-08-12,275.64111328125,278.4493253426438,275.0116910255161,275.39902552506555,13184438
2025-08-13,279.0787658691406,280.2407693208184,276.99678760873013,277.916732865736,9928283
2025-08-14,279.5629577636719,280.9670490441253,278.06199591690347,279.90185698713157,8464495
2025-08-18,281.1607360839844,282.08065185962835,279.3692807132589,280.3376317729236,9836105
2025-08-19,280.0909423828125,282.13327810692135,278.6807504191529,282.03601837158203,7196772
2025-08-20,280.4799499511719,281.0634786801803,279.06978767553085,280.2854601611717,3106073
2025-08-21,276.2007751464844,281.5983488453277,275.8117659061222,280.4799361494731,7389271
2025-08-22,275.5686340332031,276.73566176535235,274.0611824031939,276.2007777647218,6824793
2025-08-25,276.3466796875,276.78433367976874,274.4502483065157,275.5686611229176,7426789
2025-08-26,272.21337890625,276.00627115142953,271.2408409111012,275.22825262711217,22905910
2025-08-28,266.9130554199219,274.255705157843,266.0863922167015,274.255705157843,12455072
2025-08-29,267.6910705566406,268.5177337494827,264.77345670861183,266.0863888761254,12841075
2025-09-01,272.1647644042969,272.89416790206815,268.4204871798367,268.4204871798367,10820878
2025-09-02,278.8266296386719,279.9936573186593,272.164739043884,272.5051332470267,16983677
2025-09-03,278.1944580078125,281.25797617588785,277.7568337548744,281.0634567215809,30178885
2025-09-04,274.0611877441406,280.0423199960402,273.18590950809545,278.9725222944279,5946090
2025-09-05,277.5137023925781,278.7779898212633,274.5960886222258,274.5960886222258,9695914
2025-09-08,275.0337219238281,279.79918164903796,274.3529631627289,278.53486449927703,5186605
2025-09-09,276.0549011230469,276.54117009466415,273.963950480993,275.2768529607576,7093190
2025-09-10,275.17962646484375,278.5835093101367,274.74197251293344,276.88156788749023,7767863
2025-09-11,278.92388916015625,280.77173512119623,274.79060262115405,274.79060262115405,7406625
2025-09-12,279.7505187988281,280.6744416683619,277.27055904513384,279.361509577788,7618852
2025-09-15,278.3890075683594,280.86896764170785,277.90273855950636,280.38269863285484,5420800
2025-09-16,280.43133544921875,281.74426767207285,278.4862594685472,278.6807492589119,8626429
2025-09-17,279.2642517089844,281.25797220925705,278.0972240381065,281.06345275769337,19010126
2025-09-18,281.1607360839844,281.89013956932183,278.2431221426345,279.1184003891387,16842964
2025-09-19,278.34039306640625,282.2305451445978,277.076075833291,282.03602566888617,14993879
2025-09-22,278.7779846191406,281.06345463250244,278.04858119016353,279.1183788218969,9456933
2025-09-23,280.6744689941406,281.06347825305374,277.5623355638277,280.72308402169074,13619147
2025-09-24,285.245361328125,286.46103373351167,279.06976925236245,279.99366247275503,14032389
2025-09-25,276.58978271484375,286.75281600507043,275.81176423882266,285.926152824609,16242837
2025-09-26,274.49884033203125,276.3466565276837,272.407889645385,275.7145127870004,8959035
2025-09-29,272.8941650390625,278.24312396660133,272.2620212835269,276.1035285237842,14600560
2025-09-30,272.5537414550781,278.14583427708243,271.3380691024685,274.2556827487316,18772881
2025-10-01,272.9427795410156,275.08237497971265,272.21337605230127,273.2831737716498,11812449
2025-10-03,281.7442626953125,282.0360122154581,273.33178548390373,275.5686406298664,19597461
2025-10-06,279.0211181640625,280.7230594926611,276.7356481583298,280.43130999384476,11702722
2025-10-07,281.0634460449219,284.3214538640417,279.2156300172049,281.0148310229427,11371062
2025-10-08,277.4650573730469,282.37639168858715,276.8329136594234,282.37639168858715,9989251
2025-10-09,278.2917175292969,279.069765666448,274.4988256091278,277.1733048666126,10714949
2025-10-10,281.2093505859375,283.2516862769683,277.4164584051681,277.4164584051681,10773268
2025-10-13,278.2917175292969,280.2854380562139,277.076045139531,279.8477841240975,8950161
2025-10-14,279.60467529296875,279.9936845574755,277.5623395549279,278.63213729194973,7667654
2025-10-15,282.9599304199219,285.19675584889626,279.16700864456936,279.2642683761559,8125514
2025-10-16,283.8352355957031,285.1967829286857,282.61956303419976,284.37011965096224,7824732
2025-10-17,281.7928771972656,283.4948186471197,280.09093574741155,283.0085496614471,14275188
2025-10-20,280.2854309082031,284.0783227316436,279.2156332965915,282.18186198017287,13536721
2025-10-21,280.6744689941406,281.6470069811754,280.2854597352275,280.3826897903278,398291
2025-10-23,281.69561767578125,283.15442463389456,280.09093595775727,281.0148589030305,21031287
2025-10-24,280.5771789550781,282.7653891895631,278.6807182133908,281.6955915834703,16350189
2025-10-27,283.0571594238281,284.75910084202894,280.2854500006463,281.0634684914512,13396182
2025-10-28,280.3340759277344,284.564622124817,278.92388396887213,282.57090143540813,13543174
2025-10-29,287.23907470703125,288.5033621052577,280.820318630994,281.06345310599914,14608714
2025-10-30,283.49481201171875,288.30888672900187,282.95992801179966,288.1629822931123,10329750
2025-10-31,280.23681640625,283.98109361064735,279.1184036515609,283.98109361064735,10088802
2025-11-03,280.0909423828125,282.1818931348389,279.2642791516846,281.06348037719727,8578207
2025-11-04,271.38671875,277.124716730008,270.46282545184107,276.68706275542957,26098629
2025-11-06,262.7797546386719,270.8518074040475,262.4393604349388,270.36553845000077,21919591
2025-11-07,264.53033447265625,265.3083529963624,261.36958599090576,262.77977795456536,11379131
2025-11-10,265.2225646972656,267.54645180953463,263.590858183498,265.6181180241124,10717941
2025-11-11,264.67864990234375,266.16199749773756,261.71195471155613,265.2719949762581,11154806
2025-11-12,264.134765625,267.24978951326466,263.5414205560963,266.0136665275419,16444701
2025-11-13,266.854248046875,267.4475931421342,262.7008625588455,264.1347773574899,12573141
2025-11-14,268.2881164550781,269.27701482782635,266.50811145564467,267.3486811082373,10308317
2025-11-17,270.5131530761719,270.908736590646,267.00257572610195,269.0792684619509,9884392
2025-11-18,271.15594482421875,273.7270564403353,269.2770137802799,270.95815307892525,16434280
2025-11-19,272.09539794921875,272.9359676534738,269.47482313612903,272.8865348033116,15765235
2025-11-20,274.1226501464844,275.9520880541015,271.4526123794352,272.1942861837506,15337345
2025-11-21,274.5181884765625,275.90264013323076,272.342600031239,274.1226351716262,12941485
2025-11-24,272.7381591796875,275.9520788916759,269.4748066205665,274.91374767162375,49791096
2025-11-25,270.4142761230469,273.8259574525211,269.62313930580683,271.94705655209975,12114606
2025-11-26,271.9964904785156,273.8754215651714,270.46371004338476,270.9581592390765,8352869
2025-11-27,270.6614990234375,273.9248516100949,270.26591552790507,273.9248516100949,9865039
2025-11-28,266.953125,271.30427175878066,266.4586758188026,270.7603595521937,12580231
2025-12-01,266.65643310546875,269.42536658301617,265.7664306293502,269.42536658301617,10428760
2025-12-02,264.48089599609375,267.64535285071713,263.9369837547472,266.01367648424736,11029817
2025-12-03,265.46978759765625,266.0136696462371,261.5636268454636,264.4808891974844,9063557
2025-12-04,266.1125793457031,267.20037367815644,262.6514347653062,263.5908701869996,5103204
2025-12-05,266.8047790527344,268.48591842191763,264.8269822319468,265.2225657391319,5535798
2025-12-08,262.255859375,266.4092144150703,261.81084303770024,265.8158693582651,10203843
2025-12-09,261.6130676269531,262.79975781465754,259.98139125294836,261.16808144065277,10686557
2025-12-10,262.5525207519531,264.2830929226346,261.3658306205438,261.9591756862485,7157092
2025-12-11,261.86029052734375,263.3931011913678,259.5858362243208,261.31640846581627,8336183
2025-12-12,260.6736145019531,263.7886383094003,260.37692688580677,262.0580661742871,5522827
2025-12-15,259.2891845703125,260.9208609701886,257.6080451408732,260.67363635872897,6400400
2025-12-16,257.459716796875,260.42641213885065,256.81693884187075,259.2397219305461,9241981
2025-12-17,258.2013854980469,259.83306186793055,256.421350220986,257.45971167730113,10944698
2025-12-18,255.0863494873047,258.7947184165903,252.96020891421256,257.8552528829912,10930748
2025-12-19,260.5252990722656,261.01974827894765,255.0863577987635,255.18522349707223,16657897
2025-12-22,262.0580749511719,262.651420024554,256.1741174232074,256.22358045027994,10054250
2025-12-23,264.0358581542969,266.31031227662237,261.46471642115773,262.05806146400255,10526826
2025-12-24,265.0741882324219,267.0519849144136,263.34361613567916,264.82696364717293,6131188
2025-12-26,262.5030822753906,266.3103168262234,261.9097372224092,265.02476102708283,6029003
2025-12-29,257.7069396972656,263.49200161145643,257.1135945970538,262.9975523910775,7270521
2025-12-30,257.459716796875,258.5475111246899,256.07526500637687,257.11359630455405,10929200
2025-12-31,261.66253662109375,262.255881728473,257.65747978037325,258.49804950092835,5145868
2026-01-01,263.83807373046875,264.5797475098971,261.1680662317967,261.1680662317967,4298196
2026-01-02,267.9420471191406,269.0792743009689,263.29421233227725,264.53033539487006,13348375
2026-01-05,268.6342468261719,269.7714739610066,265.7170146262727,268.2386934982447,11526602
2026-01-06,265.56866455078125,270.2659321506915,263.0469855949752,263.0469855949752,11777253
2026-01-07,261.1680603027344,265.96422333657813,260.5252824109122,265.5192070075106,14877056
2026-01-08,256.4213562011719,262.3547469055148,255.0863674357233,261.06919099108813,11762204
2026-01-09,255.1357879638672,260.87138662952566,253.4052157586859,257.41024221916314,14100782
2026-01-12,255.67967224121094,256.61913780372106,251.47686908140932,255.1357901863585,9698555
2026-01-13,255.92689514160156,257.0641524503751,253.2568875553814,256.17411974285073,9734559
2026-01-14,255.48190307617188,256.8169219278936,253.89965962890105,254.24578009842648,15435341
2026-01-15,255.48190307617188,255.48190307617188,255.48190307617188,255.48190307617188,0
2026-01-16,254.44354248046875,258.64636061822983,253.35577839960462,255.43244086582428,9648251
2026-01-19,254.7896728515625,255.92690000315432,253.80077442778094,254.0479990337263,10588722
2026-01-20,251.22964477539062,254.9874617616948,250.58685175347193,254.78967000763222,12452441
2026-01-21,252.96022033691406,255.97636355347535,249.25185124017293,249.25185124017293,14263346
2026-01-22,256.3719177246094,256.9652628177811,252.61410067643763,253.75134292345138,15520530
2026-01-23,251.32852172851562,257.0641505421909,249.79574128366247,256.37190959231805,18022018
2026-01-27,251.52630615234375,255.48189962773728,249.25183688611412,253.6524316096111,17375059
2026-01-28,256.9158020019531,257.8552675891323,251.1802031357224,251.1802031357224,16046343
2026-01-29,257.6080322265625,260.12971106552004,255.8774600331019,259.684724894472,26914029
2026-01-30,253.65243530273438,259.48692972813217,251.22963728165874,258.39913547080425,23292764
2026-02-02,267.39813232421875,268.1892691840343,247.224610170096,248.46073322094648,37109237
2026-02-03,280.0560302734375,281.3415860820884,270.2164794268213,272.9853827895078,52651170
2026-02-04,286.18719482421875,288.7583367350135,279.75935513662427,285.5938497403762,27775044
2026-02-05,286.13775634765625,287.76943266204506,282.97326941525415,287.76943266204506,9870342
2026-02-06,289.5,290.24167378309136,286.1871843997685,288.9561179639131,19951107
2026-02-09,289.75,292.54998779296875,288.0,292.5,13114576
2026-02-10,294.3500061035156,295.29998779296875,286.5,290.0,21823214
2026-02-11,294.45001220703125,297.6499938964844,292.20001220703125,297.6499938964844,10508852
2026-02-12,293.8999938964844,296.0,291.75,294.45001220703125,10482579
2026-02-13,287.20001220703125,294.29998779296875,286.8500061035156,292.0,10914157
2026-02-16,300.5,300.95001220703125,287.25,288.0,22196951
2026-02-17,300.75,301.6000061035156,297.0,299.29998779296875,11190989
2026-02-18,300.54998779296875,302.25,298.45001220703125,299.45001220703125,9147320
2026-02-19,294.6499938964844,301.6000061035156,293.1000061035156,300.1000061035156,7552362
2026-02-20,298.95001220703125,302.04998779296875,294.25,295.54998779296875,11762183
2026-02-23,303.3500061035156,304.29998779296875,299.0,302.0,11774742
2026-02-24,304.79998779296875,306.20001220703125,300.79998779296875,304.0,15863867
2026-02-25,307.25,311.70001220703125,305.1499938964844,307.0,14240500
2026-02-26,303.25,307.70001220703125,301.3999938964844,307.1000061035156,14249515
2026-02-27,298.6499938964844,305.79998779296875,297.8999938964844,305.79998779296875,21400679
2026-03-02,296.79998779296875,298.6000061035156,289.5,290.0,15690227
2026-03-04,291.95001220703125,296.0,288.8999938964844,296.0,28191826
2026-03-05,299.45001220703125,300.1000061035156,291.8999938964844,292.0,19467441
2026-03-06,299.1499938964844,302.75,297.0,299.95001220703125,15887540
2026-03-09,295.20001220703125,296.25,285.5,285.5,21591866
2026-03-10,298.6499938964844,300.04998779296875,293.75,298.1499938964844,14627316
2026-03-11,298.79998779296875,302.8999938964844,298.04998779296875,298.6499938964844,12618289
2026-03-12,303.6000061035156,304.8999938964844,295.1000061035156,295.79998779296875,15284297
2026-03-13,300.95001220703125,309.5,298.70001220703125,308.6499938964844,23615092
2026-03-16,297.75,303.0,291.3999938964844,300.95001220703125,25911819
2026-03-17,298.5,302.0,292.1499938964844,302.0,12300000
2026-03-18,299.3999938964844,304.20001220703125,297.54998779296875,299.54998779296875,8691698
2026-03-19,296.70001220703125,300.5,295.95001220703125,297.6499938964844,8594078
2026-03-20,297.6000061035156,305.0,296.6000061035156,300.1000061035156,28392470
2026-03-23,302.1000061035156,304.3500061035156,293.1000061035156,298.0,23771660
2026-03-24,299.0,309.0,292.3999938964844,309.0,24123621
2026-03-25,295.0,302.25,294.20001220703125,299.8999938964844,16423641
2026-03-27,295.5,297.29998779296875,290.29998779296875,294.45001220703125,27444747
2026-03-30,296.1000061035156,297.8999938964844,292.0,292.04998779296875,23105779
2026-04-01,292.79998779296875,305.8999938964844,290.20001220703125,305.0,18635698
2026-04-02,289.95001220703125,292.0,283.5,290.20001220703125,17222200
2026-04-06,295.1499938964844,295.6000061035156,287.29998779296875,294.8999938964844,9291741
2026-04-07,295.3999938964844,296.25,291.0,292.5,9318575
2026-04-08,294.8500061035156,301.75,293.6000061035156,301.0,10887876
2026-04-09,298.1000061035156,300.70001220703125,293.8500061035156,295.45001220703125,17644642
2026-04-10,302.75,303.5,299.75,301.1000061035156,13245074
2026-04-13,300.3500061035156,302.3500061035156,297.6499938964844,299.95001220703125,15681799
2026-04-15,312.45001220703125,313.3999938964844,301.25,303.3999938964844,21897202
2026-04-16,312.25,317.0,310.5,315.0,21510277
2026-04-17,318.1000061035156,318.95001220703125,311.3999938964844,313.29998779296875,13609827
2026-04-20,319.70001220703125,323.04998779296875,315.54998779296875,319.0,10955277
2026-04-21,319.3500061035156,322.0,318.0,318.95001220703125,8342335
2026-04-22,319.75,322.0,316.0,319.75,7112538
2026-04-23,319.1499938964844,321.8500061035156,318.04998779296875,320.0,7294961
2026-04-24,316.3999938964844,317.8999938964844,314.5,316.0,9980241
2026-04-27,320.8999938964844,324.95001220703125,316.95001220703125,318.0,9334181
2026-04-28,319.0,322.79998779296875,317.6499938964844,322.79998779296875,9083528
2026-04-29,320.3500061035156,323.79998779296875,318.25,320.1000061035156,10372929
2026-04-30,318.3500061035156,321.25,315.95001220703125,319.6000061035156,9521058
2026-05-01,318.3500061035156,318.3500061035156,318.3500061035156,318.3500061035156,0
2026-05-04,319.04998779296875,323.8999938964844,314.0,314.0,7370269
2026-05-05,319.45001220703125,321.29998779296875,315.0,318.8999938964844,8569582
2026-05-06,315.95001220703125,321.5,314.6000061035156,320.04998779296875,4884118
2026-05-07,313.79998779296875,316.75,312.5,315.75,9126203
2026-05-08,313.95001220703125,315.20001220703125,310.6000061035156,315.20001220703125,7929393
2026-05-11,310.8999938964844,314.04998779296875,309.95001220703125,313.95001220703125,8204425
2026-05-12,306.29998779296875,310.75,305.5,309.45001220703125,7952584
2026-05-13,301.5,305.3999938964844,295.6499938964844,304.25,23775882
2026-05-14,301.75,307.54998779296875,300.6000061035156,306.0,14012601
2026-05-15,305.8500061035156,308.1499938964844,302.8999938964844,307.79998779296875,10092811
2026-05-18,296.54998779296875,298.45001220703125,290.20001220703125,296.29998779296875,16036198
2026-05-19,298.6000061035156,300.0,294.54998779296875,296.6000061035156,12580156
2026-05-20,299.8999938964844,300.79998779296875,294.54998779296875,297.5,5672695
2026-05-21,299.54998779296875,304.5,298.70001220703125,302.3999938964844,10353164
2026-05-22,294.29998779296875,300.54998779296875,293.54998779296875,298.70001220703125,15103891
