Date,Close,High,Low,Open,Volume
2021-05-24,267.52618408203125,271.89895309792564,265.3077390171424,270.61555165839656,6487950
2021-05-25,262.9701232910156,270.72558984194495,261.66839736191025,268.5987940417633,5680010
2021-05-26,262.6859130859375,266.90282760340006,261.9067240354949,263.6484851690403,6131915
2021-05-27,264.2810363769531,265.7936177500623,259.4315830512856,263.17178579075863,8648350
2021-05-28,266.7745361328125,277.6559915296106,265.1152761661733,265.38110466394784,17020950
2021-05-31,262.1451110839844,268.78217955854143,260.1649935260552,268.78217955854143,7634365
2021-06-01,258.753173828125,263.1350905440801,254.545436000599,263.0984139422923,9322935
2021-06-02,262.1908874511719,263.3642869981153,254.84795714372294,256.68139568432525,6900620
2021-06-03,259.9266357421875,265.1152710876205,258.5148799827447,263.0984771455593,5219995
2021-06-04,260.9350280761719,263.0984724700667,258.1023404609617,261.2833579544679,6313570
2021-06-07,272.7148742675781,277.66518193326687,258.83575562762815,260.8066969513811,23267725
2021-06-08,273.01739501953125,280.4428282061495,269.7997007775832,276.11591125606526,20367070
2021-06-09,263.4743347167969,272.99903504634614,261.09085860373597,272.2473463755968,16223270
2021-06-10,269.5155334472656,270.4139286301378,262.759315197223,264.01521643813777,9991650
2021-06-11,270.49639892578125,273.91574436861293,267.6820636654561,269.88218462091993,8790865
2021-06-14,270.7989196777344,272.0639969937027,261.64090133326596,269.51551804416414,8612805
2021-06-15,265.9677734375,270.432191926353,264.4735165110266,270.432191926353,11778790
2021-06-16,263.97943115234375,269.53020601927807,262.5986411049248,268.1494159718591,9827690
2021-06-17,259.84625244140625,264.5593442278337,256.4587212314418,258.11565790589924,12356210
2021-06-18,254.06533813476562,262.1567747042332,247.43753546826622,262.1567747042332,14779290
2021-06-21,254.59927368164062,255.88803359292126,246.39740513997785,249.46274682711731,7416025
2021-06-22,252.53732299804688,258.10652708286756,250.56741022236866,255.9064545112432,7917570
2021-06-23,251.6352081298828,255.1700559817273,250.5950363790265,253.12648523562203,4924915
2021-06-24,251.1012725830078,253.32895956186042,249.16816089085805,252.4084328600982,4667625
2021-06-25,251.87452697753906,253.69718007121423,249.5824243401083,251.10128787204732,6516880
2021-06-28,252.69381713867188,255.72233003968287,250.8435493083824,254.4244119919628,4102820
2021-06-29,249.9874725341797,257.01109658924906,248.21086253301698,252.66620892235318,5875000
2021-06-30,247.18905639648438,252.73983178508973,246.1396704697906,251.3038122481942,6968565
2021-07-01,249.57318115234375,251.3497908468344,244.86008919345434,248.48696644618053,5444075
2021-07-02,250.78831481933594,252.70299813540856,247.80581708174776,250.29122249898873,4228550
2021-07-05,253.06198120117188,253.69714682821296,250.84350863447298,251.30377195306835,2911235
2021-07-06,260.2605285644531,264.15433859464275,253.236905225627,253.236905225627,12255020
2021-07-07,265.9125671386719,266.9527668975496,260.0028009272885,261.42039194577416,7910955
2021-07-08,263.5559997558594,266.41885242826805,261.83461930511885,266.0966624617307,6176635
2021-07-09,268.002197265625,268.79383686251555,261.06141703697534,263.10498774229126,5637260
2021-07-12,267.39459228515625,270.202187339998,266.400407768228,269.511792350226,4330990
2021-07-13,263.6019592285156,269.71426876954774,261.9910378280149,269.71426876954774,5529040
2021-07-14,261.59527587890625,264.53175835558125,260.50906109422135,264.19116796481103,6477460
2021-07-15,268.4071960449219,269.7143564812911,260.7392200454802,262.3501419698565,7322970
2021-07-16,266.83306884765625,270.726906884549,265.8480985408974,268.7937952046963,3058730
2021-07-19,255.8788604736328,265.11174404714,254.41522609110936,262.3501633799823,8523350
2021-07-20,256.9926452636719,259.5701369582498,248.72633322260717,257.3792788501448,6350305
2021-07-22,256.8821716308594,258.2169465462617,252.2243089035959,257.5449519604272,8748020
2021-07-23,255.09640502929688,259.02707279423436,252.0402490391057,257.195205196437,5276030
2021-07-26,252.29794311523438,258.6680001777075,244.07764650653007,254.94906448014237,4858020
2021-07-27,251.4327392578125,259.95679953072295,248.99332041841095,253.89974468918388,8150250
2021-07-28,252.76748657226562,253.69722776194948,248.56067175611997,253.23696429652225,6667670
2021-07-29,252.4084930419922,254.70981034510206,249.27867903596098,251.11973287844887,3888435
2021-07-30,255.9248809814453,259.6069886153516,250.4017195305859,253.69722159459303,7132000
2021-08-02,253.3013458251953,263.2706376817155,245.90951750628312,257.0110673233842,16937480
2021-08-03,246.39739990234375,255.5382235046199,245.41242956820827,253.62351219225877,10852865
2021-08-04,243.29519653320312,250.14391745560945,242.1169234762432,248.54220998080729,12098915
2021-08-05,245.21913146972656,246.2869177657165,241.21483453690095,243.4240930919006,7443930
2021-08-06,242.27346801757812,247.4560387659429,241.62908797472352,245.41246800051178,6201995
2021-08-09,239.84323120117188,243.09268947416743,238.41642598910104,243.01905969545433,5444400
2021-08-10,234.82638549804688,241.57383438605626,233.8782440451943,241.57383438605626,6656495
2021-08-11,238.4164581298828,238.95956560937887,228.99025797192635,235.10255579611388,7777460
2021-08-12,241.0675506591797,242.92700458771552,236.98962388402717,239.61310265724566,4144010
2021-08-13,238.42567443847656,242.06173873259283,237.18295754109474,241.3621574116285,4393670
2021-08-16,238.72021484375,240.25750703864858,235.9954632427815,237.68004310425272,4215450
2021-08-17,235.71929931640625,238.78464113347292,232.89327535943096,238.72019751672804,5186305
2021-08-18,238.20469665527344,240.22986673937498,235.0012675026127,237.12769609091936,4998005
2021-08-20,230.96017456054688,236.75951040803545,230.13170603726257,235.65486698215688,4362450
2021-08-23,229.34005737304688,234.80798907428115,223.8721256718126,234.80798907428115,5190075
2021-08-24,235.572021484375,236.023070635903,226.6889292585158,228.29065097924922,4803725
2021-08-25,233.32591247558594,238.46243929258685,231.86227833906284,235.83896057352928,5152555
2021-08-26,232.9761199951172,238.81225642467814,231.4112272742044,234.9184320678976,6567660
2021-08-27,235.91259765625,237.68002140148644,231.54009553277288,233.80459754964704,3930010
2021-08-30,245.77145385742188,246.56312155370367,236.2440234660739,238.23233673414222,7071320
2021-08-31,249.039306640625,249.83094613537523,243.11111231773086,245.78063418670274,7881915
2021-09-01,244.84178161621094,249.50883215691704,243.51622048859778,248.98415311693844,6179385
2021-09-02,247.26271057128906,248.35813980063602,244.23419737697765,245.22835404203792,3818570
2021-09-03,248.55148315429688,255.6487378558172,245.4308834049938,248.35815227428984,8012625
2021-09-06,247.88865661621094,253.51306157994316,246.71038349874632,249.64686608150328,3295350
2021-09-07,247.5848388671875,252.0309982994704,244.12367778060585,248.08193112190568,6181705
2021-09-08,251.3130340576172,254.3231466211325,246.39742425018207,247.41919552772666,8546425
2021-09-09,248.2384490966797,250.93558560235007,245.8634744642207,250.93558560235007,3792220
2021-09-13,247.01409912109375,248.23841520422334,241.31603734316926,247.80576658790744,3625345
2021-09-14,249.05770874023438,252.40843950716678,247.47440164781784,248.1740109490996,3353550
2021-09-15,251.6352081298828,253.94573953033188,247.06940278527154,249.27866162348664,5161840
2021-09-16,258.92572021484375,259.9383050905177,250.9539565096176,251.63513720223355,10142820
2021-09-17,250.53053283691406,262.5157795345724,249.57317726883542,261.42956484531135,9870725
2021-09-20,243.03746032714844,252.50968836884027,241.31607981424386,248.54222035791406,4788450
2021-09-21,243.70947265625,245.94634605973707,236.71346329016095,244.86013116737487,4585140
2021-09-22,247.89781188964844,249.2602014244205,244.30776362694778,244.30776362694778,3449740
2021-09-23,254.6360626220703,254.9858672234895,247.90701544921973,248.54218104816664,5925930
2021-09-24,249.5916290283203,258.9993851639172,248.73551782626973,256.82695558304846,5655830
2021-09-27,243.7831268310547,250.83436626377954,241.91445834571616,250.29125876326015,5489955
2021-09-28,241.7671661376953,247.74137592947616,237.97457221987483,245.78064940017578,4231635
2021-09-29,239.4014129638672,241.39894039943653,236.7595055277762,239.33696934536528,4532205
2021-09-30,239.12521362304688,244.307783501165,238.04821310274542,239.70514994578417,7981880
2021-10-01,238.3335723876953,239.2540990920197,234.4213338943167,238.204685164812,4632325
2021-10-04,248.6802978515625,249.27863462532298,238.6097328799113,239.59470325230387,6773440
2021-10-05,245.82666015625,249.92301547740098,243.8107043033619,246.7011718156297,4110305
2021-10-06,239.9261016845703,247.5296334126223,239.05159004945853,247.299501728882,3570155
2021-10-07,247.2903289794922,247.8794515138584,242.24583208503745,243.608221839897,3739840
2021-10-08,245.03504943847656,249.16820608961913,243.65425913535984,247.29035150380082,2327330
2021-10-11,245.7622528076172,247.05098469674175,244.10528772824418,245.9463413104931,2474965
2021-10-12,243.87515258789062,247.06019546663956,243.01906942636904,246.1488548535621,2928570
2021-10-13,251.56153869628906,253.10801683009257,244.13288138935488,246.33295371500344,7442435
2021-10-14,254.71893310546875,257.5817857258707,249.7941096842788,253.78000599273392,8878410
2021-10-18,256.8637390136719,260.8219919823937,254.11134549820397,258.4286173093856,5899405
2021-10-19,262.8011169433594,268.42554879693705,254.74650959489648,257.78426407880426,14910045
2021-10-20,264.87237548828125,271.49096550376913,258.9994099419875,264.7066874045156,10061990
2021-10-21,274.4735107421875,276.1580625632328,265.3234713552123,267.23815489506035,11697925
2021-10-22,279.5823669433594,286.98340938442226,273.4608700835363,275.9738899640006,19446090
2021-10-25,279.2693786621094,283.56822237195036,272.2089269190197,283.56822237195036,8858895
2021-10-26,280.9263610839844,292.35931625996284,275.5320875394246,276.17643944178667,9988515
2021-10-27,281.3774108886719,286.83612751903115,279.28779728474916,283.33810917709127,4678970
2021-10-28,274.0776672363281,281.30380894120583,270.55206160825406,281.30380894120583,5604320
2021-10-29,264.4120788574219,276.1580084740361,262.35010805033426,276.1580084740361,6972315
2021-11-01,263.3995666503906,267.8733136623267,255.78679161297447,267.8733136623267,8517215
2021-11-02,290.1868591308594,299.11598031817016,263.6849128137378,265.1117181153062,16632400
2021-11-03,295.0564880371094,302.62322032762245,286.97426292665034,290.70238565880476,15816895
2021-11-04,297.72601318359375,299.3461495424657,296.04146129082505,296.4096664381363,1071505
2021-11-08,306.48016357421875,307.4559196346617,298.44395532205647,299.2080082192732,8351745
2021-11-09,298.9601745605469,313.8244804974054,292.4853709429282,310.18008877439917,12628955
2021-11-10,301.7628173828125,303.9457657001797,295.8984990454311,298.96015371288587,6427920
2021-11-11,302.7063293457031,303.9457883711736,296.2130081917934,301.76283989098255,5065025
2021-11-12,300.1349182128906,305.0557476929625,298.9416964549551,304.6672752690144,5511415
2021-11-15,299.06195068359375,300.8009025418522,291.85641097522046,299.6909248623113,3522305
2021-11-16,303.196533203125,307.6456455813666,297.4894444196381,299.28389208218596,5549900
2021-11-17,301.69805908203125,305.2221993193731,297.9426476708869,301.1708183906749,3780655
2021-11-18,296.2499694824219,304.20473267533293,293.25306985798306,301.9293099318849,4825755
2021-11-22,288.89654541015625,297.8040319229307,286.3991374881244,297.73004656961785,5279665
2021-11-23,293.7618103027344,296.5737326673857,285.5850624289586,286.0013110580722,3311240
2021-11-24,293.5675964355469,296.1667653074823,290.4411867874216,293.9190902863401,2310765
2021-11-25,290.616943359375,294.14108428073257,283.0506794755299,294.14108428073257,4290100
2021-11-26,267.6313781738281,288.0362569456627,265.36521385383116,285.2613411210843,6705735
2021-11-29,259.5933532714844,267.31687413871975,256.8739336777234,265.19868062321984,4893890
2021-11-30,260.2315673828125,267.5851046127751,258.14112204526896,259.54709727175117,8840830
2021-12-01,267.0856018066406,268.0475803628467,258.9458614236929,264.54192940848213,5539860
2021-12-02,268.0476379394531,270.08255935834165,263.8389984944728,266.3919301917398,3870920
2021-12-03,267.71466064453125,273.5882389609213,266.17920361410484,267.6314165452073,3863635
2021-12-06,268.2696228027344,272.8667346822602,266.7434246780586,268.2418747723913,2886375
2021-12-07,270.7485046386719,273.1071998132018,266.72487141098037,270.6467712836891,3802710
2021-12-08,276.07635498046875,276.90882401732296,270.8502695640993,271.94172959526145,4314475
2021-12-09,276.39080810546875,279.2489674436785,275.04958776833604,277.49152675315474,2145005
2021-12-10,278.29632568359375,280.6457625059042,272.968477843364,277.49160454687274,2745385
2021-12-13,272.9869689941406,283.3651551313533,260.6755949192388,281.1914654600127,9169260
2021-12-14,256.0506896972656,270.7669938045689,253.45152130665554,270.27675990027336,9079580
2021-12-15,251.19464111328125,257.2624548923915,249.7424283662325,256.40223774716026,4271675
2021-12-16,246.37551879882812,255.8009853708778,245.30257616106897,253.70130917449688,6199315
2021-12-17,235.62734985351562,246.74551618339703,234.1566337873968,245.1175565859727,5310545
2021-12-20,222.10423278808594,233.72187679232746,214.37146767302804,231.2429590460499,8903280
2021-12-21,217.13714599609375,226.61810764235557,215.71269552962295,226.61810764235557,6125145
2021-12-22,216.8966827392578,220.5133124222396,214.07551540259635,218.67262723136466,4092265
2021-12-23,223.89871215820312,225.67465664183845,218.04363791121136,218.66336743566075,6141175
2021-12-24,217.84014892578125,225.69316622504442,215.66647321124762,225.69316622504442,5577935
2021-12-27,225.45265197753906,227.17310024550042,216.65616033204847,217.8401232138766,8997655
2021-12-28,224.17617797851562,230.66022556159584,222.89971230991725,226.6181030963014,4005800
2021-12-29,224.1484375,226.60886608953047,222.40948584815882,224.999409936404,5363660
2021-12-30,221.6602325439453,224.7681382297041,219.23681104328213,224.2131495267672,4008980
2021-12-31,225.13818359375,227.82061091501436,222.34477826071483,222.86276033269613,5290815
2022-01-03,231.38169860839844,232.75991172195467,225.2398861957571,226.02611790016536,2860025
2022-01-04,231.7886962890625,236.08982393016643,227.77432178185927,232.53792124156465,6387390
2022-01-05,231.20594787597656,236.19154510938176,230.3179687741795,231.78867048864277,4206620
2022-01-06,225.0086669921875,231.0579913284545,223.65821587591122,231.0579913284545,4892065
2022-01-07,224.8606719970703,227.7928311932943,222.71473043859987,224.99016749705038,4311580
2022-01-10,226.22962951660156,229.94802051507003,223.51020986610752,225.711647509641,4850740
2022-01-11,226.35911560058594,227.8760688924075,223.47320790247431,226.15562066146774,3000215
2022-01-12,230.36424255371094,231.05797144268178,226.4331121828761,226.82159866702574,6283615
2022-01-13,230.771240234375,232.5379258047899,228.28306361018625,231.94594436406456,3167295
2022-01-14,229.44851684570312,233.98088741844043,227.3765889166351,229.48552362383677,4270915
2022-01-17,229.21730041503906,232.14945985075533,228.81956924473988,229.76303048710395,2446195
2022-01-18,222.7147216796875,234.3878619503614,219.44957216707633,228.4680477355863,7134135
2022-01-19,221.123779296875,223.19572142584954,216.61917067783625,222.91822703413715,5312500
2022-01-20,225.86891174316406,228.32934061570828,221.44754677482348,221.62329371056984,6465015
2022-01-21,221.71575927734375,226.39611478392877,219.21833799637776,224.58317778279238,5834040
2022-01-24,213.59451293945312,222.54824841680184,211.0600848110776,221.08679109728175,9353860
2022-01-25,215.8329315185547,222.51122951070587,204.08579165982871,210.89358514847794,10473610
2022-01-27,229.5965118408203,230.8082226960857,216.46191450203514,218.28411016060912,14742195
2022-01-28,229.92025756835938,240.46493092285075,228.6622952985297,231.24296052788276,9290465
2022-01-31,227.2470703125,235.31282572442433,226.61809624862835,232.90790745709455,4867125
2022-02-01,236.83901977539062,238.64272608931847,228.3847921420519,230.9839606602191,5528990
2022-02-02,237.4958038330078,241.29742494878136,235.12786381601637,238.82776568195558,4547020
2022-02-03,233.6848907470703,238.08775173097587,232.16793745732548,238.08775173097587,2367305
2022-02-04,228.13507080078125,234.49888204362227,227.36734242354711,233.09292079170248,2633985
2022-02-07,225.47113037109375,231.4279512718907,224.0281765606299,228.4680442101764,2030295
2022-02-08,229.4392852783203,230.38276057916696,223.22347290912697,226.7291102406391,3807905
2022-02-09,230.34573364257812,231.98293773320597,228.0980588708933,229.39301378701418,2220130
2022-02-10,234.12887573242188,235.86782736830733,227.93156701259375,230.31799613611187,3166790
2022-02-11,228.5697784423828,233.8328701592559,227.21006878880246,231.79793505427588,2919870
2022-02-14,214.75071716308594,223.10321201224676,213.40951077563227,223.10321201224676,6578230
2022-02-15,223.47323608398438,225.85965137285814,211.47634837048867,216.62843496145658,4886570
2022-02-16,225.8041534423828,235.7568609008292,224.9716843125952,226.44238636173102,9347585
2022-02-17,236.32107543945312,237.22754394811773,227.4320949299089,227.91307015510583,11096160
2022-02-18,232.74142456054688,239.0035023786154,231.31697404713955,234.75787063832735,6084335
2022-02-21,225.73011779785156,231.7146866303428,223.86168487476138,230.132992714561,4546015
2022-02-22,222.7702178955078,224.95315203516773,217.61813200878,221.99324492561627,4408165
2022-02-23,217.3868865966797,226.02612022704156,216.73015037770068,225.32314670705085,4670295
2022-02-24,197.6849822998047,213.56674706084115,196.09402960970428,210.89357901421027,7525505
2022-02-25,208.58116149902344,214.4824866822894,203.91005062492474,206.37972388115037,9287685
2022-02-28,207.97067260742188,208.6736602640651,199.97891618659114,205.15876432270116,6854355
2022-03-02,202.6705780029297,212.24404207800697,197.2039911065644,204.0487911090677,8430100
2022-03-03,204.5020294189453,210.153608166354,202.38385002536384,206.63871220202006,5518095
2022-03-04,201.4866180419922,206.54621514698528,199.9789094230273,203.30881369989757,5340955
2022-03-07,188.9347686767578,196.06630874410072,188.0097967108429,195.1690848080471,4901560
2022-03-08,192.69015502929688,194.2071083968507,185.36436508321125,187.95428925350956,12217785
2022-03-09,196.436279296875,198.3787259464015,192.6161549199347,196.3160425464985,6415045
2022-03-10,199.701416015625,203.49380623189035,195.18756300214926,203.123823138867,8349665
2022-03-11,204.08831787109375,204.76178519935917,197.64362118548905,197.98035484962176,5890485
2022-03-14,208.1571807861328,208.7745282551631,201.59089532589766,204.83662954544215,6630425
2022-03-15,203.93865966796875,212.70306940971702,202.03986027111839,208.58744833546018,7772955
2022-03-16,207.55850219726562,211.39352314928212,204.88334465199432,207.40885391301381,7527250
2022-03-17,211.3093719482422,214.08742109373716,209.64441502723557,210.45818209744417,5977670
2022-03-21,203.2371368408203,213.52620402513972,202.93782594448803,211.49645339330985,6308350
2022-03-22,205.43527221679688,206.71672426605247,199.42083702566973,202.41401750893664,8069535
2022-03-23,205.07046508789062,207.65208040888876,203.55515641737026,206.34256849373233,4335075
2022-03-24,204.3595733642578,206.0806645041152,203.27455533127664,204.64953569516697,3329035
2022-03-25,206.34255981445312,208.101045130467,203.1716571287059,205.75327234111492,3234280
2022-03-28,208.6903076171875,209.62567719742273,202.74135651598712,207.3714330836301,7168470
2022-03-29,210.1588897705078,210.83235720022566,205.5942946356117,208.6903665366864,6632010
2022-03-30,210.35528564453125,213.0397920446063,209.3357361241846,210.83231904065278,2494090
2022-03-31,212.3008575439453,214.08741705928674,209.33573736920727,210.8323202945764,4371685
2022-04-01,220.99978637695312,224.30164002755825,211.0006827531367,212.3289059144259,4473460
2022-04-04,220.5601806640625,222.61799117332774,218.87651233007855,221.49555037487482,2766255
2022-04-05,218.97006225585938,222.14096510953297,218.04404107337413,221.49555770409867,7478890
2022-04-06,218.3246612548828,220.74726553168978,216.07976524523184,216.81871535556309,5148520
2022-04-07,219.64352416992188,221.6732747465469,216.63163253425654,217.1928458018444,10215730
2022-04-08,225.835693359375,227.0142542034893,218.27790344299984,222.4964162254682,12013760
2022-04-11,228.90367126464844,231.59754053421153,224.123931586488,227.29483425894924,5541150
2022-04-12,220.91558837890625,229.1562066595986,218.8952008617207,229.1562066595986,5301495
2022-04-13,221.48617553710938,223.9555508688911,220.45727747455518,222.99212126078814,2337810
2022-04-18,217.80084228515625,219.77447294055963,209.7285971353495,217.37991449833697,7199895
2022-04-19,209.26092529296875,222.43093331735875,206.15549081748765,220.6069651272948,7289265
2022-04-20,208.4471435546875,212.0950796791553,204.29409979907248,208.1197584503288,3195385
2022-04-21,215.29403686523438,215.8739614978012,209.1673626257122,210.27110626644586,3891400
2022-04-22,207.2779083251953,213.2642680346694,205.86549109979524,213.2642680346694,4432385
2022-04-25,205.14527893066406,206.52962201931516,201.35702898548385,204.8459537911675,5391300
2022-04-26,216.49131774902344,217.19284503548988,206.34256490170768,207.26857178537352,7799210
2022-04-27,213.49815368652344,218.25918247255112,212.14187035114207,213.6384534454004,5002305
2022-04-28,213.6010284423828,217.56700116755604,212.44116485897888,214.76089202578675,12255960
2022-04-29,224.8722381591797,231.78461982978956,219.65287340077654,223.44112362717019,30651345
2022-05-02,230.147705078125,231.41044554118827,221.67325833859317,222.56185665095802,9994595
2022-05-04,214.92926025390625,235.2361438290977,211.59934622379438,230.47510094908208,9729470
2022-05-05,217.2957305908203,223.54400754725575,214.78894667027444,218.85779626177697,5106630
2022-05-06,221.4581298828125,223.17922101567956,211.95478436991414,211.95478436991414,9524820
2022-05-09,216.4445343017578,220.37309830431025,212.44115328606335,220.37309830431025,7602625
2022-05-10,217.07125854492188,220.36374969477808,214.19966664343474,216.44454827039206,4513380
2022-05-11,209.5228271484375,217.81955238837483,205.2575433079619,216.07041549682617,8918120
2022-05-12,199.1869659423828,209.5228035243325,195.88511218936605,209.5228035243325,9397425
2022-05-13,198.5977325439453,204.8272848708188,195.97869412075005,202.41402895554248,8482405
2022-05-16,204.0135040283203,205.3136674563422,196.76438820696885,198.29839408084075,6833390
2022-05-17,207.41822814941406,209.67247252113145,202.4139946135414,205.2201036753148,4101275
2022-05-18,205.35108947753906,210.79494882592627,203.38682136673788,209.5228452659074,4296340
2022-05-19,201.7592315673828,203.27454011264277,199.0466652790987,199.98203493334952,8110880
2022-05-20,205.03302001953125,207.46498676631407,202.71330733370976,205.22009109098965,3296315
2022-05-23,212.6376190185547,214.74220107520424,205.78135665017865,205.78135665017865,6070490
2022-05-24,210.97265625,214.1809677371941,206.3519272637725,212.11380852079344,8069565
2022-05-25,208.9990234375,214.45223090266188,206.29580537640155,212.5160086302707,5017540
2022-05-26,214.50833129882812,215.32209835650033,206.2677266681575,209.7098802536935,3514895
2022-05-27,213.72265625,217.28641299625747,211.61807414574298,217.28641299625747,2271910
2022-05-30,219.23196411132812,221.682628261584,213.619745674326,216.44455201133817,4176795
2022-05-31,220.036376953125,223.6843131335493,214.19966479183697,219.2319584271072,13941420
2022-06-01,221.67327880859375,224.4887365749991,218.1282195175189,219.84929640583428,5176220
2022-06-02,223.16049194335938,223.74041655687338,219.8586382334865,221.77614886306398,2790370
2022-06-03,220.46661376953125,224.10520097405148,218.5678146069409,223.64687900056197,5396720
2022-06-06,221.832275390625,223.49723226913193,215.97685209482077,219.99894454898137,2524525
2022-06-07,220.6162872314453,221.36458580939794,213.7413145633798,219.16646141277613,4116090
2022-06-08,219.85865783691406,223.9555675479314,217.4173422713105,220.74725622567348,3753885
2022-06-09,218.46495056152344,219.37226033605947,216.07040635052044,218.5023733431631,4476645
2022-06-10,217.99725341796875,218.42752974692846,215.6307692902116,216.63162168985238,2121945
2022-06-13,212.12313842773438,216.98705799036412,208.68098479875633,214.19966029378855,4399480
2022-06-14,213.16139221191406,214.87312041017955,209.70987586726463,210.2523919852347,3860780
2022-06-15,215.135009765625,215.696237239274,211.69285646022664,214.21835154643202,3345520
2022-06-16,213.7787628173828,219.81189495196801,210.20564346135336,216.63164345745162,6698850
2022-06-17,214.95729064941406,215.97684011244826,208.1290895510775,212.60951803522744,6730740
2022-06-20,213.05850219726562,217.35184555525495,208.85868724267016,215.13502400556277,4386785
2022-06-21,219.61541748046875,221.36456830101676,211.1690313120999,214.5737760135152,4280930
2022-06-22,219.17584228515625,224.30166441625812,217.9504959481832,218.4088322546514,4890975
2022-06-23,224.0771484375,227.70638720409144,217.02446763931584,217.23959865995778,3954310
2022-06-24,232.9631805419922,234.91809983440714,225.04996069114316,226.44365244164132,4996020
2022-06-27,234.30079650878906,237.39686839754083,232.9819216081234,237.39686839754083,4127285
2022-06-28,234.0388641357422,236.3585770471386,231.840739582683,232.532918314257,3527135
2022-06-29,228.99720764160156,235.6757464614576,227.8560555114557,231.97167631772686,2727410
2022-06-30,239.70718383789062,242.67231836033355,229.9419361142669,231.03631695555381,9956150
2022-07-01,236.7794952392578,238.48187501566343,231.6910815737675,236.87303792223312,5358285
2022-07-04,236.6204833984375,241.157032329779,233.84243413905676,234.0295052318461,2008615
2022-07-05,238.96824645996094,245.1510407349364,235.90959782363535,237.3687722689666,6272225
2022-07-06,240.21229553222656,242.50396276453,237.60262029312864,238.1731963932868,3157810
2022-07-07,244.73947143554688,247.2275582135608,235.33901755532256,239.4546384445447,4945940
2022-07-08,239.53884887695312,247.60173199313576,237.77100052423108,246.90020464249034,3652815
2022-07-11,234.992919921875,239.4546372768403,231.9903912518067,238.64087022520454,3691540
2022-07-12,231.2794952392578,235.2454677057158,230.7931132960249,233.65534215029822,3442455
2022-07-13,237.37814331054688,238.5005841999874,232.03718982151995,232.73871716149657,3151325
2022-07-14,242.25137329101562,243.09322880097096,237.5932364924159,238.33218649872993,3203265
2022-07-15,245.936767578125,246.56347788596776,238.68765183695976,243.19614099393084,2703045
2022-07-18,261.3610534667969,265.44861510370976,247.49886557578807,249.1825198710784,5420345
2022-07-19,260.32275390625,261.71644570499416,253.92482821544377,258.5736170338134,4993150
2022-07-20,263.409423828125,267.74955254754224,262.19345474555854,263.7742316800241,4629925
2022-07-21,273.4833984375,274.70873046529255,261.0429642555962,262.4647444736526,4855305
2022-07-22,279.88128662109375,280.5921766357316,272.4731469941721,274.43742881947225,4810415
2022-07-25,279.95611572265625,282.29453977161,275.55989563775245,275.55989563775245,4721665
2022-07-26,276.560791015625,282.2758865788584,275.6908754396878,279.862645144722,4102640
2022-07-27,271.4068603515625,275.74696067257054,268.4510888399545,273.31502242517604,6702695
2022-07-28,273.3056640625,281.770748092919,269.94769039840827,276.49527803813646,8557735
2022-07-29,258.11529541015625,276.869447587071,256.38485565369314,276.869447587071,9296570
2022-08-01,257.1986083984375,261.5293746909449,254.6263417149603,258.1620380508039,4709025
2022-08-02,257.99365234375,262.5302006553619,255.00982100813386,257.600784548169,4861880
2022-08-03,254.46726989746094,261.2393647234769,252.19432878434665,259.09736050140145,3733035
2022-08-04,254.40185546875,257.6008037843264,249.47243899345636,257.6008037843264,4646770
2022-08-05,254.87890625,257.9375837479303,253.30749184559258,256.2258410381266,3153135
2022-08-08,260.4537048339844,262.6518007966154,253.6722744972444,256.29129824369124,4775785
2022-08-10,261.23004150390625,263.69943114583066,259.1348225678859,260.9681391369037,4003980
2022-08-11,263.03533935546875,266.6365188751539,260.2572898454513,262.9605223296906,5658525
2022-08-12,255.9078369140625,263.0353506895547,254.89765002381014,263.0260164016937,5225265
2022-08-16,255.2998046875,259.4715454994164,253.07362026490782,255.3559245851101,6555990
2022-08-17,253.5880889892578,256.10423599729984,252.73692760376332,255.16886621126847,6599875
2022-08-18,252.25985717773438,255.40268567427304,248.25647599559034,252.59657656869868,4383855
2022-08-19,251.9605255126953,255.33722489267686,250.67907362149185,252.55917580812255,3815695
2022-08-22,245.6000518798828,255.32789195787421,244.1315144631024,255.32789195787421,4246725
2022-08-23,250.0430450439453,253.7845239934155,242.8594123118151,244.21568130386663,4383165
2022-08-24,251.2497100830078,252.49376810933668,248.26590618612082,251.8016034766346,2029850
2022-08-25,247.81686401367188,255.1127366504434,246.93761416446873,252.36274729999425,3292195
2022-08-26,249.43507385253906,252.0727949595561,247.71396832333085,249.74373332259128,2107620
2022-08-29,247.8542938232422,249.14508013771248,243.19614205679807,243.61706987459985,2128080
2022-08-30,253.4197235107422,254.24285347095048,248.89253727481648,249.18249961826896,5142225
2022-09-01,248.66802978515625,254.04640532940167,247.49881771032028,251.05321099973494,2217970
2022-09-02,244.804931640625,250.67905155770595,244.4307895115221,250.67905155770595,2321585
2022-09-05,247.08726501464844,250.30493908758646,245.0762258553667,247.1059621324939,2988435
2022-09-06,259.0506286621094,260.322717648443,246.46053297648123,249.51920991444956,8058715
2022-09-07,255.6552734375,260.1918225496804,254.60766385803157,257.41377317955926,3464835
2022-09-08,254.6918487548828,259.26579219601774,253.67229910663485,257.0396075229611,3184610
2022-09-09,247.70460510253906,257.2266615784831,246.9375951153438,256.2819290687617,3022760
2022-09-12,248.5277862548828,249.62215301912147,245.0669063125326,249.0422282660756,4745365
2022-09-13,249.2947540283203,252.5498512766097,247.62046260389786,249.74374181798072,3598305
2022-09-14,249.67823791503906,253.38232263900107,246.02093880522122,247.56432171281494,3689160
2022-09-15,248.0507049560547,257.0395945036504,245.62810074197117,250.93163121071044,4760095
2022-09-16,240.21229553222656,250.30494280463915,237.2097667234047,248.77092276198965,5117185
2022-09-19,240.74546813964844,244.74884948323066,239.47335045030934,240.7641652581611,1969205
2022-09-20,242.46653747558594,246.6570040545237,241.3253852870709,242.2981777785636,3808500
2022-09-21,238.10769653320312,245.05748620265672,236.27438000637534,243.14935266350014,3779985
2022-09-22,235.18936157226562,238.70634653484748,232.20552992128106,236.27439385855257,4041540
2022-09-23,225.07801818847656,235.13324258455498,223.8433233187569,234.77779752704006,5578410
2022-09-26,219.80252075195312,224.900282526119,214.80763593831367,222.83310930499715,3960710
2022-09-27,217.9505157470703,222.45900511226495,214.38675903076248,220.76598802846397,3060765
2022-09-28,219.7931671142578,223.27274352430803,216.07039972144818,216.95899807790207,7037355
2022-09-29,226.2191619873047,226.85520651651964,222.05675550848488,222.61798302346983,8863220
2022-09-30,224.03038024902344,228.7446512885351,222.43090613650241,224.48871651671735,3689185
2022-10-03,218.81101989746094,227.66897180790352,216.56613840009237,224.4887206411966,3393565
2022-10-04,224.46066284179688,225.19025004905677,219.88670568584809,220.76595546706096,2886230
2022-10-06,224.0678253173828,227.85607563996814,222.99214154683608,226.50914092326138,4285510
2022-10-07,224.32037353515625,226.29398994646894,218.98875470275587,223.9275056921002,5047815
2022-10-10,220.3263397216797,223.12308604139278,217.75407299960503,221.48618903643617,3026365
2022-10-11,219.5967559814453,223.41306620077884,218.86716873228252,219.81188702347808,2086380
2022-10-12,226.7335968017578,227.82799184901947,219.18517116962724,220.7004654310539,2322665
2022-10-13,222.43092346191406,226.52783315208376,219.82123393647475,226.52783315208376,2016655
2022-10-14,221.4768524169922,227.4445161011509,220.81274787469832,224.488744210289,3429520
2022-10-17,223.0669708251953,223.99299200272299,219.25066058651845,220.7846663838936,1567175
2022-10-18,229.00657653808594,230.25996857181903,224.7880641233829,226.32206993533035,4394830
2022-10-19,227.2106475830078,230.84923499025584,225.45214805460952,229.16556674738604,1833905
2022-10-20,227.4445037841797,229.81098802610038,223.5533623364948,226.88327624500255,3339120
2022-10-21,224.0584716796875,230.6154229970797,221.38331352773375,229.16559697800292,5002910
2022-10-24,224.30165100097656,227.29483110754182,223.01083628177307,227.29483110754182,395760
2022-10-25,227.6876983642578,231.97169344790402,221.72003490912914,224.4887355947458,4718435
2022-10-27,233.26251220703125,234.53461563458063,226.55591282993234,229.16558814560133,4543535
2022-10-28,238.46315002441406,240.17486398984062,232.72932928219265,234.43170896150744,2765695
2022-10-31,229.9419403076172,238.32284501808556,229.165581726199,238.32284501808556,3104155
2022-11-01,225.92919921875,231.27951523781533,225.049963657983,230.38156828604195,6675575
2022-11-02,225.94789123535156,228.75400019609384,224.4887168593829,225.98531401415542,2733960
2022-11-03,232.0184783935547,232.59840309394366,223.71239012228145,224.86289096333422,3636250
2022-11-04,235.62899780273438,236.51759621318183,232.0465299375656,232.90706839724388,3337760
2022-11-07,241.16636657714844,242.0736763632691,235.09582612235653,236.5269406772459,2258285
2022-11-09,238.5753936767578,243.00903692546137,236.46146329043046,236.46146329043046,1989790
2022-11-10,232.93511962890625,241.32538713747124,231.49465654377016,237.54649975836742,3089160
2022-11-11,238.8466339111328,240.7641301798073,234.21654295672278,234.21654295672278,2488040
2022-11-14,236.78884887695312,240.48357084457564,234.85264089680223,239.43594700869997,1655990
2022-11-15,234.34751892089844,237.60261576099484,233.10348977680644,237.57455581173616,1474635
2022-11-16,230.78378295898438,234.74040742413817,229.22171713140915,234.21658835576739,2486780
2022-11-17,238.64088439941406,245.02944711194272,230.4750963591133,230.4750963591133,10895855
2022-11-18,234.07626342773438,240.28713183137742,232.3458238032411,238.61281210430838,5665580
2022-11-21,243.22418212890625,244.13149188038537,232.53291330085892,234.3007614642608,11427320
2022-11-22,251.89505004882812,253.47582713333335,241.51246916319505,244.12213008665995,9851655
2022-11-23,249.60342407226562,254.9724373151793,247.91974139125048,252.54983308251775,6956495
2022-11-24,245.38487243652344,250.85679064001062,244.13148052134176,250.85679064001062,3504165
2022-11-25,239.4827117919922,247.31175189630312,238.55669061743336,246.00223997808712,4325525
2022-11-28,236.60177612304688,242.22334319939714,233.28121064598938,238.33221587482058,22810780
2022-11-29,237.64002990722656,239.6417348192299,234.12304488147717,234.35688731258682,8742450
2022-11-30,252.54978942871094,257.22663738109446,237.9580181082314,238.04221221855585,11378515
2022-12-01,240.7361297607422,251.88575074893183,238.89345004479446,251.88575074893183,8011285
2022-12-02,241.390869140625,242.8594064436607,237.20976537381034,240.69867614094937,5168550
2022-12-05,242.23269653320312,243.196126199029,239.26757624572036,242.44784184419626,4417660
2022-12-06,248.1629638671875,250.49202557707042,241.36283557380776,242.26078260547493,10171880
2022-12-07,249.78111267089844,255.68329272146215,248.24709278408292,248.43417812718283,6943485
2022-12-08,250.34239196777344,253.4852208567635,247.87300194480565,249.7250444620315,2846375
2022-12-09,251.43673706054688,253.31683936893822,246.27350638157932,252.2505041656061,3202765
2022-12-12,255.08462524414062,257.40435203403007,248.4809184204576,250.67904260006057,5938835
2022-12-13,255.51490783691406,256.4689744841011,250.67903479240576,254.6075982482823,1977965
2022-12-14,257.8907775878906,258.16204279943526,253.5600112157231,255.533656169044,4138030
2022-12-15,260.6314697265625,262.6892662774891,256.3007027368639,257.3015267859149,3778060
2022-12-16,256.3754577636719,262.65177997123345,250.32361513223043,257.60078969202044,9071230
2022-12-19,256.7121887207031,259.4434518671875,254.79466398391784,257.03021094761084,3297195
2022-12-20,259.8924560546875,261.7164096965846,252.99878648462706,256.2725801726233,2851545
2022-12-21,256.1790466308594,265.55144033251884,254.46730417052552,259.43411477342,4286630
2022-12-22,250.5668487548828,259.4715583407304,248.49968963669335,257.2266766895742,1549960
2022-12-23,243.4767303466797,248.23778741262169,241.437631177374,248.23778741262169,1564975
2022-12-26,252.76498413085938,255.7300903270815,242.27013413197182,243.4861034192494,1606850
2022-12-27,257.95623779296875,260.0327595324828,248.72414402716157,254.79468384724572,2420365
2022-12-28,259.7708435058594,261.342257565175,253.01747392868984,255.08463272857102,2201075
2022-12-29,245.48782348632812,252.3627689058243,234.0950115265969,252.3627689058243,19945730
2022-12-30,257.58209228515625,259.0599637349727,247.90101094287726,248.8083206222935,7329350
2023-01-02,259.2470703125,260.03277743760475,254.7947013916885,258.3491233902686,2184945
2023-01-03,255.2471466064453,260.4101706006072,252.5899989079173,258.86882985826077,2678225
2023-01-04,251.2189178466797,255.8618134603426,249.23314137913673,254.9351389377126,2709675
2023-01-05,249.62078857421875,253.42210983298799,247.98488173022798,252.6561721827701,2309935
2023-01-06,244.84548950195312,250.7271536067861,243.3987150430228,250.56641692111256,1599915
2023-01-09,249.37493896484375,250.5285781599811,245.7627211242823,245.85728739094725,2348255
2023-01-10,252.2685089111328,252.96824739935815,249.37495982608027,250.1408975922662,2849300
2023-01-11,252.3819580078125,254.1502346654878,249.46950742886025,252.2873917403146,1445245
2023-01-12,248.24969482421875,253.84768946720746,246.8407525216455,253.70582562238832,2259350
2023-01-13,242.68006896972656,248.31586640902566,239.7297717050328,247.7484976657574,4597480
2023-01-16,240.69427490234375,246.1504194422009,239.99453648168034,243.776941810119,2549280
2023-01-17,240.4957275390625,242.1978194684,238.8409187466931,241.64936682290306,3167635
2023-01-18,242.83135986328125,244.29706497252965,237.56434735560774,241.69665114321754,2375830
2023-01-19,244.87387084960938,245.35613865004433,240.6186626371251,242.8313605188898,2489795
2023-01-20,241.5642547607422,244.72255750513946,239.5028283994847,244.72255750513946,1984570
2023-01-23,242.94483947753906,245.28048488743562,241.1103491142957,242.47203699664968,1269830
2023-01-24,239.29478454589844,244.49561173194036,238.8598143522771,243.5689084991558,1061495
2023-01-25,237.19554138183594,240.30658973678973,232.61881690243658,239.90943739060577,2130930
2023-01-27,234.70863342285156,242.83136282806953,232.62829079097227,237.34686513686157,2410525
2023-01-30,235.23817443847656,239.21916365456187,232.12712571595142,234.32093637744657,5905675
2023-01-31,243.32310485839844,244.98735016747594,233.26185300737308,235.94738238662288,6053500
2023-02-01,245.35614013671875,258.5095096660147,241.7344711130815,251.15270363149745,7936630
2023-02-02,239.1435089111328,245.78167476263127,236.96862886155694,244.5145386140115,2552580
2023-02-03,241.89523315429688,242.86920523218484,236.4012699492817,240.41064068198537,2600590
2023-02-06,244.6563720703125,245.4033791818895,238.29244055099835,238.29244055099835,2088355
2023-02-07,244.2119598388672,246.42467210589857,241.88576515872495,244.70366405679366,1940780
2023-02-08,247.30409240722656,247.8998282175859,243.9755729548782,245.44124926800316,1715770
2023-02-09,248.70359802246094,249.15746998598436,245.583083985355,247.4648576927175,1437655
2023-02-10,241.8101043701172,249.63971237672047,239.74867803009786,249.63971237672047,3358630
2023-02-13,237.55490112304688,242.96376314758803,236.9686306109675,241.81012383564678,1789390
2023-02-14,240.22149658203125,241.03471748873875,236.3823424511056,238.6707049028202,1050085
2023-02-15,240.69427490234375,241.67771211934254,237.7250759700736,239.33261590992325,1236070
2023-02-16,238.04661560058594,242.5098580705891,235.71097002067168,242.4531240773584,3304915
2023-02-17,233.3942413330078,238.5383205959195,232.71340455447185,236.38234227348485,2077315
2023-02-20,233.9805145263672,238.06552081575413,233.41314572813582,238.06552081575413,2309105
2023-02-21,229.77256774902344,236.90242321220984,229.02553170718312,235.83388492823477,2163550
2023-02-22,228.46763610839844,230.9734837128106,226.0185224982314,229.025539623526,3253235
2023-02-23,227.00193786621094,229.82930205883613,226.01851499809075,228.82696305033264,1641205
2023-02-24,230.4344940185547,231.10586551541272,227.1154111007544,227.47474563240607,2464105
2023-02-27,227.49366760253906,230.8411031741634,225.43224106390971,230.4344999232232,1437525
2023-02-28,227.57876586914062,229.33759184096994,225.0540021146867,227.89081726739286,13260610
2023-03-01,231.03968811035156,232.8930659644283,227.89082150089703,228.2690577567691,2913235
2023-03-02,228.76077270507812,231.6543218588389,225.62137143188517,231.29500175025154,2720640
2023-03-03,230.14137268066406,232.42973527953052,228.90263231459227,229.90497140687054,1836725
2023-03-06,235.80551147460938,236.22157997834864,230.72761730121658,230.72761730121658,3145920
2023-03-08,240.26876831054688,244.89279056067198,230.93565168172776,235.45564237707305,51702925
2023-03-09,244.04171752929688,248.63737268131933,241.12926692417255,242.06542103718257,8022010
2023-03-10,240.1174774169922,243.02049177372595,237.99933139237677,243.0110264890383,1446625
2023-03-13,237.92369079589844,242.80300196160692,236.72276832422608,240.32552131045495,3683830
2023-03-14,234.3209228515625,237.91422475213054,231.2949897248479,236.59983437386447,3141790
2023-03-15,232.53372192382812,237.16718051105647,231.74886806630093,236.59036090149004,1987050
2023-03-16,236.43907165527344,238.4532149548898,232.3729816328861,232.99706997704843,3988570
2023-03-17,235.644775390625,239.79598097973883,233.90486556288988,237.63055176559286,4182610
2023-03-20,230.6708984375,241.1103718513281,227.61659816299013,241.1103718513281,3402415
2023-03-21,238.38702392578125,243.71078464060724,230.36828321595902,233.2618321788805,5079360
2023-03-22,235.67312622070312,239.2002432012231,234.83153836174307,238.66124143430017,1814750
2023-03-23,238.396484375,239.07732115000212,233.37532398095016,234.88828336967555,2141185
2023-03-24,233.22402954101562,238.16008906872457,231.6732378322695,237.21448401634797,4290270
2023-03-27,228.7229461669922,233.1862030022732,228.01374240412494,232.99707045581195,1948390
2023-03-28,231.84344482421875,233.43206884949907,227.35182072840067,229.03501103247672,2605125
2023-03-29,236.74168395996094,238.29247568488563,231.0113195913829,231.84344223457953,1649135
2023-03-31,238.17898559570312,242.4342079809787,236.96861238263878,236.96861238263878,4489935
2023-04-03,243.2947235107422,244.15522754126698,239.4271880156894,239.4271880156894,2297460
2023-04-05,243.78639221191406,244.76036408564016,241.02522768915043,242.2639822042019,1710530
2023-04-06,246.58541870117188,247.18115450037058,242.10325999493537,243.20963060167244,1428390
2023-04-10,246.75567626953125,247.18118127392196,243.02998965733264,246.58544541019583,630385
2023-04-11,244.96839904785156,247.74847971663627,241.50748170798545,246.75560613102928,2316150
2023-04-12,247.55938720703125,248.12675600089182,243.6918660676189,245.66817713254645,2680600
2023-04-13,245.2142791748047,247.54992452336563,244.3443099354819,247.54992452336563,774615
2023-04-17,249.89503479003906,250.96357310783017,245.08190857511897,245.8573116376405,2927410
2023-04-18,253.27084350585938,254.3677487850907,249.4505911688917,251.0108625281687,2602290
2023-04-19,258.4433288574219,259.0768969749062,252.95883079318295,254.81220871827657,2649705
2023-04-20,253.29916381835938,259.76709745964075,252.63725774504545,259.10519138632685,1972785
2023-04-21,256.9870910644531,257.53555819000877,253.62073917217876,256.33462122814814,1533610
2023-04-24,263.3699035644531,267.00102343049787,256.48590007428123,257.39370168397403,3484290
2023-04-25,270.9631042480469,277.8754745670199,263.842699672436,264.7126689795326,11463135
2023-04-26,265.9325256347656,272.3058946059318,261.3652369622076,272.3058946059318,4680385
2023-04-27,265.81903076171875,267.0388693976769,261.3652389054136,264.769422972287,5355815
2023-04-28,252.0226593017578,258.15019070052,247.55940210310874,255.31337541809668,15378245
2023-05-02,250.64207458496094,255.937468685926,249.95177250328734,255.10533161694312,4445290
2023-05-03,249.46005249023438,252.60893329730575,248.93051599937348,250.21652494644297,2404405
2023-05-04,251.09596252441406,251.72006529414398,248.8832502631397,250.77446028380922,2605540
2023-05-05,249.42221069335938,254.81217052530664,248.93050650134236,251.152683935832,1867575
2023-05-08,254.91619873046875,256.25897060959426,249.42223565441898,251.34181276704388,3146345
2023-05-09,254.9823455810547,264.76936168633137,254.5001067239881,256.95865628216205,4717955
2023-05-10,255.89015197753906,257.3936893032799,251.62549310436788,257.3936893032799,2721495
2023-05-11,258.01776123046875,259.0768630494131,253.4316001592743,255.5213790868918,1675840
2023-05-12,255.26611328125,259.9752083025142,253.61130432388055,258.1407320640241,1868500
2023-05-15,253.5355682373047,258.6418286653073,252.67506435929258,255.88067865840046,3314115
2023-05-16,251.2661590576172,257.26129123036617,250.58532231062122,255.31334725987824,5037130
2023-05-17,254.21644592285156,255.4268191741942,250.60422788018496,251.34179862932228,1876620
2023-05-18,254.57577514648438,256.6371870874037,251.4269232446268,255.7766830883798,3189190
2023-05-19,253.2897491455078,256.6182973155057,252.09830643245206,256.6182973155057,3457825
2023-05-22,249.50732421875,253.02497601211095,246.99204028548726,252.66567034848399,3724060
2023-05-23,257.8286437988281,261.05316007456406,249.7059009091895,250.38673761341485,3621815
2023-05-24,259.02960205078125,262.87822179204466,256.48592198454696,257.71522594776155,4991420
2023-05-25,260.1075744628906,262.4999539603083,256.8925232320932,259.02957091047955,2376370
2023-05-26,261.6678466796875,262.1501145192654,258.1501945230917,260.1076040227668,2622815
2023-05-29,266.43365478515625,269.1948050254273,261.66779784935846,262.49993480645026,5878845
2023-05-30,267.94659423828125,268.77873117875333,265.84737903514275,266.9442553393231,3948785
2023-05-31,264.7221374511719,268.53292453551796,263.14296436710333,268.1073907325891,6080605
2023-06-01,266.7078857421875,268.2681571194039,264.72213827586705,264.72213827586705,2902875
2023-06-02,267.2941589355469,269.34610547858904,265.56368574903564,267.67239513698775,3680045
2023-06-05,264.9490661621094,269.90402710717933,264.3249634017833,268.7409514308404,2510040
2023-06-06,266.45257568359375,268.5045512304482,262.0744199174023,266.1783421535368,1777200
2023-06-07,266.3485412597656,269.6865253570884,262.8781586266083,264.7693684009004,3799040
2023-06-08,266.8402404785156,274.03627968500933,264.76936350535027,267.2279419379855,4030580
2023-06-09,268.02227783203125,272.1072982713305,266.4714718132408,266.66060435226484,2435880
2023-06-12,274.669921875,276.35309784357645,267.98448671392345,269.4974606857803,2951100
2023-06-13,272.9772644042969,276.3058127161624,271.3886548141301,275.757345615877,3300860
2023-06-14,266.24456787109375,274.2254771704538,265.1949600687336,274.2254771704538,3617290
2023-06-15,267.45489501953125,268.5518002015731,265.52585288162504,267.4170627421995,2747890
2023-06-16,268.8553161621094,270.67776242256303,266.66840992110787,269.8144860795932,6897545
2023-06-19,281.9671630859375,287.9235996818665,278.6963903719701,282.5714447772641,15970295
2023-06-20,299.1938781738281,301.69732698708503,279.31987545991745,281.9959678405592,13814600
2023-06-21,332.7072448730469,344.06381251031314,321.32190331082336,329.1103578956869,67327115
2023-06-22,329.71466064453125,338.586982421875,324.52554785460234,338.586982421875,20695285
2023-06-23,321.638427734375,327.75793634266114,314.9626134669457,324.7845038164088,26775580
2023-06-26,326.7604064941406,328.6979190582194,315.0393497270387,320.11333717068726,9027690
2023-06-27,325.3791809082031,331.59458246154037,318.44437273528007,326.8850552437441,9250910
2023-06-28,326.3096008300781,329.637921443184,324.03634365462926,328.036094884009,9058510
2023-06-30,332.87030029296875,338.96103446336576,325.69569954980557,326.32875513933817,13348225
2023-07-03,337.2345275878906,341.0616059626593,334.38579193263405,336.22741094343814,7848930
2023-07-04,341.02325439453125,343.9966867640426,333.79110557765074,339.9297867224719,8948575
2023-07-05,345.7327880859375,350.67250701549165,339.33511223396187,341.0808084060501,13158105
2023-07-06,339.8050842285156,345.60807924743636,339.0185872163874,345.60807924743636,4616375
2023-07-07,329.68585205078125,341.2726106091875,328.4197408618694,340.50528646098996,6705130
2023-07-10,330.56829833984375,331.9494759404848,326.85628657614575,331.67133777027624,6425075
2023-07-11,337.7620849609375,340.99448267133636,331.1342177861949,331.8535951735492,6085610
2023-07-12,346.3562316894531,348.7445552007921,337.57023252843317,337.6469532354047,6537300
2023-07-13,343.1909484863281,350.90268200367666,342.03996226995093,348.65822814662425,6218315
2023-07-14,342.212646484375,347.47848003364027,340.05451414168687,345.301174830106,4492200
2023-07-17,339.4501953125,343.77606059140834,336.7069836625367,342.63464615760125,4223875
2023-07-18,342.2605895996094,345.53136253868246,339.5461516060792,341.23430003180545,7805875
2023-07-19,342.5675048828125,344.2844271043778,340.08325849252986,342.2317895821709,5968125
2023-07-20,342.0111999511719,345.0134062608303,341.08080402713915,342.42363596091303,2878425
2023-07-21,351.3439025878906,358.37463394526435,340.50529504575474,341.1671245806655,15551270
2023-07-24,344.59136962890625,354.49958129851973,341.4644665514577,353.1279754383845,30150490
2023-07-25,349.8092956542969,351.2384495258976,344.5338608813294,351.22884845941627,7020285
2023-07-26,348.9747314453125,352.09203325949926,346.97007009892786,350.28881864430855,3995010
2023-07-27,347.5360107421875,354.72021306873387,342.72098846847024,352.5908547581374,11626560
2023-07-28,348.72540283203125,352.6484041571668,343.38281953642024,350.29842622546556,5905730
2023-07-31,363.17047119140625,364.10086708142035,348.76372185796004,351.33431920466916,7778860
2023-08-01,355.6026306152344,364.676398721631,353.93368439716545,363.1704949904894,5345210
2023-08-02,351.660400390625,358.0100992763947,345.61761356999006,356.8111371220866,7630985
2023-08-03,348.8404846191406,352.70593793858114,343.670545084253,350.86431894957957,3816705
2023-08-04,352.3990478515625,353.68433212331536,345.69445900015523,350.09704573392247,5455600
2023-08-07,355.81365966796875,356.8112045649349,351.660466859904,353.1471685036409,4926185
2023-08-08,357.0797424316406,359.6407387521269,352.9744967382637,355.83283336373563,9859755
2023-08-09,354.68182373046875,359.8613350335709,352.9745025790729,359.3050294035492,6340300
2023-08-10,355.0271911621094,359.47772465706373,352.9745533504365,355.7849143723222,5397960
2023-08-11,346.8262023925781,354.902424939694,346.0876521887548,354.89282387485895,5133290
2023-08-14,347.9004821777344,349.00352163215734,340.41896918365313,346.82621664746017,4598320
2023-08-16,344.5338134765625,348.4951602729388,337.6469518741401,347.9484557180628,9040420
2023-08-17,353.8185729980469,358.7295178639681,347.59357014318266,347.59357014318266,6805160
2023-08-18,349.22418212890625,355.2765421464835,346.84543012505446,355.2765421464835,4286650
2023-08-21,353.5979919433594,355.8520471529496,348.11153872474864,349.137857584026,6865250
2023-08-22,353.94329833984375,355.650619611116,351.19048537782743,355.650619611116,4892080
2023-08-23,355.3149108886719,356.1110090503708,349.35847382480614,354.70102808368785,2475480
2023-08-24,359.78466796875,370.57533032222227,355.85206516784217,355.85206516784217,8085270
2023-08-25,357.6072998046875,360.5903334054398,352.39901428935656,357.77037156664954,4806385
2023-08-28,357.1660461425781,358.9117421666017,354.15426825586485,358.71989650206814,4670145
2023-08-29,359.1611328125,360.2641721959262,354.2789329143586,358.15398698903726,2919905
2023-08-30,361.43438720703125,368.3212196535078,358.30748415245483,359.113183307862,3644915
2023-08-31,369.9134521484375,371.9660604300124,362.3935639499166,363.525377360857,12639870
2023-09-01,366.7961730957031,371.3810041483902,365.7986281815768,370.2395896003858,3756035
2023-09-04,363.3143310546875,373.117047456937,362.42231017719627,367.74569079090975,7899565
2023-09-05,367.0743103027344,370.22995800792717,360.68623564137283,365.21351846722337,6793595
2023-09-06,363.0649719238281,369.6640653722956,361.0315364645649,368.3020605366948,6908360
2023-09-07,363.2760009765625,364.6380351231049,358.85424175847777,363.52539451911565,6035475
2023-09-08,374.8148193359375,375.9850078099338,365.0217026426218,366.4029096700123,7287555
2023-09-11,375.4574279785156,378.25818739592495,371.8029933907574,378.25818739592495,6565460
2023-09-12,366.6235046386719,377.88414938250986,362.8251709329668,377.88414938250986,6903070
2023-09-13,366.47003173828125,368.32122252423585,360.11073094718967,364.8778062741593,6517920
2023-09-14,367.43878173828125,369.80793249331816,365.5588169849268,368.32123090012436,5225585
2023-09-15,368.7528991699219,370.9398054861502,365.63559683086805,369.8463376922641,6773145
2023-09-18,366.88250732421875,369.203711491867,364.7627499223778,367.5827119282404,3166810
2023-09-20,367.9183654785156,373.11707904807236,363.1321171990081,364.48455022690877,4028295
2023-09-21,364.5421142578125,369.08857027186343,362.75807227259247,367.3045282866434,2504980
2023-09-22,362.7484436035156,370.18200985269965,360.83970499158585,364.54208651825934,2804785
2023-09-25,373.22259521484375,375.8699135729531,356.93590863310914,362.7484760329678,10327105
2023-09-26,361.53033447265625,372.7526048292897,358.921391152974,372.541586278744,5973300
2023-09-27,363.0266418457031,367.05513794662585,360.69583669381814,364.10090747261586,3216495
2023-09-28,359.0076599121094,366.8632626373711,356.1109484850054,366.2685527943591,21636670
2023-09-29,368.196533203125,370.42181432602814,357.88545710371466,359.2474911981848,6908925
2023-10-03,368.6953430175781,372.13875954971934,360.8397389582198,371.77427029329306,11039535
2023-10-04,355.00799560546875,368.3116788178587,353.2622991808441,366.21109417679236,6700835
2023-10-05,352.494873046875,359.29538286735817,349.71328670571046,355.27645938803954,7397385
2023-10-06,354.6722412109375,357.3867084033603,352.0153511419808,355.0751054459464,6311950
2023-10-09,349.31048583984375,353.1375936310634,346.00136726024533,352.984122935057,5354120
2023-10-10,363.1129150390625,363.8610663056652,348.21700934605275,352.9744833164611,8377560
2023-10-11,364.21600341796875,368.41717235360755,361.71255470402184,365.8370029254923,4561415
2023-10-12,360.28338623046875,366.1247272966222,359.6887055873444,366.1247272966222,3313985
2023-10-13,360.83013916015625,361.9427797941678,358.80627538187645,359.6599506719323,2983920
2023-10-16,358.2595520019531,361.60704552332606,355.96712193357394,360.8301202606094,2463960
2023-10-17,362.26885986328125,363.12250580121645,359.11318288797077,360.3505201798289,3378270
2023-10-18,358.0005187988281,362.72924805370945,355.3820040370271,362.2592349575478,2524565
2023-10-19,360.4272766113281,362.56623610813443,349.79968659112967,352.3990289238093,3099700
2023-10-20,360.0148010253906,361.7508960785993,357.96219280727985,359.9764260361012,2206225
2023-10-23,360.6478576660156,367.55389218100225,357.962193838821,359.65031284239745,10365280
2023-10-25,348.3992919921875,361.96193910549994,343.7664850007105,359.02688156436517,6849205
2023-10-26,344.84075927734375,348.91723143943256,337.79088377896574,348.3993007578781,4792965
2023-10-27,371.23712158203125,389.36542660772335,355.0847041835471,355.0847041835471,25056665
2023-10-30,362.9881896972656,371.2370551099116,357.81825087722507,371.19868012523784,10187990
2023-10-31,360.6191101074219,365.81782386845003,358.86384206194936,364.86822575849965,8455335
2023-11-01,364.9161682128906,365.82736197518443,359.909300602412,361.4151749671909,3794295
2023-11-02,375.0066223144531,376.9537358606325,365.0216610657127,367.07429851234116,4288760
2023-11-03,386.2672424316406,389.0296559994146,374.469466196772,376.4741274648282,9322270
2023-11-06,385.8700866699219,389.9196622695633,384.0293866147418,389.2511930000982,5634155
2023-11-07,385.03692626953125,388.5633158951518,378.65258670008154,387.49766770679827,8807090
2023-11-08,383.5740661621094,386.09293296083774,381.94650160854536,385.0369525219704,3525375
2023-11-09,376.55029296875,381.7042765909569,375.89152110987635,381.7042765909569,4975345
2023-11-10,378.25537109375,380.91955064503435,373.353283084603,375.8915148721215,2430100
2023-11-13,381.2779846191406,382.285537125631,373.99267545846044,379.26290917136157,2779500
2023-11-15,394.44390869140625,395.499889097699,382.69244949909967,384.6590973319576,6346865
2023-11-16,394.44390869140625,397.39874391682037,390.52031041274034,394.64734686302484,3184495
2023-11-17,386.50946044921875,391.1887449372379,383.85497837129924,391.1887449372379,5468870
2023-11-20,385.3760070800781,389.41585556542964,383.21558899215427,386.54823781876536,2862980
2023-11-21,387.48797607421875,391.35344907408194,383.6806282649397,387.51703866951084,5089455
2023-11-22,383.0799560546875,389.45459790726693,378.45879675480495,388.47610798897364,2639075
2023-11-23,382.6440124511719,387.30390246816637,381.70428245136117,383.25435651648866,1529325
2023-11-24,377.3447265625,383.64187861039795,376.1046731879837,382.64402339157,2379295
2023-11-28,380.8711242675781,381.7042716845262,374.83553592716447,378.1778525467017,3604165
2023-11-29,382.5471496582031,383.9131508449671,379.76671947817084,380.87115729244164,3299720
2023-11-30,388.912109375,391.3922161019146,381.95618550131303,382.2952392640894,11002290
2023-12-01,388.1467590332031,393.31044027750875,386.9357682527643,390.2296572625169,3034950
2023-12-04,405.8175354003906,408.4429549969378,388.92179054935093,392.3609923600055,9360830
2023-12-05,401.0704345703125,406.6700545536751,395.85832570961657,405.81754190988994,8296900
2023-12-06,398.30938720703125,403.8121218507643,396.2361569378684,402.4364234072297,3598450
2023-12-07,394.25982666015625,401.0801348154686,393.32979404608756,399.32662258161247,3904160
2023-12-08,393.63983154296875,398.65817030929315,390.3653076979663,397.2049813531232,4218365
2023-12-11,396.6430969238281,400.67324830151125,390.51062293684373,393.6398338173502,4948465
2023-12-12,386.5966491699219,400.11131685590544,385.2015855546512,400.11131685590544,7159045
2023-12-13,386.60638427734375,389.7840229187911,382.8765267415547,389.4449395855003,7973270
2023-12-14,410.43865966796875,412.70563071137593,388.5051819102265,388.6795870406445,11924520
2023-12-15,402.57208251953125,411.0780803065491,401.0994988559067,410.18677811197614,11228265
2023-12-18,396.81744384765625,402.73675227789323,395.8292565013821,402.39766896427375,4203410
2023-12-19,399.0553894042969,403.5312067773742,395.2674065437612,398.9100764178734,11070960
2023-12-20,387.2748718261719,409.2083521791832,385.5794846449441,399.33635245584617,9435625
2023-12-21,390.7818298339844,396.798023039837,382.09175984099676,386.99384757394347,9405990
2023-12-22,398.26092529296875,400.8863448216608,390.7140230604204,393.3104095604622,6928875
2023-12-26,394.44390869140625,402.39768781067454,392.9616571677764,401.4676551752138,4822975
2023-12-27,397.18560791015625,400.2082361458976,394.45360563354217,395.47082605569204,3750095
2023-12-28,396.36212158203125,400.07258423521336,394.5117241662759,400.07258423521336,3288345
2023-12-29,397.8443298339844,400.69258213657275,394.8701297765223,397.6893194868475,5291010
2024-01-01,396.98211669921875,399.14253475166305,395.4805000571807,398.28029518189743,1523610
2024-01-02,393.3395080566406,399.09413868633055,390.6172031115589,397.20498121787085,5389635
2024-01-03,404.9649658203125,406.5053423605521,393.13598800804806,394.2985508439879,6787670
2024-01-04,416.22235107421875,417.0651958685381,404.9940488842583,406.89287401808593,7695105
2024-01-05,420.9210205078125,421.76386534141494,410.66151039686474,417.1621004803037,8114435
2024-01-08,425.5615234375,431.1127157921854,419.20624621710573,423.1686044840903,7487975
2024-01-09,420.0394287109375,430.7348780853199,416.69708230319003,427.5475716117805,5463445
2024-01-10,416.5808410644531,423.9146085481441,413.81010826634633,422.3935969862827,2470725
2024-01-11,441.7209777832031,443.67792810306696,427.04374690601554,429.7466864158116,14663945
2024-01-12,444.2495422363281,446.24525267179035,437.91363021222713,444.2495422363281,5187280
2024-01-15,444.2495422363281,444.2495422363281,444.2495422363281,444.2495422363281,0
2024-01-16,447.5240173339844,452.41640771510015,444.6854623569425,450.48852006857436,6647950
2024-01-17,443.31951904296875,449.1032123002834,434.0191037635656,444.48205247464097,5308645
2024-01-18,437.0029296875,443.183830876214,425.6002520372463,440.0255872730283,7883550
2024-01-19,446.0030822753906,449.8976477787058,440.0256479840535,440.0256479840535,5296785
2024-01-23,441.6725769042969,448.3475726608766,435.4916748753892,443.1354633119806,10999270
2024-01-24,446.11932373046875,448.55100277440965,428.1191690684281,432.82748721726676,8501730
2024-01-25,447.0299377441406,455.90408102005466,444.0944975101426,449.0934705991179,5327820
2024-01-29,466.7642517089844,473.1582886293547,446.0611590717449,471.2207034756184,17895075
2024-01-30,475.27996826171875,483.72784109719225,466.76427284714424,466.76427284714424,14238795
2024-01-31,477.9635009765625,480.4436372223375,465.1173312577986,474.70837204526424,9573360
2024-02-01,464.4779052734375,472.5673290266324,462.81158089501315,467.1517821880539,10601720
2024-02-02,466.08612060546875,469.1184461402815,462.2303154567453,464.5360465496139,4405185
2024-02-05,456.7081604003906,471.2981726712084,454.7899406613445,468.7017863753237,1993400
2024-02-06,466.3109436035156,467.76058523961143,452.14522748307127,459.2183468398558,7511415
2024-02-07,469.6577453613281,478.51129479738256,466.3108977365715,466.6027618993025,5230250
2024-02-08,456.87353515625,471.8662370979088,455.48226657274796,471.8662370979088,4430985
2024-02-09,454.1785888671875,458.06053074159325,445.88929023578487,456.873566977955,2903050
2024-02-12,440.19775390625,457.84651079620556,438.75782132947705,454.35373086066653,2845040
2024-02-13,453.5072937011719,456.0077057196852,434.9439598167494,441.12200897218895,8984610
2024-02-14,465.6979675292969,467.89677659292374,443.6905182521416,444.6245132925774,3686385
2024-02-15,474.3180236816406,479.33829524866576,469.33667723437543,474.24020313328765,5721585
2024-02-16,476.6141662597656,478.63782727081065,473.588368909903,474.7850714797076,4596560
2024-02-19,474.7655944824219,479.0561759881665,470.22204423171024,476.6141368642176,3451410
2024-02-20,470.24151611328125,475.7288003970298,466.0871574693739,474.7656188819507,4396705
2024-02-21,458.43023681640625,469.9301598384086,456.30927806635145,469.6869298067647,3665875
2024-02-22,466.0676574707031,466.9432796308365,453.97423794686756,459.04317309393906,2571220
2024-02-23,475.84552001953125,478.09296322577813,464.68612453739695,466.7098151080019,5723325
2024-02-26,483.570556640625,493.2705728405404,476.3320275159554,476.71148066990213,5989015
2024-02-27,461.6311950683594,488.27946436203956,439.1761798418281,481.59550722448074,20513770
2024-02-28,457.0389709472656,474.3861238457373,449.080461698079,465.4449854527124,11119410
2024-02-29,474.51263427734375,477.7232590144992,457.4962697263178,466.80709334053574,20232355
2024-03-01,476.8184509277344,481.3717102774328,473.81213111256807,480.5252744652518,5500370
2024-03-04,476.0498352050781,479.6496517702878,470.6987741812717,478.6767315841411,2666695
2024-03-05,473.13104248046875,477.8691884054574,469.1420937413935,469.1420937413935,6190170
2024-03-06,462.0592346191406,477.31461491426404,457.0584109704451,475.5633408905209,6744720
2024-03-07,476.6433410644531,477.7816410769383,462.0592766966558,462.0592766966558,5963990
2024-03-11,482.7532958984375,486.4406719187964,471.01988018814063,475.95259292711773,11377355
2024-03-12,471.23388671875,483.34672492906765,468.9864435183171,483.34672492906765,7206710
2024-03-13,451.7073669433594,474.7266613006037,447.56271759502897,473.7926662682922,8118855
2024-03-14,445.8893127441406,452.9819092673212,440.9566299290519,450.46204952943793,10111785
2024-03-15,441.08306884765625,450.4620334282464,438.0086672747314,446.3757568856918,7257360
2024-03-18,449.2848205566406,453.94508686527394,440.68420968395174,440.73284381673596,5870405
2024-03-19,445.013671875,455.89091205553,443.1748682259349,452.018708850407,6619825
2024-03-20,450.306396484375,452.972188418102,443.6516256623796,445.5974661258111,4526425
2024-03-21,449.6448059082031,458.23567826192846,445.59745428884025,451.96036074876264,8698620
2024-03-22,453.51702880859375,458.9653580859043,448.54539122908824,455.13205018576014,6367775
2024-03-26,461.66033935546875,464.9390754356528,443.64183958580134,443.84617419028416,10693585
2024-03-27,464.3455810546875,472.8391845021572,456.2995422459089,468.94750397127524,77232200
2024-03-28,459.1794128417969,465.94122016073715,454.9861291225496,461.9522413715482,11625440
2024-04-01,473.17974853515625,474.2013028758715,460.39556276551,461.3587739602767,4228910
2024-04-02,479.83453369140625,480.8755654700743,472.8294961139389,472.8392348174756,4433110
2024-04-03,497.4443359375,499.45825801846496,478.4432072018229,481.9846209954376,11588495
2024-04-04,486.3238830566406,501.04417061896714,483.7359414202142,501.04417061896714,7019985
2024-04-05,490.12799072265625,492.68677555882215,486.0903778946718,488.5129396532289,3253480
2024-04-08,499.92535400390625,502.0852083975583,491.7138752472859,494.8174931369874,3678905
2024-04-09,496.26708984375,507.0178751598846,490.9549542153911,503.97263038400473,4766875
2024-04-10,491.91815185546875,499.35127619021637,490.2544666818348,498.1253872774507,3504425
2024-04-12,483.6580505371094,490.3420070832448,482.3543411251428,490.3420070832448,4144555
2024-04-15,469.8523254394531,485.0979974009198,468.5680637032025,485.0979974009198,4750690
2024-04-16,467.14764404296875,471.6717171892139,460.8431399340431,467.0017119462194,4033025
2024-04-18,461.4462890625,475.2228414360947,459.4323373011644,470.87388733999984,6791185
2024-04-19,460.4928894042969,462.84736951560416,452.42737207373426,457.2433392740049,4797160
2024-04-22,471.79815673828125,473.2867233660145,461.9424709616827,465.055827288617,3489700
2024-04-23,472.2457275390625,477.9762118035273,470.32907364910227,475.1644879994385,2892585
2024-04-24,478.8810119628906,482.8991768762972,470.504183841314,472.25542821014426,8459300
2024-04-25,484.8742370605469,487.29679886605226,471.33120445508115,478.4821441977659,14587660
2024-04-26,486.18768310546875,493.6499940970415,454.74289514315194,488.8924000714511,20810260
2024-04-29,484.9423522949219,501.4333617460978,472.887856630144,500.0712496979068,11904615
2024-04-30,496.52008056640625,501.79332100047145,483.3467330297901,485.09800716661476,13426225
2024-05-02,502.4354553222656,505.7239304945806,493.2705632591796,495.51800664548114,9243475
2024-05-03,503.69049072265625,517.2043058984383,501.0830719578932,505.9184563933648,7622145
2024-05-06,495.7125549316406,507.6599834901026,486.23629248439477,505.91847779993134,4326785
2024-05-07,483.6969909667969,499.10804275922953,475.1060893152521,495.7125608973821,7825870
2024-05-08,476.34173583984375,486.0709378394681,473.3743114152574,483.2494751978107,7324775
2024-05-09,459.3934326171875,481.4300682355225,458.0897231697168,476.34171481663964,4104015
2024-05-10,456.173095703125,468.305411951786,453.5948630758665,461.94250544266674,10984650
2024-05-13,447.89349365234375,458.17726648016634,443.408346136274,456.2995377683215,8390345
2024-05-14,453.4488830566406,470.47498499151806,450.8122481793719,456.2995318547147,12376035
2024-05-15,451.4349060058594,455.7157483142339,448.13669276410104,454.93742414586177,4269680
2024-05-16,455.0736999511719,456.45525974514123,440.73286522835923,454.74291063513283,12445545
2024-05-17,461.4754943847656,464.4039638571293,451.62954718084916,456.10495613450803,4729135
2024-05-21,461.7965393066406,464.9585297670764,457.00978883666494,461.16414715278677,3935580
2024-05-22,454.6942138671875,463.080780363734,453.7894053016711,461.79651870813103,3465540
2024-05-23,467.0892639160156,468.8891722576239,453.0889574178238,456.49417818096475,5512760
2024-05-24,466.5152282714844,472.63490454294174,459.74371210374017,466.97250194565373,4877325
2024-05-27,463.1100158691406,471.574433497838,462.33169158448334,468.9475370775752,3398210
2024-05-28,465.77581787109375,473.42298626021545,462.1371057397068,465.0558664075365,6493910
2024-05-29,462.0690002441406,466.54443926493843,458.829188924573,462.14685049002264,2197930
2024-05-30,448.06866455078125,463.1100021039064,445.9866011298983,460.3858374974092,6688165
2024-05-31,458.060546875,464.5401988269016,450.1993648966499,451.22091920763177,12916455
2024-06-03,488.24053955078125,495.5958437089509,471.9149394932295,476.7309064450088,15161795
2024-06-04,439.8961181640625,494.2434219211967,426.7227714001168,494.2434219211967,17788625
2024-06-05,464.5596618652344,466.59306154247884,433.9224139341517,436.23796878600166,7114095
2024-06-06,481.55657958984375,493.2705472503012,467.01144024203603,472.839222807981,10501485
2024-06-07,486.0611877441406,487.81246187772814,478.68646586538586,482.4419234974609,3706890
2024-06-10,490.1766052246094,496.67570427811836,483.580208224194,488.4058835408725,4849020
2024-06-11,492.88134765625,496.5881710052868,484.5142285344894,489.3690905200373,4681350
2024-06-12,499.48748779296875,502.69811239692825,492.4046006295996,493.22187968011644,3510365
2024-06-13,522.3219604492188,524.9197003181864,502.24087188045024,504.36189031961703,10022455
2024-06-14,531.6327514648438,534.522355194735,524.413700564962,527.7119141315886,15318425
2024-06-18,550.6241455078125,552.8423724692328,531.6716214753166,534.9017233510082,12393205
2024-06-19,543.1326293945312,550.8673558320118,537.051878953482,550.6338645162481,9175135
2024-06-20,545.84716796875,555.4402069802563,537.9762762231954,545.7206835828158,6948810
2024-06-21,549.048095703125,553.0078882060716,543.8624141965219,546.7811749167179,9672340
2024-06-24,560.83984375,562.3478581367024,540.9143982927812,548.5907526841585,5367855
2024-06-25,581.7770385742188,583.7520949991529,556.831410845162,561.0344330550361,15844875
2024-06-26,581.621337890625,595.3200689435715,575.6962286051779,580.9889160995666,9032225
2024-06-27,574.2272338867188,583.1002610706685,568.9539638194656,581.2322115923273,12298175
2024-06-28,566.5313720703125,577.7783262439198,564.293667678399,574.2272034474114,6005455
2024-07-01,569.0123291015625,572.4662431589101,564.69256123653,564.69256123653,6673330
2024-07-02,549.6803588867188,572.0769977676546,547.8804805208232,569.547429353586,12638725
2024-07-03,554.6521606445312,561.3750137976555,545.9152959596805,552.6187310867734,7945600
2024-07-04,551.4024658203125,558.0669447420503,548.7269355494597,558.0572654222227,3958315
2024-07-05,557.6486206054688,558.8939868895033,547.6178163267723,551.6457199623845,6163345
2024-07-08,546.4114379882812,555.7320301315891,544.0764057552832,555.7320301315891,4065755
2024-07-09,543.2786865234375,547.5497612523916,539.9999500606712,546.5671616897916,6359760
2024-07-10,537.4605102539062,545.740069886785,526.3497792306556,543.6580066007306,8300735
2024-07-11,532.9656982421875,542.0041653213685,528.1303131288981,537.4605850227216,5689115
2024-07-12,543.7456665039062,556.5103752556873,535.1061300535456,535.1061300535456,9030805
2024-07-15,560.8495483398438,562.1532280339558,546.2362692761366,547.3648304762185,7400215
2024-07-16,547.4622192382812,564.2937271545263,545.2245146105153,561.7446809307256,4907090
2024-07-18,557.9307861328125,559.2247271202965,540.359851369546,540.359851369546,4119020
2024-07-19,546.946533203125,559.5944958261613,542.7629882119726,556.5103554135982,3677715
2024-07-22,550.1669311523438,554.1656785626419,537.8400480509207,544.8158697074637,2717785
2024-07-23,535.847412109375,553.0230086104715,521.0192420515884,553.0230086104715,12227465
2024-07-24,532.9227294921875,539.916233571141,521.3908444733289,535.8081633324215,5130575
2024-07-25,524.0709228515625,530.1352121256513,515.5613604588129,528.0812065855965,10445410
2024-07-26,572.1939697265625,595.4729603157975,526.2228302784455,529.3136295567339,32196680
2024-07-29,575.715087890625,593.8590624649156,568.2814813770178,580.9969017864864,12753435
2024-07-30,569.66064453125,583.2270762404611,565.7384761555907,575.7151438410453,9486875
2024-07-31,573.553466796875,576.50731597873,570.4430867119131,573.9349437117693,4655790
2024-08-01,584.7625732421875,586.6698981608173,571.2059937820388,573.7393229291813,8859720
2024-08-02,585.3201293945312,591.3453158958162,571.2158105150149,576.1063568379175,8905205
2024-08-05,565.630859375,575.4902187719796,549.3257925097527,562.6085347821638,9480440
2024-08-06,554.9400024414062,575.2162460606312,552.6316791359721,571.245125232147,5917390
2024-08-07,572.2037353515625,573.5828432071177,561.5423200235606,565.3667608461473,3986695
2024-08-08,561.8650512695312,571.215772834128,559.2045632018675,571.215772834128,4434050
2024-08-09,578.6690063476562,581.6522277061232,563.4105254885466,569.2595998680299,4568775
2024-08-12,582.190185546875,589.7999045127175,572.7025731506066,577.074693040951,5709795
2024-08-13,565.6112670898438,585.9755092703685,559.5762899061102,582.953125356224,7249815
2024-08-14,566.3448486328125,570.550706554104,560.260977929758,567.4990104075542,3626125
2024-08-16,583.24658203125,585.281066155102,567.7044104366643,569.8464722591337,4976095
2024-08-19,601.654541015625,603.4933911324388,589.4183850730692,592.3429221006152,9092170
2024-08-20,618.1357421875,621.490709819893,597.0966600486283,609.9489716387156,12149555
2024-08-21,617.9793090820312,624.0338087682309,609.7240632050346,614.2429239408796,5227030
2024-08-22,614.9568481445312,619.5246615417963,610.9857267893194,619.1431845884475,4610695
2024-08-23,611.6215209960938,618.6150263364243,609.8902484398853,618.1650745689711,2466965
2024-08-26,618.5856323242188,622.0285960241522,608.5795936951016,614.252615465,3366050
2024-08-27,631.7509765625,639.4682726132153,609.5576760384685,616.9717606198437,9915805
2024-08-28,626.3518676757812,635.3797976995086,624.3760677229611,630.880518655387,3352220
2024-08-29,626.0877075195312,638.1184990628832,621.0113181202247,625.7942866841192,5976425
2024-08-30,626.8702392578125,630.7630949508166,621.4906384081011,626.1366573237609,11026125
2024-09-02,630.929443359375,637.4143133219264,628.7384879009613,629.8926498049807,3165735
2024-09-03,639.9963989257812,642.236247432191,624.0434407598299,628.1417205678343,7181415
2024-09-04,634.5874633789062,642.0211293175058,631.0760846882923,633.2376678708172,3467420
2024-09-05,634.8906860351562,644.3783576363026,631.6923094044726,635.1743759231452,3368300
2024-09-06,632.9638671875,639.0868408712794,629.9414832254012,636.5339899619372,3058060
2024-09-09,648.6234130859375,650.0905770304097,629.139432920029,643.5959169751068,8095085
2024-09-10,637.7369995117188,652.9661671695774,631.8879255034068,651.0099487374679,6190070
2024-09-11,641.6200561523438,645.1608066927814,636.5730389303045,638.7151004737449,2946285
2024-09-12,665.2610473632812,667.5399989910301,644.6815900070291,645.5521215896725,9163615
2024-09-13,658.9033203125,670.0048364232503,658.2675254202152,665.0556060049325,4786700
2024-09-16,668.8212890625,672.9097784810683,657.7980386329114,660.8105720787725,4724820
2024-09-17,669.926513671875,678.1719667824267,666.5716063943229,668.048560787736,8030320
2024-09-18,699.2894897460938,702.2727112754441,672.9392218960954,673.8195441764541,10582475
2024-09-19,689.6354370117188,708.8650369526121,684.6764163749461,698.6731561560207,6428925
2024-09-20,690.9559326171875,701.4999791853184,688.0020832221895,692.3057281834056,6407140
2024-09-23,697.9200439453125,706.5861371622217,692.5013402603571,694.6434018787854,2935070
2024-09-24,687.8651123046875,700.6196352772347,685.0677342116292,700.6196352772347,6681865
2024-09-25,689.3812255859375,692.4622938152676,676.4603800118509,687.8651680838286,3801635
2024-09-26,709.8041381835938,711.4767265732544,690.4571076318697,691.9340622223042,5359390
2024-09-27,708.3565063476562,714.4598983858186,703.4170069811164,707.7598143465858,4967200
2024-09-30,699.7296142578125,713.0318766263197,697.978760433937,706.9675871322153,4405700
2024-10-01,698.4483032226562,709.676978843779,695.9834486915595,699.7394146580377,3381135
2024-10-03,666.9727172851562,699.3285280895728,665.1240764864405,698.3700001342612,8036680
2024-10-04,652.6532592773438,667.9509039526683,648.5842909196688,666.4837399167778,8827525
2024-10-07,645.4249267578125,667.6573302430537,636.9447365291519,659.2065119465609,5480765
2024-10-08,651.2838134765625,659.8422694482201,641.2484029796622,641.2484029796622,9122180
2024-10-09,662.7571411132812,680.7641079894988,653.3770461738294,656.2135871700751,6569580
2024-10-10,652.9172973632812,668.2344619754542,650.6187048026358,665.1142910749494,3740385
2024-10-11,653.6117553710938,656.8786667321211,647.1268858737533,655.3332373075115,1799620
2024-10-14,664.19482421875,670.982904385775,656.0667392372574,658.8543265493287,3844085
2024-10-15,665.3392944335938,672.6653238073939,658.971793105246,669.026785733513,5209855
2024-10-16,663.2363891601562,669.4180472706108,658.6783662649183,668.4399379436222,1607350
2024-10-17,637.453369140625,662.3658442427297,634.9787836364989,661.0062579777189,8237815
2024-10-18,654.28662109375,660.0085960926275,615.3774657170204,623.5935476937178,9380205
2024-10-21,648.1538696289062,661.8865621362227,640.0747371181789,656.6928042440858,5627980
2024-10-22,636.6513061523438,663.3536755399966,633.8147655749353,648.1538202692809,19691260
2024-10-23,625.5497436523438,637.8250025008718,620.131040031062,625.9899047439267,9660305
2024-10-24,634.8125,638.9009896006919,623.1631851173042,624.0337166987789,7501270
2024-10-25,604.9899291992188,636.612157544015,592.3429243512657,636.612157544015,15251890
2024-10-28,637.5902709960938,654.1888157418456,615.0350744462955,618.9475113825939,21602980
2024-10-29,638.86181640625,642.744941202306,618.6345241236072,634.2255880772207,10906400
2024-10-30,623.2120361328125,637.6685188693993,621.4808234315857,629.3252186772322,6964385
2024-10-31,614.0374755859375,623.0556145379906,604.0020647701019,623.0556145379906,8075010
2024-11-01,616.3946533203125,618.9475040632867,614.2525917350579,617.9693948407787,286730
2024-11-04,615.7980346679688,620.0527860005411,608.178525448397,617.265198534242,4842960
2024-11-05,618.6150512695312,621.2950612945589,597.6248034567865,617.6956261070201,7606175
2024-11-06,623.38818359375,625.9899279642688,613.5288255125784,623.4468677615346,4294660
2024-11-07,604.7635498046875,629.1400414150502,602.3701686371159,629.1400414150502,5846920
2024-11-08,592.5112915039062,607.6887091509916,590.3641374917839,607.6887091509916,3851745
2024-11-11,590.8369140625,602.1830217851781,582.6326074875097,592.9150570610376,4101875
2024-11-12,577.3929443359375,595.9387944835097,575.7087887053947,593.7917004423869,5430660
2024-11-13,562.1564331054688,577.2550422132915,559.2804560347806,577.2550422132915,6755505
2024-11-14,556.0006713867188,564.7466653389984,548.2001513012441,561.949498216904,7172685
2024-11-18,561.0335693359375,564.7072596928326,551.5488933781844,556.0007001112357,4841895
2024-11-19,556.4242553710938,564.5497532162541,551.8838400934766,561.0040453608365,5942545
2024-11-21,551.9823608398438,558.8373486052212,545.2455573364495,558.6304960897155,4777400
2024-11-22,561.4078979492188,564.3527657648898,540.8232791313656,541.6998624270321,8194990
2024-11-25,580.662841796875,593.9000187486716,576.5557888474166,576.5557888474166,13791540
2024-11-26,600.075439453125,606.565955166745,580.899232718869,584.0017196687619,10105100
2024-11-27,594.6879272460938,604.0839957631905,592.3930728876629,596.638087566771,4064750
2024-11-28,599.5534057617188,605.7189448018548,589.221721508471,598.8245828285003,12057145
2024-11-29,594.81591796875,604.054366601184,589.4087786968106,602.2716842168135,5600545
2024-12-02,609.5010375976562,613.5686559661017,593.0530472829374,594.8160125366343,5433440
2024-12-03,621.5857543945312,631.7007866173577,615.5778349916066,616.749878823017,9872220
2024-12-04,617.0059814453125,625.1117615402768,614.5239920611469,619.6159536670796,5743725
2024-12-05,615.8240966796875,622.2752374097334,605.3249350241366,620.9751505573018,7117350
2024-12-06,615.833984375,620.1478900066605,609.3827832272159,615.9620273363923,3193785
2024-12-09,612.0026245117188,623.1222230329442,609.7570036312813,610.7616298266414,3963995
2024-12-10,627.682373046875,629.7802336228264,612.4162864807677,615.6566749410257,5630900
2024-12-11,639.8460083007812,643.657600442426,626.0079919515707,629.455172656401,7350105
2024-12-12,639.81640625,643.1454025762883,634.5865432829236,638.1223920841795,5108345
2024-12-13,622.9646606445312,641.1066634990879,614.1103403506432,638.624674142612,6003130
2024-12-16,618.0203857421875,629.7506826911218,615.9619601058279,625.2200663446607,2943305
2024-12-17,586.39501953125,617.5378316886229,584.1001651429573,617.5378316886229,10413170
2024-12-18,577.432373046875,597.4456674105774,572.9904246411743,586.3950192819145,7447675
2024-12-19,580.1998901367188,581.588584947798,562.0479699703241,565.3375914649214,7354675
2024-12-20,566.7658081054688,583.2039391686803,560.1471893934214,581.7364346047027,12499100
2024-12-23,567.8787841796875,581.8841597296749,565.8892489869569,572.4290584387687,4691250
2024-12-24,567.8886108398438,570.7743865087272,562.4026614227699,567.898409432366,2020780
2024-12-26,576.5458984375,578.3285808999767,565.5641416474083,569.7303466065028,4462340
2024-12-27,571.030517578125,579.0968638539998,569.3758177063837,578.5158012600796,1524915
2024-12-30,574.98974609375,584.8093181006167,570.3212879945069,573.7684687985629,3452720
2024-12-31,569.10986328125,573.7487452117882,567.5143158496677,570.8334536647301,4075070
2025-01-01,574.9207763671875,577.3535322854015,567.878714738801,571.0500921195442,1297175
2025-01-02,602.7740478515625,604.517355674316,577.4717382261804,578.5945486921594,7297085
2025-01-03,600.4692993164062,610.2494359663716,598.0661195677037,602.7641535302472,3652225
2025-01-06,584.9471435546875,606.9697494294646,582.0810854723455,597.0517108609439,5430225
2025-01-07,582.7508544921875,595.2789261802782,581.0962148567916,586.4245452241881,2781710
2025-01-08,571.0009155273438,585.0358668792448,559.5956540178603,585.0358668792448,4976035
2025-01-09,553.4891967773438,576.0042587423931,551.7459489929356,571.9858138082803,5408205
2025-01-10,523.9714965820312,557.4583967395295,521.0167700975461,557.4583967395295,5999299
2025-01-13,513.2359619140625,532.5402108491479,510.9214502333297,522.050907873431,5558523
2025-01-14,535.8887939453125,539.2375075354472,510.47816177741214,518.9976459877497,6987503
2025-01-15,525.1533813476562,537.7109684798613,521.1152192210196,536.7752931021002,4072535
2025-01-16,538.5481567382812,545.3932853903733,527.4679319786574,527.4679319786574,6194466
2025-01-17,518.5545043945312,539.2868234590969,515.9444719222281,538.3019146188415,5347916
2025-01-20,508.9023742675781,513.6299243480655,485.90474844116284,503.2883822470978,12701612
2025-01-21,512.4480590820312,522.7403685160409,505.70145755189685,510.18278076553787,7753705
2025-01-22,510.82293701171875,520.3765036043073,505.307412053647,512.497233761969,5895189
2025-01-23,521.8046875,525.3996287846938,503.87936478051006,510.8229900847102,5150004
2025-01-24,519.490234375,533.6236536714017,501.46638267115117,523.9223246216296,7602501
2025-01-27,503.9285583496094,522.6418547466359,500.48137770803106,517.9635381616367,8523575
2025-01-28,522.1001586914062,533.6236042890605,500.9246484186028,512.2018367460867,16222471
2025-01-29,545.14697265625,547.2645504348646,522.2478450785484,523.1342869658888,9135552
2025-01-30,530.1764526367188,551.5489879422965,528.7483226986972,545.1470800465378,7172857
2025-01-31,538.04296875,545.1179487267856,530.5722232858066,540.6651793302339,4058608
2025-02-01,526.2183837890625,543.8810720871755,512.5632362911053,542.149439532138,3874882
2025-02-03,540.4177856445312,552.143387182249,510.5842075018646,519.4897460048041,7442129
2025-02-04,570.6965942382812,573.8135568821875,539.6756591774268,550.16438040136,12290382
2025-02-05,565.3038330078125,584.5991681718089,562.4343065791298,570.9440199808145,6953215
2025-02-06,560.40576171875,564.0174767363741,548.5317095769316,564.0174767363741,6345455
2025-02-07,553.6771240234375,573.0219211855263,549.0264416922157,561.9395212403384,5747620
2025-02-10,554.9140014648438,560.6531143476916,540.7641020001095,555.8045794960399,4253881
2025-02-11,532.8975219726562,560.059426744381,528.3952895432852,560.059426744381,6416783
2025-02-12,541.4072875976562,545.711607031107,521.4687523216561,532.8975146057734,5467745
2025-02-13,542.8915405273438,554.3697658726442,532.3532959205401,541.2588343281327,5723009
2025-02-14,533.4912719726562,549.1254279647366,521.2708575285383,545.1674107315745,6763071
2025-02-17,544.5736694335938,547.19587999646,519.5886857628693,531.363811135803,4397756
2025-02-18,547.5421752929688,548.6306662498497,533.4417391455507,545.1674012311856,2988732
2025-02-19,551.9454956054688,553.8750411013465,540.7641089091305,542.0504524415322,4066886
2025-02-20,574.7535400390625,576.1388701964958,551.1538869891766,551.1538869891766,7590778
2025-02-21,578.9589233398438,588.4582005541446,570.6471237211965,574.753530198731,9328402
2025-02-24,571.1419067382812,575.6441393244787,562.8300462756467,569.954489472969,4523171
2025-02-25,568.2228393554688,580.5916429983827,565.5017025540277,575.6935846768789,6222936
2025-02-27,600.4312133789062,602.4102220323599,574.2093487206463,575.1988530473731,17099035
2025-02-28,610.8209838867188,613.4926575387813,595.9289564560178,603.5481515398446,23771834
2025-03-03,614.779052734375,623.387752828537,608.446261005865,618.7370702126515,10284029
2025-03-04,626.25732421875,628.7310850816862,606.9619894878476,612.107363767113,5369562
2025-03-05,624.674072265625,630.8090111985447,614.9769418978753,620.0233898296431,9532495
2025-03-06,637.5870971679688,643.9694122383455,630.3142644285372,632.0953601611988,8075827
2025-03-07,624.2288208007812,640.8525428824624,620.8645421086734,637.587130077061,5829062
2025-03-10,619.0338745117188,634.7670172578472,616.312737648961,624.9214372573229,4906168
2025-03-11,631.5511474609375,633.2827800626713,609.0893867766791,617.6486235087846,6734891
2025-03-12,630.2647705078125,640.4566526306731,622.497125583326,632.2932422263425,5378060
2025-03-13,613.0474243164062,637.2408183981668,611.018952423708,631.3037921397987,5273706
2025-03-17,616.7085571289062,622.8929590255058,606.9619638976852,606.9619638976852,4548324
2025-03-18,616.7085571289062,616.7085571289062,616.7085571289062,616.7085571289062,0
2025-03-19,660.9393920898438,670.488072099998,630.957424657815,638.9229219869269,9823834
2025-03-20,660.8899536132812,687.7054962891833,658.0203669529595,682.7579747331459,8747482
2025-03-21,669.696533203125,671.8734548559429,660.6426046211056,662.0278744768606,6365496
2025-03-24,674.8419189453125,687.6065483148541,666.9258847054848,669.8943975454202,4983671
2025-03-25,671.230224609375,680.7789653598146,660.6920399433697,680.7789653598146,5257157
2025-03-26,664.9468994140625,673.7535119718606,662.2257625489008,671.6755166744614,4792266
2025-03-27,671.378662109375,677.2167615898849,659.2077713969137,662.9678756275332,4628163
2025-03-28,649.1148681640625,677.8104949579007,643.3262917445064,674.8419818412967,6806264
2025-04-01,630.7595825195312,647.0369417374307,627.2468540304538,645.156859247446,7600903
2025-04-02,632.6890869140625,637.2407826321863,623.882474300611,633.2827653487566,4387926
2025-04-03,647.2843017578125,653.617093430031,625.3667560088579,626.3562603696315,3704676
2025-04-04,646.739990234375,658.020363480431,642.683046737654,648.6200725735677,5191619
2025-04-07,607.5556640625,623.3382703462912,583.0654316756159,589.7445859629479,15188995
2025-04-08,634.717529296875,641.495609423011,616.5106264785046,617.1538284150932,10415072
2025-04-09,617.9949340820312,641.1493601935248,612.5031969796222,641.1493601935248,9235529
2025-04-11,632.0953369140625,641.8419905389902,620.4191982132024,620.4191982132024,7102851
2025-04-15,664.9468994140625,667.4701233373933,642.3367499831753,645.1073499851572,6085948
2025-04-16,668.954345703125,670.8838910971368,655.497111868435,665.5900674417262,6571065
2025-04-17,684.4896240234375,688.3487150893773,661.5331113628954,669.8944350760638,5771289
2025-04-21,695.62158203125,709.9693956008846,683.2527772298408,691.4161883987708,6740583
2025-04-22,696.1162719726562,702.4985867583516,692.6530069379664,695.6215198248434,3672514
2025-04-23,696.5121459960938,706.3082029632243,678.7010674436162,702.0533462768209,5442424
2025-04-24,689.3381958007812,698.0952847112743,687.2107373947272,696.6110282590179,5010172
2025-04-25,648.3232421875,698.1942236514303,628.3352428555472,691.5645930267052,9784886
2025-04-28,615.4716796875,623.7835400340258,589.8930174788861,616.1643447821356,32221482
2025-04-29,608.248291015625,624.1792857139651,603.7955217701146,618.4401729875502,10387632
2025-04-30,605.27978515625,615.2737543090094,600.1343507788243,608.2482980207784,7374108
2025-05-02,597.2648315429688,609.8315494989508,593.2078876617365,605.279853417834,7749204
2025-05-05,622.249755859375,624.2782879931514,600.8270239679783,603.7460737364021,8616953
2025-05-06,616.906494140625,625.218294377257,610.5736421935749,622.200318212863,5098276
2025-05-07,629.9679565429688,631.3037632321126,610.7715483621027,611.7115895555436,5983998
2025-05-08,609.3367309570312,634.0743382579383,600.6291052660218,628.3352254430376,10052396
2025-05-09,595.1373901367188,605.9229510748655,590.387781441371,593.7025967822514,5637324
2025-05-12,639.1703491210938,641.1988209665371,604.5871598928305,604.6366230315872,9560644
2025-05-13,626.949951171875,641.0009254504098,625.3173051811866,634.8659862139166,5748439
2025-05-14,645.1073608398438,648.4221761917235,630.9079374496204,632.7880198368233,9324793
2025-05-15,667.717529296875,672.8135009029555,637.3892569337731,647.9274421191694,9817422
2025-05-16,658.5150756835938,667.7174530920736,653.1222654642253,666.9258617742182,5415727
2025-05-19,670.6859741210938,676.7219863327704,659.0098359533818,662.9678529861347,4356035
2025-05-20,651.440185546875,674.8914514725259,649.3127873629119,674.8914514725259,7035801
2025-05-21,651.0938110351562,654.7055257861035,631.9963906627307,651.4401133725686,7986603
2025-05-22,642.930419921875,647.8284782933795,633.5795921934665,645.1568046003271,6840583
2025-05-23,652.9244384765625,656.6350798873058,639.3682768382905,644.16734890503,3128629
2025-05-26,657.525634765625,660.7909870128644,645.2557567762108,657.8719371272442,2963171
2025-05-27,654.9529418945312,662.9679028306332,650.1043465070537,660.7909812200402,2493252
2025-05-28,648.8179931640625,656.9319406477282,647.135823745142,654.952932012422,3244100
2025-05-29,645.4041748046875,652.7759938629686,641.2977078328556,648.8179766928364,4173868
2025-05-30,632.6395874023438,648.0758916305334,630.5616524074687,636.3502287464441,6693573
2025-06-02,635.8060302734375,641.0999149680102,618.4402404018641,631.6006366387048,4344402
2025-06-03,641.4462280273438,651.8360242391249,635.360751802621,641.1988519270633,5336167
2025-06-04,634.4701538085938,654.9033808699278,633.2827365985618,643.1283162230271,6290382
2025-06-05,644.612548828125,647.927363872256,631.4026309955697,640.20924288394,4542850
2025-06-06,681.0263671875,683.6485778662754,637.5376390346474,647.1358432845986,20115034
2025-06-09,690.6740112304688,708.3861626103884,684.9843614244871,692.6530198586363,11413586
2025-06-10,693.0488891601562,698.540626368457,683.4506846333262,697.6005851322757,6453133
2025-06-11,678.8494262695312,694.7309585175543,677.1672568475815,694.7309585175543,4586055
2025-06-12,661.0383911132812,682.7580244032821,659.6035976787402,681.768520020089,4970089
2025-06-13,660.1478271484375,663.314192637144,636.7460259678667,645.008362830764,4687026
2025-06-16,669.0533447265625,674.099792409164,661.5825390785359,661.9783649493295,6882573
2025-06-17,658.0203857421875,672.6650378873137,655.0518727238017,672.6650378873137,2390137
2025-06-18,655.1507568359375,666.4311297376456,652.2317675380258,656.0907979768378,3352972
2025-06-19,645.354736328125,661.9783969989645,641.1988060617772,653.8149862736409,3342726
2025-06-20,659.3561401367188,663.8584328397507,643.6725217582302,645.1567781496789,7441267
2025-06-23,654.70556640625,659.2077990446832,641.495647317533,654.8539558195413,4243520
2025-06-24,668.954345703125,674.8419081537571,666.3321956398424,666.9258740405165,4823566
2025-06-25,668.0143432617188,670.8839299517813,663.9573997015416,668.9543844460186,3211981
2025-06-26,695.8194580078125,700.1237776921289,667.1732955312319,668.0638735874257,19068571
2025-06-27,692.6035766601562,699.480643919922,689.2887008758184,695.6710159642996,7554681
2025-06-30,699.4310913085938,706.5060712216443,692.5540847292889,692.6530110016121,3721603
2025-07-01,689.1403198242188,703.0923070659364,686.716022076594,700.5690830406751,3524637
2025-07-02,669.7954711914062,691.5150418185764,667.9153889018631,688.4476027088464,3288839
2025-07-03,668.3112182617188,677.0683070263445,665.886920684505,674.4460965132166,6014549
2025-07-04,669.0533447265625,677.2167550566551,662.9678692317649,668.8554317911656,3843226
2025-07-07,664.2542114257812,672.8629107451062,661.9783636595237,669.0533434229717,1770086
2025-07-08,661.928955078125,670.2902790164324,660.2962487229067,664.9469313034936,2820100
2025-07-09,673.9019165039062,675.8314620395914,663.9574099979003,664.2047860821021,3560120
2025-07-10,664.6995239257812,680.1357670894976,663.957395689169,676.8209517904494,3035156
2025-07-11,664.2025756835938,672.6014082649151,658.388031947169,671.9056358580013,4931083
2025-07-14,665.6934814453125,668.8244269008333,658.4873929936836,665.9419672539893,2832157
2025-07-15,680.304443359375,683.8329296277011,666.6377241989376,670.8122978210398,3786182
2025-07-16,664.3019409179688,669.9177444963337,650.5358512950303,669.9177444963337,9358644
2025-07-17,661.4194946289062,667.929810259501,660.8230923276028,665.941923919443,2671888
2025-07-18,641.59033203125,666.4389118930335,640.5963888367787,665.9419402957978,6570609
2025-07-21,651.6788940429688,654.0146363351166,633.6388004006639,641.5903461311821,4980207
2025-07-22,636.2727661132812,655.903144386311,635.1297071628373,654.0146280330939,4671422
2025-07-23,650.0885620117188,650.7843344106989,634.1854702200866,638.111558139242,5191770
2025-07-24,629.7127075195312,656.0025175135884,627.92362187759,656.0025175135884,7248079
2025-07-25,612.1199340820312,626.134570485721,598.0556733137842,621.2145392021436,16922561
2025-07-28,629.6133422851562,634.9805992520713,607.3489899813827,612.1199052849115,11583112
2025-07-29,634.483642578125,639.4533587749161,622.7551244867942,628.1721272743927,6858651
2025-07-30,628.9672241210938,634.4835965663973,622.3077927672288,631.153911222203,6024759
2025-07-31,627.029052734375,635.5770007801791,619.2763077927235,621.2145091945063,6481051
2025-08-01,610.4799194335938,628.1720960825705,608.5417180799902,626.1842097025625,3528632
2025-08-04,621.1151123046875,623.0035679317626,612.1696237587657,612.1696237587657,2955463
2025-08-05,626.2835693359375,629.3648295729741,617.3878264657812,626.6811708715154,3996694
2025-08-06,626.7805786132812,635.924868492161,618.6302926331194,630.1600098724805,4763826
2025-08-07,623.5502319335938,625.9854048663856,614.5550582555662,623.053260341819,3482599
2025-08-08,605.95751953125,623.0532946986258,604.2678038929449,619.5248083355505,5493423
2025-08-11,613.8593139648438,619.723603282142,605.4605422121693,606.7526562767746,3348109
2025-08-12,608.19384765625,615.2508198699899,607.2992745404908,612.2689903714277,2787285
2025-08-13,615.4993286132812,617.5865850739173,606.6532098381545,608.3429254167771,5325700
2025-08-14,612.71630859375,619.1272544800639,607.7962775337659,610.5793064098189,4279172
2025-08-18,623.0036010742188,633.6388057110133,621.6618019871404,623.2024018522437,5265058
2025-08-19,622.5563354492188,626.7309092663652,611.3744737955134,622.2084795750741,4765094
2025-08-20,612.5671997070312,621.1648329013706,609.5853700209686,619.5744873361823,5710611
2025-08-21,616.0460205078125,618.2327078132388,612.0702474672129,614.2569347726392,3993795
2025-08-22,612.1199340820312,618.2327094139732,608.8399334481404,616.0460221028852,3496256
2025-08-25,617.089599609375,620.021744126191,612.666600986653,616.2447721717821,6850166
2025-08-26,591.0980224609375,616.6920593971103,589.5076769704714,616.1454027801127,18048586
2025-08-28,568.1876831054688,584.3889459467102,566.5476524768432,573.2567694140689,20025147
2025-08-29,576.7355346679688,585.0846817109128,563.0688158369742,567.044588587809,12236788
2025-09-01,585.0349731445312,586.6253187450726,575.0955406367038,576.4870854539923,3886326
2025-09-02,581.0592041015625,592.7877830731194,578.7234617124966,586.4265219585625,4136915
2025-09-03,582.7489013671875,585.3331901545034,576.4870711754468,581.4567873062696,6612194
2025-09-04,582.251953125,592.390186571911,580.3634973187751,592.390186571911,5054056
2025-09-05,588.911376953125,592.3901783359705,582.0531442464655,585.4325755702796,4166734
2025-09-08,593.1356201171875,600.341708505708,589.2592172695844,592.3901626976854,2968301
2025-09-09,591.396240234375,595.322328248019,587.2713514354549,594.3780700170694,3947645
2025-09-10,601.1368408203125,603.1247272388092,593.0859250915925,594.9743807898768,4708224
2025-09-11,616.2944946289062,619.127269265872,599.14897371665,601.1368601992303,8412580
2025-09-12,629.0169677734375,629.8618559436578,615.4993637047344,619.4254517145101,10816255
2025-09-15,619.8726806640625,627.7744803131341,616.4435646031669,626.9793379122467,3643666
2025-09-16,614.3562622070312,624.5939256086486,610.3804894422798,619.8726954505063,4759255
2025-09-17,619.47509765625,622.208441448556,614.0084100716381,616.2447822653429,4633747
2025-09-18,623.10302734375,627.1781702694835,616.2447948765131,616.2447948765131,4675034
2025-09-19,629.3648681640625,633.4400111589678,623.3017780348486,626.1842376808415,6415748
2025-09-22,624.0472412109375,634.135789399393,621.6618138256516,634.135789399393,2712596
2025-09-23,624.991455078125,630.5575732464678,620.7175115671233,624.1963126727837,3586451
2025-09-24,621.3636474609375,626.1842479607922,616.5429862956012,624.3951622425719,2129098
2025-09-25,608.989013671875,622.2084461617036,607.1004973166943,621.3636187038736,4280161
2025-09-26,602.3792724609375,613.6605643344307,600.0932152027847,606.3053602876996,3958021
2025-09-29,608.0944213867188,611.772023261598,599.4968493356185,605.2120225829851,4098133
2025-09-30,612.368408203125,616.940583523626,607.4484376789881,608.0944643881315,5882401
2025-10-01,644.77099609375,646.0134251517903,612.3187248315418,612.3187248315418,15107673
2025-10-03,641.8884887695312,646.0630622277909,632.1478578105769,641.0933463645001,7200543
2025-10-06,667.3831787109375,671.4086365676254,642.5842835543594,642.5842835543594,10343487
2025-10-07,662.7613525390625,668.9238128739696,659.4813519195823,666.1407838836676,3729360
2025-10-08,662.8607788085938,669.2219792200281,657.9904326091911,657.9904326091911,2870458
2025-10-09,664.9976806640625,667.9298252143939,656.002506906994,662.8607391999402,2274108
2025-10-10,661.0219116210938,667.3334873269579,658.9843401985228,664.9479993858397,2480723
2025-10-13,668.0789794921875,670.1165510207936,654.7601156812083,656.0025447432218,2469940
2025-10-14,670.364990234375,676.8256209077508,662.9601014064103,670.9613318764957,4731724
2025-10-15,673.0486450195312,678.2668466867468,668.4764700165895,671.4086145150727,4687947
2025-10-16,668.4268188476562,679.6086801294944,658.2389007908704,672.7504476104416,5309779
2025-10-17,671.4086303710938,675.5335189097352,666.0413128347263,668.1286299501929,3516617
2025-10-20,689.7468872070312,694.4184323221104,673.9928512833958,674.2910827720748,6170486
2025-10-21,691.0390014648438,693.2753736378692,686.1189705510924,691.2874872618465,674998
2025-10-23,705.351806640625,713.4027221859367,691.0390004873179,691.0390004873179,8911040
2025-10-24,711.11669921875,718.968814371599,706.7433247209876,706.7433247209876,6036751
2025-10-27,715.2415161132812,725.876720689485,713.8997170338473,716.6330608860479,8133230
2025-10-28,719.3167114257812,722.4475961302275,705.948163151347,715.1421378210407,7071903
2025-10-29,733.9773559570312,737.4064720730539,713.0548640783536,719.3166940010382,10246214
2025-10-30,733.778564453125,743.3203948686133,728.7094784196739,734.0270502521271,6357608
2025-10-31,744.3640747070312,765.1374508517607,722.5966947129,729.0076403823067,18363853
2025-11-03,791.6260986328125,795.055214913594,753.9059408751772,758.1798846362976,26222030
2025-11-04,791.67578125,809.2189034936717,787.4515225302102,787.6503233089435,8543137
2025-11-06,787.7000122070312,795.7509281286964,780.2454379590152,787.799382264146,10930939
2025-11-07,816.3499755859375,820.0,780.7999877929688,792.5,9765252
2025-11-10,821.0999755859375,830.7000122070312,816.6500244140625,822.0,8623863
2025-11-11,832.2999877929688,833.2999877929688,804.0499877929688,821.0999755859375,7336169
2025-11-12,822.5,838.6500244140625,821.4000244140625,832.2999877929688,4239741
2025-11-13,814.0,826.3499755859375,809.75,826.0,6048569
2025-11-14,809.2999877929688,817.9500122070312,803.9000244140625,809.5,5672058
2025-11-17,817.9000244140625,828.3499755859375,808.5999755859375,809.0,7386312
2025-11-18,820.2000122070312,827.7000122070312,810.0,820.0,6684086
2025-11-19,818.0499877929688,826.7000122070312,815.7999877929688,824.1500244140625,3711577
2025-11-20,826.5999755859375,828.7000122070312,816.5,822.0,3187958
2025-11-21,823.2999877929688,832.0,810.5999755859375,825.0,3831244
2025-11-24,828.2000122070312,839.5,821.0999755859375,825.0,8140579
2025-11-25,838.25,841.8499755859375,827.2000122070312,828.2000122070312,5418151
2025-11-26,856.5999755859375,858.8499755859375,838.2999877929688,841.9500122070312,7052927
2025-11-27,867.6500244140625,869.5,857.25,860.0,6752154
2025-11-28,851.6500244140625,872.0,848.75,870.0499877929688,8198342
2025-12-01,851.5499877929688,865.0,849.4500122070312,857.8499755859375,6330770
2025-12-02,843.4000244140625,855.9500122070312,840.7999877929688,855.75,5587375
2025-12-03,828.0999755859375,846.4500122070312,818.9500122070312,843.4000244140625,9931005
2025-12-04,828.1500244140625,836.0,821.0,830.4500122070312,11436899
2025-12-05,854.9000244140625,857.0,828.1500244140625,828.1500244140625,12137708
2025-12-08,834.25,858.8499755859375,831.0,858.5,4117973
2025-12-09,846.7000122070312,849.0,817.7999877929688,830.0,5737027
2025-12-10,837.25,855.7999877929688,833.2999877929688,846.0,3699625
2025-12-11,847.1500244140625,850.5999755859375,835.7000122070312,841.7999877929688,4213992
2025-12-12,848.0,854.75,841.5,852.0,6036788
2025-12-15,855.3499755859375,870.5999755859375,845.8499755859375,852.0,7193809
2025-12-16,848.4000244140625,856.6500244140625,843.0,855.3499755859375,5171831
2025-12-17,864.2000122070312,875.4500122070312,855.0,856.0,11621162
2025-12-18,869.4500122070312,876.9000244140625,861.7999877929688,868.5,12481529
2025-12-19,901.7000122070312,913.5,850.5,869.0,35297309
2025-12-22,934.8499755859375,949.7999877929688,915.0,919.0,31894463
2025-12-23,957.7999877929688,959.9500122070312,931.7000122070312,938.7000122070312,14632455
2025-12-24,973.7000122070312,983.7000122070312,958.0,958.0,10574513
2025-12-26,960.25,978.75,956.7000122070312,976.5499877929688,4739099
2025-12-29,955.5,966.0,949.2000122070312,963.0,4897735
2025-12-30,979.4000244140625,984.5999755859375,960.9500122070312,960.9500122070312,17757531
2025-12-31,996.2000122070312,1000.2000122070312,979.4000244140625,983.0,9795995
2026-01-01,1019.7000122070312,1025.5999755859375,996.0,996.2000122070312,4289057
2026-01-02,1010.3499755859375,1025.0,1007.2000122070312,1024.75,5264026
2026-01-05,1003.3499755859375,1014.7999877929688,994.6500244140625,1013.5,4603571
2026-01-06,1002.6500244140625,1011.75,992.4500122070312,1002.5,4352915
2026-01-07,995.8499755859375,1003.0999755859375,990.25,996.0499877929688,4191098
2026-01-08,992.9000244140625,1002.5499877929688,981.0999755859375,1001.4000244140625,3804564
2026-01-09,975.4000244140625,993.2000122070312,961.0,987.0,6949168
2026-01-12,972.7999877929688,985.6500244140625,962.4500122070312,979.0,5510203
2026-01-13,979.0499877929688,987.6500244140625,969.2000122070312,975.0,3860197
2026-01-14,981.0999755859375,990.5,970.4000244140625,980.0,3846614
2026-01-15,981.0999755859375,981.0999755859375,981.0999755859375,981.0999755859375,0
2026-01-16,995.4500122070312,1022.0,981.0,981.0,13316550
2026-01-19,1010.3499755859375,1014.5,991.2000122070312,1002.0,4908985
2026-01-20,987.5,1008.0499877929688,983.0,1005.0,6129218
2026-01-21,986.0,997.5,972.5499877929688,982.5499877929688,7042588
2026-01-22,1005.5,1009.7000122070312,986.0999755859375,995.0499877929688,7210572
2026-01-23,1003.5499877929688,1020.8499755859375,973.6500244140625,1010.0,9023942
2026-01-27,1001.0499877929688,1019.9500122070312,984.2000122070312,1011.2000122070312,7984660
2026-01-28,1018.7999877929688,1020.7000122070312,999.5,1002.0,5587231
2026-01-29,1022.7999877929688,1028.4000244140625,1006.1500244140625,1022.4000244140625,6653822
2026-01-30,1020.0,1029.300048828125,1010.1500244140625,1025.0,6464610
2026-02-02,962.0999755859375,992.7000122070312,939.0,990.2000122070312,13566710
2026-02-03,1000.4000244140625,1041.5,997.2000122070312,1013.0,9880727
2026-02-04,998.7999877929688,1011.2000122070312,995.5,1010.4000244140625,4402517
2026-02-05,992.0,998.0,972.4000244140625,995.5,5775866
2026-02-06,1002.5,1005.0,972.9000244140625,994.0,3270421
2026-02-09,1062.699951171875,1067.800048828125,1003.4000244140625,1005.0,8667620
2026-02-10,1048.5999755859375,1066.800048828125,1036.5,1064.9000244140625,4345362
2026-02-11,1056.800048828125,1059.300048828125,1041.5,1053.0,4898578
2026-02-12,1082.800048828125,1087.0999755859375,1049.699951171875,1053.5,8462756
2026-02-13,1065.800048828125,1086.0,1060.0,1081.800048828125,4555743
2026-02-16,1085.4000244140625,1088.300048828125,1052.800048828125,1065.800048828125,5096496
2026-02-17,1075.0,1081.9000244140625,1060.0,1080.0,2832145
2026-02-18,1076.199951171875,1087.0999755859375,1072.0999755859375,1076.199951171875,2470593
2026-02-19,1054.699951171875,1078.0,1048.0999755859375,1078.0,2576169
2026-02-20,1059.300048828125,1066.0,1044.5999755859375,1056.800048828125,2295049
2026-02-23,1064.699951171875,1077.5,1056.9000244140625,1072.800048828125,2423932
2026-02-24,1061.699951171875,1066.0,1050.199951171875,1064.699951171875,2464507
2026-02-25,1085.9000244140625,1095.0,1055.800048828125,1065.0,3115583
2026-02-26,1104.5999755859375,1108.0,1085.0999755859375,1089.0,5231414
2026-02-27,1079.4000244140625,1103.9000244140625,1073.300048828125,1099.0,5601117
2026-03-02,1052.5,1071.0,1038.0,1044.0,6717872
2026-03-04,1010.0,1042.5,987.4000244140625,1042.300048828125,9200897
2026-03-05,1039.5,1046.4000244140625,1018.2999877929688,1022.2999877929688,5051614
2026-03-06,1007.5,1052.0,1000.0,1043.9000244140625,8166989
2026-03-09,987.2000122070312,993.0,934.2000122070312,957.5,11999852
2026-03-10,1062.9000244140625,1068.300048828125,1006.7000122070312,1010.0,14297519
2026-03-11,1031.699951171875,1077.9000244140625,1028.699951171875,1062.9000244140625,10731059
2026-03-12,1031.699951171875,1046.699951171875,1006.0999755859375,1021.0999755859375,7054662
2026-03-13,1003.5999755859375,1028.0,994.7000122070312,1021.2999877929688,6562852
2026-03-16,992.0,1002.9000244140625,969.2999877929688,990.0,10476354
2026-03-17,1004.5999755859375,1012.0,983.2000122070312,999.9000244140625,4175225
2026-03-18,1021.5999755859375,1028.9000244140625,1008.5,1013.2999877929688,3915253
2026-03-19,949.7999877929688,1000.0,946.2999877929688,1000.0,11956347
2026-03-20,938.5999755859375,966.9000244140625,922.2999877929688,962.0,28550627
2026-03-23,877.7000122070312,930.0999755859375,870.2000122070312,930.0,10556865
2026-03-24,903.5999755859375,931.9000244140625,896.2000122070312,907.0,13359073
2026-03-25,956.0,965.0,917.2999877929688,919.0,14265748
2026-03-27,903.7999877929688,951.0,900.0,950.0,12238678
2026-03-30,872.0999755859375,896.2999877929688,867.0,888.0,10949179
2026-04-01,900.5499877929688,926.2999877929688,895.75,915.5999755859375,11752172
2026-04-02,891.5999755859375,895.0,863.4500122070312,876.0,7230236
2026-04-06,928.0,931.0,885.6500244140625,895.0,5898399
2026-04-07,930.6500244140625,932.4000244140625,910.0499877929688,920.0,5503677
2026-04-08,1023.2000122070312,1035.449951171875,975.0,975.0,18256527
2026-04-09,996.2999877929688,1015.0,990.4500122070312,1010.0999755859375,7668209
2026-04-10,1027.550048828125,1031.0,1011.25,1016.0999755859375,8048521
2026-04-13,1004.0999755859375,1015.5,988.7999877929688,1000.1500244140625,8242484
2026-04-15,1020.9500122070312,1043.5,1016.4500122070312,1030.0,7869459
2026-04-16,1022.75,1034.3499755859375,1015.3499755859375,1026.0999755859375,5716035
2026-04-17,1036.949951171875,1039.5,1013.1500244140625,1022.0,4345572
2026-04-20,1045.1500244140625,1049.949951171875,1026.0,1040.0,4670588
2026-04-21,1045.300048828125,1062.699951171875,1039.25,1054.0,5699181
2026-04-22,1044.550048828125,1053.699951171875,1029.4000244140625,1050.0,4404420
2026-04-23,1009.2999877929688,1044.9000244140625,1006.3499755859375,1044.9000244140625,4658783
2026-04-24,1011.2999877929688,1030.4000244140625,983.5499877929688,1006.9500122070312,9263466
2026-04-27,974.6500244140625,1012.0,963.75,1011.2999877929688,15096574
2026-04-28,953.25,979.75,949.2999877929688,974.5,6752420
2026-04-29,956.8499755859375,975.2999877929688,954.9000244140625,965.0,5829309
2026-04-30,937.3499755859375,950.0,921.0,945.2000122070312,5990764
2026-05-01,937.3499755859375,937.3499755859375,937.3499755859375,937.3499755859375,0
2026-05-04,960.4500122070312,969.0,942.0,942.0,4018048
2026-05-05,964.4000244140625,966.9000244140625,937.2999877929688,955.6500244140625,4029508
2026-05-06,1004.0999755859375,1007.4500122070312,976.0499877929688,980.0,5858946
2026-05-07,1015.6500244140625,1023.75,1002.0499877929688,1009.0,4848929
2026-05-08,1007.75,1013.3499755859375,1001.25,1013.0,5755029
2026-05-11,975.9500122070312,990.8499755859375,970.4500122070312,990.0,5927270
2026-05-12,930.4500122070312,979.9500122070312,925.9500122070312,971.0,8674062
2026-05-13,920.5499877929688,938.4000244140625,915.0,925.2000122070312,10747950
2026-05-14,935.0999755859375,941.6500244140625,901.2999877929688,929.9000244140625,9220462
2026-05-15,937.9000244140625,945.9000244140625,921.0,921.0,5759607
2026-05-18,933.7000122070312,937.6500244140625,911.0,923.7999877929688,5232089
2026-05-19,927.3499755859375,941.8499755859375,924.7000122070312,940.0,3216479
2026-05-20,923.4500122070312,925.4500122070312,913.0,920.0,5764449
2026-05-21,914.75,941.9000244140625,910.0,935.0,4598094
2026-05-22,941.0,944.25,913.1500244140625,916.25,5414394
