Date,Close,High,Low,Open,Volume
2021-05-24,2708.875732421875,2729.5340415933547,2700.5245010546814,2708.875732421875,1652260
2021-05-25,2750.835693359375,2763.4238143068287,2722.6560562425266,2731.4014013703236,1841613
2021-05-26,2790.146484375,2795.8884353480685,2741.825801627591,2756.1364670729777,1923753
2021-05-27,2809.138427734375,2842.48590435292,2793.061011941984,2793.1934322043226,5959785
2021-05-28,2776.98388671875,2825.0395068850357,2769.960867380018,2817.530802754791,1763701
2021-05-31,2790.72021484375,2800.6142092520568,2763.733221463764,2782.6374019909617,1652799
2021-06-01,2785.287841796875,2800.261039677647,2766.736923725916,2799.068610059735,1377441
2021-06-02,2764.484130859375,2790.9854410639764,2751.719376244468,2783.388528206253,2240078
2021-06-03,2774.90771484375,2786.656670864749,2758.476818072345,2786.656670864749,1281706
2021-06-04,2777.1162109375,2788.688534934649,2760.552893576044,2763.203024353877,1836060
2021-06-07,2811.96630859375,2818.3707934046397,2768.1509281160716,2778.2213421031297,2559821
2021-06-08,2826.93896484375,2854.191232954633,2815.499275242402,2825.039790463917,2574057
2021-06-09,2827.027587890625,2844.4742857613664,2814.616096398298,2828.5734978285386,1710925
2021-06-10,2841.647705078125,2848.007977527041,2820.623285435435,2835.640697227606,1874324
2021-06-11,2891.999755859375,2923.0945840947657,2836.523635396885,2837.00953589567,3452954
2021-06-14,2894.25244140625,2922.8295591519113,2888.952179184316,2896.593304286982,1847360
2021-06-15,2882.238525390625,2913.377567002768,2872.3447453737463,2913.377567002768,1304985
2021-06-16,2892.48583984375,2910.4624340933915,2873.6256528423087,2881.6644705700587,1635552
2021-06-17,2930.82421875,2946.9900619599393,2879.8091939190717,2884.6677677124935,2273413
2021-06-18,2912.7587890625,2966.379725481186,2893.0594404261124,2960.1076630224497,3380431
2021-06-21,2891.38134765625,2902.7768246995624,2872.4769504377414,2884.22590768231,1130569
2021-06-22,2916.203857421875,2939.0392371670882,2901.893194391392,2918.6773559419053,1708688
2021-06-23,2881.045654296875,2940.7620256141804,2876.628769307968,2940.7620256141804,1467104
2021-06-24,2980.16064453125,2988.4643018161614,2896.151408071027,2901.0099814260343,4155204
2021-06-25,2986.520751953125,3003.1722775928047,2959.3126995223847,2981.6179668844566,2722861
2021-06-28,2947.60888671875,2995.973788658617,2944.2962222023207,2995.973788658617,1355238
2021-06-29,2951.22998046875,2973.7118807948364,2938.553434922606,2952.245777697685,1497322
2021-06-30,2955.558837890625,2987.5812567424623,2949.1543541202577,2955.779682158569,1693146
2021-07-01,2951.80419921875,2969.913427434816,2943.7213860627653,2966.3799194902176,990310
2021-07-02,2937.626708984375,2950.2148342659707,2910.9045482988827,2942.5294956487546,1682274
2021-07-05,2933.695068359375,2980.5140501790215,2916.9109050655393,2952.2459856841406,1972858
2021-07-06,2881.8408203125,2939.878645879054,2876.3639260649975,2926.6279909246714,2159420
2021-07-07,2893.01611328125,2899.8622865700686,2863.5556131103244,2893.06032527483,2640710
2021-07-08,2878.484375,2913.3777715973606,2854.986457100049,2913.3777715973606,2485811
2021-07-09,2834.005615234375,2899.2430878632313,2827.6895564443034,2870.9750260680994,6365067
2021-07-12,2820.711181640625,2858.6079686286457,2816.515140895574,2857.7245916296874,1892226
2021-07-13,2815.808349609375,2839.173627711881,2804.721925322098,2839.173627711881,1809339
2021-07-14,2839.66015625,2846.2412731053723,2813.5563174551867,2815.323071814656,2044279
2021-07-15,2835.58740234375,2861.172844684802,2827.6639663920655,2857.4102987057263,2232968
2021-07-16,2828.371826171875,2850.5487547016237,2825.892929497174,2844.4843303491293,1256526
2021-07-19,2819.342041015625,2832.798632124754,2811.72833250103,2815.269552063374,1597058
2021-07-20,2838.1103515625,2846.255113012707,2794.15483576375,2819.3419318366623,1811945
2021-07-22,2847.449951171875,2855.063442156888,2824.122085110485,2824.122085110485,2859334
2021-07-23,2844.351806640625,2869.760012901406,2838.862743596103,2859.5346985379906,1776193
2021-07-26,2830.805908203125,2854.4434989747783,2824.874410314932,2832.974861353583,1259611
2021-07-27,2817.88037109375,2841.8279049221837,2798.580686642525,2832.9748584894046,1121367
2021-07-28,2831.02734375,2836.9145334056893,2773.1282881006728,2822.3513146741125,1660654
2021-07-29,2829.25732421875,2855.5065269494357,2824.388147472567,2833.1968876310666,1731997
2021-07-30,2804.1591796875,2853.7805664074917,2799.6442540307867,2849.7966940486167,2999943
2021-08-02,2850.1494140625,2855.018589142592,2803.7595415731444,2815.268500853362,2608669
2021-08-03,2908.13818359375,2912.6533253560956,2849.752364570092,2858.649722667122,3804735
2021-08-04,2898.444091796875,2926.1098714268387,2887.15645370785,2921.5063289241934,2929598
2021-08-05,2907.297119140625,2934.7858807994226,2888.3073713749973,2899.3736831427177,2534521
2021-08-06,2930.181640625,2942.752924571996,2890.5199454655735,2897.2040394095043,2292362
2021-08-09,2941.602294921875,2954.26219713046,2930.3589668869713,2942.6646174826997,1510489
2021-08-10,2951.51708984375,2965.6819642613355,2935.316187639701,2935.316187639701,2040777
2021-08-11,2960.63671875,2974.624579942988,2945.498134053273,2965.7715305979195,1929707
2021-08-12,2967.321044921875,2981.707251226039,2944.5244410860464,2944.5244410860464,1310205
2021-08-13,3066.164306640625,3080.8604515720544,2972.4106224578086,2975.2878628220637,4363584
2021-08-16,3074.619140625,3093.564792280831,3042.34982516594,3063.1544871451047,2083489
2021-08-17,3145.53271484375,3152.393828029611,3065.8109629209002,3082.7203734861305,4336019
2021-08-18,3152.172607421875,3182.6713199583683,3130.969596932548,3163.947206576067,2631309
2021-08-20,3151.24267578125,3164.9649012271298,3098.567036166421,3103.8788653712777,2836148
2021-08-23,3220.207763671875,3251.7247026771975,3153.3672477306477,3169.3913519151556,3744176
2021-08-24,3198.783203125,3246.722586873967,3182.1394299538442,3237.5595959017187,2511141
2021-08-25,3239.3310546875,3273.63662406961,3193.339502317849,3195.951108888187,2123263
2021-08-26,3250.706787109375,3264.6503388708297,3229.503562472118,3240.2158378999643,1902533
2021-08-27,3293.467041015625,3301.7447285469084,3232.336908656288,3245.5278656262144,3944728
2021-08-30,3276.77880859375,3311.3500054128417,3264.650175657606,3288.907441529894,2033114
2021-08-31,3352.16259765625,3367.788358369069,3278.6822930983203,3283.949813871985,3207480
2021-09-01,3288.86328125,3378.943051708718,3281.8251507662603,3360.6172841404705,2643336
2021-09-02,3396.693603515625,3416.524346986112,3295.1048653900193,3305.7285242789717,3403717
2021-09-03,3401.38525390625,3414.531900131257,3368.1863248448262,3386.290764265217,1746812
2021-09-06,3410.1943359375,3432.858226910187,3376.552751107379,3408.1580915226373,1723693
2021-09-07,3378.234619140625,3426.0853884978774,3371.4621236370535,3420.8178679796692,1585039
2021-09-08,3341.273193359375,3377.4379827229823,3325.2049968827055,3373.0114584992302,4147175
2021-09-09,3356.544921875,3371.860739920555,3333.172958897649,3355.0399467680836,1441148
2021-09-13,3404.306884765625,3410.5481106681864,3334.9431675228693,3334.9431675228693,1691473
2021-09-14,3440.206298828125,3449.590617426561,3386.291315708096,3408.379630212844,1991188
2021-09-15,3500.982177734375,3523.513141909009,3422.588393623173,3436.8418875120715,2461369
2021-09-16,3455.6103515625,3525.062471552736,3445.694980793567,3479.2479470590197,2946666
2021-09-17,3388.81396484375,3492.5273326388105,3368.5846643068885,3470.3947132938247,6477148
2021-09-20,3384.962890625,3427.014868473748,3371.1079570103802,3372.1259710711715,2002008
2021-09-21,3419.88818359375,3427.5018914398584,3383.325051595029,3415.5059679978876,1568129
2021-09-22,3419.179931640625,3449.900181873406,3410.5925180954796,3419.489874783857,1744067
2021-09-23,3425.46533203125,3434.0970531625558,3395.143644980253,3426.129310579812,2003869
2021-09-24,3427.28076171875,3491.996417565266,3412.8502492141406,3443.835919440469,2320754
2021-09-27,3396.8701171875,3456.229845648555,3366.725446335667,3452.688626544407,1673362
2021-09-28,3345.699462890625,3408.4233928218655,3320.999546057928,3408.4233928218655,2253075
2021-09-29,3356.987060546875,3369.4699442208935,3295.237053029952,3328.5689072008972,2489161
2021-09-30,3342.5126953125,3368.5848793374157,3319.981730608833,3368.5848793374157,2252412
2021-10-01,3302.36376953125,3373.0111325429925,3297.7602280111937,3348.001273095659,1578374
2021-10-04,3340.521240234375,3349.684016863548,3282.2238223122226,3297.583949784419,1356860
2021-10-05,3393.63916015625,3399.570659485388,3312.456747791628,3323.4344415906635,1877966
2021-10-06,3373.807861328125,3415.01884159684,3359.7316019415425,3396.0290975092903,1678154
2021-10-07,3446.40283203125,3451.8032775514416,3381.908509606429,3390.7172487873872,1647233
2021-10-08,3484.249755859375,3532.2775413447675,3452.688726138807,3474.8213461781584,2934339
2021-10-11,3262.8798828125,3326.5332197772977,3240.2159905215995,3324.3199574886903,11845402
2021-10-12,3233.88623046875,3281.82540642427,3214.188195590698,3280.9401014859304,5752877
2021-10-13,3235.9658203125,3253.893241175022,3226.9357552539627,3231.3622789237215,3545655
2021-10-14,3203.368896484375,3255.3029971474057,3200.4861349746393,3215.387837781838,6442299
2021-10-18,3235.034912109375,3239.957825124647,3194.4988931682005,3196.27290026894,3590107
2021-10-19,3223.503662109375,3273.1316808571055,3215.565024146303,3254.4158205064023,3135441
2021-10-20,3201.062255859375,3219.8222908499274,3173.9642591091406,3203.8562299035643,2933693
2021-10-21,3133.340087890625,3199.820961660556,3114.4912621672916,3196.849629655158,4871211
2021-10-22,3103.4921875,3159.1516554194964,3091.207102780001,3157.7323632415505,2691670
2021-10-25,3098.259033203125,3117.4183966686946,3060.162273714988,3107.173462267711,2595594
2021-10-26,3089.07861328125,3130.235490892572,3082.337299759617,3099.6338687798507,3878763
2021-10-27,3095.420166015625,3114.490739429003,3089.432892967239,3089.432892967239,2510813
2021-10-28,3035.015380859375,3120.478253064307,3029.116894319104,3120.478253064307,2424942
2021-10-29,3013.81640625,3069.9193825417556,3003.349720722002,3015.8565577895124,3960501
2021-11-01,3083.5791015625,3092.981425957141,3027.298768768552,3049.4738578562856,2020718
2021-11-02,3090.497314453125,3116.5753452859794,3077.6801581714835,3099.18999139741,3087414
2021-11-03,3097.63818359375,3122.163745415681,3074.39873362359,3108.23783282908,1537639
2021-11-04,3112.184814453125,3116.265117267384,3108.9473382259107,3115.9989729006115,328991
2021-11-08,3106.951904296875,3147.0888177704123,3087.8369331330086,3147.0888177704123,2526082
2021-11-09,3109.568115234375,3135.5573609997723,3100.964224626649,3111.60826658761,1782692
2021-11-10,3090.586181640625,3121.9860173269394,3086.949380853607,3102.738085663698,1516489
2021-11-11,3094.045654296875,3113.426767950228,3047.744113577115,3086.7722686985917,1284514
2021-11-12,3127.61865234375,3134.8032505729047,3091.8279754373,3109.834189325113,1747259
2021-11-15,3151.7900390625,3166.2482415297136,3129.348803932194,3129.348803932194,1809157
2021-11-16,3154.539306640625,3171.525554383202,3141.7665422714635,3165.7156378788404,2013204
2021-11-17,3123.9375,3160.260466102447,3110.188945926167,3149.3946733666758,1632914
2021-11-18,3082.9580078125,3123.00634559004,3061.5813534905255,3117.950252419845,2136598
2021-11-22,3067.61328125,3118.660383698187,3051.5586454065333,3085.3533539302653,3167936
2021-11-23,3072.80224609375,3087.6151630225495,3022.7309357804584,3055.727426655977,2153461
2021-11-24,3054.218994140625,3098.347415365551,3037.099784404964,3079.8533069845294,2161746
2021-11-25,3056.525146484375,3071.6929923228795,3046.014285380131,3054.751139558402,1849619
2021-11-26,3057.3681640625,3095.6422792605736,3026.3672178510988,3037.9870505637437,1941251
2021-11-29,3106.286376953125,3130.546010236377,3021.5331459445556,3057.634146477923,2981745
2021-11-30,3130.3681640625,3161.0585703001743,3096.5290687949237,3096.5290687949237,5588446
2021-12-01,3173.521240234375,3184.3426398781166,3135.5574462309587,3135.5574462309587,2102118
2021-12-02,3231.26513671875,3235.7889414326537,3170.2394658907515,3183.633089526473,3152938
2021-12-03,3229.091796875,3251.7103857650372,3220.5766933426667,3234.413817790303,2486263
2021-12-06,3136.799072265625,3244.658783850488,3124.026308562444,3229.091829206644,1849642
2021-12-07,3179.464111328125,3191.4386588251064,3126.06654283749,3159.950033925637,1484458
2021-12-08,3217.073486328125,3234.414451183741,3194.100178166319,3194.100178166319,1428660
2021-12-09,3194.7646484375,3224.035762034623,3163.05427537395,3202.082426836781,1567957
2021-12-10,3225.854248046875,3230.466622758769,3171.1261775123917,3179.9074252032365,1510718
2021-12-13,3201.772216796875,3248.2069383784756,3194.7205820190884,3237.562895980731,1883864
2021-12-14,3214.3232421875,3224.2576378158583,3172.5452918133496,3197.6475335147647,1747007
2021-12-15,3166.9130859375,3213.613734373968,3156.0914698132124,3210.952723829358,1603233
2021-12-16,3176.89208984375,3200.7080058928564,3166.6027617555383,3177.246804652196,2072320
2021-12-17,3179.331298828125,3238.7605373840274,3169.884580976256,3195.4303268304093,4333992
2021-12-20,3154.982421875,3198.5343770244094,3113.5150114130224,3183.4553186745993,2312310
2021-12-21,3200.5751953125,3229.7575276974712,3163.4096138189643,3177.82342259873,2340989
2021-12-22,3220.48779296875,3225.8542071800953,3198.7562083298367,3214.500519649866,1224328
2021-12-23,3248.828369140625,3255.7470412271514,3219.823391814347,3235.789458220038,1792861
2021-12-24,3256.10107421875,3286.3479803080686,3232.950412710677,3268.607910238929,2209923
2021-12-27,3278.4541015625,3281.9133289905308,3240.3129466580153,3256.1902245200645,1534135
2021-12-28,3287.72265625,3304.087826469044,3276.457755830203,3290.7827748188333,1456218
2021-12-29,3277.2119140625,3299.608753298073,3268.6080230926227,3275.0387987147183,1456923
2021-12-30,3311.849365234375,3317.3931371882327,3264.172926431202,3265.370467794672,1966475
2021-12-31,3315.92919921875,3335.1327359305424,3309.6757820281678,3319.876320981147,1207141
2022-01-03,3386.35791015625,3397.2237039875417,3321.828399852048,3326.263417742371,2346158
2022-01-04,3445.786865234375,3449.6895940340164,3380.991215898721,3398.199213823808,2488606
2022-01-05,3424.676513671875,3432.7039395803245,3381.6124454860555,3428.268921570531,1733031
2022-01-06,3377.22119140625,3401.658179395543,3345.7769628891756,3381.257100353536,1810293
2022-01-07,3418.068359375,3428.180113754431,3367.420367389519,3388.3537388899704,2460591
2022-01-10,3441.44091796875,3528.500232508882,3424.7208139056797,3528.500232508882,3937092
2022-01-11,3473.417724609375,3481.489544952887,3420.286289258174,3420.286289258174,1906106
2022-01-12,3423.7451171875,3485.037152715186,3403.033713010251,3481.4891383067206,3203744
2022-01-13,3457.450927734375,3479.7148026675522,3421.1725704534156,3475.2797850755724,6684507
2022-01-14,3519.762939453125,3527.613007244821,3423.877988650264,3439.6666946537052,3348123
2022-01-17,3565.0,3586.1551199160176,3514.573981387204,3541.538800935803,3442604
2022-01-18,3539.676513671875,3585.0022659184015,3530.274189259942,3578.127988288561,2389041
2022-01-19,3478.40966796875,3564.9112784096897,3474.722221889604,3564.9112784096897,3102539
2022-01-20,3400.127685546875,3483.1637786694,3386.3105001298686,3474.2781567850393,6176776
2022-01-21,3406.302978515625,3422.3415685992545,3350.856787511947,3382.7560817031394,3112358
2022-01-24,3351.07958984375,3420.653845901308,3323.31201736415,3412.0793062932717,3258414
2022-01-25,3349.79052734375,3384.8887339958196,3307.406154089975,3349.4351892399127,3330501
2022-01-27,3242.585693359375,3317.3581176759967,3221.1270024404544,3315.2256551137434,5718297
2022-01-28,3278.8388671875,3314.159213319958,3239.6976603507437,3239.6976603507437,3143862
2022-01-31,3319.890380859375,3339.216607900845,3306.695145967757,3331.219548435409,2739393
2022-02-01,3377.113525390625,3383.644543728451,3320.023409336383,3349.8791832605725,2105169
2022-02-02,3426.47314453125,3433.4039723342744,3377.1134762316,3401.3267935830777,1984212
2022-02-03,3398.395263671875,3449.842931105823,3390.7980130574983,3421.8532202674887,1960538
2022-02-04,3389.776611328125,3398.484566230701,3348.991683961748,3390.132166448459,2307366
2022-02-07,3357.876708984375,3404.7928386994317,3337.572975002385,3368.539455877154,1919149
2022-02-08,3326.288330078125,3376.2699569216525,3306.3401508402926,3369.0282613170925,2946443
2022-02-09,3341.482177734375,3356.9430711731097,3328.6424990482747,3332.1078043912007,1638721
2022-02-10,3350.190185546875,3367.472674927871,3339.2163568872406,3367.472674927871,2112459
2022-02-11,3283.193115234375,3334.3299172454485,3278.7947753859307,3334.3299172454485,3851488
2022-02-14,3317.6689453125,3370.538393520359,3296.565594137094,3309.005464303649,5951745
2022-02-15,3392.352783203125,3407.63600953311,3330.331098756218,3364.096462084056,3931683
2022-02-16,3388.176025390625,3424.6070692875323,3381.867148088499,3415.632505846608,3256906
2022-02-17,3362.497314453125,3407.636321366795,3357.8768340143724,3398.750698625291,3134372
2022-02-18,3371.11669921875,3390.7095429248166,3338.8620586351085,3348.991582910838,3688883
2022-02-21,3304.918212890625,3401.238487075305,3292.611756383807,3385.42203627491,7465922
2022-02-22,3186.739013671875,3259.1568244811297,3172.1666820740847,3243.2516497396105,5408531
2022-02-23,3166.657958984375,3219.171853968917,3159.4160470145603,3208.5980507387485,2426203
2022-02-24,3022.577880859375,3095.6178759460813,3013.203722080174,3086.8654504599745,5039136
2022-02-25,3128.40576171875,3136.624963109334,3076.202725859636,3081.5340997346093,2549723
2022-02-28,3158.127685546875,3166.613497830025,3070.7819790701324,3101.082036457885,3288942
2022-03-02,3150.974609375,3173.8995564350007,3115.2989255099646,3156.617065851155,2761341
2022-03-03,3149.419677734375,3179.8086775840598,3136.713412213718,3165.813823365856,1928039
2022-03-04,3131.60400390625,3164.347387967224,3098.460593342772,3111.3002726289433,2370257
2022-03-07,3096.55029296875,3152.6186540004137,3049.145630234379,3065.539559273232,3054130
2022-03-08,3198.779296875,3206.8208277906424,3074.4250662664513,3074.4250662664513,3300992
2022-03-09,3227.791259765625,3246.8064048099586,3196.202828942838,3203.2668553201697,2719654
2022-03-10,3217.439453125,3273.46334667686,3212.152551095779,3273.46334667686,2005441
2022-03-11,3198.068115234375,3234.232765344657,3192.470347692051,3201.7113065266467,1623423
2022-03-14,3237.0322265625,3241.786121299952,3181.052805680414,3181.052805680414,1765688
2022-03-15,3193.40380859375,3251.2492982969325,3185.8510294094035,3251.2492982969325,3651133
2022-03-16,3248.494384765625,3259.2460739095877,3213.2629811274664,3234.81061397706,3090475
2022-03-17,3263.466796875,3296.565738589953,3252.4042409503854,3284.6590919681585,3600452
2022-03-21,3222.548095703125,3300.075138230932,3212.1519626134377,3284.1254920661872,2413831
2022-03-22,3288.524169921875,3297.4542632536477,3221.0379154660395,3234.366348219692,2907611
2022-03-23,3298.697998046875,3314.15910942593,3278.79429290694,3294.7884114089247,1596195
2022-03-24,3331.974853515625,3339.3942172821903,3283.2371329817483,3287.6799437165005,1879046
2022-03-25,3294.2998046875,3358.320753023483,3262.80031885229,3340.904847554434,1690133
2022-03-28,3294.52197265625,3299.2313956274616,3253.203831019655,3283.2372762842633,1760990
2022-03-29,3292.43408203125,3307.228556100982,3279.6831275036875,3283.0152358017476,2689063
2022-03-30,3315.714599609375,3321.4457828944737,3293.1894591716236,3321.4457828944737,1583455
2022-03-31,3323.17822265625,3336.24004386944,3305.6291188569076,3323.2226941539616,2168110
2022-04-01,3339.88330078125,3343.6596902799715,3312.6044835537823,3330.3312567550715,1387014
2022-04-04,3350.190185546875,3358.764722999939,3320.6454958538197,3342.770605271368,1472994
2022-04-05,3389.687255859375,3408.1693937254495,3351.6567488325595,3351.6567488325595,2314947
2022-04-06,3336.86181640625,3384.7996989953504,3315.3584397335258,3384.7996989953504,2051729
2022-04-07,3273.595947265625,3328.1093184300516,3269.0199392615564,3328.1093184300516,2494829
2022-04-08,3274.92919921875,3292.122964633607,3236.58782690362,3278.79453157841,2296773
2022-04-11,3284.48095703125,3298.6536964936704,3248.6720768870196,3278.794246196316,2291660
2022-04-12,3279.772216796875,3322.3342619156374,3241.786180504579,3272.5747757783615,4483476
2022-04-13,3253.8701171875,3296.432374272563,3248.1834062092184,3293.89988537501,1621672
2022-04-18,3134.89208984375,3207.7097228524217,3129.960525968879,3207.7097228524217,3820792
2022-04-19,3084.9990234375,3166.4358794399823,3055.898611311743,3154.3958182118126,3170014
2022-04-20,3160.4384765625,3171.4120909616427,3092.1968475740346,3109.96809382446,2640370
2022-04-21,3224.28125,3237.9207670078954,3169.856813397576,3181.0527842723013,2280996
2022-04-22,3209.974853515625,3213.9289112222373,3173.4993382444623,3182.029620635388,1581465
2022-04-25,3152.79638671875,3184.606957189106,3139.3792275227693,3161.504339754141,1960694
2022-04-26,3151.108154296875,3188.0722114341042,3126.094998356819,3176.743043452235,1943469
2022-04-27,3164.34716796875,3170.789242910435,3115.565197597769,3150.841068029554,1727648
2022-04-28,3184.873291015625,3202.733259696587,3143.777292437707,3188.160927515036,1703660
2022-04-29,3151.462890625,3219.482357024366,3142.710684839358,3196.157603868528,2051115
2022-05-02,3147.642333984375,3152.573897085291,3103.5253119643658,3127.6496864948044,1324161
2022-05-04,3091.974365234375,3150.35285932751,3079.1346846244674,3144.1773953249044,2305825
2022-05-05,3121.874267578125,3139.290173030347,3096.950272047163,3120.719310294704,1612262
2022-05-06,3050.078857421875,3087.309528817,3042.8814164437517,3073.536813981293,2010812
2022-05-09,3061.185791015625,3070.87103244035,2973.8845528972033,3019.3344236783305,2481830
2022-05-10,3055.543212890625,3078.6903011908057,3040.6597962956653,3051.32254251295,1622685
2022-05-11,3031.7744140625,3064.162464870448,3005.25074397707,3052.211345927517,1841769
2022-05-12,3028.797119140625,3065.272636777598,2976.7719816685094,3001.562777515555,2807195
2022-05-13,3034.350830078125,3056.56488405373,3005.250419370082,3052.21101624816,2187823
2022-05-16,3000.49658203125,3047.7680429845973,2991.4332918791674,3034.4396113097378,1195813
2022-05-17,3066.961181640625,3080.644951878495,2977.0385191605064,2994.454423948811,1754076
2022-05-18,3064.473876953125,3105.525414148164,3059.3646434391476,3078.868543640455,1866781
2022-05-19,2898.445068359375,3025.553918820275,2870.0555529484545,3018.445422094706,4642963
2022-05-20,2926.03515625,2944.6060183878694,2905.6426983201104,2941.140712780899,3065125
2022-05-23,2951.581298828125,2966.8200528085695,2902.9325214936357,2936.5202138894765,2293690
2022-05-24,2921.592529296875,2954.3361333164494,2910.5744447313305,2945.716906382836,1711510
2022-05-25,2833.613525390625,2945.6110559752246,2821.4478094645397,2945.6110559752246,3548046
2022-05-26,2886.659912109375,2899.675621465552,2845.152996895877,2854.5009742701145,2813186
2022-05-27,2917.388427734375,2933.1323360554616,2888.6733595010373,2910.1425040806,3103153
2022-05-30,3019.32177734375,3029.474979929779,2939.7965833136136,2949.323427865297,2094624
2022-05-31,3009.571044921875,3026.612000510551,2974.3705125505267,3000.446485475332,4840965
2022-06-01,3001.3857421875,3030.7269440021355,2987.833434858042,3030.7269440021355,1493835
2022-06-02,3062.03662109375,3070.0875499835674,2993.424859678505,3001.2073805929103,2657939
2022-06-03,3077.378173828125,3110.610751823533,3069.372015615545,3094.5982170029392,1913622
2022-06-06,3069.147705078125,3088.8725211555457,3021.021005842092,3057.5633586184927,1084210
2022-06-07,3008.094970703125,3058.3239461384833,3002.101545860968,3042.400956238807,2308256
2022-06-08,3045.173828125,3053.9404374288993,2993.603251373876,3023.704687819316,2185707
2022-06-09,3065.704345703125,3074.5602801002638,2999.5078194513303,3028.043802193597,1279197
2022-06-10,3005.590087890625,3035.1996977943127,2998.523249928245,3025.3596751960995,1527582
2022-06-13,2880.085693359375,2945.745403330219,2855.7985936915675,2943.061760387616,3030921
2022-06-14,2871.98974609375,2897.3500386797054,2839.920128333768,2853.606749841241,2611493
2022-06-15,2868.188232421875,2892.9671591535985,2863.4470861010104,2879.1016702955644,1404536
2022-06-16,2810.66845703125,2902.6727617050265,2802.6622999813585,2898.3341186445737,2032028
2022-06-17,2763.16748046875,2789.8698087215957,2704.9773446255776,2765.9406648712384,5240434
2022-06-20,2784.189697265625,2807.7611124816544,2745.3664210931734,2767.7301097628797,1502769
2022-06-21,2873.2421875,2896.321559800145,2795.8190472258425,2799.934053640477,2964461
2022-06-22,2883.08203125,2907.7716314048353,2847.344899703459,2862.462666195436,3336315
2022-06-23,2959.87939453125,2968.109189472764,2883.082389175418,2883.082389175418,3692578
2022-06-24,2945.834716796875,2992.261648742065,2931.8796872203643,2986.8943632734695,2132118
2022-06-27,2965.156494140625,3008.2736390828145,2957.821248469196,2996.734063926147,2037686
2022-06-28,2968.242919921875,2978.843395941268,2927.496452991012,2958.2688019152474,1400046
2022-06-29,2943.5087890625,2981.5270609163695,2926.065111388372,2926.065111388372,2133994
2022-06-30,2922.576416015625,2961.757424365387,2911.75230319857,2926.959611694538,2719603
2022-07-01,2965.514404296875,2981.5267166470894,2909.1131426506226,2916.2247513559887,1502879
2022-07-04,2893.90625,2968.0641585009434,2884.9607740218207,2962.7416439730086,2622535
2022-07-05,2877.1337890625,2926.9600518902243,2868.76968077365,2911.752741107176,2170627
2022-07-06,2916.8955078125,2923.8282503366268,2864.5644835981225,2879.1008792132275,2182144
2022-07-07,2941.137939453125,2969.3607369629294,2920.7422137849794,2926.0647274670873,1989921
2022-07-08,2921.1005859375,2956.479989245835,2907.2798683960555,2952.007250986764,2136916
2022-07-11,2785.4423828125,2884.9160330481313,2778.4648677976734,2868.0537232952515,6974600
2022-07-12,2759.41064453125,2805.4798410310173,2755.429951813746,2786.4259354986384,3734815
2022-07-13,2718.306396484375,2782.04291010001,2714.9518431361835,2776.675624742904,3863530
2022-07-14,2689.60546875,2741.85041032722,2661.1286121821595,2740.9535014589414,4764908
2022-07-15,2685.88330078125,2716.6470988263773,2648.5718054355975,2707.364223712299,4574806
2022-07-18,2747.680419921875,2759.7438008534455,2703.5525457596186,2711.3556094087903,3202795
2022-07-19,2757.322021484375,2761.5374492687492,2717.678694261558,2717.678694261558,1865074
2022-07-20,2838.536865234375,2844.9496752294567,2778.6682059727723,2787.413066314355,3402251
2022-07-21,2849.74853515625,2855.757780661632,2819.9263158701324,2840.5103301995564,2420640
2022-07-22,2844.09814453125,2867.4177761168103,2819.4331495849838,2856.654869231167,2075886
2022-07-25,2840.2861328125,2857.9551935626573,2824.4557790199847,2838.716542307275,1797504
2022-07-26,2794.67822265625,2842.214392123494,2777.278278402279,2838.447418714807,2639367
2022-07-27,2860.10791015625,2864.8166816784224,2789.386558848772,2793.871103155603,1389808
2022-07-28,2924.37158203125,2927.5107633031744,2871.588403627416,2884.459134431069,2106333
2022-07-29,2961.503173828125,2975.3157011729186,2937.376413925399,2950.8300463555915,2430257
2022-08-01,2958.72314453125,2984.015931899953,2933.7890331363833,2984.015931899953,1306913
2022-08-02,2952.44482421875,2971.369471032021,2934.3719781124923,2950.830344369699,1269114
2022-08-03,2995.22705078125,3003.747684703221,2939.2151378990916,2941.8609751646954,2895824
2022-08-04,3009.08447265625,3038.637577140398,2966.3917403654004,3004.6448173920953,2150567
2022-08-05,3018.143310546875,3028.861328010929,3009.129332388708,3014.6901237242273,1106933
2022-08-08,3026.57373046875,3030.5649306683526,2992.0876323376488,3018.097986455692,1068836
2022-08-10,3008.45654296875,3036.0364904074586,2991.1910474176884,3036.0364904074586,1878359
2022-08-11,3069.67041015625,3075.231200998242,3027.1121308061656,3049.4899618791087,1449248
2022-08-12,3050.880615234375,3066.531632271564,3032.673320157422,3066.531632271564,1472354
2022-08-16,3042.94287109375,3062.8095351985526,3038.2789884704052,3059.35634824282,839942
2022-08-17,3050.476806640625,3065.589589525235,3023.56954088203,3036.126264902708,1622326
2022-08-18,3032.673095703125,3042.3148659889093,3015.4076000750924,3040.5210482613215,1430659
2022-08-19,3036.70947265625,3068.773967568001,3023.7042929018335,3037.8306088419754,1398410
2022-08-22,3008.7255859375,3035.22928589152,3002.3125563634576,3018.0982394990715,1536532
2022-08-23,2945.98681640625,2997.3795169400164,2932.8918599626186,2977.6924120107906,1849256
2022-08-24,2919.751953125,2966.97411067748,2915.132741732818,2952.6235708434897,1691923
2022-08-25,2886.431884765625,2940.201524060297,2883.337593169555,2938.2732577100746,1946930
2022-08-26,2890.02001953125,2921.2324952677013,2885.1767987152125,2900.8727055826316,1457962
2022-08-29,2809.612060546875,2818.7155984293877,2763.3763622653864,2802.8403544561284,2539173
2022-08-30,2880.108642578125,2893.876280423968,2818.1772643190006,2829.7473003990763,3431525
2022-09-01,2808.849365234375,2861.139194303962,2799.252484458516,2861.139194303962,3546935
2022-09-02,2807.682861328125,2836.922172062369,2798.624214988239,2836.922172062369,2052900
2022-09-05,2810.3740234375,2823.4240906299206,2791.4044893857963,2801.6291623975735,2147912
2022-09-06,2804.678466796875,2817.0558509719353,2786.1125000202123,2812.257301713868,1936453
2022-09-07,2824.904052734375,2835.935855830716,2782.211106134661,2782.211106134661,1291534
2022-09-08,2842.88671875,2855.308992469009,2834.3214154044554,2843.200724399798,1346113
2022-09-09,2885.93896484375,2900.1550591396,2841.8559780064397,2865.624064929959,1561185
2022-09-12,2908.630615234375,2932.712706306049,2892.531144596041,2905.8949993497577,1785928
2022-09-13,2896.43310546875,2927.017570338624,2892.531463812514,2927.017570338624,1972678
2022-09-14,2798.71435546875,2817.5494417731366,2792.794888299078,2811.809312583414,5090269
2022-09-15,2784.319091796875,2814.2757599671518,2780.4174506886047,2807.32471634043,2138023
2022-09-16,2698.52978515625,2775.350164437028,2690.726721458401,2758.8917984020136,5322221
2022-09-19,2716.557373046875,2728.3965252199246,2679.7841128450286,2723.015072507459,2072220
2022-09-20,2726.872314453125,2762.4346666011033,2717.63410850771,2735.5722874417543,1544295
2022-09-21,2691.802978515625,2727.8586729249173,2689.0673625441004,2715.8401811124536,2253818
2022-09-22,2697.36376953125,2717.5891092550232,2672.1607605323097,2681.757642079149,2017983
2022-09-23,2674.627197265625,2710.9071180452506,2671.8915813587437,2694.3143035923686,2652374
2022-09-26,2685.70361328125,2713.9115701152955,2624.4449176434205,2654.715589532401,2925489
2022-09-27,2706.37744140625,2713.1491467072833,2669.2006150746693,2699.1572817008023,2227447
2022-09-28,2722.701416015625,2735.5272570862203,2672.7885232951976,2672.7885232951976,2739767
2022-09-29,2688.305419921875,2740.8194862606383,2681.7579403533828,2739.160117003087,2493902
2022-09-30,2694.807373046875,2708.3954537489426,2645.970732786134,2682.519766307639,2817353
2022-10-03,2677.227783203125,2709.2922716585967,2667.40667598806,2686.24176011575,1763331
2022-10-04,2772.479736328125,2778.6236496108236,2711.3554850786054,2717.588957864213,2145875
2022-10-06,2782.166259765625,2801.943142965374,2773.645626008208,2790.2833283499613,1790816
2022-10-07,2748.935546875,2784.9016754249496,2742.8367425378724,2778.0850813198663,1939879
2022-10-10,2797.05517578125,2804.634011871847,2695.2111306923252,2699.6956750029613,3064063
2022-10-11,2753.1064453125,2820.7781703423966,2738.5765665760173,2780.417274423348,4730645
2022-10-12,2781.09033203125,2789.296961055594,2746.3800006423335,2766.8742380689673,1665247
2022-10-13,2783.377197265625,2789.386442591945,2737.679736477988,2781.090035970088,2054781
2022-10-14,2779.655029296875,2825.262932800845,2754.407132263935,2820.778388463066,2245977
2022-10-17,2798.178955078125,2813.15104677649,2761.9399421370213,2763.0189742303005,1517005
2022-10-18,2827.80859375,2837.385525165027,2813.2861167744586,2832.574556753205,1793722
2022-10-19,2807.261474609375,2840.6677838083356,2798.403970627268,2840.6677838083356,1194289
2022-10-20,2839.13916015625,2841.5670374514175,2792.1093833185605,2792.1093833185605,1587601
2022-10-21,2821.24462890625,2841.9269226796287,2811.8927230154723,2839.5890559762415,1021913
2022-10-24,2843.095947265625,2857.7534427519686,2837.071149113424,2850.6496123176526,260949
2022-10-25,2843.455322265625,2863.373179310594,2833.608577956596,2860.001066749578,2069643
2022-10-27,2839.22900390625,2854.1563112448976,2818.501925922069,2842.1965071167756,2438421
2022-10-28,2844.48974609375,2858.2030057564166,2828.078796005641,2832.574946714712,1355739
2022-10-31,2871.37646484375,2876.637048668789,2857.5734147297503,2876.637048668789,1919414
2022-11-01,2931.22021484375,2933.8281137695244,2880.638523413628,2890.5750595933964,2991060
2022-11-02,2915.034423828125,2940.4826817707453,2897.3646386476103,2940.4826817707453,1405955
2022-11-03,2883.606201171875,2902.75984672767,2873.0402472110827,2902.75984672767,1422652
2022-11-04,2893.182861328125,2895.565952837209,2847.0973182984712,2892.823257100407,1464013
2022-11-07,2907.84033203125,2916.0234137611046,2873.1301818756806,2903.6139944666893,1474498
2022-11-09,2891.968994140625,2922.318009880542,2879.0199490351015,2922.318009880542,1162267
2022-11-10,2882.61669921875,2900.01688836437,2850.5592360046676,2850.5592360046676,1573092
2022-11-11,2981.802001953125,3004.8673857085314,2927.038976756328,2940.1228186004687,3265394
2022-11-14,2999.3818359375,3011.5214416293475,2975.5522395794296,2989.040690348149,1342074
2022-11-15,2996.77490234375,3003.384113141955,2960.2660653625226,2986.343743338073,1400708
2022-11-16,3017.23193359375,3028.517096203142,2986.747900169754,3002.4394221817815,1748235
2022-11-17,3011.52197265625,3021.413504964168,2983.4210285996637,3003.428900767953,1417986
2022-11-18,3006.53076171875,3023.8859461395887,2986.3430903663884,3012.4207626399884,1164540
2022-11-21,2952.622314453125,2997.763625863064,2943.180397504211,2987.692291691947,1304194
2022-11-22,2980.902587890625,2984.4995080635367,2927.218598217636,2949.4745417875265,1149739
2022-11-23,2974.923095703125,2994.436345699814,2959.366370479906,2994.436345699814,1150011
2022-11-24,3039.532470703125,3051.0426596485013,2974.9229211016186,2982.0717563383823,1296591
2022-11-25,3048.074951171875,3060.3945780835866,3010.622108633488,3042.0951593509826,1588981
2022-11-28,3053.11083984375,3072.669093511846,3026.403751156413,3026.808360772863,2195437
2022-11-29,3054.9990234375,3083.459564145022,3042.094985565065,3042.094985565065,1576028
2022-11-30,3049.109375,3070.7806880330454,3034.9014959409137,3042.095336523885,3410702
2022-12-01,3125.409423828125,3129.321163097448,3075.3673499405954,3079.863501037,2180856
2022-12-02,3092.587158203125,3119.3392540899144,3069.072378541606,3109.627744491306,2411749
2022-12-05,3080.672119140625,3092.586917220595,3063.6767591287817,3087.0567402668353,1475065
2022-12-06,3044.20849609375,3064.5309632236253,3028.6067671234496,3057.4271337408773,1166999
2022-12-07,3039.937255859375,3051.717038027653,3016.017648233855,3028.8766821146633,1167505
2022-12-08,3012.91552734375,3039.9374364011487,3002.9339851801747,3021.413208083765,1285619
2022-12-09,2960.939697265625,3034.092148416434,2946.192412509452,3034.092148416434,1797896
2022-12-12,2955.274658203125,2963.8623493913924,2909.9985553110337,2927.4435310812128,1527610
2022-12-13,2996.324462890625,3000.235981787679,2938.503928206121,2946.9566026504367,1378016
2022-12-14,3026.22412109375,3036.7000639995404,3004.237769399859,3011.3418189511494,1213311
2022-12-15,2972.045166015625,3025.684147794048,2966.5147697828043,3020.333773192401,1415694
2022-12-16,2913.730224609375,2960.2653805768264,2900.1967681932483,2944.9784694377604,2703680
2022-12-19,2879.37939453125,2918.450893161783,2872.5901642906533,2901.815138571275,2120965
2022-12-20,2917.057373046875,2921.5985288569414,2844.8491537414297,2876.5470140498965,1529971
2022-12-21,2939.17822265625,2952.2170574887764,2913.5051625782858,2921.5982324743363,1432566
2022-12-22,2931.22021484375,2962.06385014797,2918.0915875468195,2962.06385014797,1384101
2022-12-23,2903.029296875,2937.6496523348455,2892.822948424004,2892.822948424004,1360281
2022-12-26,2925.10546875,2942.2808512656748,2900.0620424940166,2903.0295456954937,870157
2022-12-27,2931.040771484375,2943.899806965109,2905.862326446313,2939.76326032198,835883
2022-12-28,2928.882080078125,2936.97514996556,2900.9159396516716,2922.3176572617135,910795
2022-12-29,2939.358154296875,2941.8310368741036,2902.714530652486,2905.502231554976,1037927
2022-12-30,2928.5224609375,2966.5599359733387,2919.080545409243,2954.914950729539,1163131
2023-01-02,2932.794189453125,2937.650164086702,2909.189397527533,2932.3895797849805,709547
2023-01-03,2977.665771484375,2985.4440242743467,2918.271577635895,2924.2963755843903,1245178
2023-01-04,2980.6328125,2992.05320982366,2955.049761355759,2973.4839774740417,1231668
2023-01-05,2977.44091796875,3001.00070304536,2951.228228425236,2994.6160814211885,1826057
2023-01-06,2887.92236328125,2968.8530692467866,2877.5362121079547,2967.4592187363287,2488376
2023-01-09,2985.398681640625,2991.7382972331907,2896.5547111423953,2903.613754663653,2885060
2023-01-10,2955.229736328125,2965.660893386526,2904.6032569263607,2953.9709019935526,3864655
2023-01-11,2993.267333984375,3011.971364872046,2941.5165953316505,2958.5571821774433,2720512
2023-01-12,2998.347900390625,3012.4207633052556,2981.442331005253,2993.5369316546853,2250391
2023-01-13,3034.4970703125,3038.498600471692,2971.9555710443747,3006.036305057248,1742837
2023-01-16,3066.225341796875,3083.6530407390187,3033.1172268351675,3050.544925777311,1843607
2023-01-17,3107.0126953125,3110.139707684702,3054.2237329495765,3062.5007620361607,1688475
2023-01-18,3117.68115234375,3135.1088531125965,3101.3570106168763,3108.4844527793143,2421189
2023-01-19,3102.138671875,3114.9219938480996,3091.0105761214827,3108.4843044601644,1585044
2023-01-20,3092.941650390625,3121.9570534848303,3086.044126765296,3094.688933230869,1529349
2023-01-23,3140.580810546875,3144.35154713911,3086.044562341497,3115.8417787971057,1067916
2023-01-24,3160.26171875,3174.654462857429,3142.787990669495,3149.8694039858374,1387863
2023-01-25,3154.238525390625,3159.066793415496,3131.476690416234,3150.146038351501,874110
2023-01-27,3137.040283203125,3169.1827036169857,3110.599771674109,3150.789304292453,1785879
2023-01-30,3157.824951171875,3180.632813128412,3113.5889568511743,3145.2715449050534,1953798
2023-01-31,3088.895263671875,3171.941500962948,3081.8138503122173,3171.941500962948,2820375
2023-02-01,3134.556884765625,3144.351279049428,3085.492407490737,3092.8497664355737,2205161
2023-02-02,3182.425537109375,3190.334787824689,3145.3630208692275,3151.7086531782097,1813847
2023-02-03,3202.56640625,3222.5231973552636,3175.5279775823224,3222.5231973552636,1804469
2023-02-06,3182.01171875,3194.151316116606,3160.767479490634,3194.151316116606,1138714
2023-02-07,3193.599609375,3212.4068130598766,3183.3451557440176,3190.242679677012,1455647
2023-02-08,3237.330322265625,3255.5396078857866,3198.658155467108,3198.658155467108,1986946
2023-02-09,3256.413818359375,3262.6215912578873,3223.719502854778,3232.6402575216903,1655427
2023-02-10,3253.378173828125,3257.792634083155,3226.339745096551,3237.2379228015834,1187821
2023-02-13,3202.658447265625,3263.908553895811,3194.3814179658048,3263.908553895811,1087939
2023-02-14,3218.936767578125,3241.6985980328905,3214.246361188052,3223.4430603616947,1579818
2023-02-15,3237.83544921875,3242.7557725478764,3182.1954253278973,3206.888649709145,1429449
2023-02-16,3272.2314453125,3287.8198047959163,3243.6756507734817,3243.8595398428197,1618931
2023-02-17,3219.90234375,3254.6198842343974,3209.648113656855,3242.894092415164,1061369
2023-02-20,3207.1650390625,3239.0775411980735,3195.8990822539604,3220.6841423269884,1296082
2023-02-21,3173.78125,3227.030054530694,3168.0333123551145,3213.3270609968126,1139541
2023-02-22,3128.30322265625,3170.1021750983955,3122.2793398488698,3140.6267096205747,1218430
2023-02-23,3139.569091796875,3175.068214566864,3134.2349615691996,3146.1906700493637,1441570
2023-02-24,3127.29150390625,3158.1004459242777,3110.5995848333705,3147.5702703492466,977592
2023-02-27,3064.202880859375,3117.681606810687,3049.626020113344,3117.681606810687,1128022
2023-02-28,3046.728515625,3119.52029834111,3034.8186108063605,3061.1212597371414,4116217
2023-03-01,3113.72607421875,3116.761029539812,3048.7054626510703,3056.062821233637,1669307
2023-03-02,3054.6376953125,3099.1956592623837,3051.464878906557,3091.010686559656,1556538
2023-03-03,3073.674560546875,3088.251417771033,3063.5123881251166,3084.57273829781,1043190
2023-03-06,3100.989013671875,3131.429952365279,3089.1711657538017,3091.838118627816,1334132
2023-03-08,3118.049072265625,3123.1993140673653,3063.282903492702,3093.7698741232675,1844590
2023-03-09,3068.80078125,3113.0827998019863,3063.28276151623,3113.0827998019863,1648500
2023-03-10,3063.420654296875,3069.16859157978,3025.7141857210204,3046.774538114063,1024404
2023-03-13,3018.310791015625,3099.103887099542,3009.1601197869472,3065.2599875458113,1901233
2023-03-14,2956.692626953125,3038.9570525672148,2951.5884142286423,3016.517197373872,2670334
2023-03-15,2941.931884765625,2998.4457784271503,2935.5862524149616,2988.927105372376,1780522
2023-03-16,2929.1484375,2961.1529928060677,2917.1927295918367,2950.300843799058,1901060
2023-03-17,2923.906982421875,2962.6249561150617,2891.4425853334556,2897.420440551225,6739966
2023-03-20,2890.798828125,2915.031998513119,2846.424749516427,2915.031998513119,2289468
2023-03-21,2856.5869140625,2903.168107097095,2848.631634298453,2890.798591207588,1815297
2023-03-22,2879.302734375,2890.9824978748425,2856.586931436793,2878.612981910102,1123939
2023-03-23,2873.646484375,2893.603500974921,2851.896380891422,2864.679702784,1372218
2023-03-24,2869.830078125,2915.3537406365167,2856.4948638539495,2895.9486148857454,1329577
2023-03-27,2871.4853515625,2899.4892548960856,2856.494687402186,2883.1651142967976,1524217
2023-03-28,2865.59912109375,2896.5461454566857,2860.3110195941176,2875.8075459741126,1303530
2023-03-29,2886.75146484375,2896.9598895039826,2854.747135211286,2877.646823573956,1740616
2023-03-31,2948.36962890625,2954.8993749774395,2898.7995113379675,2933.7009389751283,2382581
2023-04-03,2942.94384765625,2965.889568062685,2918.8025114059446,2965.889568062685,1521830
2023-04-05,2979.546630859375,3002.124572143045,2929.608509647277,2929.608509647277,2655065
2023-04-06,2961.98095703125,2995.686995347432,2956.7388832326774,2965.935582713961,1703464
2023-04-10,3001.25048828125,3009.1597387753586,2956.7385575069616,2961.3369067410313,2203187
2023-04-11,2955.635498046875,3010.033888866784,2935.7245077814828,3001.8028872526584,2348779
2023-04-12,2981.247802734375,2998.99747647919,2942.023971821231,2968.6483701740635,2417727
2023-04-13,2932.689697265625,2970.534027024399,2924.5505281540522,2952.1406274762603,4174070
2023-04-17,2887.303466796875,2909.283486192707,2823.6163302860664,2882.3373394653017,5505048
2023-04-18,2879.256591796875,2903.260066434997,2860.725332786317,2901.51255887594,2617302
2023-04-19,2841.412109375,2887.763380835499,2824.7659949796926,2879.2564345702986,3298034
2023-04-20,2855.3916015625,2862.9328510282207,2830.7443994426158,2841.7804399862516,2419999
2023-04-21,2906.938720703125,2910.2493976571473,2851.7124977803655,2860.173416034582,1929184
2023-04-24,2919.76806640625,2925.4239465242517,2875.02599070183,2897.9719345104572,1640676
2023-04-25,2920.8720703125,2934.851010126116,2894.661473963663,2927.309760643793,2024090
2023-04-26,2941.242431640625,2950.6690488552285,2925.4701814296627,2925.4701814296627,2000029
2023-04-27,2931.861572265625,2942.207858497585,2915.9512383098318,2929.1485910038896,2434446
2023-04-28,2960.6474609375,2968.004820473883,2939.4950522704,2943.311592718381,2931312
2023-05-02,2960.78515625,2975.1320963561516,2952.1403490891025,2975.1320963561516,2321159
2023-05-03,2924.45849609375,2957.6586723706264,2918.2507236937186,2957.6586723706264,2468285
2023-05-04,2961.98095703125,2965.429719336731,2922.711095151928,2924.688295728886,1953253
2023-05-05,2971.177490234375,2983.4091447657124,2952.186396679855,2961.3370672458673,1710027
2023-05-08,2989.478759765625,2993.387356439256,2971.7290876125603,2984.3285190429833,928235
2023-05-09,3019.506103515625,3033.0712341108756,2985.2484008259253,2991.3183117851413,1107375
2023-05-10,3022.770751953125,3040.8882021577638,3003.687603550048,3025.7136504155583,1559987
2023-05-11,3018.494384765625,3043.8313346801706,3009.1598253633715,3043.1876106746317,1719623
2023-05-12,3011.275146484375,3025.7139187593248,2998.1238222356833,3015.7354107050955,1027479
2023-05-15,2993.571533203125,3027.553290878769,2987.409789819426,3020.1959317271803,1150390
2023-05-16,2996.422607421875,3021.1158357999793,2989.3411935953186,2994.629295895425,986306
2023-05-17,2950.94482421875,3016.517334349857,2941.3343184708624,2994.39922789193,1588815
2023-05-18,2942.8056640625,2969.567922023238,2938.345175471324,2966.8089124688054,1369364
2023-05-19,2963.9580078125,2974.6720715435754,2945.7485002335166,2952.140160660033,1152449
2023-05-22,3033.71533203125,3042.6821143773673,2958.6243676314443,2970.5340490212952,1333243
2023-05-23,3032.1982421875,3060.6159574732555,3025.8065801215457,3040.4292443892014,1687418
2023-05-24,3037.991455078125,3050.728747641939,3012.838395148391,3012.838395148391,1016555
2023-05-25,3028.932861328125,3040.42873525149,3004.653665413494,3029.3926962850596,1374917
2023-05-26,3061.489013671875,3070.455795118888,3026.6336145765354,3028.932789306539,1791115
2023-05-29,3053.62646484375,3101.1273319405063,3045.947130304554,3090.8270725408915,1210372
2023-05-30,3049.8095703125,3059.6960226867827,3036.152605703449,3048.7060112322947,1344224
2023-05-31,3025.25390625,3060.3852488556463,3002.859856074551,3043.1874679377565,5815424
2023-06-01,3056.98291015625,3071.6976293387106,3032.611656510299,3047.786210667212,1177314
2023-06-02,3040.060302734375,3067.9261155035556,3032.5648598324387,3059.0513925564883,2030661
2023-06-05,3024.7021484375,3059.741660328517,3021.1615541519814,3048.7056218782786,1861468
2023-06-06,2972.64892578125,3024.6563011369967,2961.8888333525238,3016.5171330853027,2022849
2023-06-07,3011.826904296875,3015.45978007146,2980.6501840988403,2991.6862230402735,1567196
2023-06-08,2976.465576171875,3007.320545945049,2973.2927599511754,2999.0435169195125,1759366
2023-06-09,2951.49658203125,2988.92710113042,2947.8639309217856,2984.3287517440654,1775689
2023-06-12,2986.076171875,2992.9736962713932,2953.0601115757804,2956.7387912538566,2324605
2023-06-13,2983.133544921875,3002.7225608987374,2978.811140811948,2998.124210882047,1371928
2023-06-14,2989.892822265625,2994.3072826160305,2966.7171860869717,2983.1331588044936,1658544
2023-06-15,2979.9326171875,3008.7932982828993,2974.0955619663478,3006.801393292492,2273810
2023-06-16,2941.574951171875,2964.27443415416,2924.0640119221275,2962.05090181085,4156189
2023-06-19,2974.466552734375,2978.635846247477,2941.6682009107667,2955.5658459544397,1468186
2023-06-20,2990.495361328125,2994.9426531990575,2965.8039679072785,2977.802223474639,1528452
2023-06-21,3018.753662109375,3021.718447715978,2987.020706957234,3011.1563283053792,1645987
2023-06-22,3000.50146484375,3027.509130331622,2992.7188743583506,3020.421422075228,1529603
2023-06-23,2979.979736328125,3010.600702724202,2973.3086851435883,2999.390070425381,1119505
2023-06-26,2955.2412109375,2977.7090684012846,2939.8149168077966,2969.463223564131,1978803
2023-06-27,2962.37548828125,2973.771375126299,2948.431473899292,2966.683667337439,863542
2023-06-28,2979.14501953125,2993.5059172295346,2958.7154391788054,2972.242568780507,1575872
2023-06-30,3059.56591796875,3066.7463664097395,2977.894198116161,2983.3605135466346,2672406
2023-07-03,3031.817138671875,3074.899831225918,3028.527984645769,3070.7305383981075,1687264
2023-07-04,3065.681640625,3071.3795846691332,3036.450215024391,3048.216842703303,1656681
2023-07-05,3075.965576171875,3084.350533495753,3062.1143025543597,3076.0119468927305,1453008
2023-07-06,3078.698974609375,3083.8411486556433,3059.335012466021,3063.5506768174178,1848238
2023-07-07,3084.58203125,3110.199930757501,3059.334645096493,3059.334645096493,1789326
2023-07-10,3031.493408203125,3080.4131662568616,3025.2394676445165,3080.4131662568616,1407431
2023-07-11,3031.91015625,3052.8493652895645,3021.1627797878978,3052.8493652895645,1110172
2023-07-12,3020.3291015625,3047.429512270567,3011.2494867970267,3039.832177414365,1515240
2023-07-13,3095.0517578125,3119.974776122977,3032.2343603066984,3042.6575935366886,4585146
2023-07-14,3256.35693359375,3265.8075126422405,3105.660234929049,3117.704859945182,6306101
2023-07-17,3235.093505859375,3289.016319019273,3221.520230779472,3252.0486766783647,2743228
2023-07-18,3239.864990234375,3265.0196338808823,3210.355570771072,3220.547175757647,2600090
2023-07-19,3215.03466796875,3258.3953622895324,3192.427698113294,3242.7835851217083,2405370
2023-07-20,3217.125244140625,3231.6162445859936,3191.812201185396,3207.650315621179,1715404
2023-07-21,3128.87744140625,3190.743301408389,3120.2849419514946,3162.086290650304,3770223
2023-07-24,3153.447265625,3170.818002760362,3132.407344389984,3140.6746314391708,1680132
2023-07-25,3157.534423828125,3164.6407891152476,3139.9314569469643,3156.001798437655,1272980
2023-07-26,3147.4560546875,3177.6924112049487,3144.390576862288,3158.6495731471414,1066803
2023-07-27,3155.4443359375,3169.1458889102455,3144.4367836891192,3153.632989545926,1701769
2023-07-28,3116.894287109375,3152.47192520402,3094.228757385738,3144.3903763886888,2599831
2023-07-31,3178.24951171875,3183.0798446211247,3122.003427202266,3125.2546433386306,2743678
2023-08-01,3206.67431640625,3214.0591758025353,3172.2578281403635,3172.2578281403635,1956167
2023-08-02,3196.0849609375,3201.4262450108586,3170.95788424797,3190.7901681699773,1914899
2023-08-03,3158.27783203125,3189.210877378925,3128.5989179384605,3176.9027017071066,2026351
2023-08-04,3198.7783203125,3224.2770955465385,3159.4850104372413,3159.4850104372413,2248493
2023-08-07,3236.39990234375,3240.0690865999345,3196.642128515489,3208.439353054858,1853889
2023-08-08,3223.90625,3241.8806958970467,3210.9013844925967,3236.4001647193836,1634225
2023-08-09,3216.3818359375,3220.5619711755417,3181.593866924947,3218.6111506830484,1794589
2023-08-10,3197.431640625,3218.61080881872,3186.2381232080143,3204.770008770933,1096701
2023-08-11,3203.6552734375,3220.2363383110205,3171.328853127344,3193.715887415701,1679974
2023-08-14,3204.631103515625,3209.4149453532923,3168.5425118958265,3196.1313591222456,1190425
2023-08-16,3212.572998046875,3219.6328723246997,3191.0221251590224,3204.770170086617,1328445
2023-08-17,3191.533203125,3214.802667601421,3170.5860359658495,3209.4148924679835,1843241
2023-08-18,3127.7626953125,3167.6132225589963,3117.9160649616633,3167.6132225589963,2526749
2023-08-21,3159.857421875,3167.3817569570374,3132.3150625292556,3135.1018197023245,1375579
2023-08-22,3141.74267578125,3168.5420742775395,3125.8583001353277,3158.323967324431,1222012
2023-08-23,3156.69873046875,3160.1821764304236,3136.0302844294856,3147.1773115068418,1330046
2023-08-24,3146.94482421875,3170.446516407415,3137.9808480590923,3165.75543087226,1152881
2023-08-25,3140.953369140625,3145.133503987289,3112.110393341278,3135.1011349979294,1158046
2023-08-28,3135.612548828125,3152.75105887329,3121.2607957589826,3152.75105887329,1037485
2023-08-29,3136.1689453125,3148.6165926274966,3125.8115919706174,3140.720783256991,944517
2023-08-30,3149.917724609375,3165.8488209595616,3142.5793554875713,3156.466648681639,1188200
2023-08-31,3118.1953125,3174.4876672491537,3105.9798917034645,3159.2534865205184,3417652
2023-09-01,3139.002685546875,3148.1061360779117,3118.1949930075107,3126.741001486648,1277950
2023-09-04,3175.509765625,3188.839844678706,3130.503683106251,3137.888544180562,1828332
2023-09-05,3185.588134765625,3201.9834627096716,3163.1081158549873,3176.902652296802,1501842
2023-09-06,3186.098876953125,3199.103741686018,3156.5594370607423,3189.907535196781,1314818
2023-09-07,3209.647216796875,3214.059581829734,3179.0393826105205,3186.9351937219517,1885092
2023-09-08,3197.24609375,3218.704212548399,3190.88313491419,3209.6472526429598,1518917
2023-09-11,3233.241455078125,3237.9325408464088,3200.1255872484753,3215.917208433736,1783604
2023-09-12,3326.272705078125,3334.725730646849,3235.424395053453,3243.7846648081127,4476016
2023-09-13,3314.243896484375,3333.751196376793,3293.0180056485897,3317.2628833724875,1754929
2023-09-14,3306.997802734375,3341.9715088947505,3293.574969875399,3316.28699181143,2604721
2023-09-15,3342.529052734375,3350.9358144624653,3309.227218164352,3314.2435164908143,2952897
2023-09-18,3349.82080078125,3362.036220389306,3321.11729748375,3325.5761535614656,1395753
2023-09-20,3349.728271484375,3367.331240473756,3325.529887143737,3325.529887143737,1649396
2023-09-21,3330.453125,3348.7527827829417,3277.2260243157334,3333.472111558681,2004073
2023-09-22,3347.498046875,3375.4585926676173,3311.641918295701,3329.244883693358,1989083
2023-09-25,3322.882080078125,3362.6863447912865,3305.697080802258,3346.430264395196,1238778
2023-09-26,3330.82470703125,3339.4172075080314,3284.6574795566185,3314.0114097379874,1726062
2023-09-27,3334.16845703125,3357.1127071544365,3302.9566931122054,3334.8186548656413,1541134
2023-09-28,3285.353759765625,3346.7088954834967,3276.6220132450994,3344.10787733265,1755753
2023-09-29,3277.783447265625,3314.80073078161,3256.3718204401093,3285.7720140406323,2243791
2023-10-03,3264.08154296875,3282.984905211429,3232.730532250144,3282.984905211429,1948148
2023-10-04,3286.28271484375,3295.8041332105504,3230.12961480862,3238.4898845941034,1788138
2023-10-05,3334.215576171875,3366.4025295099746,3298.77717947591,3301.37819809008,2990768
2023-10-06,3363.98681640625,3376.573712868575,3320.931561429297,3335.747772538649,2075691
2023-10-09,3379.732177734375,3417.492640385133,3372.904533090084,3385.955889020274,4233074
2023-10-10,3370.95361328125,3388.6960545006336,3345.362079715791,3381.311194805018,1848148
2023-10-11,3353.304443359375,3390.554184152061,3348.7528311967617,3390.554184152061,2426417
2023-10-12,3290.741943359375,3333.5649718150416,3286.608299299206,3320.8853185860926,4241281
2023-10-13,3317.0302734375,3322.7430341793447,3274.4392495057846,3279.0838441859346,2890357
2023-10-16,3273.556640625,3320.5598001135572,3268.958537503607,3312.5247424765194,1671104
2023-10-17,3257.7646484375,3282.93821127004,3254.3276943134188,3279.0832890528754,1672065
2023-10-18,3239.372314453125,3272.302442885238,3236.353328139562,3261.434137513778,1408245
2023-10-19,3218.32421875,3238.0684358855883,3214.8317596869083,3231.223125172474,1514545
2023-10-20,3254.552734375,3259.16273477458,3207.5209532330896,3213.4347140416057,1481211
2023-10-23,3175.94921875,3240.0242499313185,3167.7071513441997,3234.4829267293885,1106272
2023-10-25,3157.2763671875,3189.779430139314,3145.2621710118374,3157.6488052225827,1518537
2023-10-26,3107.59033203125,3142.002652711776,3101.3039051963924,3136.740771569839,1984471
2023-10-27,3120.81494140625,3131.1061000295,3107.8230386075074,3119.9302305469437,1108851
2023-10-30,3146.51953125,3150.524263288147,3104.796239719202,3119.930229639093,910972
2023-10-31,3137.392822265625,3165.5653292410716,3119.977136155537,3165.5653292410716,999811
2023-11-01,3101.9091796875,3140.0470177894435,3083.608783594488,3124.5869734096973,1563475
2023-11-02,3129.33642578125,3144.097749107403,3113.5969411059323,3113.5969411059323,1245384
2023-11-03,3120.7685546875,3155.227488075118,3114.621962453366,3149.732776133044,1402598
2023-11-06,3148.10302734375,3159.32550946651,3128.3124232964,3143.213583990875,1099852
2023-11-07,3138.975830078125,3170.3613524077323,3134.8314904867043,3146.0073603280116,1191144
2023-11-08,3149.313720703125,3168.312609208247,3138.137850435721,3139.907272278595,992899
2023-11-09,3117.5556640625,3158.580468385049,3112.526613178185,3157.2767077479807,2112352
2023-11-10,3104.5166015625,3117.5551151320815,3094.179059370797,3108.7541639473407,1338557
2023-11-13,3102.74755859375,3125.518348524688,3098.509995691787,3125.518348524688,1030990
2023-11-15,3170.5009765625,3178.603436184404,3125.564669561065,3150.7569866293434,2059802
2023-11-16,3257.62646484375,3286.9631232989923,3179.7212020773018,3194.482754503449,3951984
2023-11-17,3261.910400390625,3282.446106711715,3252.6903987151904,3257.6264533729463,2021292
2023-11-20,3277.8828125,3291.200542556456,3251.4797282683567,3251.4797282683567,1475621
2023-11-21,3269.1279296875,3295.9966725893887,3260.5598088550396,3277.8824969038105,1807236
2023-11-22,3287.708251953125,3290.0365583585913,3242.027062176816,3259.6289676526717,1798051
2023-11-23,3267.312255859375,3300.6070362048386,3259.628845010422,3287.568520824797,2729804
2023-11-24,3219.674560546875,3263.865760214727,3215.8560479939597,3254.273094614218,1989733
2023-11-28,3231.828369140625,3242.166138837972,3197.229832568979,3219.6747935926865,1689195
2023-11-29,3272.4345703125,3276.3926911019207,3237.0909254440503,3241.933757170491,1441634
2023-11-30,3248.080078125,3275.134811820615,3241.9332593640556,3259.116112089636,3266235
2023-12-01,3270.478271484375,3275.414325764336,3250.361843721189,3259.628456286476,1172141
2023-12-04,3271.2236328125,3304.1459737662194,3257.766068313779,3301.212171500063,1625213
2023-12-05,3289.05859375,3295.0189667313125,3262.2364605867833,3295.0189667313125,1377656
2023-12-06,3356.57958984375,3364.728661904826,3283.0514948908803,3289.990029573241,1896572
2023-12-07,3366.63720703125,3381.2125388172353,3345.030573119782,3357.417206346076,1967653
2023-12-08,3377.627197265625,3394.670444147185,3354.670189052335,3383.494574372215,1641155
2023-12-11,3392.71435546875,3402.120802867414,3366.7305508802906,3374.0879070544743,1102503
2023-12-12,3419.909423828125,3444.4030235404603,3381.6319783454765,3389.0359467038065,2236866
2023-12-13,3346.75390625,3399.327014186455,3318.301959327764,3393.3200297320063,3850968
2023-12-14,3415.392333984375,3425.404050554102,3378.465488934795,3380.7005719171807,3290396
2023-12-15,3595.8359375,3628.3856112730377,3414.879942101353,3414.879942101353,8531230
2023-12-18,3594.15966796875,3659.1660225226565,3567.1047044603515,3593.135349665333,2521612
2023-12-19,3554.11279296875,3590.341373765734,3529.7121895342984,3580.934925794031,2004435
2023-12-20,3520.4453125,3631.0398484080574,3507.872459996768,3564.403684666202,2586083
2023-12-21,3527.383544921875,3545.264889298634,3486.265752436792,3498.279720293807,1517562
2023-12-22,3561.376953125,3581.8194348785914,3503.6349627762156,3539.0252149254707,2413058
2023-12-26,3534.881103515625,3570.6904075901484,3529.8518256722914,3557.51228537649,1285231
2023-12-27,3549.456298828125,3555.9755563874555,3509.2232119367036,3538.094209699452,1293976
2023-12-28,3538.93212890625,3574.4156056228353,3531.6679956087487,3561.377091167723,1682889
2023-12-29,3532.87841796875,3560.073214846418,3506.8013899069297,3531.574657515115,1574996
2024-01-01,3549.363525390625,3568.828076087877,3513.880044644979,3529.7125282810684,825907
2024-01-02,3523.37890625,3549.3629379884974,3508.5243592421702,3549.3629379884974,1344068
2024-01-03,3438.209716796875,3512.8087373367534,3433.83254667766,3508.29173242333,1803075
2024-01-04,3414.97314453125,3463.58813008378,3400.258204607658,3447.5228181063812,3598144
2024-01-05,3481.190185546875,3490.3638028676905,3422.4704854443794,3422.6100928660567,1963127
2024-01-08,3425.683349609375,3482.9130676229634,3420.188410832366,3481.190030173045,1067805
2024-01-09,3436.487060546875,3494.6483369499874,3429.8281951199665,3455.160123552573,1370944
2024-01-10,3458.046630859375,3473.1340080380555,3434.7169596150297,3436.579604387055,1292227
2024-01-11,3479.001953125,3513.8799367066313,3452.412649184066,3468.2451323338178,1777909
2024-01-12,3616.13916015625,3637.0473054522495,3559.1422668706787,3583.7290906805597,6813450
2024-01-15,3635.69677734375,3692.6936681850148,3618.1878690791377,3688.0370557408974,2801505
2024-01-16,3596.11572265625,3631.226536485312,3590.760618120525,3631.226536485312,1432672
2024-01-17,3617.8154296875,3641.4243183462013,3550.713598917996,3556.7205834939423,3458696
2024-01-18,3634.5791015625,3640.3532553051646,3596.7673189636566,3630.2949273227173,2239110
2024-01-19,3697.834716796875,3717.059837136614,3671.5760158450357,3699.6634019644803,2941975
2024-01-23,3618.308349609375,3689.253641723034,3603.7722828902806,3657.461948675322,2618854
2024-01-24,3602.88134765625,3642.1285897607904,3568.9326446510017,3638.7056721419845,2657709
2024-01-25,3573.34033203125,3620.887291071968,3543.7054208683003,3601.0993927441014,2205154
2024-01-29,3564.618408203125,3582.436811190723,3545.7216145125103,3564.430891857951,1646747
2024-01-30,3564.196533203125,3608.5080891700763,3551.4891523141855,3570.6673355072853,1411621
2024-01-31,3578.638671875,3595.566200692752,3560.351363342525,3574.184071078628,2459358
2024-02-01,3614.462890625,3662.0567819751186,3568.4165242500367,3582.4367479301113,2363107
2024-02-02,3719.63916015625,3736.613398892853,3631.2035526359928,3634.0639214739062,2826510
2024-02-05,3726.203369140625,3771.8747052852855,3715.6999348975555,3735.300087307631,1691523
2024-02-06,3878.78515625,3891.820633736524,3741.864790482955,3748.4294655539775,4474396
2024-02-07,3829.456298828125,3896.603639652877,3820.594033092657,3894.7280181656797,2124267
2024-02-08,3877.003173828125,3899.4167572083225,3831.9413254430674,3835.6456317898123,2345173
2024-02-09,3876.62841796875,3924.5034728185747,3845.0240130368975,3879.3008122308597,2100596
2024-02-12,3864.436767578125,3900.917512535836,3850.2285690197773,3873.1582239962727,1013716
2024-02-13,3891.445068359375,3910.6701855786464,3827.6739478271575,3868.890906690215,1257415
2024-02-14,3845.117431640625,3858.9968457118357,3797.6641224758114,3851.5882333641575,1391283
2024-02-15,3848.025146484375,3888.444422362778,3829.081186690457,3871.2826692770527,1091582
2024-02-16,3871.563720703125,3889.9920672478725,3845.1177337734257,3857.4498528668705,1307556
2024-02-19,3848.587158203125,3871.563519103643,3802.822181698031,3866.640013196389,772291
2024-02-20,3779.986328125,3843.1479657037125,3760.620630178596,3828.236868254403,1193648
2024-02-21,3743.271240234375,3810.653027573639,3733.0491956484493,3763.434169375059,1885939
2024-02-22,3832.92626953125,3840.287946278356,3724.0463538039667,3724.0463538039667,2982052
2024-02-23,3800.10302734375,3873.1583931027276,3794.757322908657,3873.1583931027276,2538072
2024-02-26,3752.2275390625,3798.1333269385277,3735.065557497388,3785.0039771663946,1379284
2024-02-27,3849.150390625,3867.531573098657,3750.305228133252,3750.305228133252,2960475
2024-02-28,3862.795654296875,3896.509674983892,3834.7080400231876,3840.8976823678586,1939225
2024-02-29,3840.4287109375,3880.7545712662445,3811.778548098447,3844.08608110517,3772719
2024-03-01,3839.72509765625,3882.536061925083,3832.644581510238,3851.7760560015763,2043265
2024-03-04,3826.924072265625,3861.8105844645606,3822.4225351204777,3849.712918034811,1749271
2024-03-05,3762.59033203125,3811.2626148853183,3732.4865175304053,3809.386993519725,2070859
2024-03-06,3811.5439453125,3818.765041667535,3712.2765944807757,3745.662745858388,1744204
2024-03-07,3853.08935546875,3867.5315494972733,3786.598435635506,3812.2007150112554,2688905
2024-03-11,3865.984130859375,3894.7279379757806,3834.70805162123,3834.70805162123,2304068
2024-03-12,3931.536865234375,3966.8925114142617,3864.764560938834,3865.983989585085,4039801
2024-03-13,3890.976806640625,3977.25539574907,3874.9401512123873,3943.4942087066347,2837260
2024-03-14,3945.932373046875,3962.2501875616867,3831.8945009176455,3895.1500154804917,2919608
2024-03-15,3956.857421875,3975.3791814488654,3917.2349235460983,3931.8648606659913,3373143
2024-03-18,3894.2587890625,3990.1499296240027,3861.76374108121,3953.106408331295,1526904
2024-03-19,3729.954833984375,3805.636117588947,3719.920304502826,3799.305894869941,8931209
2024-03-20,3723.95263671875,3768.1236148774233,3713.9181074283624,3738.11367070717,1817913
2024-03-21,3725.875,3759.120343748554,3702.476668668117,3741.9116546616547,3829582
2024-03-22,3667.683349609375,3693.098108214434,3615.2598291433833,3654.6478739745176,5852485
2024-03-26,3636.361083984375,3701.257540323518,3630.6872833100233,3634.0165571732955,3440925
2024-03-27,3602.036865234375,3652.7725134223638,3591.2520426658625,3646.6767441445086,1968575
2024-03-28,3635.235595703125,3671.5288233376846,3601.661927465741,3610.6650016041267,4311783
2024-04-01,3673.169921875,3688.6907341711717,3646.254801582969,3655.304582916496,1569676
2024-04-02,3642.269287109375,3666.6993019354495,3632.140885633653,3648.0836677291272,2142666
2024-04-03,3701.8203125,3733.424488071944,3611.509094088183,3611.509094088183,3973090
2024-04-04,3754.337646484375,3778.1110105154908,3690.519582126367,3728.6414957560305,3394637
2024-04-05,3731.783203125,3753.1183964079287,3714.199252617092,3730.610939757806,1636819
2024-04-08,3725.5,3781.8622865716975,3713.7304297404708,3735.3000761758317,2302538
2024-04-09,3701.116943359375,3766.1072720566044,3680.954012876369,3736.2379090370728,1876992
2024-04-10,3736.84716796875,3742.0520629416483,3674.342178842318,3710.3540167302876,2101965
2024-04-12,3752.555419921875,3763.762440285618,3700.131896496917,3724.0460679227617,4354821
2024-04-15,3696.099365234375,3811.450077595125,3675.326950485817,3752.555521752734,4200329
2024-04-16,3631.953369140625,3684.37689632826,3622.622198353119,3659.33739612377,3051420
2024-04-18,3621.824951171875,3691.2229435040135,3610.571222685582,3635.704595429841,3476284
2024-04-19,3588.25146484375,3612.962869820078,3564.5248069516724,3599.3176775438415,2957749
2024-04-22,3624.263427734375,3636.8299998951316,3574.934491903105,3598.379760081903,1728883
2024-04-23,3633.735107421875,3652.772710601142,3620.5121138030436,3635.9390541705266,1807586
2024-04-24,3592.7998046875,3655.586186600659,3586.6101623523527,3648.0837008405756,1317312
2024-04-25,3612.634033203125,3632.7500252586483,3573.996281358353,3574.1837976912666,2856271
2024-04-26,3583.703125,3635.7046841917695,3566.07223748283,3615.400944510773,2039178
2024-04-29,3629.5146484375,3636.642100796793,3581.6863063865258,3599.317191992929,1110693
2024-04-30,3583.046630859375,3640.346960554097,3573.059037730691,3631.2033055362826,2203078
2024-05-02,3623.044189453125,3630.3591588386275,3543.095825813969,3543.095825813969,2491044
2024-05-03,3604.381591796875,3651.459872612422,3561.430044438285,3648.224242496259,2962234
2024-05-06,3677.203125,3694.9276577387245,3613.3850535418273,3613.3850535418273,2053831
2024-05-07,3731.501708984375,3739.988941315255,3670.12204659911,3686.3462169354693,2062112
2024-05-08,3729.6259765625,3736.518976345146,3693.6610759161904,3714.6679426556366,1247685
2024-05-09,3713.918212890625,3724.0466151272376,3666.887093758869,3715.606318089679,1726486
2024-05-10,3651.740966796875,3726.484662213695,3643.441479536376,3716.1687445881325,1672489
2024-05-13,3702.289306640625,3709.0414982162547,3629.327584853832,3642.925840662716,931326
2024-05-14,3658.587158203125,3700.413608162642,3650.803283386374,3691.2230172569975,1058317
2024-05-15,3639.08056640625,3682.7357004952323,3634.485385536964,3661.6818959693137,1115021
2024-05-16,3684.942138671875,3693.0187445265583,3630.67337116967,3675.637702384871,2599399
2024-05-17,3621.793701171875,3702.93705093211,3617.9206390484646,3701.992424133403,2765804
2024-05-21,3608.663330078125,3631.8539646234467,3599.075460107987,3618.4875873749434,1908117
2024-05-22,3619.810302734375,3628.548101612322,3606.160490071024,3622.644183451547,1311168
2024-05-23,3677.857177734375,3688.767663426612,3613.6698326347005,3628.264270607641,2095742
2024-05-24,3636.34130859375,3668.742057896385,3631.429294761055,3663.4993323947815,1309452
2024-05-27,3634.027099609375,3691.9327769001197,3628.642772199506,3641.536837624862,1841538
2024-05-28,3627.2724609375,3655.7058206803945,3617.9207475984267,3644.370298755804,1801993
2024-05-29,3593.02978515625,3635.774149635783,3589.5819894414226,3635.774149635783,1568095
2024-05-30,3529.220703125,3584.2922676744465,3509.714018991741,3567.8558516313005,2919230
2024-05-31,3467.677978515625,3542.1618998121,3451.430442400017,3532.904510318457,10956800
2024-06-03,3497.811767578125,3543.815050940118,3491.3409811408733,3526.1032967744277,2156773
2024-06-04,3509.288818359375,3537.627624429572,3392.6274000370645,3495.1194153242764,3395997
2024-06-05,3538.997314453125,3574.2792205302862,3495.1194421750433,3510.2334721952598,2799670
2024-06-06,3618.298828125,3627.2727837806888,3534.321587974697,3571.63435096414,4328036
2024-06-07,3678.329833984375,3698.2142761529285,3624.8168128885063,3624.8168128885063,4552445
2024-06-10,3645.03173828125,3689.6180814133613,3629.161960387638,3679.3217405498876,1734661
2024-06-11,3638.797119140625,3665.1048380918546,3628.311669035547,3632.0901763711736,1419898
2024-06-12,3619.479248046875,3677.9045088776033,3615.511861543188,3659.862044439457,2177001
2024-06-13,3663.404541015625,3674.598461482482,3638.7026410361236,3643.236896058969,1932323
2024-06-14,3619.857421875,3673.6538756786167,3616.031636949793,3673.6538756786167,1860730
2024-06-18,3603.845947265625,3629.2563169969253,3584.906133011182,3614.1895650327606,1774045
2024-06-19,3591.18798828125,3621.557881055292,3582.9225030243783,3615.7010098615556,1509050
2024-06-20,3577.538330078125,3598.9813152014426,3570.737062326571,3585.8038156912176,2846526
2024-06-21,3599.73681640625,3663.074093663598,3587.7401013764106,3615.087002922448,4642195
2024-06-24,3605.451904296875,3643.4258585651314,3581.363918973201,3597.8476118252383,1702154
2024-06-25,3625.90283203125,3634.593352796922,3582.875033532891,3605.6406325261373,1338808
2024-06-26,3642.339599609375,3652.8248194664434,3628.3117983770853,3631.6179924136177,1639845
2024-06-27,3716.3037109375,3723.7191241208575,3606.679947095457,3618.865541478185,4526556
2024-06-28,3687.96484375,3740.722345851188,3682.013879060851,3700.8591386940006,2731571
2024-07-01,3757.91455078125,3780.113282123888,3668.9307461619287,3668.9307461619287,2658723
2024-07-02,3794.943603515625,3800.6113642998603,3762.023498000259,3772.4616702355806,2307449
2024-07-03,3745.681884765625,3803.162524946505,3735.9994588608656,3797.4002085008037,1821198
2024-07-04,3798.297607421875,3823.2358967427767,3761.598989570618,3778.3661175753045,2518001
2024-07-05,3789.654052734375,3803.7761780539627,3767.171887521997,3787.953678275629,1668616
2024-07-08,3772.084228515625,3808.0273294957547,3757.7732227074534,3799.2895303521054,1758882
2024-07-09,3764.81005859375,3785.0722570451912,3754.9860322602553,3764.3377452003747,1305801
2024-07-10,3692.688232421875,3781.624995321451,3685.9342421919528,3763.1102154389605,2669716
2024-07-11,3706.4326171875,3759.615159156207,3679.8887389846327,3713.3284398600626,4872189
2024-07-12,3952.271728515625,3967.3857582493197,3751.396688713167,3759.614896256505,13509164
2024-07-15,3938.3388671875,4005.218270796749,3926.861280742083,4001.156559406364,4848030
2024-07-16,3947.076416015625,3962.2845399612966,3915.383907085896,3940.983388073058,2029521
2024-07-18,4076.58447265625,4085.5113814437846,3929.6479414580676,3929.6479414580676,5613364
2024-07-19,4073.60205078125,4126.955499689888,4057.3641651955472,4087.8043639433604,3903354
2024-07-22,4059.352294921875,4090.2187458114163,4038.1907573413023,4071.282329598796,1896386
2024-07-23,4073.55517578125,4129.749091200278,4039.4220034038367,4055.2340980748054,2365208
2024-07-24,4077.247314453125,4108.350472060897,4041.1261912304362,4059.494423388743,1809793
2024-07-25,4092.633056640625,4112.042883745572,4046.901795265646,4066.5954836949645,2810342
2024-07-26,4154.50732421875,4187.26741308513,4106.408555000571,4118.670068060141,3552210
2024-07-29,4148.1171875,4195.363458517048,4138.5542038316435,4180.214323934273,1746803
2024-07-30,4133.20458984375,4164.118198879963,4097.177778242139,4157.585227320139,1797906
2024-07-31,4152.140625,4179.266948047126,4113.936313834336,4118.670417762799,2330091
2024-08-01,4163.265625,4184.2847683252885,4132.919742480951,4165.443127805721,2202244
2024-08-02,4055.281005859375,4164.118251496919,4042.9251782382544,4132.873162297419,2811282
2024-08-05,3934.088134765625,4013.573937057952,3891.907447104674,4013.573937057952,2787771
2024-08-06,3949.379150390625,4031.799717033467,3939.531844107783,3949.1424451879575,2203067
2024-08-07,3977.073486328125,4019.207010572527,3957.994677970089,4003.158213602941,1237666
2024-08-08,3950.65673828125,4006.9454168344964,3938.7743227862725,3958.657558550338,2441283
2024-08-09,4003.86865234375,4027.4443989451242,3981.902223791584,3992.7435074037467,1302536
2024-08-12,3972.528564453125,4013.5733382592252,3963.7233160113306,4005.051951129163,936912
2024-08-13,3973.760009765625,4008.839537848005,3960.5516737879557,3988.956299705632,1495593
2024-08-14,4066.83203125,4077.1999039105713,3965.42743135513,3985.168737449799,3226545
2024-08-16,4181.2080078125,4191.575880991633,4095.0949293450403,4118.670675923561,3457058
2024-08-19,4251.22607421875,4255.250063264502,4156.875458820732,4185.8954285347645,2055210
2024-08-20,4282.75390625,4322.236514539843,4260.693168768738,4265.427272289592,2212298
2024-08-21,4309.455078125,4317.503055311436,4253.639804359008,4277.736579801988,1896990
2024-08-22,4262.58740234375,4318.402675534502,4258.042847258311,4317.5030108146375,1829872
2024-08-23,4226.51318359375,4266.374430859017,4218.086571122263,4260.693506184104,1809253
2024-08-26,4263.01318359375,4310.069896517647,4246.490976918167,4250.278259840725,1844164
2024-08-27,4257.99560546875,4270.162346746741,4248.1959164894,4265.428242149461,930697
2024-08-28,4266.421875,4319.8700965173775,4220.2643589002255,4259.510267771518,1848058
2024-08-29,4271.86669921875,4313.716371329259,4222.821557534789,4222.821557534789,2133641
2024-08-30,4311.58544921875,4348.038051973605,4249.14242918416,4260.693828489569,3637222
2024-09-02,4280.62451171875,4344.014356887433,4272.055967366194,4332.652505910395,1216500
2024-09-03,4272.38720703125,4313.6210706253505,4256.811818932973,4280.62427113772,1717263
2024-09-04,4241.04736328125,4248.3852249914535,4200.760320366018,4238.869860215786,1265505
2024-09-05,4237.9228515625,4259.746886626945,4217.281880213047,4242.704111797141,1688793
2024-09-06,4219.7431640625,4278.635596658736,4203.883917302406,4236.028665064455,1649179
2024-09-09,4212.9267578125,4251.462553433798,4194.890004562873,4218.0871166522065,1184938
2024-09-10,4268.12646484375,4298.5195066181295,4204.310831961278,4206.204473662924,1385591
2024-09-11,4241.14208984375,4307.419549702135,4233.4727484543055,4281.003340307267,1325919
2024-09-12,4277.453125,4291.560664475195,4195.647426325353,4270.399124104948,2742216
2024-09-13,4282.09228515625,4305.194622601226,4265.428144890812,4289.098667337487,1458786
2024-09-16,4273.23974609375,4304.295289007335,4255.43969677022,4286.2585344411245,1155120
2024-09-17,4266.04296875,4294.589522896417,4228.501617164474,4273.238899164255,1699364
2024-09-18,4115.025390625,4257.900566019319,4091.2129384450927,4257.900566019319,2961779
2024-09-19,4067.683837890625,4187.0308697971805,4054.096867781264,4156.590213092944,2927551
2024-09-20,4057.0322265625,4100.39689523506,4002.6848068053296,4087.3304912148405,5447908
2024-09-23,4041.50439453125,4080.2292709651647,4026.8286728221638,4071.329248327135,1702319
2024-09-24,4044.156005859375,4062.808562887148,4014.5206960245882,4025.551067266487,3012026
2024-09-25,4047.42236328125,4061.4827451400292,4014.5203392742264,4026.21366904617,2713073
2024-09-26,4064.22900390625,4087.2365684956953,4033.457322455591,4033.457322455591,3964251
2024-09-27,4079.56689453125,4145.181389897665,4071.3765249026305,4104.468096209772,3012477
2024-09-30,4041.50439453125,4070.145722382854,4033.5035742219807,4058.925803968104,2503416
2024-10-01,4059.873291015625,4067.305927628493,4017.313968463482,4029.2435420878182,1823365
2024-10-03,4007.656005859375,4051.4464707512293,3986.1158312368952,4035.9187010687683,3350119
2024-10-04,4026.11865234375,4069.4357029274943,3999.4181214842306,4000.317786149061,2965463
2024-10-07,4045.6240234375,4068.7263623530516,4004.4844678804907,4046.618000517575,1472619
2024-10-08,4027.0654296875,4051.824700296615,3980.3873507719936,4045.3865040030378,1541867
2024-10-09,4026.782470703125,4066.5961079751396,4020.864839579762,4033.457373684306,1082504
2024-10-10,4002.59033203125,4065.506761861307,3975.322076727874,4027.065743241721,2378875
2024-10-11,3928.54931640625,4016.3669515997326,3893.7536496314738,3922.6788421196575,5759183
2024-10-14,3916.666259765625,3943.8873583904956,3902.984976280472,3919.8382019814067,2137590
2024-10-15,3897.871826171875,3948.1957233726384,3877.231316907688,3911.364023062213,2759474
2024-10-16,3877.18408203125,3896.1678867388287,3850.9098028436433,3867.7632605900644,2359151
2024-10-17,3890.486328125,3910.3224070821257,3875.289809377967,3894.0840619255023,2522659
2024-10-18,3913.3134765625,3935.2384902660306,3872.4535818662375,3881.944889664929,2361000
2024-10-21,3872.311279296875,3929.35413147785,3862.9622484885167,3922.3779276034525,1595450
2024-10-22,3811.234130859375,3881.754584605675,3802.5496780872345,3859.165228757121,1928049
2024-10-23,3859.40283203125,3904.2965301967497,3791.919544419266,3796.143361546141,1966476
2024-10-24,3841.98583984375,3871.503895550584,3800.3190972749544,3800.3190972749544,2676744
2024-10-25,3851.1455078125,3883.8430156937015,3827.5595160672574,3850.670942439126,1759676
2024-10-28,3882.751220703125,3923.7061156513423,3844.9282715296536,3861.965120390014,1532534
2024-10-29,3867.945068359375,3894.7580119042254,3853.5658302619245,3887.497254393904,1445885
2024-10-30,3876.866455078125,3898.0796180034267,3853.517979890609,3867.7074369038137,1935002
2024-10-31,3766.578125,3870.840237399569,3758.5580159818924,3862.9624053147227,3740372
2024-11-01,3781.526611328125,3795.5262896074955,3773.791288560614,3786.889338989994,154895
2024-11-04,3762.496826171875,3788.8352062781723,3714.1861603951875,3764.537596456188,2269192
2024-11-05,3769.33056640625,3783.235239462336,3740.619360687802,3740.619360687802,967590
2024-11-06,3929.06884765625,3938.7024316660963,3773.031851752117,3799.9398000465167,3792017
2024-11-07,3939.746826171875,3991.8540128312807,3877.246703910295,3957.5907627391994,3724349
2024-11-08,3936.045166015625,3957.6378902806014,3908.1880861984155,3943.6382119110012,1648039
2024-11-11,3985.115478515625,4018.9041625726113,3908.188152909336,3918.2017604204366,1406487
2024-11-12,3983.88134765625,4003.4335339434815,3952.512761507312,4001.5352724290465,1587640
2024-11-13,3939.22509765625,3983.2646739668166,3920.9065952008664,3965.563477283957,1098813
2024-11-14,3935.00048828125,3948.383322519672,3907.0488699891157,3924.655057360299,1825432
2024-11-18,3815.03076171875,3998.6875479838523,3787.221186498161,3998.6875479838523,3313944
2024-11-19,3834.06103515625,3921.9504005395133,3809.9057047468586,3815.4104775297365,1776233
2024-11-21,3865.6669921875,3884.2698145282143,3819.3018656674813,3839.1386042394874,2384347
2024-11-22,4028.680419921875,4038.504015740722,3847.776008717878,3863.9112312507355,3096553
2024-11-25,4095.593505859375,4107.932203542215,4035.8932843747857,4062.2789294271743,4052167
2024-11-26,4131.28173828125,4144.474563456407,4090.7536685314544,4101.241378290607,2060669
2024-11-27,4112.15576171875,4154.724363536381,4104.088151292946,4137.2131813248125,1558993
2024-11-28,4028.96533203125,4119.180494692463,4017.6707679424585,4099.2960186022865,2558544
2024-11-29,4053.59521484375,4080.028599301392,3982.2203960362835,4005.3318228209696,2017425
2024-12-02,4059.10009765625,4070.0628363390956,4014.8705101832115,4052.7884705955157,1670944
2024-12-03,4083.8720703125,4104.990228133534,4048.469681005338,4094.882078988639,2010905
2024-12-04,4132.89453125,4163.789012881952,4070.8687487593297,4094.1224503683907,3302642
2024-12-05,4236.96728515625,4260.648284679668,4138.210407931244,4176.9347603164215,3746747
2024-12-06,4219.3603515625,4237.868399443609,4188.276322428843,4226.4788315167725,1842087
2024-12-09,4225.67236328125,4242.0448686697655,4190.934085246633,4205.07650413352,2066639
2024-12-10,4207.06884765625,4265.203099559396,4187.659404066042,4200.994504227562,2087828
2024-12-11,4202.228515625,4222.349806544079,4182.818609222603,4206.404597631399,1635256
2024-12-12,4228.33056640625,4256.851762402647,4200.853043566135,4204.696838041356,1914642
2024-12-13,4246.31591796875,4266.247663475759,4170.8600242636485,4209.347553772588,1967048
2024-12-16,4190.60205078125,4247.359881247422,4173.327686669254,4232.1737900519,1646224
2024-12-17,4108.3125,4207.449393387959,4098.346627007046,4185.666657040545,3225027
2024-12-18,4126.677734375,4140.107840205238,4071.3908747482337,4092.366754522636,1575404
2024-12-19,4054.591796875,4142.006836783481,4045.1954945855173,4064.178110702765,3015763
2024-12-20,3958.1591796875,4159.090314297041,3941.2648402826253,4108.786392193494,4116989
2024-12-23,3946.76953125,4002.4836820374535,3905.5773564971237,3986.395733224167,2195338
2024-12-24,3966.89208984375,4003.43362482616,3946.77033195685,3946.77033195685,1181886
2024-12-26,3957.021240234375,3986.3020175795177,3932.3911110375443,3966.8921076893726,1208464
2024-12-27,3952.9873046875,3968.26840248144,3936.282510765729,3951.2313201079583,858100
2024-12-30,3947.24462890625,3985.684422832016,3902.825496858013,3939.8415947124545,1527169
2024-12-31,3886.50048828125,3929.353878987766,3826.9425360658684,3924.655496583325,1555429
2025-01-01,3903.252685546875,3923.706266508262,3877.6259252343875,3886.1205985527304,763161
2025-01-02,3963.332763671875,3970.21396166903,3888.541445300585,3910.4187239006465,1720835
2025-01-03,3891.341064453125,3967.31925896288,3884.1278097948166,3967.31925896288,1791953
2025-01-06,3886.690185546875,3938.5600852002444,3859.5449550545113,3896.6560578175076,2085593
2025-01-07,3823.383544921875,3929.733694539398,3807.4856044504168,3905.6258655577985,2669054
2025-01-08,3899.40869140625,3916.113485341044,3813.3700813691175,3829.6475810881293,2181277
2025-01-09,3833.396728515625,3927.2656647049257,3820.535960823577,3892.3851104960186,2392472
2025-01-10,4048.6591796875,4078.4145191002203,3957.874923120298,3986.3488434305154,7894300
2025-01-13,4072.814697265625,4103.044601693763,4012.3548884093498,4029.0596808346854,4003771
2025-01-14,4017.718017578125,4094.4553367839517,4004.4301861465633,4083.1607727556802,3441709
2025-01-15,4033.42578125,4039.9274190172896,3993.420016264204,4003.43315943906,1653474
2025-01-16,3992.328125,4075.5670695763956,3978.6134649763417,4043.2966270133784,2637705
2025-01-17,3986.52880859375,4021.6165011799776,3963.08887255939,4020.939695681563,1761466
2025-01-20,3941.582275390625,4007.3105183689017,3932.2063483825796,4007.3105183689017,1287799
2025-01-21,3901.033447265625,3973.672984292028,3895.3787707849365,3958.4974864018836,1971591
2025-01-22,4017.749755859375,4024.0807657149944,3909.1043123511595,3914.7106117823487,2409223
2025-01-23,4006.972412109375,4051.339039072567,4001.7524202557865,4028.7689459052554,1822998
2025-01-24,4013.642333984375,4038.4354105526413,3966.9073539751175,3966.9073539751175,1910099
2025-01-27,3929.354736328125,4017.5084152856,3906.0599315038703,3964.973867046099,1551782
2025-01-28,3905.335205078125,3964.974090445813,3893.7360609812577,3934.8163629909964,2468272
2025-01-29,3962.846923828125,3970.6282985895587,3918.577051208912,3918.577051208912,1217089
2025-01-30,3963.088623046875,3991.941585340912,3922.9267796325357,3962.9437281550117,1531251
2025-01-31,3975.026123046875,3990.5402596455497,3948.783156988766,3972.706388892682,1492943
2025-02-01,3937.08740234375,3997.741255116248,3920.510387972108,3975.6063179805924,437172
2025-02-03,3932.73779296875,3940.8089579536745,3865.1245003058734,3896.2488211358454,1265713
2025-02-04,3969.854736328125,3981.2608431833637,3930.2245680255955,3947.284879379769,2547132
2025-02-05,3954.43798828125,4011.3703550712034,3939.8423053663196,4011.3703550712034,1693912
2025-02-06,3946.366943359375,4001.221226388129,3916.209217331792,3968.2602324120217,2284536
2025-02-07,3894.799072265625,3953.374842814853,3874.1140268953372,3953.374842814853,1548940
2025-02-10,3902.096923828125,3916.644230568612,3880.2520112210996,3905.045086746592,1339511
2025-02-11,3831.14892578125,3905.045090759602,3822.884488602531,3884.1665374644367,1810908
2025-02-12,3818.1962890625,3887.404606196338,3808.5303361658844,3838.446649169052,1678002
2025-02-13,3779.532470703125,3851.3505477933163,3771.896462322554,3835.4501025039126,2277310
2025-02-14,3803.4072265625,3816.1178590800137,3769.7212893647547,3793.8861694247853,1681975
2025-02-17,3774.071533203125,3802.5860959459837,3727.3849307355754,3727.674956536778,1799806
2025-02-18,3743.816650390625,3793.3062796669183,3735.4073189681676,3768.174803332807,2149879
2025-02-19,3657.693359375,3745.508400554833,3642.2759755929487,3742.850263486918,4366672
2025-02-20,3653.150146484375,3661.4629603766616,3625.988960412709,3635.848185178673,2888572
2025-02-21,3659.52978515625,3689.4942392872176,3648.8972369162293,3649.960586134303,1833931
2025-02-24,3552.817626953125,3637.491230016548,3547.4045991108223,3618.1109478843173,2508516
2025-02-25,3508.305908203125,3535.8054964280086,3500.283120267886,3503.907852529123,4101954
2025-02-27,3491.87353515625,3516.4733357865325,3480.4192876480943,3491.0518348426112,3823856
2025-02-28,3366.892822265625,3479.7428149447355,3341.5196975733197,3465.1955095907815,7085018
2025-03-03,3376.36572265625,3405.5568531975428,3360.0301206751515,3368.584583379958,4990439
2025-03-04,3414.06298828125,3432.3799220820893,3348.576156481458,3357.952083726606,2797737
2025-03-05,3428.56201171875,3480.081589993446,3403.237261275363,3403.237261275363,2501894
2025-03-06,3481.28955078125,3488.877181911339,3417.9775618337376,3438.1793081878077,2786513
2025-03-07,3490.56884765625,3503.9079097926337,3454.998093954285,3479.743027656133,2051315
2025-03-10,3469.73876953125,3501.1049762137254,3462.9244613654673,3486.0259949428714,1004626
2025-03-11,3455.8681640625,3468.8688234276665,3419.4757100500633,3439.146018462038,1995450
2025-03-12,3389.076416015625,3450.020297279617,3370.3729384283747,3445.912267227522,3174167
2025-03-13,3393.7646484375,3406.572036816029,3367.714950970284,3385.3069391309236,1693004
2025-03-17,3380.8603515625,3412.5163478055665,3361.1902786941764,3372.4510196048896,2690906
2025-03-18,3380.8603515625,3380.8603515625,3380.8603515625,3380.8603515625,0
2025-03-19,3380.280517578125,3428.5135286476893,3347.077874633433,3428.5135286476893,3051244
2025-03-20,3444.123779296875,3459.3960314822807,3394.68252652922,3394.68252652922,2845192
2025-03-21,3458.574951171875,3495.45046975286,3349.2529215882914,3358.918875185949,4161925
2025-03-24,3507.725830078125,3527.831058731868,3447.4587570622184,3479.7429444303652,1834751
2025-03-25,3535.563720703125,3586.068321730188,3516.473464812513,3523.239631457287,3135390
2025-03-26,3514.346923828125,3557.5536826670163,3504.7293486525073,3525.897689430406,1734499
2025-03-27,3529.23291015625,3540.6387825331667,3489.892526436254,3494.097310621218,2528474
2025-03-28,3485.6875,3538.656968927356,3471.9135171595426,3529.0393930182477,2051919
2025-04-01,3432.186767578125,3464.277685548557,3407.248560702752,3453.3551110505427,2618493
2025-04-02,3425.5654296875,3445.0424669343693,3412.129849162714,3425.6138066504323,1764313
2025-04-03,3289.468505859375,3385.0165399960483,3282.7023391603534,3374.383992326158,4537821
2025-04-04,3189.1845703125,3286.0857531447828,3185.414942880682,3250.2735845869393,5317367
2025-04-07,3164.681396484375,3181.4516833870694,2953.963620596823,2996.4454369330797,6623955
2025-04-08,3182.949951171875,3237.127665022999,3146.5577324611054,3191.7460628104113,5557558
2025-04-09,3138.1484375,3160.766673429551,3104.7525222396634,3151.63239491897,2990265
2025-04-11,3123.552734375,3188.749540631033,3098.904554048043,3179.6636391398747,7108961
2025-04-15,3139.69482421875,3203.683386247662,3130.415650876791,3203.683386247662,3512160
2025-04-16,3164.439453125,3168.595859734791,3121.1359404182936,3139.6945212968367,2384391
2025-04-17,3188.701416015625,3193.2446031059244,3110.5039438899125,3137.0853169343413,2932346
2025-04-21,3210.642822265625,3241.960413439671,3174.3955010062373,3180.195072407739,2432946
2025-04-22,3203.683349609375,3222.531957851611,3184.931495290658,3211.6096198122023,2710498
2025-04-23,3298.98974609375,3306.625754540036,3225.818529364827,3252.593171873855,3543923
2025-04-24,3287.970703125,3298.5064976170884,3274.5348867157572,3287.4874054696716,2252175
2025-04-25,3332.820556640625,3361.625143451318,3291.256959211522,3305.7558885472554,2742991
2025-04-28,3328.470703125,3342.2930622298845,3291.2567864500143,3320.2546435993536,1593296
2025-04-29,3356.501953125,3378.250345909827,3315.808199342435,3339.5865365145787,1578332
2025-04-30,3338.330078125,3392.65268577439,3253.5597190937174,3356.0188189819924,2809332
2025-05-02,3316.388427734375,3374.867442563267,3305.755879583667,3356.0188344779217,1721761
2025-05-05,3338.91015625,3387.4331925936117,3331.2739118706236,3334.7537493074506,1284443
2025-05-06,3344.419677734375,3356.9854164079434,3322.1879862349847,3344.419677734375,1324763
2025-05-07,3330.017333984375,3343.9362109554654,3306.335750758935,3306.335750758935,1477128
2025-05-08,3333.6904296875,3360.851851961966,3314.1652518601954,3332.820588313161,2543591
2025-05-09,3325.3779296875,3331.0807476867326,3284.5876543425793,3285.4574957373147,2531757
2025-05-12,3499.46142578125,3509.22413241534,3385.209911911905,3387.916425868549,2228678
2025-05-13,3397.58251953125,3501.9748131612287,3393.232840630001,3499.461570957545,3062887
2025-05-14,3430.15673828125,3442.0459078220697,3391.396407841002,3403.3820953219624,2119499
2025-05-15,3460.314208984375,3479.7428677232297,3396.7124309124556,3444.9454390459973,3548330
2025-05-16,3442.335693359375,3473.8465567565913,3427.6434928317944,3473.8465567565913,1666727
2025-05-19,3401.255615234375,3431.413341631395,3386.659931697025,3431.413341631395,2537377
2025-05-20,3381.440185546875,3439.145874352896,3377.283778805233,3413.8211261851047,2038374
2025-05-21,3408.021728515625,3418.8475485914832,3381.4403579795026,3390.8162851170264,1440153
2025-05-22,3360.8515625,3380.956790168703,3336.0101126719387,3378.2502763697153,2034383
2025-05-23,3397.19580078125,3416.9142497236344,3349.8326329632987,3360.851724551366,1274331
2025-05-26,3419.137451171875,3426.5801874567637,3392.8461073678304,3403.3819012793415,967470
2025-05-27,3381.826904296875,3421.747337093333,3366.7481593177404,3414.014574749619,2467680
2025-05-28,3380.8603515625,3411.114831810162,3376.317400825417,3402.4154740639756,1222933
2025-05-29,3381.2470703125,3414.4978538154573,3370.034470581059,3387.626457620242,3188072
2025-05-30,3347.7060546875,3389.5596782127777,3337.7503119241223,3373.4175839622008,3404365
2025-06-02,3334.560546875,3344.4197718377163,3304.4028204069105,3334.7538187399196,1877585
2025-06-03,3291.4501953125,3357.468700034321,3286.9072447003623,3330.8873298742683,2848125
2025-06-04,3297.0087890625,3310.56402774214,3286.379348716646,3304.9078969735056,2544807
2025-06-05,3287.451904296875,3324.4113841471617,3280.235380032571,3324.4113841471617,3584683
2025-06-06,3300.226806640625,3306.7605099618336,3275.359545608902,3287.4520036268846,2070390
2025-06-09,3336.991455078125,3348.791310023286,3306.760665733127,3315.634960419095,1718678
2025-06-10,3376.97412109375,3399.3060406489903,3338.2592545088482,3354.6424396212137,2419874
2025-06-11,3385.750732421875,3402.4265208353168,3363.516665314218,3383.8979728571367,2847013
2025-06-12,3348.986083984375,3388.481144938844,3338.259030391803,3385.7505745896515,4060134
2025-06-13,3360.200927734375,3364.8818717382055,3309.003623498393,3309.003623498393,2178493
2025-06-16,3409.54541015625,3421.9302340050463,3341.1847251814343,3354.642349665819,1934088
2025-06-17,3428.073974609375,3432.6573046439225,3401.5489430536663,3422.905437301184,2111940
2025-06-18,3365.75927734375,3450.2105407013996,3357.665418209048,3431.7796073253016,2696327
2025-06-19,3339.039306640625,3365.3693479021017,3328.3122527933565,3364.394161188714,2672768
2025-06-20,3350.448974609375,3360.786049100129,3326.2642962767654,3340.0145242959966,2351248
2025-06-23,3309.393798828125,3340.014567071261,3286.3792966511382,3330.2626997221478,3123421
2025-06-24,3306.27294921875,3356.690292940616,3298.081476031171,3349.376392565029,3403048
2025-06-25,3359.3232421875,3364.3941654870573,3315.634829755361,3322.7537403887272,1757699
2025-06-26,3356.397705078125,3365.759354753242,3330.555256962972,3359.3232652421043,2879106
2025-06-27,3355.71533203125,3380.387367158931,3345.8658502962735,3369.2703330730474,1778433
2025-06-30,3376.096435546875,3378.924381810933,3344.8904604060604,3354.5447137321717,1468351
2025-07-01,3344.59814453125,3398.526022577794,3328.800165873544,3369.2704183662204,2375183
2025-07-02,3338.356689453125,3403.3039810516498,3335.1385257152824,3400.671024568939,3090585
2025-07-03,3316.4150390625,3350.058980842342,3313.294489180619,3344.8904436190446,2531870
2025-07-04,3334.943603515625,3341.964900305915,3305.980605453995,3323.4363525656718,1109320
2025-07-07,3327.044677734375,3341.0875101654565,3323.8265137554163,3333.481005692293,1639174
2025-07-08,3321.680908203125,3340.0144658805552,3309.1984707578945,3320.5107317732236,2325242
2025-07-09,3299.8369140625,3329.2875057764963,3283.4537293349335,3325.3867588452995,2034938
2025-07-10,3298.081298828125,3314.659472122057,3272.7264455550526,3296.130925499427,3035012
2025-07-11,3184.959716796875,3252.247598137654,3180.1813972680684,3218.0184502225306,7635550
2025-07-14,3142.734130859375,3190.8108827918168,3120.5974403831947,3184.9597625910983,3924009
2025-07-15,3171.599853515625,3178.523536457564,3126.448660244279,3126.448660244279,2590889
2025-07-16,3163.576171875,3175.1222359666176,3151.344969328223,3157.607249475903,2540733
2025-07-17,3140.18994140625,3172.2846643823304,3135.199754145851,3154.7696780470374,2947640
2025-07-18,3121.304931640625,3159.3685771406017,3118.46738821797,3155.6502438038765,3432645
2025-07-21,3090.28662109375,3128.839514334287,3084.2199924907163,3121.4028477301345,3844346
2025-07-22,3091.65673828125,3111.7159107005,3086.764257203384,3091.65673828125,3198036
2025-07-23,3110.7373046875,3113.5748480562365,3089.6996367952283,3091.6566291573,1922875
2025-07-24,3080.30615234375,3105.4534578423713,3072.478182452152,3097.0385335433134,2934778
2025-07-25,3068.368408203125,3089.014534530361,3058.3877948178133,3072.4780444334683,2568917
2025-07-28,3013.083251953125,3050.951005299135,3003.8852447797885,3043.123036074506,3374473
2025-07-29,2990.284423828125,3007.8973556438664,2975.802632112602,2994.1984086760676,4785312
2025-07-30,2987.93603515625,3003.0047807939304,2981.673516260727,2994.1983151611034,2880121
2025-07-31,2971.497314453125,2994.0027271024683,2950.166049468222,2976.2918502873677,2968371
2025-08-01,2938.424072265625,2971.4972914199097,2935.488583681943,2964.7455243430377,2053847
2025-08-04,3008.28857421875,3013.181055141491,2927.2692812506943,2944.392964480288,2519252
2025-08-05,2998.014404296875,3011.322048140622,2976.5854331255146,3008.2886143717656,1927996
2025-08-06,2967.093994140625,3000.8521121202134,2960.9294204705666,2997.1337788834585,1487081
2025-08-07,2981.47802734375,2985.9792055799644,2946.154217712285,2951.1446440658847,2543076
2025-08-08,2971.105712890625,2994.002666894786,2959.9509519667536,2982.5543093380406,2762140
2025-08-11,2975.411376953125,2984.3155492907413,2956.3307005130723,2971.1058502168585,1884215
2025-08-12,2970.127197265625,3029.8154640054736,2961.809979769089,2975.6068714078456,3358232
2025-08-13,2970.91015625,2978.9337774241835,2963.473728360306,2970.812449963036,2148166
2025-08-14,2957.30908203125,2990.1864106721328,2954.1779420022144,2968.757439673081,3342174
2025-08-18,2946.44775390625,2983.434958599791,2938.815435653507,2980.988718063058,2945609
2025-08-19,2951.34033203125,2959.9511467818434,2946.350144506624,2946.4478507969,2650784
2025-08-20,3031.96826171875,3036.664852119672,2946.1539583708727,2946.1539583708727,4952358
2025-08-21,3035.882568359375,3062.693270119804,3016.801891436903,3062.693270119804,3230726
2025-08-22,2988.327392578125,3029.1306363096523,2984.4134077810354,3019.639270954844,1593791
2025-08-25,3073.065185546875,3084.2199463957195,3010.9306783780526,3020.9112915939663,3448370
2025-08-26,3089.308349609375,3094.0051794435944,3052.9083364528824,3061.714802808035,5522097
2025-08-28,3027.173583984375,3078.8382300613293,3020.1284592672155,3077.3704857914763,3116051
2025-08-29,3018.3671875,3048.0156702082504,3011.028465982645,3026.4887537573413,2271789
2025-09-01,3045.667236328125,3063.7694152474464,3023.5531276055535,3023.5531276055535,1246862
2025-09-02,3044.5908203125,3087.1554035307527,3036.3715480748965,3053.98447906176,2185229
2025-09-03,3030.891845703125,3074.3369795089966,3021.5961322134785,3062.595025627338,1799774
2025-09-04,3029.130859375,3050.9513740037746,3024.336323201764,3048.9943814611165,1481391
2025-09-05,2982.75,3036.664997028233,2963.47367273015,3030.5006621101975,2802055
2025-09-08,2954.080078125,2998.9929589138555,2951.144589474992,2984.413460841752,2626187
2025-09-09,2983.826171875,2994.19832699537,2965.62628616296,2966.898378981974,2489301
2025-09-10,3043.123291015625,3055.550145422665,2987.740308555338,2990.675797260498,2079428
2025-09-11,3057.017822265625,3071.4996140027415,3043.221168990462,3071.4996140027415,2263446
2025-09-12,3066.02001953125,3080.991059765134,3053.8867617246956,3076.3921752202637,1447167
2025-09-15,3044.982177734375,3066.6070389449774,3029.4241839737238,3066.6070389449774,1732539
2025-09-16,3078.0556640625,3082.263245795216,3042.2428439695796,3060.7363278880744,2573429
2025-09-17,3104.57275390625,3113.966173979194,3074.8263264485827,3084.2199854121977,2418271
2025-09-18,3108.388916015625,3134.1234145595795,3093.4178759668794,3116.51048247651,2633138
2025-09-19,3101.050048828125,3112.107103450778,3076.3919928468,3101.8328935510035,4901694
2025-09-22,3007.70166015625,3040.089740964508,2999.090845838676,3028.445731768582,3634901
2025-09-23,2996.546630859375,3014.453158879609,2986.3703660594774,3003.983297445149,3177741
2025-09-24,2970.127197265625,2991.262810224855,2967.778901999341,2984.4133369924134,1625714
2025-09-25,2893.804443359375,2964.4520571099356,2887.5421635017433,2957.015390749667,4974361
2025-09-26,2836.758544921875,2891.260737711385,2829.126226471788,2877.7574418213358,3934636
2025-09-29,2833.82275390625,2866.3087778304835,2831.7678164651984,2853.2947314486933,3110035
2025-09-30,2826.288330078125,2852.610021207006,2823.0594837288886,2848.402439766557,2253458
2025-10-01,2851.53369140625,2861.9058470940704,2804.957413772581,2828.8326264436423,1952902
2025-10-03,2839.498046875,2861.1229086009284,2828.9304789544044,2861.1229086009284,2899519
2025-10-06,2924.137939453125,2929.22631078988,2833.3336834873367,2839.5959635916415,2112774
2025-10-07,2909.75390625,2939.891634958981,2891.9453243871753,2930.5959216848555,3062943
2025-10-08,2962.103515625,2977.5638026677234,2904.176590968716,2911.0260640606234,4121889
2025-10-09,2995.86181640625,3000.069397912704,2955.0585719818546,2968.757519004287,3211304
2025-10-10,2963.179931640625,3003.983173218589,2942.239970746985,2984.413250266025,8817365
2025-10-13,2942.533935546875,2970.2254277677166,2933.7274691163334,2961.908209472205,2866865
2025-10-14,2896.642333984375,2962.1036338769445,2891.9455044700007,2956.0370052457697,3611416
2025-10-15,2916.7763671875,2926.499513769408,2898.31197994854,2917.954894078994,4282226
2025-10-16,2917.66015625,2921.883430677564,2890.553079047838,2916.87439174088,3251495
2025-10-17,2909.311767578125,2935.4369375213087,2902.6331292681275,2916.972551528368,4374683
2025-10-20,2961.365478515625,2969.0262624451843,2925.320781572273,2932.1958010354274,3133039
2025-10-21,2953.017333984375,2977.669286180243,2942.508423286113,2976.981832168517,310644
2025-10-23,3018.330078125,3042.687339125331,2981.892616996725,3000.4550745732363,5564758
2025-10-24,3008.508544921875,3034.8300966289034,3003.6961270890743,3025.0086400055093,2684318
2025-10-27,3029.821044921875,3038.9550474990237,3005.5620951218402,3011.7496607245316,1946312
2025-10-28,3003.30322265625,3035.0265765381446,2985.919291823652,3021.0801556355614,3470737
2025-10-29,3003.0087890625,3021.080174034828,2991.714113509379,3003.3032409472494,2895420
2025-10-30,2981.106689453125,3009.0978400091353,2978.6513253692647,2994.6603471523654,2241536
2025-10-31,3003.4013671875,3012.6334402910475,2971.088871543434,2980.8120174669925,1868085
2025-11-03,2962.93701171875,3003.4013640895914,2956.2583734171585,2992.499451583931,2194877
2025-11-04,2936.81201171875,2975.214004338424,2922.8655907942766,2965.6872390451917,2670720
2025-11-06,2957.142333984375,2970.0085383136757,2936.61558517126,2936.7138956519902,2542721
2025-11-07,2938.383544921875,2950.3656744717186,2907.6423366423182,2947.419237380036,1830520
2025-11-10,2971.18701171875,2993.4816703122747,2938.579823663838,2939.5619693268272,1556656
2025-11-11,2992.597900390625,3001.142519888641,2964.1156755427983,2990.633609021809,2806868
2025-11-12,3075.8837890625,3080.4015151753365,3002.51755709654,3005.3656835637266,4460315
2025-11-13,3050.249755859375,3075.9819244274895,3046.61586484088,3075.8838537295965,1740435
2025-11-14,3050.54443359375,3057.517763723578,3022.356900982103,3034.830102963518,2210794
2025-11-17,3046.812255859375,3067.7320066302495,3031.4909272444793,3050.544457369475,2232853
2025-11-18,3031.98193359375,3049.5622448251693,3023.0443122614724,3046.6158078736476,2548350
2025-11-19,3091.499755859375,3098.6694669245953,3028.4460542827223,3041.705020306013,3151053
2025-11-20,3088.65185546875,3108.0000778660146,3082.0715272134535,3091.794673762747,2700767
2025-11-21,3094.34814453125,3113.4016740052466,3079.2229578295533,3088.6516518716926,4177037
2025-11-24,3085.115966796875,3122.1428110333977,3075.0981288018247,3101.616062202543,6703764
2025-11-25,3063.5087890625,3093.562543096727,3059.3838251197944,3089.142887490615,2737920
2025-11-26,3106.428466796875,3121.2589624366606,3061.348076121797,3063.115986297256,2508527
2025-11-27,3080.59814453125,3123.223169867727,3069.205159068128,3123.223169867727,2836233
2025-11-28,3081.48193359375,3091.1070087848907,3069.205113141185,3083.937297684263,1616690
2025-12-01,3077.455078125,3097.687374390369,3066.4550948216056,3081.8747335418534,1747647
2025-12-02,3079.714111328125,3087.8659682974553,3064.6872347092776,3075.0980746626374,2512003
2025-12-03,3123.22314453125,3154.5534946281955,3082.9551731709416,3083.9373188138757,3952112
2025-12-04,3171.544677734375,3191.9733551637537,3130.4909417024,3136.9731988901626,5025905
2025-12-05,3180.384033203125,3213.187842167148,3164.866083794654,3172.330486734928,5244013
2025-12-08,3178.71435546875,3201.6964674714213,3151.3125880977464,3185.0983021118977,2544725
2025-12-09,3151.01806640625,3175.964471029267,3124.401822284255,3172.330579931189,2734893
2025-12-10,3132.259033203125,3167.41989738469,3121.357359750894,3167.41989738469,1386849
2025-12-11,3134.91064453125,3151.1160479641035,3096.8035846478047,3147.7768486239356,1914362
2025-12-12,3163.0,3165.4553640739014,3128.8212841349605,3140.607031689688,1146554
2025-12-15,3172.52685546875,3180.384020730158,3140.2143592438706,3153.7680172761306,1562190
2025-12-16,3147.875244140625,3162.509118995985,3134.1252044928165,3162.509118995985,1734623
2025-12-17,3160.348388671875,3179.107227122374,3143.3572206041695,3143.3572206041695,1376350
2025-12-18,3222.2236328125,3229.09865265339,3163.4912725011322,3170.366292342023,2307422
2025-12-19,3223.402099609375,3258.661033366418,3220.259281411304,3240.09857605464,3902511
2025-12-22,3265.5361328125,3269.170263717588,3232.2414895890165,3250.9022578364156,2632816
2025-12-23,3250.902099609375,3260.625245626059,3234.6966963938,3260.625245626059,2365420
2025-12-24,3259.741455078125,3267.696930860065,3237.2504153109776,3245.107580613968,1367708
2025-12-26,3221.437744140625,3260.7235702886815,3213.384197736604,3253.9468611908032,1176664
2025-12-29,3193.446533203125,3229.294848891858,3184.9999848268185,3221.437683809396,2079473
2025-12-30,3188.83056640625,3209.160933545371,3181.6608551553877,3191.973384551631,2807593
2025-12-31,3148.955322265625,3188.0447669329633,3141.392848747715,3182.151893056932,3362634
2026-01-01,3169.77685546875,3176.3574233163417,3141.0982497161094,3157.59834501185,1255735
2026-01-02,3192.660888671875,3196.196709004467,3162.017991655493,3176.2591039024273,1184324
2026-01-05,3158.6787109375,3189.026915514335,3134.026759287417,3182.642968809425,2341703
2026-01-06,3197.669921875,3204.9377039238207,3147.7768738587542,3152.6876022111082,2912325
2026-01-07,3236.75927734375,3241.6700055592964,3165.651788913644,3185.0000101265678,1989442
2026-01-08,3146.6962890625,3228.2143763788763,3125.1873956711997,3228.2143763788763,4159336
2026-01-09,3150.52685546875,3172.0357492326657,3134.0267606372377,3134.0267606372377,1938673
2026-01-12,3181.75927734375,3193.937788002805,3117.6251157476318,3145.8126491306843,2228342
2026-01-13,3209.652099609375,3221.437847833155,3153.1787227037635,3187.0627488471305,5645341
2026-01-14,3135.5,3201.7948316366483,3126.1696162881753,3201.7948316366483,3539511
2026-01-15,3135.5,3135.5,3135.5,3135.5,0
2026-01-16,3206.699951171875,3221.89990234375,3171.0,3219.39990234375,4293470
2026-01-19,3163.60009765625,3220.0,3152.10009765625,3188.0,3387562
2026-01-20,3102.300048828125,3160.0,3091.10009765625,3151.60009765625,4499273
2026-01-21,3122.60009765625,3138.5,3082.0,3100.0,2015150
2026-01-22,3150.39990234375,3160.0,3122.300048828125,3150.0,2269827
2026-01-23,3162.5,3194.5,3152.0,3190.300048828125,2068857
2026-01-27,3158.0,3175.0,3130.0,3175.0,4279874
2026-01-28,3200.10009765625,3205.199951171875,3170.60009765625,3176.0,2751234
2026-01-29,3144.39990234375,3200.10009765625,3125.60009765625,3200.10009765625,2457641
2026-01-30,3123.89990234375,3141.0,3092.0,3141.0,3022068
2026-02-02,3169.60009765625,3198.0,3134.0,3198.0,2636272
2026-02-03,3225.300048828125,3350.0,3186.300048828125,3350.0,4366060
2026-02-04,2999.10009765625,3120.0,2986.0,3120.0,10852595
2026-02-05,2991.5,3029.699951171875,2972.300048828125,2990.0,3521545
2026-02-06,2941.60009765625,2985.0,2916.0,2976.60009765625,4687389
2026-02-09,2948.199951171875,2977.0,2937.5,2959.10009765625,2380318
2026-02-10,2984.60009765625,3011.60009765625,2943.5,2949.800048828125,3547763
2026-02-11,2909.800048828125,2998.0,2904.199951171875,2980.0,3363513
2026-02-12,2750.10009765625,2880.0,2740.0,2869.800048828125,10612156
2026-02-13,2692.199951171875,2713.0,2585.0,2585.0,11168735
2026-02-16,2706.60009765625,2719.800048828125,2671.0,2700.0,2918730
2026-02-17,2717.39990234375,2760.0,2695.199951171875,2716.0,4209118
2026-02-18,2694.89990234375,2730.0,2657.300048828125,2730.0,2950820
2026-02-19,2677.89990234375,2748.699951171875,2666.60009765625,2708.0,3238849
2026-02-20,2686.199951171875,2702.60009765625,2647.5,2667.0,2293482
2026-02-23,2676.300048828125,2704.0,2660.199951171875,2686.0,4699596
2026-02-24,2573.699951171875,2647.5,2561.300048828125,2641.0,7798833
2026-02-25,2629.300048828125,2654.199951171875,2595.0,2596.0,3621285
2026-02-26,2647.699951171875,2671.0,2635.0,2650.0,3464267
2026-02-27,2637.39990234375,2688.60009765625,2626.10009765625,2681.60009765625,5083717
2026-03-02,2613.5,2623.800048828125,2580.300048828125,2592.0,3374385
2026-03-04,2587.800048828125,2635.0,2580.39990234375,2625.0,3446434
2026-03-05,2578.800048828125,2609.5,2546.39990234375,2600.0,2960636
2026-03-06,2557.60009765625,2619.199951171875,2553.60009765625,2572.0,3998643
2026-03-09,2527.39990234375,2560.0,2505.0,2530.0,3653428
2026-03-10,2513.10009765625,2545.199951171875,2490.10009765625,2541.0,4323710
2026-03-11,2464.89990234375,2521.0,2460.10009765625,2508.10009765625,2720664
2026-03-12,2442.39990234375,2472.89990234375,2436.0,2459.800048828125,2752075
2026-03-13,2410.5,2445.89990234375,2397.0,2437.0,2466488
2026-03-16,2409.199951171875,2425.0,2366.10009765625,2410.0,3807907
2026-03-17,2391.699951171875,2420.0,2360.0,2420.0,2993367
2026-03-18,2440.800048828125,2482.89990234375,2410.0,2410.0,3082388
2026-03-19,2356.0,2424.0,2350.199951171875,2417.0,2757060
2026-03-20,2390.60009765625,2407.800048828125,2364.199951171875,2386.0,4206320
2026-03-23,2383.800048828125,2406.800048828125,2348.0,2365.0,3860515
2026-03-24,2398.800048828125,2435.39990234375,2379.10009765625,2404.10009765625,3420182
2026-03-25,2377.39990234375,2421.60009765625,2369.800048828125,2400.89990234375,5843778
2026-03-27,2389.800048828125,2422.10009765625,2385.0,2403.89990234375,4979411
2026-03-30,2358.89990234375,2398.0,2346.199951171875,2375.10009765625,6804756
2026-04-01,2408.199951171875,2472.0,2397.89990234375,2429.0,4132661
2026-04-02,2450.699951171875,2469.89990234375,2375.699951171875,2386.0,5378361
2026-04-06,2473.89990234375,2482.0,2448.199951171875,2474.0,2572417
2026-04-07,2539.800048828125,2543.89990234375,2448.0,2461.0,4516550
2026-04-08,2559.199951171875,2580.300048828125,2540.10009765625,2572.0,4769337
2026-04-09,2589.0,2605.0,2531.10009765625,2554.0,5628261
2026-04-10,2524.300048828125,2565.800048828125,2501.10009765625,2565.800048828125,10480239
2026-04-13,2472.60009765625,2504.89990234375,2470.0,2489.89990234375,3739587
2026-04-15,2554.89990234375,2559.0,2493.39990234375,2501.89990234375,5261384
2026-04-16,2576.89990234375,2594.0,2558.0,2572.0,3905403
2026-04-17,2581.5,2589.0,2555.89990234375,2570.0,2718206
2026-04-20,2579.60009765625,2594.0,2561.199951171875,2587.10009765625,2288558
2026-04-21,2610.5,2614.0,2560.0,2560.0,2719959
2026-04-22,2538.5,2580.0,2503.60009765625,2580.0,5232045
2026-04-23,2521.800048828125,2559.5,2516.300048828125,2529.0,2509050
2026-04-24,2396.89990234375,2505.0,2388.800048828125,2488.0,5107719
2026-04-27,2447.60009765625,2459.0,2396.89990234375,2396.89990234375,5853425
2026-04-28,2444.699951171875,2487.0,2427.39990234375,2444.0,4508363
2026-04-29,2474.699951171875,2487.89990234375,2447.60009765625,2451.0,2835961
2026-04-30,2473.89990234375,2491.0,2438.0,2479.0,3970446
2026-05-01,2473.89990234375,2473.89990234375,2473.89990234375,2473.89990234375,0
2026-05-04,2431.300048828125,2498.300048828125,2425.0,2494.0,2632358
2026-05-05,2427.300048828125,2460.39990234375,2412.199951171875,2430.0,3385720
2026-05-06,2435.39990234375,2471.0,2406.5,2441.89990234375,3147628
2026-05-07,2401.39990234375,2439.699951171875,2398.0,2438.199951171875,5829594
2026-05-08,2394.39990234375,2407.0,2375.10009765625,2398.0,3792199
2026-05-11,2392.89990234375,2415.0,2371.0,2371.0,1975188
2026-05-12,2300.300048828125,2375.0,2283.0,2375.0,6347884
2026-05-13,2272.800048828125,2309.199951171875,2269.0,2306.0,3171843
2026-05-14,2246.0,2265.0,2206.39990234375,2265.0,5633313
2026-05-15,2264.0,2304.89990234375,2252.0,2252.0,3410637
2026-05-18,2283.199951171875,2292.89990234375,2252.199951171875,2264.0,3773336
2026-05-19,2327.10009765625,2377.60009765625,2297.10009765625,2300.0,10394707
2026-05-20,2327.39990234375,2342.0,2317.800048828125,2323.89990234375,2537422
2026-05-21,2327.199951171875,2335.89990234375,2314.0,2331.0,3299087
2026-05-22,2317.300048828125,2340.0,2308.10009765625,2331.10009765625,2617083
