Date,Close,High,Low,Open,Volume
2021-05-24,237.8578643798828,239.52087169021502,235.43261484088467,236.4720014586339,14873624
2021-05-25,239.08204650878906,242.4542734669516,238.22745089578683,239.01277097526395,15909128
2021-05-26,243.56292724609375,245.04117160904823,237.7885572307762,237.85786094902645,17646380
2021-05-27,249.86856079101562,251.76254295536523,242.5466423953051,243.56293719856205,58822252
2021-05-28,248.8522491455078,249.59135720958085,246.05745977207724,248.99082838312586,11757252
2021-05-31,249.01393127441406,249.7068556884205,245.31833439971305,248.8522601892125,10772410
2021-06-01,250.7462615966797,252.68645574416956,249.29113713243882,250.33052383339748,11930088
2021-06-02,250.83865356445312,251.7625528409336,246.21915718205068,250.35361208333453,9427136
2021-06-03,249.01393127441406,254.02610145282725,248.66746906741082,252.0859074545759,11275982
2021-06-04,250.0071258544922,251.99350346920346,249.66066365907164,251.06960428141537,9543432
2021-06-07,253.26388549804688,254.62664255015704,250.70007068197026,251.62396994507304,8696866
2021-06-08,254.34947204589844,256.6130366626649,253.67966759364384,254.072313527391,10859468
2021-06-09,251.39297485351562,255.57361304283802,250.4690756649288,255.45812564426464,12413798
2021-06-10,256.03558349609375,256.6130205360037,252.01661605928655,252.01661605928655,11441488
2021-06-11,256.05865478515625,258.20673167926526,254.76520155861527,256.3820251405829,11224718
2021-06-14,259.4308776855469,259.98522283091245,255.45812250156337,255.87388840937888,11904318
2021-06-15,257.7217102050781,260.53959167383795,257.30594425944633,259.3847175972695,7674490
2021-06-16,256.49749755859375,259.86972376499585,255.68908581482512,258.6455743272446,10994538
2021-06-17,258.0912170410156,259.3846701310426,253.86436741620247,255.22712421620844,8798696
2021-06-18,253.97987365722656,259.5925723369832,252.2475627307788,258.6917650161974,20014232
2021-06-21,250.4459991455078,251.64705688608026,247.23544362972675,251.64705688608026,10781642
2021-06-22,257.0980529785156,258.6686929499607,250.51527095479796,251.87802796014483,11505842
2021-06-23,249.52207946777344,259.084413315468,248.71366769450307,258.69176744651696,22485404
2021-06-24,253.63345336914062,254.3263778541825,249.08326052876652,250.33053024087585,17337360
2021-06-25,252.9174346923828,254.53425847580442,249.68378712553954,254.00300509746964,10079644
2021-06-28,252.87124633789062,254.44185820998084,251.41609368160164,253.95681672294077,6519660
2021-06-29,250.65382385253906,255.80457280422473,249.91471582317936,253.0559672407041,15855760
2021-06-30,252.0628204345703,253.14839075921176,250.37669305016928,251.69323818389762,8586644
2021-07-01,249.15249633789062,252.1782886629751,248.5288756788443,251.7625227601675,8658748
2021-07-02,248.80604553222656,250.5152647067186,246.49629751133637,249.49896993849364,8314614
2021-07-05,247.7666778564453,250.7924705511669,247.39712378389586,250.7924705511669,6878338
2021-07-06,246.0343780517578,248.66749675722062,245.68791580617508,247.85908485086088,8386882
2021-07-07,245.82652282714844,247.78980888198936,242.5697551682766,246.7042102639755,10755374
2021-07-08,245.29522705078125,248.04383269160732,243.90937831038136,246.63489211123374,9131020
2021-07-09,242.89306640625,245.27211785364415,241.7151006993041,243.63220259925572,11449216
2021-07-12,242.9161834716797,245.82648847893597,241.6920339609255,245.17974776728664,7731112
2021-07-13,242.4542694091797,244.60234662074424,241.4148826671652,243.9094221260679,8344716
2021-07-14,259.47711181640625,260.2162199435088,242.80071332016524,243.1009918565825,58696166
2021-07-15,266.03680419921875,267.7691153182573,258.22984414468436,259.15374340817164,62132402
2021-07-16,266.8913879394531,272.2038084696197,262.52595847345685,267.9307745649205,73815654
2021-07-19,265.066650390625,269.7785415150228,263.31124771158045,264.48921344388907,21715702
2021-07-20,262.4335632324219,267.0761793879751,259.4077989136244,265.9443971998295,21047054
2021-07-22,269.8709411621094,270.2404951745974,263.77320127298316,266.59108233776385,24086770
2021-07-23,276.7771301269531,278.0012797206588,269.64000275510597,270.93345607088656,28114910
2021-07-26,272.7581481933594,277.4007360553355,271.7418534297271,277.2159449364329,12199806
2021-07-27,273.2201232910156,274.69836779468096,269.84789652010863,272.0421573347961,7966274
2021-07-28,273.45111083984375,274.0978234561164,269.3166556838788,272.9891611731475,9147860
2021-07-29,272.7581481933594,276.24586205010934,271.5801823470619,274.2132725228447,11668940
2021-07-30,271.2337341308594,273.9361281643632,270.2405311570868,272.0190259387715,6356412
2021-08-02,273.58966064453125,275.0448132160219,268.9701644749317,271.71877033487687,9247796
2021-08-03,276.8926086425781,279.01756557918736,274.46737318017625,279.01756557918736,10331214
2021-08-04,275.6915283203125,279.01757123231397,274.5366542671986,278.7865964216912,9018712
2021-08-05,277.58551025390625,283.868013181318,276.0148704244711,276.0148704244711,22588728
2021-08-06,276.245849609375,280.1262373702482,275.46052968215486,278.9020597017728,10540400
2021-08-09,275.6915283203125,279.94147047480504,275.09099945172676,277.1697727473317,9293502
2021-08-10,278.9482727050781,281.30423273439885,273.9823141842223,276.43066977854596,14055564
2021-08-11,277.7472229003906,280.17245852654787,276.45376953880714,278.0475014464585,8565026
2021-08-12,279.87213134765625,281.28110007034405,277.47001617719854,278.0936368089205,7905016
2021-08-13,284.3299865722656,286.6166427938054,279.9414652523038,279.9414652523038,16729368
2021-08-16,283.6601867675781,286.8245588967725,282.0202710923161,284.6071779438418,7144852
2021-08-17,293.2918395996094,294.28501441489334,282.3436274221908,283.52159337273014,23645544
2021-08-18,290.7510681152344,295.27816822295125,288.53368764232783,293.6844365812362,13847154
2021-08-20,286.4318542480469,291.92906596584635,285.48486317267253,287.5636364482017,12341386
2021-08-23,290.49700927734375,294.23881814244265,288.02559007123887,289.1804641292631,14072750
2021-08-24,292.6681823730469,293.79996460529264,288.30275273162334,293.79996460529264,8967436
2021-08-25,291.79046630859375,296.94118725833613,290.82035526410755,293.3379861385025,12815436
2021-08-26,290.5431823730469,294.95479504677326,289.18042552745504,292.0445184480696,8416702
2021-08-27,293.31494140625,293.7999829088108,288.8571159220972,290.79731012751006,8743108
2021-08-30,292.1600341796875,295.41677326547295,291.2823186495421,293.7768578019379,8743710
2021-08-31,296.0865783691406,296.82568639268703,290.52009176790847,293.15318172376993,15591816
2021-09-01,296.5947265625,299.0430537334788,293.4534750113291,297.4031383393907,9450444
2021-09-02,300.9370422363281,303.50085661896253,295.9941763753428,297.9574619775203,9077556
2021-09-03,302.6231384277344,303.36227462361285,300.03623223006684,301.65305565239976,7549940
2021-09-06,317.1053161621094,318.14470278703027,303.3392233910798,303.3392233910798,24676832
2021-09-07,311.4695129394531,318.7452190259142,310.77658855026635,318.7452190259142,12812218
2021-09-08,305.9030456542969,312.00078631024587,304.88675084577744,312.00078631024587,13432462
2021-09-09,305.97235107421875,306.9886459820307,302.11508262760714,305.30254661229674,11611460
2021-09-13,309.8526916503906,310.3608249281431,303.8935305813589,305.9723037642538,11177578
2021-09-14,311.0999755859375,312.13936222545124,309.50624376631635,309.96819338387803,7322676
2021-09-15,311.3771667480469,314.37983957723765,309.50627623966204,311.3540749037794,8290832
2021-09-16,308.5130310058594,314.4721921610879,307.19648591571564,314.0102425582071,9315692
2021-09-17,307.31201171875,311.53886239137114,306.1571375672327,310.1530134095504,10815562
2021-09-20,306.0415954589844,309.73719208339475,301.83786557678343,303.8473349632407,9092860
2021-09-21,308.3975524902344,309.0442932309669,303.54708152024165,305.1177214933537,7367102
2021-09-22,308.6516418457031,311.5850105782696,306.2725900865719,309.0442877344142,9583304
2021-09-23,311.4925842285156,312.73985368579304,310.1529474149066,310.8458717583759,6462586
2021-09-24,312.5089416503906,322.9721126156444,311.81601716779556,314.35674027064425,24253176
2021-09-27,302.0688781738281,313.36352421472884,300.7292129517362,313.2249449630013,16798164
2021-09-28,295.4629211425781,302.06882226908874,293.4534518765067,302.06882226908874,16224924
2021-09-29,295.9942321777344,298.6504426108549,289.80409571639484,291.00518169890694,17679132
2021-09-30,292.9222412109375,298.7659151510228,292.2062249427671,295.0703182106159,12027918
2021-10-01,293.9154052734375,295.5322287209142,291.12061609611766,293.24557277759305,8417708
2021-10-04,296.1328125,297.31077844860306,293.77688060279394,295.6015873285591,10494244
2021-10-05,298.81207275390625,300.0362504116347,292.8991238043804,294.007814067801,10912148
2021-10-06,293.6844787597656,300.4751439941882,293.06085803417466,300.45205215160485,9673198
2021-10-07,297.0104675292969,299.5973737200637,294.215678402895,295.1857611756418,7448686
2021-10-08,305.4179992675781,308.37445988679025,297.9575017064733,298.4887550418462,22091966
2021-10-11,301.5606689453125,307.7969880428748,293.3379723668187,299.7821744066658,20422932
2021-10-12,304.470947265625,305.99540338751876,296.82568759757527,301.19111662947387,18680432
2021-10-13,310.707275390625,311.6773864231033,303.0389236614053,307.1964698701746,18925882
2021-10-14,327.17578125,341.77337630797393,321.0549494793505,321.97884861454287,118377606
2021-10-18,327.8686828613281,332.97321959019666,324.4733650530516,332.1417160652271,21198892
2021-10-19,328.7002258300781,337.20010958236486,327.06031042109583,331.26404042104093,21865148
2021-10-20,324.2655029296875,333.8740482467707,321.40140998642784,329.6471984471445,16108782
2021-10-21,321.6555480957031,327.5223145166288,314.9110942229351,327.4992226722696,15916912
2021-10-22,315.2344055175781,325.9054295662014,313.31730347735805,324.1731186365441,10758302
2021-10-25,308.44378662109375,316.0659558381134,305.2563227613634,315.3961232072809,17621916
2021-10-26,308.6516418457031,313.57138825352325,307.1964893025193,309.991278791727,12193966
2021-10-27,310.0143737792969,311.6081055820136,306.48047615953385,308.65164497807785,12631178
2021-10-28,303.4547119140625,310.24534866581325,302.5769963717114,309.96819017621124,10357542
2021-10-29,298.76593017578125,304.6096044097414,297.61105607382615,304.07835104477465,13522634
2021-11-01,302.7848205566406,303.4777448412945,299.11231620894256,300.77532321404743,8802466
2021-11-02,302.0226745605469,305.3487176688939,300.7754048705206,303.500919074831,8079378
2021-11-03,301.422119140625,305.74133669622097,300.3596406815381,304.60958271305225,6871182
2021-11-04,301.9764709472656,303.80117757752976,299.06619399269056,302.5769998116752,1565810
2021-11-08,304.12451171875,305.34868945226054,299.1123697735835,301.630000764379,9504460
2021-11-09,304.17071533203125,307.7739165205558,303.3623035437971,306.3187640236682,8284130
2021-11-10,301.4683532714844,304.4248425347155,300.98331174107784,302.9928097887208,8091390
2021-11-11,296.479248046875,300.1517530109362,294.16950004371273,300.1517530109362,12067796
2021-11-12,304.90985107421875,306.0416333194905,298.32706877262973,299.34336360910163,12126506
2021-11-15,304.37860107421875,307.6584319384391,303.57018927858473,305.6027505905079,9435996
2021-11-16,305.55657958984375,308.9288061525503,302.4153278354755,304.14763889801316,11327094
2021-11-17,305.71826171875,308.5823550846169,303.96285875101483,305.55659062514115,8854994
2021-11-18,300.9370422363281,307.6353107614042,298.0729493658837,306.45734503913036,7842498
2021-11-22,297.5186462402344,305.0946312638489,294.7238566865505,303.9628490591696,11582434
2021-11-23,296.94122314453125,299.7822247104314,289.20356666953944,296.8950394585688,9134924
2021-11-24,294.0309143066406,299.1585434823116,292.4602744211234,297.63411547293634,7985552
2021-11-25,294.123291015625,296.47922249776155,292.4140720015438,294.2618702448395,6661362
2021-11-26,287.07855224609375,293.0608045317776,286.2470486987192,291.95211433850295,8277074
2021-11-29,291.305419921875,292.34480656982913,278.99447943098545,284.8150333814616,10376060
2021-11-30,294.37738037109375,298.18846454223774,291.2592205947032,291.3054042762871,26850200
2021-12-01,293.2456359863281,298.3963859287355,292.5296196585704,296.848837664052,9453644
2021-12-02,298.7890319824219,299.3895608964305,290.5663337413353,294.21574730327677,10210456
2021-12-03,295.9942321777344,302.0919730719317,295.60158626134046,297.84203073990517,13405010
2021-12-06,288.4875183105469,297.5879308522505,287.86389764350616,294.3773755698895,9409906
2021-12-07,292.1369323730469,293.130107075736,287.79459494334753,290.1043428963439,8557090
2021-12-08,296.4330749511719,301.6530999857043,294.8393431330409,295.18580534588824,15360658
2021-12-09,297.1259765625,299.15853780470337,294.6545293835221,296.45614403006056,6865604
2021-12-10,294.83935546875,298.3732814657142,293.3842028358428,296.640970329,8525212
2021-12-13,298.142333984375,303.2930559860443,295.74019001551005,297.2646183165608,13123680
2021-12-14,298.8352355957031,301.14498381271994,295.3013095455999,298.41946963857265,8609412
2021-12-15,293.9847412109375,298.74281652462037,293.49967156739154,298.74281652462037,7123544
2021-12-16,297.63409423828125,300.22102867720605,295.3705583237809,297.49551501007323,12437240
2021-12-17,309.87579345703125,312.64749112336455,300.31343086914796,304.88674329666463,104600018
2021-12-20,307.6353454589844,312.9708577641218,306.2725884835612,308.3744535498073,26298202
2021-12-21,319.1147766113281,322.02505343925685,309.9681802113382,312.2779282009905,27362096
2021-12-22,316.7357482910156,321.47073159792546,314.6800669723973,321.47073159792546,12327754
2021-12-23,320.8470764160156,324.2886064396287,318.3294455560482,318.791395137871,12944908
2021-12-24,322.6487121582031,324.47341876473695,318.8145360174253,322.32534179075196,13182426
2021-12-27,323.1799011230469,323.8266417855628,319.2764498944588,323.2953885131273,10188656
2021-12-28,325.88238525390625,326.8293763945315,324.08077034624336,324.7506029757677,10158044
2021-12-29,325.0739440917969,327.98422097692503,323.3878167481447,325.7899603436287,7898416
2021-12-30,329.8782043457031,332.5575346327114,325.21252457517704,325.7206578667591,18087350
2021-12-31,330.4556579589844,332.0493898283497,327.568472759108,330.6635409324091,8549558
2022-01-03,332.003173828125,335.7449542048963,330.75590430414616,331.6798034781801,9280810
2022-01-04,333.2966003417969,334.03570834376893,328.7001966800326,333.874037279326,10228800
2022-01-05,329.60101318359375,332.9963311934041,324.75054277234256,332.60368534293974,14711264
2022-01-06,326.02093505859375,329.0236075033417,323.3416329776981,326.0440268999047,12883220
2022-01-07,328.67718505859375,333.296681686262,326.8755700957352,327.0603612389099,13120326
2022-01-10,320.362060546875,327.5222796362428,318.74523688153386,327.5222796362428,27537820
2022-01-11,320.662353515625,322.64873132630896,318.2833015942911,321.05499943110647,15487458
2022-01-12,319.3688049316406,324.1730914517407,315.6039330773356,323.3646797523598,23460682
2022-01-13,300.1517333984375,307.65841391821374,299.3433216501539,306.3649607599928,61505934
2022-01-14,295.5553283691406,299.9207574317077,294.0309004317012,299.9207574317077,26514548
2022-01-17,298.7196960449219,301.02944385878453,292.4371650741172,295.4167453930328,20457876
2022-01-18,292.55267333984375,300.26723722764876,291.5594986261133,299.75910395040677,14329980
2022-01-19,286.9399719238281,291.79044215932765,285.9467691213512,291.4901636762078,17382766
2022-01-20,284.19140625,287.51744908734116,282.0202374398491,286.709037268308,16827124
2022-01-21,279.9576416015625,282.71072220413737,277.9911594913046,282.2480205311355,19646694
2022-01-24,265.0124206542969,280.165902586079,263.0228088274988,280.165902586079,26150716
2022-01-25,260.3622741699219,264.6653946941826,254.80985330221176,260.26972817391214,34712370
2022-01-27,252.05679321289062,257.6786311041562,248.5634004420927,256.79948643075596,31351744
2022-01-28,255.4807891845703,261.40336608995176,252.93592949357188,254.53222797961143,29899780
2022-01-31,264.9429626464844,265.77584823811185,260.2928165515506,263.2772479453664,26252174
2022-02-01,266.81695556640625,269.4774904307995,262.0973924196161,268.32073614193285,20920202
2022-02-02,272.0686340332031,272.9940375503229,266.0535111719248,269.2924234818439,16368826
2022-02-03,267.5572814941406,272.43877920911353,266.5856191353382,270.5417133691381,14082780
2022-02-04,264.5497131347656,267.3490529425465,262.8377110919755,266.97889720815,13633558
2022-02-07,257.7248229980469,265.4982051889126,257.07702938169643,264.6190889850861,15091358
2022-02-08,259.2286376953125,261.7966265838389,256.5449733772032,259.76075596782255,13953814
2022-02-09,263.2541198730469,264.08697722791726,260.6398441502721,261.14883293013133,10207476
2022-02-10,265.4288024902344,265.93776298900207,261.98166968365996,264.8504254502409,11603824
2022-02-11,259.78387451171875,261.88916159363015,257.77110517673674,261.88916159363015,15442458
2022-02-14,250.64552307128906,257.79427017083526,249.85892451257226,254.48594163317546,16241546
2022-02-15,260.6629943847656,261.54213892126546,251.36270140464833,252.45003911567682,13676992
2022-02-16,260.9175109863281,263.8787850472097,257.9793381221411,261.49588813584467,14607822
2022-02-17,261.38018798828125,264.85045055721184,259.64505670381595,264.66535859044126,14228840
2022-02-18,260.24658203125,261.7503625864013,256.96138295073825,258.650255486029,13411838
2022-02-21,264.1101379394531,264.98928250991236,256.9845483472181,257.1464826539002,17534002
2022-02-22,261.033203125,263.2772953123401,257.308431450833,257.37784800964704,21490124
2022-02-23,262.3981628417969,264.1564521631443,260.3391625552438,263.3698535048165,14408512
2022-02-24,248.54025268554688,257.6786121148219,245.76404222602028,253.56055530342817,26953888
2022-02-25,256.9151611328125,258.53461734886804,253.32922236868947,253.5605732566974,15922624
2022-02-28,257.1696472167969,259.1592592499771,251.7560306680408,254.94868429043117,18316874
2022-03-02,256.8919982910156,258.3263623137381,254.67103570312503,256.7994522996303,16354110
2022-03-03,263.5317687988281,266.49307121361574,259.27490716797325,260.5010780680977,25911326
2022-03-04,266.19232177734375,268.36702573757003,256.3599091964414,259.57569213582207,26948372
2022-03-07,264.5959777832031,268.20507393524855,260.15405239140205,260.50107869517,21112334
2022-03-08,271.81414794921875,273.34105807186677,264.665400282874,264.665400282874,22039998
2022-03-09,270.9118347167969,275.95529434527094,269.36179537906366,272.0685889213946,23527232
2022-03-10,272.18426513671875,276.0015540230391,270.4953926966462,275.30750149825354,16161966
2022-03-11,271.2357482910156,272.99400914236236,269.4774874396689,271.60590401113,9927188
2022-03-14,276.76507568359375,277.9912184323802,271.14323786822365,271.3283298730961,15006442
2022-03-15,271.9297790527344,279.33300582570075,270.3565820670515,279.33300582570075,13853244
2022-03-16,276.8113098144531,277.3665575383506,274.1507748684722,275.42320462524566,11150296
2022-03-17,278.17626953125,282.7107405730787,277.15832013629154,279.9345303546851,16881290
2022-03-21,277.62103271484375,285.0242602539062,276.6956292724609,279.98080019649115,15592952
2022-03-22,282.2712097167969,282.7107820474096,275.839672045306,279.1942598846574,15580500
2022-03-23,282.8033447265625,284.5616059116222,281.18388843275653,284.07577467169574,11393836
2022-03-24,282.5025634765625,284.0063442474339,280.304730042212,280.85997782121035,7751490
2022-03-25,279.17108154296875,284.0988663352785,276.34861224551315,282.7107611251713,11986194
2022-03-28,277.71356201171875,281.7853312652022,276.279169817615,281.3226295718275,11476810
2022-03-29,278.77783203125,280.0965208531415,277.2277923114072,279.00918292920124,9402006
2022-03-30,277.9912109375,281.9241758858665,277.3897042994941,279.9808228514,15488764
2022-03-31,273.8731994628906,279.14798289854184,273.0866007755084,277.6210726471974,14476178
2022-04-01,278.453857421875,279.1941970333691,272.67008658708585,273.78058188379276,8567994
2022-04-04,280.2121276855469,280.62857049631384,277.1583078768211,279.9345179724153,8855948
2022-04-05,279.53564453125,284.36446365568736,279.02241840531246,282.4749269755239,12862488
2022-04-06,276.9229431152344,278.9991127767855,275.7332368747161,278.9991127767855,8235902
2022-04-07,270.9977111816406,276.1997964408889,269.43476764292797,276.1997964408889,15721530
2022-04-08,272.3041076660156,273.86705133854855,270.83445196256804,273.4004975883977,8636632
2022-04-11,266.44879150390625,272.5839836999468,265.0491304836241,272.46734528159,17164216
2022-04-12,260.66357421875,265.0025182053982,259.49718989566287,265.0025182053982,16338532
2022-04-13,260.8968200683594,263.8361025178857,258.7506560833038,261.27005731214143,11204576
2022-04-18,251.28582763671875,256.5345571002462,250.0727993289532,256.5345571002462,18930062
2022-04-19,247.4833984375,254.52834742106714,245.4305509115485,253.80519493221237,13286008
2022-04-20,250.3060760498047,252.1956129603501,247.90331295074657,250.0727991848934,8660976
2022-04-21,251.56578063964844,253.10540227623093,250.70263914064807,252.40557167085888,13388782
2022-04-22,250.86593627929688,252.33556338429042,247.57673830963094,249.6062355634605,9782424
2022-04-25,246.97023010253906,247.81004968085443,244.1475854510622,247.2501794540384,9473768
2022-04-26,246.92356872558594,250.88927554498602,245.92046678667722,250.5393602373919,8718740
2022-04-27,242.11805725097656,245.87380897943035,240.04188751407384,245.87380897943035,16275078
2022-04-28,243.79762268066406,245.7105098770606,240.74170173565045,244.4741312199241,13241338
2022-04-29,237.3825225830078,246.57363638964566,236.54273159801392,246.57363638964566,24151260
2022-05-02,230.944091796875,242.1413810961174,229.82436571456867,240.50844307331124,43822854
2022-05-04,229.42779541015625,235.07309835835966,228.2614110918535,233.27686366055542,17267854
2022-05-05,233.81338500976562,235.0031054932283,231.55059670647924,233.74340480205348,10869532
2022-05-06,226.3251953125,229.0312009887268,224.41232235746935,228.61130552008314,18441782
2022-05-09,225.41543579101562,228.30807466344206,221.42640702415852,224.87890183963867,16675250
2022-05-10,222.84938049316406,225.69536101979122,222.14954991635852,225.34544573138845,14969534
2022-05-11,220.1667022705078,224.85557579839494,215.80442204875447,223.96911232120033,21029342
2022-05-12,221.0531463623047,222.07957023931888,215.6177983836872,218.39379870691448,14573000
2022-05-13,218.650390625,223.71250116317134,217.88057986069032,223.71250116317134,16775318
2022-05-16,218.34713745117188,221.30975637318065,216.94747631366437,221.1464597261869,7314066
2022-05-17,227.04835510253906,228.14475914440914,218.4870918657599,219.7467925501364,11321450
2022-05-18,224.5289764404297,231.0607284823331,224.22571937181638,229.03121696455236,15390968
2022-05-19,210.48568725585938,221.05312512827666,209.94915337817721,217.4839923684653,22945978
2022-05-20,214.42807006835938,215.64111246074185,212.28192033385008,215.54779603129393,12731912
2022-05-23,217.4140167236328,218.25380765951874,213.44831041000432,216.38759292369357,14111568
2022-05-24,214.5913848876953,219.0936253474092,213.68159945678116,218.5570914278321,13779460
2022-05-25,207.54641723632812,215.0112764702707,206.7766064754456,214.6846831835501,15481506
2022-05-26,211.51211547851562,212.14196579950206,207.14983568571452,208.08294305366817,11583082
2022-05-27,217.85726928710938,218.32382301575672,212.86513869534693,214.61471517777443,11414472
2022-05-30,222.19619750976562,224.6456044114481,220.74987820591633,220.74987820591633,12291148
2022-05-31,223.03598022460938,224.29568085130288,219.46684743309555,222.03289266384368,31587004
2022-06-01,219.63015747070312,223.4559035616048,218.58041163042893,223.4559035616048,10514566
2022-06-02,221.21644592285156,222.2895280335048,218.39380158104993,220.12004182117772,10535040
2022-06-03,221.84629821777344,227.6782198323311,221.37974448860882,223.7824933461886,23269778
2022-06-06,220.77322387695312,221.84629172740193,216.57424043731777,220.2133537230993,13791156
2022-06-07,218.18385314941406,219.63017258762505,217.01746880216166,219.28025728344934,4701342
2022-06-08,219.46685791015625,220.21334667871886,216.62087748893634,219.77011496792227,5627652
2022-06-09,221.63633728027344,222.14954921593062,216.5975628383963,217.90390754907867,7402238
2022-06-10,215.0579376220703,217.9738983001107,212.88845148713685,217.9738983001107,17453098
2022-06-13,208.12960815429688,211.3488258326062,207.6163962373284,209.97248672411192,14130822
2022-06-14,208.0363006591797,211.67542821381414,204.35052912307097,205.2836365619891,13056384
2022-06-15,205.33029174804688,210.2524277203856,204.95704023514023,209.22601809559336,11391596
2022-06-16,197.025634765625,208.43287917567994,195.83592844765897,208.08296387767936,17944686
2022-06-17,189.0475616455078,195.3693584752629,187.57790612561095,194.08633582258955,41550546
2022-06-20,193.4564971923828,194.972796782712,188.55768313131927,190.82047152142843,20750838
2022-06-21,198.3553009033203,199.1017896641487,194.38959448938883,195.95255221779135,12187804
2022-06-22,191.87022399902344,197.2122699733812,191.42699225442794,197.2122699733812,16202862
2022-06-23,195.50933837890625,196.32580742109633,191.89354690635022,192.4534170876595,19655010
2022-06-24,195.369384765625,198.7518994869403,193.96972350163244,196.4191307136194,15362102
2022-06-27,198.23867797851562,200.96802015970124,197.8187824671232,199.21844366382456,12447870
2022-06-28,199.33506774902344,200.19819493914724,193.9463782248296,196.88566083110098,12091828
2022-06-29,196.30247497558594,198.19201182022212,194.73951718758013,195.95255969042447,16684176
2022-06-30,194.10968017578125,197.35223440317355,193.6198044381017,196.83902243535812,12123284
2022-07-01,196.88565063476562,197.44552073938885,191.94017883755433,193.61977491333587,8907248
2022-07-04,196.09251403808594,196.769022597022,194.08633882717524,196.39578533297455,6372716
2022-07-05,192.9665985107422,197.37552209800677,192.70998545237998,196.4657509949623,11513210
2022-07-06,194.10968017578125,195.29940077000214,192.73335516901523,195.29940077000214,10522910
2022-07-07,196.3258056640625,197.79546131732397,194.6462236113466,195.95256837192343,10706024
2022-07-08,195.53268432617188,198.14538823864308,194.34296369128606,197.81879491030008,9535432
2022-07-11,191.84690856933594,193.61980713217747,189.2108684793531,193.50316869414604,16689574
2022-07-12,190.8904571533203,193.54981912866225,190.3539232075836,190.82047694093552,9777472
2022-07-13,189.74740600585938,192.22013505772526,189.11755562831925,192.22013505772526,11956780
2022-07-14,187.2980194091797,191.5669836196822,186.85478762594155,191.5669836196822,13161242
2022-07-15,183.75216674804688,188.53434189081543,182.42248593390335,187.0647006701676,22328354
2022-07-18,188.83761596679688,189.28084769086146,185.05852803127027,186.15493210809623,13632394
2022-07-19,189.2575225830078,190.2606102806279,187.18136697409005,188.02115801440215,12897178
2022-07-20,192.2667999267578,194.78618728595205,189.9340312167464,191.66027151930066,25237412
2022-07-21,193.1532440185547,194.78618207185164,187.83453434971972,190.75049515917857,45382342
2022-07-22,191.68359375,194.73951484169532,190.84378853287535,193.96970407123132,15468542
2022-07-25,193.52647399902344,193.92304750175248,190.61051329967648,191.52029873310846,12535662
2022-07-26,189.0475616455078,193.80640075984306,188.62765193234372,193.52646569709657,15186298
2022-07-27,189.72406005859375,190.07397533507145,187.5312662021869,188.93092730809772,14084158
2022-07-28,194.08633422851562,194.55288791656494,191.7069075718464,192.12680304347305,15898464
2022-07-29,197.67880249023438,197.95872331141564,194.92612435185112,196.23248321574744,15919784
2022-08-01,200.15155029296875,201.03799953289538,197.16560926675223,198.84520554340213,10365748
2022-08-02,200.43148803710938,201.38791750164629,198.12204134632404,200.1282309560189,16912426
2022-08-03,201.71449279785156,202.01774985185898,199.45170453041504,200.15153507262704,12034938
2022-08-04,203.18414306640625,205.42359520519744,199.26509470447692,203.907295630075,17789134
2022-08-05,205.2836456298828,206.21675311001866,203.4874108830033,203.4874108830033,12967586
2022-08-08,203.34744262695312,206.58998245272704,203.044185555203,206.58998245272704,9557496
2022-08-10,200.68807983398438,203.41742194392327,198.8918451641552,202.9508682238684,11329742
2022-08-11,204.56048583984375,206.21674586364847,203.55738394347415,204.35053096895484,9154644
2022-08-12,203.4640655517578,204.58379155185838,202.9508536489359,203.9306192383071,7092398
2022-08-16,203.93063354492188,205.19032004412423,203.69735668528187,204.583805904296,4774208
2022-08-17,206.7066192626953,207.56974648944012,203.7206783122526,204.0006133909387,10401476
2022-08-18,202.97418212890625,206.100097623985,202.50762842743714,206.100097623985,16888260
2022-08-19,201.76116943359375,206.45002879922137,201.08466081912863,204.79376872668965,17253908
2022-08-22,195.95254516601562,201.03797741913502,195.5093134757619,201.03797741913502,12900580
2022-08-23,194.3896026611328,195.2527298821845,191.28702330154275,193.61979187839083,17028776
2022-08-24,194.1563262939453,195.71928409199992,193.31653529939422,194.92613707863205,7429170
2022-08-25,193.71310424804688,195.9992145577238,193.5964658216543,195.62596305041401,8753902
2022-08-26,194.66952514648438,197.11893199374393,194.2262934503163,195.25271725297475,7904194
2022-08-29,188.6510009765625,189.5841084237194,186.1549357077999,188.95425804927055,23519514
2022-08-30,192.94326782226562,194.0630080398237,189.53743166844336,190.8904344868897,19750992
2022-09-01,191.49697875976562,192.05683467708354,188.88427509801357,191.2403656726666,11778706
2022-09-02,190.21395874023438,192.57004934835203,189.93402365855462,192.4767329084289,9815080
2022-09-05,189.18751525878906,190.35389944657445,188.48768474611785,189.8873457714603,18018508
2022-09-06,188.69764709472656,190.0506499587135,187.2046695797893,189.8873533183159,18226162
2022-09-07,190.09730529785156,190.75047761146507,187.08802832408657,187.6012402269574,12248532
2022-09-08,192.59336853027344,193.31653533390607,191.10040517990615,191.28702381894087,14064948
2022-09-09,194.6228790283203,195.69596111381966,191.91687318123212,194.55289881880913,14671342
2022-09-12,196.88565063476562,198.00537660592389,195.04275792529498,195.88256308222984,11678424
2022-09-13,197.18893432617188,198.75189219456877,196.65240037561207,198.2386802356502,9408334
2022-09-14,194.226318359375,197.2122737180181,190.82048171591632,190.82048171591632,17583964
2022-09-15,193.6431121826172,196.37245424137936,192.80332119750082,195.81259833066488,10640314
2022-09-16,187.3912811279297,192.57002977942778,186.71478684054603,192.57002977942778,20192486
2022-09-19,187.53126525878906,189.51411848218774,185.22181875041852,188.95424834740427,13584188
2022-09-20,188.90760803222656,191.00709987949577,188.69766739035384,189.42081999806598,8989822
2022-09-21,186.97140502929688,189.37415386203048,186.38821287387174,189.37415386203048,19290112
2022-09-22,185.66505432128906,186.78478037605223,184.28871518354333,185.68837631151962,16500324
2022-09-23,183.98545837402344,186.34154891413286,183.6588650818092,185.73503478640845,13966710
2022-09-26,184.19540405273438,186.248251823376,179.4365646233762,182.88905932422577,18994144
2022-09-27,185.875,187.27466116602122,182.88905902677266,185.12851119717075,12454694
2022-09-28,185.71168518066406,186.8547473829863,184.45199879733957,184.75525583935723,8921590
2022-09-29,183.2622833251953,187.50792474227822,182.67909121400504,187.08802926983896,11883068
2022-09-30,183.9387969970703,185.08185926210385,180.78955950885162,183.09900602878093,13570530
2022-10-03,184.05543518066406,185.6883731353721,182.23587859303575,183.77550011223917,8140834
2022-10-04,189.18751525878906,189.42079209634616,186.15491637054708,186.5981480571408,12591696
2022-10-06,191.3570098876953,192.6866908684247,190.0973233570753,190.98377259819824,11203878
2022-10-07,190.40057373046875,192.10349194073473,189.5374465110467,191.19370650224593,7580186
2022-10-10,191.89353942871094,192.9199633084172,186.50484965547707,186.76144850635885,18714926
2022-10-11,188.67431640625,194.972791455526,187.69455077318923,193.57313033346466,22723292
2022-10-12,190.33058166503906,191.10039239837533,187.3679629149621,188.60432733372502,12610118
2022-10-13,176.87049865722656,183.05233476769166,176.40394498851222,180.5562697924523,84896212
2022-10-14,176.03070068359375,180.78955399362926,175.54082500671743,180.5562771497665,27864794
2022-10-17,175.00430297851562,176.80053764565886,173.74460224101526,176.03071261824778,16909538
2022-10-18,176.9638214111328,179.2732680348594,176.54392590811608,179.0166691824852,22328480
2022-10-19,176.38063049316406,177.85028612115332,175.91407676696807,177.85028612115332,10198278
2022-10-20,177.99024963378906,178.50346158913229,175.424204095163,175.89075782945864,11868814
2022-10-21,178.4801025390625,178.830017795044,177.38371279412436,178.4567805505657,8931540
2022-10-24,179.48321533203125,180.2763480846874,179.15662204452696,180.2763480846874,3472470
2022-10-25,179.4598846435547,180.29968987816483,178.9933309259122,180.29968987816483,5783256
2022-10-27,178.5267791748047,180.53296872561987,177.8036265997289,180.08973699374135,11723118
2022-10-28,178.80670166015625,180.01974410155455,178.22350954776175,178.59674680445875,7609676
2022-10-31,180.34632873535156,181.20945593608434,179.50653776269158,180.34632873535156,6638382
2022-11-01,183.07565307617188,183.35558811939154,180.3696475472531,181.02281982270716,11540196
2022-11-02,183.798828125,184.218723589825,182.25919243652388,183.2856162288413,6716614
2022-11-03,181.256103515625,183.7055103198902,179.87976447323115,181.8392956118786,10312476
2022-11-04,182.21253967285156,183.07566685520487,179.92642941765632,181.25611029446125,9023630
2022-11-07,182.65577697753906,184.2187347494858,180.83622036101283,183.3556075406714,8252598
2022-11-09,182.39918518066406,184.0087869952081,181.55937992960256,183.84549034321645,6862546
2022-11-10,181.44273376464844,182.46915761505767,180.55628456916187,181.3960755463409,5494908
2022-11-11,186.48150634765625,189.3508085513581,185.3384441685621,185.9216362521636,28417046
2022-11-14,185.01187133789062,187.85785186777326,184.54531761948658,187.85785186777326,17623428
2022-11-15,185.29180908203125,186.41153517469067,183.82216769553517,185.71170458701732,12462712
2022-11-16,185.8050079345703,187.41462386803371,184.84857856071386,186.1549232037503,11039528
2022-11-17,185.10516357421875,185.68835564597117,184.28869467376535,185.64169743261343,6057616
2022-11-18,183.75216674804688,186.108257098761,183.2622768491055,185.61838143790777,9546202
2022-11-21,181.3260955810547,184.03211562753953,180.8362198833916,183.75218055540807,7904612
2022-11-22,181.39610290527344,181.6760380192505,179.38992735827182,181.48941935596292,8410828
2022-11-23,181.3727569580078,182.86573454331594,181.0228416712721,182.30586438930303,6717760
2022-11-24,185.8050079345703,186.5048384729303,181.55936648756878,181.90928175674875,13370266
2022-11-25,187.92782592773438,188.67431470036894,184.7086082237174,186.15492755105518,13648550
2022-11-28,189.2575225830078,191.03043534535263,187.5546042724309,187.9278415707718,13679200
2022-11-29,189.02423095703125,190.77380735285362,187.9744851195378,188.02114333771092,9102602
2022-11-30,189.8406982421875,190.35391016131868,187.85784501134043,189.8406982421875,13892346
2022-12-01,193.0132598876953,194.24962427142896,192.056816316816,192.61668641870088,15852984
2022-12-02,192.40673828125,193.10656881396895,190.84378057722657,193.0599105975033,11726622
2022-12-05,192.38343811035156,193.59648068558718,191.5902910547501,192.80333362998576,9947062
2022-12-06,191.9168701171875,192.50006225061878,190.2605959153891,191.5202966188364,8832518
2022-12-07,189.56077575683594,191.05375339557827,189.0942220244902,190.8204765294054,6568616
2022-12-08,188.3477325439453,190.3539077390973,188.16109967529866,190.0039924675181,8940712
2022-12-09,183.84548950195312,189.42081220672185,182.53914476817715,189.42081220672185,15423336
2022-12-12,184.91856384277344,185.45509775595903,181.02283755801787,183.30894786512758,10365880
2022-12-13,185.57174682617188,186.3182356446808,184.7552777955099,185.85168191287397,6813842
2022-12-14,186.64480590820312,188.72097561202602,186.27156863560296,186.99472119054928,9995152
2022-12-15,184.3820343017578,186.5048480148208,183.84548613776016,186.5048480148208,7766926
2022-12-16,181.8393096923828,184.1954002484531,181.04616268482621,182.6091204714293,18012634
2022-12-19,181.51272583007812,182.18923444450633,179.94978220034767,181.2328049781259,8838046
2022-12-20,181.466064453125,181.90928191829332,178.69006428659642,181.39607000875586,8778558
2022-12-21,181.72268676757812,183.47226334107856,180.95287592285604,182.37585917406682,10215214
2022-12-22,181.3727569580078,182.86573454331594,180.08973423997688,182.00260732174996,9093800
2022-12-23,176.19400024414062,180.01974624217615,175.89074318970717,179.15661905795108,12120710
2022-12-26,177.523681640625,178.03689355474657,175.56415041873865,176.35729739857095,7261148
2022-12-27,180.36965942382812,180.7195746913712,177.40704064434559,178.45678644697483,7685840
2022-12-28,180.9295196533203,181.745988630525,178.80670600782378,179.62317498502844,7676002
2022-12-29,182.30584716796875,182.93569747221275,179.52984712686168,180.20635564588082,9485398
2022-12-30,183.2389678955078,184.89522785534294,182.67909775348767,183.35560632192124,8256556
2023-01-02,183.37893676757812,183.77551028328767,182.18923045853936,183.35561477645572,5559512
2023-01-03,185.24513244628906,185.57172571663853,182.7490816555303,183.37891773135115,5994422
2023-01-04,181.8159942626953,185.45510766118835,181.30278231211557,185.45510766118835,8926522
2023-01-05,180.50962829589844,182.9823715119509,179.03998695095473,181.95594765048168,9568980
2023-01-06,178.22352600097656,181.39608569005114,177.94359091356645,180.55629466591083,8484754
2023-01-09,182.79574584960938,183.3556160212461,179.6698443992258,180.08973990890837,7347432
2023-01-10,183.37893676757812,183.77551028328767,180.71958906558265,182.88906104928918,7879496
2023-01-11,183.75216674804688,184.75525429622948,182.65576277013596,183.3555932788338,7656600
2023-01-12,184.05543518066406,185.6417149176198,182.18922037528344,184.6386273073455,9510500
2023-01-13,183.77549743652344,185.0351981070501,180.32300294445437,184.755263042701,13621860
2023-01-16,185.9683074951172,187.08803352646075,181.48938913165395,181.9559428312212,23867444
2023-01-17,184.91856384277344,187.57791141868466,183.7055213620349,186.6448040085918,14310032
2023-01-18,188.1144561767578,188.41771323195002,185.6883712590423,185.9216481073577,16080426
2023-01-19,188.20777893066406,188.48771402683687,186.03830685198315,187.60126475403172,9447456
2023-01-20,188.0911102294922,189.14085599266593,187.22798308770948,188.27772885088322,9265614
2023-01-23,189.88735961914062,190.23727490099407,187.7878679280199,189.04756863792804,8815290
2023-01-24,190.16799926757812,191.85173253806494,189.4898243630394,191.00985876624173,9552640
2023-01-25,187.80609130859375,189.84060175139075,187.08115753241947,189.41967200157472,6355554
2023-01-27,186.16912841796875,188.7648880041132,184.36848372196332,187.80608852208962,7410134
2023-01-30,188.13348388671875,189.3261205240334,184.7660174341751,186.1691260772084,7261256
2023-01-31,186.54327392578125,188.2737658080777,186.00541853362367,188.156840102254,9566846
2023-02-01,188.20362854003906,188.9051828320172,186.30943766096152,187.7826988194839,7029896
2023-02-02,191.50096130371094,191.7581921937312,188.20364723989832,188.20364723989832,10835460
2023-02-03,190.77598571777344,193.1612730581105,189.9575057471882,192.95080107069683,8850236
2023-02-06,189.25596618652344,189.9809142092445,187.8294781219689,189.60674334401972,5958022
2023-02-07,187.31500244140625,189.6535168289394,186.636827559758,189.6535168289394,6683580
2023-02-08,190.23812866210938,190.63567892758985,187.5488373534256,187.5488373534256,8300976
2023-02-09,190.96307373046875,191.2670920107048,188.74148512567146,190.23814000027207,5277374
2023-02-10,189.79380798339844,190.3550571042713,188.39069945437433,190.3550571042713,5160140
2023-02-13,187.36175537109375,189.72364893843616,186.70697426785446,189.72364893843616,4825356
2023-02-14,189.4664306640625,190.0978323771063,187.78269752033194,188.48425180745647,4638822
2023-02-15,190.54214477539062,190.75261677437803,187.24484527897997,188.34394986883643,5227672
2023-02-16,191.71139526367188,193.27820266501325,191.0799935618587,191.19691927429972,11189362
2023-02-17,190.02767944335938,190.82278006957978,188.95196850027017,190.2849245980352,5616244
2023-02-20,190.37844848632812,190.72922564060082,188.11010097389197,189.55996845969187,6497188
2023-02-21,188.36732482910156,190.82276481756284,188.063320828019,190.54214024996415,5761172
2023-02-22,184.8127899169922,187.2448505988294,184.48540646534894,186.84730029675768,6883372
2023-02-23,184.25157165527344,186.47316053265266,183.99432648452273,185.11681064161908,6078322
2023-02-24,183.9475555419922,185.44421061816217,183.59677834662367,185.1869797174895,5106634
2023-02-27,182.56781005859375,183.94752489998044,180.27606895191013,183.69029404215735,5554710
2023-02-28,181.02439880371094,183.9007830106504,180.39301131746527,183.26938125124516,10061602
2023-03-01,182.8484344482422,183.22259101802018,181.14130763158983,181.51547847452605,4542612
2023-03-02,181.49209594726562,182.5678211296639,181.14131878905818,181.79611423623936,4438972
2023-03-03,182.61459350585938,183.08229638150695,181.98319176910334,182.6847460825747,4393936
2023-03-06,184.15798950195312,185.51432485571692,183.38628268629077,183.5499815315907,6727722
2023-03-08,183.62014770507812,183.8072259964988,181.86626196083674,183.17582427394015,4908842
2023-03-09,182.45089721679688,184.20478302520016,182.21704577567644,183.71368643495168,4157054
2023-03-10,181.98318481445312,182.35734139140885,180.81392767001842,181.42193567586105,4567396
2023-03-13,180.27606201171875,183.62013440047173,179.48096148934326,181.93640135336685,5982520
2023-03-14,177.46986389160156,181.07116751113995,176.48768498694227,180.79054292792884,8094852
2023-03-15,175.73934936523438,179.4575928055786,175.34179908023552,179.4575928055786,7687926
2023-03-16,174.38302612304688,176.18368511173645,173.05007002632033,175.55228335295445,7686620
2023-03-17,176.09011840820312,176.95537151264924,174.85070874283008,176.4175161038826,9044282
2023-03-20,171.7170867919922,175.83288015471615,170.78168115589455,175.38855676830687,8184754
2023-03-21,171.3663330078125,173.16699195706883,170.92202383407343,172.58236335491802,7211152
2023-03-22,171.3663330078125,173.05006623663868,171.10910213212983,172.04450789557114,5374846
2023-03-23,169.0745849609375,170.6647718403782,168.53672952316236,170.6647718403782,9485192
2023-03-24,169.19151306152344,171.57680055088574,168.8407359093572,169.93984050744322,7906696
2023-03-27,168.95765686035156,170.24383971534385,167.99887171407522,169.19150828853196,6227714
2023-03-28,166.59576416015625,170.26722018643434,166.22159330889247,169.7761378935264,7813096
2023-03-29,167.92869567871094,168.72379620028303,166.03450492335546,167.43761341566548,8823840
2023-03-31,170.82847595214844,171.06232739082353,168.98104387735165,169.93984333981496,7914212
2023-04-03,172.09127807617188,172.30173580542802,170.78170146600024,172.09127807617188,4053500
2023-04-05,172.93313598632812,173.93869430105568,171.74049937844458,172.9097565521182,6443110
2023-04-06,171.48324584960938,173.26052523056717,171.10908928159623,172.58235039374043,6429614
2023-04-10,174.59347534179688,175.10795135248588,171.92757755157743,172.11465584460282,5624940
2023-04-11,173.1669921875,175.31842830090972,172.39528528626587,174.68702655511478,6784354
2023-04-12,174.0556182861328,174.66364057428706,172.74605597391533,173.33068455493364,5578210
2023-04-13,172.2549591064453,173.00328654349664,171.17924822848062,173.00328654349664,6724634
2023-04-17,169.0044403076172,169.2850648931797,164.631415479316,168.34965912341085,13603290
2023-04-18,172.06787109375,172.53557393133735,168.0222444032511,169.98660203038108,8024898
2023-04-19,168.7471923828125,172.06788566553118,168.5601140865662,172.06788566553118,7475944
2023-04-20,169.70599365234375,170.10354395682555,167.9053347013327,168.6068890245973,4423266
2023-04-21,172.13803100585938,172.4420492817828,170.08014128734465,170.29061328249801,5299988
2023-04-24,176.768310546875,177.07231456655046,173.30729779007976,175.38858133113965,17779044
2023-04-25,175.6925811767578,177.2126155121818,174.9676474337423,176.88523206537047,7528552
2023-04-26,175.1781005859375,176.62798230724957,174.64024515131683,176.62798230724957,7008146
2023-04-27,175.10794067382812,176.13689263245726,174.00883614373745,176.0433463550699,8491700
2023-04-28,180.06561279296875,181.4687214640828,177.727098341112,177.727098341112,27709406
2023-05-02,181.63241577148438,183.40968100102344,181.21148603534715,181.93641978796356,9746608
2023-05-03,180.11236572265625,181.63239994576995,178.68586350322406,181.63239994576995,4828488
2023-05-04,179.4575958251953,180.60345928575674,179.15357754303693,179.94867812641323,6253358
2023-05-05,177.44647216796875,179.78498659894663,177.2593938681224,179.0132796913558,7902194
2023-05-08,177.89077758789062,179.13018725604894,177.54000045879914,178.19478157847163,9613544
2023-05-09,178.80279541015625,179.34066511088892,177.75046398844898,178.89634169023805,5716698
2023-05-10,179.48097229003906,179.85512886828582,178.66249228611053,179.597898004886,3670402
2023-05-11,179.90191650390625,180.93086858672734,179.17698272270937,180.3930131097271,4049964
2023-05-12,179.24713134765625,180.18253712116,178.45203073091432,179.87853309940317,4580358
2023-05-15,180.41636657714844,181.00099511433945,178.89633238045178,179.2471095027664,5089694
2023-05-16,180.9776153564453,181.84285417140492,180.76714337417224,181.23484620308344,4059352
2023-05-17,178.80279541015625,181.16470338721652,178.35848626266377,180.62684795964225,5376102
2023-05-18,178.94313049316406,180.22931345449695,178.7794316252716,180.15916087487437,4237016
2023-05-19,180.62684631347656,181.56225201313586,179.36404290967317,179.97205090518844,7281582
2023-05-22,185.09339904785156,185.49094931673628,180.2526717961378,180.767147775097,12197390
2023-05-23,185.98204040527344,188.06332385251395,185.23371297069488,185.67803639930176,12725634
2023-05-24,186.9408416748047,187.2916188251028,183.97092561431558,184.50878105680758,8256974
2023-05-25,184.3217010498047,186.6134422224664,183.64352618960746,186.6134422224664,13605054
2023-05-26,187.87625122070312,188.27378724724613,184.74263623853273,184.8127888153839,7926180
2023-05-29,186.98760986328125,189.88737349287965,186.7771521265075,188.95196771212656,7959308
2023-05-30,188.25039672851562,188.88179842931743,186.82390874828332,187.08113960597825,7378972
2023-05-31,188.78826904296875,189.32612451283143,187.31500779137633,187.89963640495742,11783582
2023-06-01,190.4252166748047,190.82276696060433,188.97533495356055,189.41965838001164,7065484
2023-06-02,189.3962860107422,191.6646335487828,188.95196256771783,191.15017180190293,6320754
2023-06-05,189.04550170898438,191.64124687255236,188.81165027899956,191.24369658694647,7252860
2023-06-06,187.05776977539062,188.64795668904193,184.99986571555587,188.64795668904193,13707400
2023-06-07,188.39071655273438,188.76488742499544,187.5488570681759,188.20363825318353,8215860
2023-06-08,186.87066650390625,189.30272701359118,186.49650993618155,188.9987230181701,10615052
2023-06-09,185.81834411621094,187.24484643033955,185.23371553004972,186.82391670293526,12018232
2023-06-12,185.02325439453125,186.9875978439515,184.55555153421807,186.9875978439515,11973622
2023-06-13,184.99986267089844,186.37959183287708,184.5087803715684,186.12236096621064,13016186
2023-06-14,185.42080688476562,185.74819032698173,183.66692113774045,185.35064003635762,18512564
2023-06-15,181.91302490234375,185.88849903305768,181.58562720584533,185.72480018480846,28702320
2023-06-16,178.3350830078125,181.77270165596752,177.32952477998478,180.32282003127847,41110648
2023-06-19,177.7972412109375,178.66249436550692,176.3707531824659,178.66249436550692,10629440
2023-06-20,178.89634704589844,180.0422247819919,178.00771445115188,178.5689493289692,11802658
2023-06-21,180.29945373535156,181.11793374582334,179.17696971847917,179.71482515644317,8829264
2023-06-22,178.80279541015625,180.53330167956048,178.4754119761868,180.53330167956048,9356174
2023-06-23,177.70370483398438,179.1301928273935,176.83845170068253,178.80279512079548,6470406
2023-06-26,178.14804077148438,178.61574369515492,177.28278750806172,177.72711099481296,4100400
2023-06-27,178.94313049316406,179.71483741533189,178.42865445399897,179.71483741533189,5880750
2023-06-28,178.52218627929688,179.48097142716887,178.1012422893448,179.48097142716887,7140112
2023-06-30,182.00657653808594,182.28720112633115,179.13020662318112,180.06561240189222,9070810
2023-07-03,183.15245056152344,184.22816147566593,182.1702716594338,184.22816147566593,9036924
2023-07-04,185.1869659423828,185.84174713706614,183.80723670063333,184.15801386990933,12617234
2023-07-05,184.22816467285156,184.9297190046394,183.2693794620053,184.32171095968704,12366958
2023-07-06,185.3038787841797,185.65465592907162,183.877376497724,184.5087782131612,9037242
2023-07-07,185.1401824951172,185.88850993589213,183.9007727539493,184.74263220409688,9065220
2023-07-10,182.38072204589844,185.1401658546498,182.2404026347133,185.1401658546498,5630400
2023-07-11,183.36289978027344,183.7136769237938,181.3985563404546,182.40411463058123,9634838
2023-07-12,183.2693634033203,184.2515422363933,182.56780913300506,184.22814853015456,6848220
2023-07-13,184.4152374267578,186.426368347957,182.9887493709571,183.26937394986382,13595726
2023-07-14,189.4430389404297,189.65351093803375,183.50322114449003,184.6257051610082,31366784
2023-07-17,194.21360778808594,198.7503311265953,189.79381016167056,190.3550592889849,45759860
2023-07-18,195.12562561035156,196.57549295906753,192.8104909017827,195.4997821636026,17769026
2023-07-19,195.47642517089844,196.90291325122197,193.69914565604174,196.4352103693901,10830990
2023-07-20,195.33609008789062,196.4351946267433,193.93298155484246,195.73364036021923,8255710
2023-07-21,189.2793731689453,193.79270339063137,187.54886669466813,189.4196783325202,23514212
2023-07-24,188.97532653808594,190.82275846285964,188.71809568569574,190.0276579266679,6808460
2023-07-25,187.26821899414062,189.65350639280013,187.08114070806423,189.65350639280013,6458200
2023-07-26,188.36732482910156,188.7648751104365,187.7359231202941,188.7181019703103,5329662
2023-07-27,187.05776977539062,190.1679910263714,186.6134463367538,188.95196070187603,8948358
2023-07-28,186.49652099609375,188.41410563400828,185.4675689640931,187.57223189696435,6760060
2023-07-31,189.4430389404297,189.88736236952332,186.59006289478396,186.9642194759038,6762180
2023-08-01,190.33168029785156,190.82276258052343,188.97533061588499,189.65350545686826,7181804
2023-08-02,188.39071655273438,189.8405983522823,186.6134512972623,189.8405983522823,5399618
2023-08-03,186.91744995117188,188.01655455506835,185.7014196292685,188.01655455506835,6821698
2023-08-04,191.22032165527344,191.75817710226997,187.2214535444893,187.47869868742427,12481540
2023-08-07,192.29603576660156,193.16128894702516,190.84615398767002,191.73480087592944,8822866
2023-08-08,194.72808837890625,195.26594381262066,191.7347929331768,192.88065637488867,15724284
2023-08-09,195.40625,195.73364771260594,192.95080997493147,194.33053912685247,9309388
2023-08-10,195.8037872314453,196.80934546288822,194.35390560154366,195.07885355307332,9901644
2023-08-11,193.18466186523438,197.44076077343814,192.85727842500864,195.8038007528335,7571468
2023-08-14,194.16683959960938,194.6579361668213,191.52432129353662,193.27820701966792,5792180
2023-08-16,195.8037872314453,196.52873518297497,193.62897192317166,193.69912449314995,8131780
2023-08-17,195.28932189941406,196.62227789423193,193.86283389725017,195.803797895872,6340960
2023-08-18,192.5532684326172,194.7280838234643,190.8227621839407,194.12006155653228,10602392
2023-08-21,193.9096221923828,195.1958051474692,192.52989294948088,192.60004552876276,7334260
2023-08-22,195.07888793945312,195.546590852627,193.04437741251476,194.09670896715596,6350240
2023-08-23,194.21360778808594,195.47641118796412,193.90960379127327,195.14901348483772,6134234
2023-08-24,193.02096557617188,196.43519055997498,192.69356788264213,195.85056201664173,5776956
2023-08-25,191.6178741455078,192.3661873291236,190.40184381239362,191.758179299146,6598510
2023-08-28,190.8461456298828,192.90404962503564,190.65906734118488,192.43634676671155,3401974
2023-08-29,190.8695526123047,192.64681788828753,190.4018497214503,191.5944863838652,3998562
2023-08-30,190.4486083984375,191.85171696441864,190.19136326411257,191.75817068408986,4018182
2023-08-31,191.00985717773438,191.75818465541178,190.09784510729332,190.82277887660487,22061952
2023-09-01,194.72808837890625,195.38286952747853,190.5889152183064,190.79938721431395,8476130
2023-09-04,203.02981567382812,204.15229969034607,194.564390999276,195.49979672523403,27634648
2023-09-05,201.97747802734375,204.6199962673649,201.25253004810156,203.82489571546273,17973426
2023-09-06,200.78482055664062,203.70796326374963,199.19463377860487,202.86610387336535,13531912
2023-09-07,202.4451904296875,202.84274072439968,199.59220006389054,201.0888549593391,9322650
2023-09-08,201.1122283935547,202.7258089585338,200.78483068458084,202.7258089585338,5748410
2023-09-11,203.38058471679688,204.61999439967184,201.15899620617188,202.51533160013236,8253314
2023-09-12,203.4507598876953,206.4908287136034,199.6623635730856,204.4329388245437,14545328
2023-09-13,203.77813720703125,204.8304686182545,201.81377953015118,203.42736006995682,7445670
2023-09-14,204.12890625,207.30927979077018,203.59103657595352,205.0409182063355,14895010
2023-09-15,206.28033447265625,207.54313786583558,204.97077221341397,205.6957059152877,19835876
2023-09-18,203.96522521972656,206.28034587093603,203.54429548979383,206.28034587093603,6025196
2023-09-20,201.1590118408203,204.3160062855001,200.66791525219682,203.09997594106568,9102700
2023-09-21,200.6211395263672,201.69685035231635,197.8616813436004,201.06544866179922,8893070
2023-09-22,195.73365783691406,199.59220664731916,194.84502520793748,198.49310201032947,19818260
2023-09-25,193.67576599121094,196.31828441579106,192.69358708589854,195.7336558141955,9301132
2023-09-26,193.11451721191406,194.93855559792044,192.55328231715168,194.93855559792044,6480566
2023-09-27,194.40069580078125,194.8216255307516,191.89848258212575,192.81050889136057,7773994
2023-09-28,189.5833740234375,194.79825852178982,188.95197225162806,194.79825852178982,16876116
2023-09-29,189.91075134277344,191.40740628874823,187.78270891858867,189.4196690212414,12780272
2023-10-03,189.630126953125,190.86953665564275,188.7648738227475,190.0978298048795,5728104
2023-10-04,189.3728790283203,189.630124156887,187.38514193767435,188.34394133352785,6905870
2023-10-05,190.26150512695312,191.94523816597592,189.41964574402053,190.79937479882645,8125304
2023-10-06,190.7526092529297,191.66462124187694,190.33167954471108,190.82276182543976,6365004
2023-10-09,189.70030212402344,192.22589496972358,188.67135001832781,189.04552090819897,6030450
2023-10-10,190.70584106445312,191.17354392420654,189.98090734109877,190.0744393491543,5128014
2023-10-11,196.9730682373047,198.28264488634204,191.29048100819674,191.29048100819674,19092228
2023-10-12,195.07888793945312,197.32385621342362,193.9564038024679,197.2537036310796,10234398
2023-10-13,192.24925231933594,193.8160597339866,191.31384661186192,192.64680259964408,10914054
2023-10-16,191.8517303466797,192.64681669230038,190.8929308624849,192.22588694777653,5277652
2023-10-17,192.4129638671875,193.55884164370562,192.24926500294788,192.5532832964612,5979388
2023-10-18,190.5655517578125,193.46530116544935,190.35507974416316,191.2904855414318,4881066
2023-10-19,184.8829345703125,185.56110942555463,182.4508882658702,183.31614141019887,25629102
2023-10-20,183.2693634033203,185.23370679630813,182.87181312884337,184.7660039494313,8429336
2023-10-23,179.20034790039062,183.80722392463468,178.7560387474196,182.8016656305693,8837826
2023-10-25,178.59234619140625,181.32841087272428,178.2415690341388,179.784982816852,6678294
2023-10-26,176.90859985351562,177.9843106800438,175.41194505097747,177.16583070715905,10995582
2023-10-27,178.82618713378906,179.7615928316008,177.28275916850478,177.28275916850478,6202812
2023-10-30,178.66249084472656,179.76159541005225,177.91416342111174,179.59789655595551,4688744
2023-10-31,178.56895446777344,179.6446796592415,177.32954468628913,179.2237499204754,6153536
2023-11-01,178.17140197753906,180.32282361540877,177.79723114296675,179.52773735411367,4241952
2023-11-02,179.43421936035156,180.13577372845393,178.70928555590984,179.50437194252976,4742730
2023-11-03,179.38743591308594,180.86071142002535,178.96650617102867,180.53331369111453,5291528
2023-11-06,179.90191650390625,180.74379028253068,179.13020957837026,180.53331826958467,4939936
2023-11-07,179.27052307128906,181.00102958015677,179.06006532171997,180.01885059601997,5692178
2023-11-08,178.75604248046875,180.46315509997328,178.42864476246675,179.8785265129403,7102052
2023-11-09,178.12464904785156,179.59791030115886,177.5867935773628,179.13020740974957,9231126
2023-11-10,177.39967346191406,178.56893050891628,176.32396268793494,177.86737628071495,10710700
2023-11-13,178.49879455566406,179.08342313358327,177.7270876874424,178.9431179841461,3585902
2023-11-15,183.17581176757812,183.4564363221288,179.71481365654046,180.32282163043544,10792518
2023-11-16,185.72482299804688,186.84730709467206,182.0767318425655,183.17583650363667,13843576
2023-11-17,184.92970275878906,186.61343586179783,184.50877305132641,186.1457330150264,7886928
2023-11-20,187.17469787597656,187.5956276124243,183.90077772313552,183.90077772313552,8610496
2023-11-21,187.38514709472656,188.29717337656265,187.10452252545713,188.29717337656265,5440248
2023-11-22,187.19805908203125,188.29716359523314,186.6602036782135,188.25039045725816,5318582
2023-11-23,188.25039672851562,189.41965385105297,187.31499103048571,187.31499103048571,9677360
2023-11-24,185.21034240722656,188.71811404372707,184.9998703997728,188.25041115886032,6250566
2023-11-28,185.60787963867188,186.49651220268626,183.85399394397578,185.67803221182805,8145314
2023-11-29,190.00428771972656,191.07999859324556,186.14573910757213,186.14573910757213,15544086
2023-11-30,193.18466186523438,193.86283672589119,188.9753360979653,190.33168581927893,19825958
2023-12-01,190.6590576171875,193.5120477620879,190.12120221217822,193.5120477620879,9830426
2023-12-04,190.5655517578125,193.16129713596902,190.23815401950458,193.02099197564263,10662472
2023-12-05,189.1156768798828,191.29049258396824,188.06334531921306,190.54216506397103,11165368
2023-12-06,195.8505859375,196.62229285432332,189.86399463183844,190.23815123600747,22082070
2023-12-07,195.61671447753906,197.13674872034122,194.86838707260486,196.43519445443255,11250552
2023-12-08,197.6512451171875,198.53987775782028,194.09670028149685,195.8739655627624,15479122
2023-12-11,196.7158203125,197.4641477223684,195.14901292034136,196.43519574965458,10084242
2023-12-12,197.4641571044922,200.13005489529326,196.5053576586447,196.76260280062473,11903364
2023-12-13,196.27149963378906,198.44631504812236,194.09668421945574,198.09553790796673,9696816
2023-12-14,203.1701202392578,203.91844767250421,197.95523618666837,198.0721619020769,24681376
2023-12-15,208.8527069091797,210.23243605865005,202.74919028125652,203.94182686776517,41567234
2023-12-18,208.2447052001953,212.1032539209176,206.72467085566834,208.59548235662461,20182072
2023-12-19,205.18124389648438,209.22687065279294,203.45073765999817,208.408390673701,16064694
2023-12-20,202.02426147460938,210.23244117727268,200.80823115154396,206.72466963371417,26449942
2023-12-21,202.98304748535156,204.15230467132707,199.80267364876173,200.59775997132968,10663008
2023-12-22,216.38272094726562,218.08983349710155,202.98303713395313,203.5910451303906,46080814
2023-12-26,219.86712646484375,222.53302431358006,209.6945888376961,212.33710725172563,54628644
2023-12-27,220.26466369628906,222.3459328222598,217.06089630781915,219.11878600047044,25262992
2023-12-28,219.56312561035156,223.28135499131406,218.72125185139373,221.01299313887566,16839956
2023-12-29,220.4283447265625,222.32254980916113,217.99629850101053,220.26466014964544,15961140
2024-01-01,223.1644287109375,226.13434488515725,219.02525532428155,221.2234645929253,20347278
2024-01-02,219.44618225097656,223.56196160899177,217.15442687453353,223.56196160899177,14282514
2024-01-03,213.22573852539062,216.9673615371041,212.80480879120466,216.9673615371041,19534364
2024-01-04,211.58877563476562,215.07316772719898,211.1210727645415,213.74021169242843,15170336
2024-01-05,213.55313110351562,216.54642658614375,212.10324936677364,212.82818309856526,16889130
2024-01-08,210.6300048828125,215.14333503489073,210.0219825459919,213.97407777926634,10082886
2024-01-09,210.8170623779297,216.31257093686628,210.4429058023293,214.2079080845076,14465048
2024-01-10,212.1500244140625,213.27250844598856,209.99858836019487,211.1444660994862,8874676
2024-01-11,209.6244354248047,213.69344189554823,208.92288110848762,212.7814298482315,8638818
2024-01-12,217.6923065185547,219.3526459975455,212.8048058185143,212.8048058185143,36086734
2024-01-15,231.32583618164062,247.41481162553117,228.7768498989195,239.44048361416074,127844264
2024-01-16,226.8358917236328,231.51292041896545,224.7312288107331,231.51292041896545,25912492
2024-01-17,225.61985778808594,229.8759566871802,220.7557508776176,222.22901203837677,28668932
2024-01-18,225.73678588867188,228.7067019485662,219.0720200343425,225.61986017192925,26144924
2024-01-19,226.85928344726562,230.74122603857958,226.18112281360038,228.23901269639498,15498620
2024-01-23,219.77357482910156,227.30359385889423,218.44061880060593,223.5853503488525,19972336
2024-01-24,224.06216430664062,224.5074352964128,219.37516148208087,220.757833036765,11708750
2024-01-25,220.28915405273438,224.67150497812025,219.60953285602577,224.06218596985764,12852980
2024-01-29,221.6952362060547,223.57003735790292,220.2891353421685,220.2891353421685,10051300
2024-01-30,221.46090698242188,226.33538757697656,220.99220665018396,222.35143475295413,11828014
2024-01-31,224.1090545654297,224.92928012330015,219.82044950928383,221.46090062502475,10584480
2024-02-01,220.92189025878906,223.89814003788726,220.5703650322089,223.82782354969277,7828120
2024-02-02,226.4525604248047,228.02270938302317,222.63265561549025,222.63265561549025,16296222
2024-02-05,226.0775909423828,229.42879520260007,224.57774427171316,226.38224327447566,11566604
2024-02-06,234.1861114501953,235.19381427499238,226.42912689474963,227.17905026562138,29024038
2024-02-07,232.10040283203125,235.1469548942664,230.858335548395,234.79542965631617,9103534
2024-02-08,229.12416076660156,234.39703951558627,227.36653451694,232.4284923945257,11303840
2024-02-09,229.8740692138672,231.88947479432915,226.2650711611165,230.0849757679538,7893788
2024-02-12,235.02978515625,239.41212177941034,230.1318610080605,230.1318610080605,48873500
2024-02-13,239.78709411621094,240.44327172413398,230.45996031550723,235.80314127087928,22373576
2024-02-14,241.1463165283203,242.31806733749582,232.96749015883574,236.20153383503916,22594656
2024-02-15,243.02110290527344,245.05993774520698,240.46668057663325,242.2946231696187,14570776
2024-02-16,254.50428771972656,255.44168841114362,244.16945081829346,244.8959306327019,34942644
2024-02-19,251.19996643066406,255.86354078547805,249.04392758659327,255.86354078547805,18602758
2024-02-20,249.3251495361328,252.23109734169898,246.65355189864138,251.12963438742884,10374126
2024-02-21,244.38037109375,251.3639890632972,243.4898289962164,251.17652608979455,13115574
2024-02-22,248.90328979492188,249.81726110577247,244.40377833608287,245.03651230125843,14596482
2024-02-23,251.29367065429688,253.68403067831838,249.95785767024168,250.75465388064728,19860994
2024-02-26,249.77040100097656,251.4577106359911,246.5597867856682,251.34053556113741,8820636
2024-02-27,249.09078979492188,251.8795624092717,247.26284711131186,250.28596988472975,10399260
2024-02-28,242.64614868164062,248.85642759649994,241.38065216245653,248.41115659437276,12789056
2024-02-29,243.06796264648438,245.71613076812264,240.53699820632337,242.4586579816602,14462764
2024-03-01,243.3023223876953,246.1614114772042,242.57584261994688,244.8490563149495,9420630
2024-03-04,243.95851135253906,246.72385462438982,243.04454002660896,245.1068328334668,5662370
2024-03-05,240.58387756347656,243.9585257155638,239.34182452958305,242.66959978719146,10521548
2024-03-06,240.51358032226562,241.3103479794192,234.3501596798078,240.771359776474,11091922
2024-03-07,241.61502075195312,243.91166381788676,239.27151909577512,240.7947951722908,9707982
2024-03-11,241.16973876953125,243.23203157624292,240.11516307211664,242.50555181724107,11131512
2024-03-12,239.43556213378906,244.8959180193378,237.9825882762082,240.32608988404874,11652760
2024-03-13,236.41244506835938,243.11486841139475,232.85031967738382,240.8182253371664,13580480
2024-03-14,242.76333618164062,243.20860720655952,232.0769603159742,234.88916223268663,12825472
2024-03-15,242.3180694580078,242.90394486772254,237.34984312290723,241.26349372052132,13649086
2024-03-18,239.1309051513672,243.04454131773954,238.56845905494563,242.78676186731207,6393960
2024-03-19,231.93637084960938,238.56847793542434,231.13957453388622,238.56847793542434,9617386
2024-03-20,231.30360412597656,234.93603154639464,229.28819850447428,232.49878420093285,8385344
2024-03-21,234.56106567382812,236.83425063572383,233.62366509453992,234.1860968599542,11644580
2024-03-22,228.30392456054688,230.01467783656372,224.7652286270561,229.31162736941172,28646502
2024-03-26,224.90585327148438,230.1084297272015,224.53088443022622,227.78835740258748,18273346
2024-03-27,221.3671417236328,225.42141068376674,220.8750121395091,224.83553532000147,14320668
2024-03-28,225.02304077148438,226.40569822106127,222.77327051056673,223.4294624430841,15455150
2024-04-01,227.2962188720703,227.97582573288165,225.70262639050296,226.71034349019942,6041008
2024-04-02,225.53860473632812,226.24165523201043,224.7886813468805,225.89012998416928,6932654
2024-04-03,226.4759979248047,228.58514934226153,223.07792064112422,224.976151195396,13794516
2024-04-04,228.4445343017578,230.57712935106778,224.78867750808175,227.69461092511693,16004046
2024-04-05,227.3430938720703,228.32736744538963,226.17134302373762,228.02271508554298,6414344
2024-04-08,224.9292755126953,230.41307485149022,224.13249356925562,229.66315149608945,26640770
2024-04-09,223.0076141357422,227.43683803215106,222.72640537703612,226.82753331682247,15801250
2024-04-10,223.7106475830078,224.71836467140176,221.74211490415954,223.80439336449498,10771534
2024-04-12,220.64068603515625,224.97616419941582,220.28916077859466,222.63266248900524,13170046
2024-04-15,215.2974853515625,219.51578804540725,214.7584828680686,218.62526033742628,12176472
2024-04-16,210.14178466796875,214.89908990436874,208.47789000258084,212.34466751994407,21439424
2024-04-18,208.26698303222656,213.4695592695721,207.56393257592578,212.0868876507413,21986258
2024-04-19,212.20407104492188,212.74307355516106,204.82204096439725,206.22814193211624,20470106
2024-04-22,216.53955078125,218.48465427495057,210.9151468648539,212.20407276236133,18881740
2024-04-23,216.58641052246094,218.78929334045404,215.69588281716167,218.78929334045404,10322712
2024-04-24,215.55528259277344,217.78160919834875,214.94597787479248,217.43008394483687,5915168
2024-04-25,216.07086181640625,216.7973416390346,213.63361426970545,215.08658821856173,11805090
2024-04-26,217.75816345214844,223.0075982591932,216.35206254432603,216.49266691366904,21478294
2024-04-29,216.98480224609375,219.35173295936585,216.35205400183762,219.18768499921092,7249940
2024-04-30,216.72703552246094,218.76588487316099,216.30520807490902,217.0082585886953,8902956
2024-05-02,214.38351440429688,217.00823894556763,213.46955740126376,216.72701590478897,14937276
2024-05-03,214.360107421875,216.5395611834561,212.41500383473485,215.7896377645251,9730626
2024-05-06,214.96939086914062,216.82076278535357,213.72733792830323,215.03969305379218,6918126
2024-05-07,217.43006896972656,218.10969013448153,212.78993880367014,216.44579546696352,9278528
2024-05-08,217.10198974609375,218.6018221589237,216.21144771244036,217.9456445843357,8205680
2024-05-09,213.68048095703125,217.664433824877,212.8133824721332,216.42238079150374,9233484
2024-05-10,211.78225708007812,214.43041121026087,211.0557629517415,213.7507899778814,6654714
2024-05-13,211.8291015625,212.43840621741535,208.5716288290123,211.78222867283012,7111608
2024-05-14,213.89138793945312,215.55526830770268,211.94628452631116,212.18063467978845,4909420
2024-05-15,214.8053436279297,215.48496479025175,213.0945903788409,213.89138661717723,4793424
2024-05-16,217.6878662109375,219.11739644491414,213.77421573457067,216.5395447220328,14621472
2024-05-17,216.07086181640625,217.66444014912622,215.6255907615053,217.66444014912622,6876820
2024-05-21,216.0239715576172,217.85189991892292,215.46153976376843,217.00824507635056,8467448
2024-05-22,216.21144104003906,217.21915812032728,215.06313389584702,216.96136437511018,7765884
2024-05-23,218.3206024169922,219.35174883809788,216.4223718504096,216.77389708893222,13171332
2024-05-24,217.31289672851562,220.52349672540754,216.53954407468288,218.88304563393268,8205526
2024-05-27,212.06346130371094,216.6098457354718,211.6650631788849,216.53954354958444,40983758
2024-05-28,213.7507781982422,214.31322431153265,212.36812081710127,212.78994825026973,15778126
2024-05-29,211.2900848388672,213.4929819215162,210.68078018380137,212.7899314870875,9756036
2024-05-30,204.79861450195312,210.68079791015185,203.93151603248188,210.44644774562443,20724568
2024-05-31,205.38449096679688,207.23584869390075,204.11899435041784,205.0798243084693,21438004
2024-06-03,208.14981079101562,211.17291921212257,206.95461641686776,211.00888554629688,8964424
2024-06-04,205.3610382080078,208.99346561479234,195.4480295005349,208.99346561479234,17730732
2024-06-05,211.61817932128906,213.25863032377967,205.7828550338477,206.08752166290262,12267428
2024-06-06,216.07086181640625,216.53956216741798,212.13378172862767,213.23523041422513,15425568
2024-06-07,227.10873413085938,227.97583258280136,219.49235393769075,220.28915020241553,72672440
2024-06-10,222.7498321533203,228.9132386409775,221.8593043857575,228.9132386409775,18311752
2024-06-11,223.12478637695312,224.6012038593448,222.32800439810572,224.6012038593448,9371714
2024-06-12,223.52317810058594,227.0384304746891,222.89042981252769,224.03875130950746,13875116
2024-06-13,226.1947784423828,227.48370432893392,224.1090562863424,224.97615474346927,12995932
2024-06-14,223.8043975830078,227.6008729472298,223.19509290265046,227.3196499010655,11322596
2024-06-18,230.53025817871094,231.06926069283247,224.99958575035404,225.44485678144505,31870984
2024-06-19,232.35816955566406,233.01434710317028,228.1398669313555,230.7177185350996,20880284
2024-06-20,229.85061645507812,233.17839133280856,228.84291370501262,233.17839133280856,12571126
2024-06-21,229.9209442138672,234.7954391534893,229.24133730850002,233.3893381448135,95171176
2024-06-24,229.9209442138672,231.95979353716695,229.40538528689868,229.71003764472528,9934518
2024-06-25,232.87374877929688,233.41275126789063,229.33505290381956,229.92092828350803,9258210
2024-06-26,232.10040283203125,234.30328574102677,231.4442109449787,232.873755494802,12812090
2024-06-27,239.41212463378906,239.951141460201,229.28820887292332,230.67086627460867,42137138
2024-06-28,241.3103485107422,241.98996969674948,237.09205993081633,239.97456404050502,16405832
2024-07-01,247.16909790039062,251.12962125518663,240.95881877116275,242.73990284115155,30757528
2024-07-02,252.25450134277344,255.44165758756452,247.6143570372955,248.08305732644698,36276968
2024-07-03,252.62945556640625,255.652578149447,250.98900455623476,253.9886978462836,16049384
2024-07-04,248.73927307128906,257.22273767708566,247.9893353722806,253.75437236846525,19524632
2024-07-05,250.801513671875,251.45770552058508,248.1533741983706,249.04388758482523,10376090
2024-07-08,253.66062927246094,254.50428416150137,250.75468144825643,251.19995249189395,12176360
2024-07-09,253.56686401367188,255.41823593262316,251.97327154002355,254.9729649231747,8681444
2024-07-10,251.01246643066406,254.6683234349948,249.23141082416439,253.56688905664868,9233748
2024-07-11,250.3328399658203,252.88726253836919,248.41118001612216,251.55147801323736,8807618
2024-07-12,262.5425109863281,264.7219504369816,253.8246673621174,255.44168928176285,54186042
2024-07-15,262.3315734863281,265.7062214945412,260.66769308026113,265.7062214945412,16099478
2024-07-16,262.3315734863281,263.69078724307144,260.784868159663,263.3392620048659,11239032
2024-07-18,268.6590270996094,269.2214732007658,260.7614096034311,260.8551553881567,25019786
2024-07-19,261.1598205566406,271.79932340076317,259.98806977220414,271.79932340076317,26523490
2024-07-22,237.06861877441406,246.88789630919507,235.0766423922326,244.19286943918488,76014568
2024-07-23,234.60794067382812,238.09976379741474,227.95240467739822,238.09976379741474,25847632
2024-07-24,234.39703369140625,237.32641070138783,234.27985861100697,235.52191160251942,12240276
2024-07-25,237.56076049804688,237.86541284589825,231.2098625679824,232.47535915579414,21887890
2024-07-26,245.9739227294922,247.73154893317167,238.33411321893814,239.03716370040993,26153996
2024-07-29,245.7864532470703,248.6689429803416,245.05994488305888,247.47376291497562,12011554
2024-07-30,244.4272003173828,246.9816226097322,243.60697481296208,245.7864425961582,10816526
2024-07-31,244.66156005859375,246.02080239068675,243.46637999813763,244.56781427582933,7758508
2024-08-01,244.4506378173828,246.91131441325822,242.5524073077182,245.13025897958767,10759752
2024-08-02,235.35784912109375,243.3726269870687,234.81884664520257,241.3806507430725,15652228
2024-08-05,227.3196563720703,232.4050577310106,225.09332984059128,229.66315798415351,21938080
2024-08-06,229.42880249023438,234.04550341945009,228.069574447539,229.545977568115,11271584
2024-08-07,233.1315460205078,234.39704265867312,230.90521940774983,233.74086504405375,7079826
2024-08-08,228.3976593017578,231.5379571546469,227.9524025816965,231.5379571546469,13160570
2024-08-09,230.2724609375,232.68627902253954,229.49910827209058,232.17070581106705,6065948
2024-08-12,229.21788024902344,231.53795249853513,228.44452760038564,230.38963102077716,7338468
2024-08-13,229.8975067138672,230.92865313820266,228.3273577828285,229.21788552915535,6289418
2024-08-14,232.07696533203125,232.873761613761,229.87408236515307,231.06926248414877,11121756
2024-08-16,241.96653747558594,242.52898357469255,233.3893274376002,234.818857676065,25931140
2024-08-19,243.60699462890625,245.22401647630969,240.77136337582942,241.84936840503246,11466562
2024-08-20,245.9036407470703,247.28628384138884,243.56013908592297,243.67731416898033,9543812
2024-08-21,246.7003936767578,247.520619209121,244.21628778589715,245.31775066510264,6454402
2024-08-22,243.25546264648438,248.6689455446344,242.81019162732986,247.3800196828274,11496506
2024-08-23,240.16204833984375,244.40378038951596,239.66990443617465,243.677300636345,11277706
2024-08-26,243.7241668701172,245.97392268901726,241.82593629189515,241.84936558650088,17351380
2024-08-27,242.3883819580078,245.2474424674489,241.84936514706857,243.72416642727842,7965796
2024-08-28,250.56716918945312,252.20762024110513,242.71643915654712,243.72415624544035,34375566
2024-08-29,252.48887634277344,254.01215243246963,250.3094083407904,250.7546793807566,25685318
2024-08-30,252.34825134277344,254.0355609690623,251.08275481945884,253.8949566014042,19434804
2024-09-02,249.55947875976562,254.035560872895,249.27824141736002,252.34825124724486,15735982
2024-09-03,251.24679565429688,253.49655142265053,248.1768143427895,249.8172654290969,15056686
2024-09-04,243.32577514648438,247.5909364854662,242.20088296992836,247.47376140904146,20402128
2024-09-05,245.99734497070312,246.53636176725539,243.48980976823037,244.2866060124916,12069118
2024-09-06,244.00537109375,248.36430688306228,242.99768258681615,245.99734742064334,14579954
2024-09-09,241.3103485107422,244.54439216432323,240.6541852265123,242.36492423162332,11919540
2024-09-10,246.41920471191406,247.47378048100927,240.91197569552796,242.22433093118448,10287272
2024-09-11,241.07598876953125,246.65353380340355,240.56042988046912,246.0676584261983,8261524
2024-09-12,248.4346160888672,249.34858749756313,242.66960747530698,243.93510414833221,15779474
2024-09-13,258.06640625,258.95694837507466,248.8095741587643,250.19224593940146,35919706
2024-09-16,258.67572021484375,260.99576393249436,257.31647783259405,259.19127912827776,11088578
2024-09-17,258.67572021484375,260.08182118660653,256.4025064795087,257.31647783259405,8728238
2024-09-18,252.23110961914062,257.3399263675241,249.65325764484083,257.3399263675241,16665520
2024-09-19,249.98130798339844,258.46480106712386,248.01278949559256,255.06672369609075,20969182
2024-09-20,252.67633056640625,253.4496975357465,248.87986942483846,252.11391306928303,16664232
2024-09-23,250.70782470703125,253.28567659140745,249.3485822705716,252.67634326025052,8544290
2024-09-24,252.88723754882812,253.98870040248872,248.1064888353461,249.4423018356755,12355694
2024-09-25,251.317138671875,252.81698554482819,248.7627159892641,252.53574816459962,8065196
2024-09-26,253.98870849609375,254.55112598026426,251.08276086336096,252.48886178818037,11403400
2024-09-27,253.94183349609375,261.9566263167798,253.426274575113,257.2696230089627,26462384
2024-09-30,253.77780151367188,255.20733181063895,250.28597830464867,252.16077964026402,8199446
2024-10-01,256.26190185546875,257.5976863344701,253.19192045820077,253.19192045820077,9411274
2024-10-03,248.48147583007812,254.22305451298524,246.65353321468234,253.14502093574376,14035368
2024-10-04,250.07504272460938,254.01213674071784,247.49719103975647,247.49719103975647,11922754
2024-10-07,249.09078979492188,253.8949680558179,246.5129380451728,252.16077115727455,9878074
2024-10-08,246.98162841796875,250.1922140250405,243.8647599849928,249.13763835169922,11502804
2024-10-09,248.95018005371094,252.48886165790805,247.70811279454935,248.31741747355073,8841688
2024-10-10,246.0676727294922,251.9732854321209,245.3411929409685,250.75467601957777,12620244
2024-10-11,247.61436462402344,250.47345363976524,243.8881914896627,243.8881914896627,8436982
2024-10-14,257.5742492675781,258.65225425758405,251.36397016903481,252.48886235429111,33136266
2024-10-15,249.79383850097656,259.1209576014352,248.8095506755513,259.1209576014352,21601252
2024-10-16,249.4188995361328,252.53573965983412,247.94248200945412,249.81728338570707,12553622
2024-10-17,247.82530212402344,252.16078022264702,246.09110516313436,250.73124992237834,23755278
2024-10-18,257.1524353027344,261.7222633035247,245.97391579802175,249.34856373542928,74653054
2024-10-21,256.8946533203125,263.36274110979775,256.3790943723156,258.535104564011,23966964
2024-10-22,255.65257263183594,260.36300470936936,254.90263502191155,257.69140740045356,18478300
2024-10-23,256.47283935546875,259.8943462172314,254.129337586152,256.6134437401879,12698576
2024-10-24,256.33221435546875,258.01952405079675,255.51198880217376,256.47281872887993,9576604
2024-10-25,254.71519470214844,258.72257671791584,253.3325230362926,257.66800099759826,10124540
2024-10-28,261.81597900390625,262.378425091504,254.36366131662385,254.7151865454729,11185858
2024-10-29,263.5033264160156,264.0657725231426,259.3084528179905,262.37843420176176,12055630
2024-10-30,264.932861328125,271.26031577824386,262.9877435172464,263.6439354216193,20755492
2024-10-31,258.6288146972656,265.4249689126901,256.98836367974934,264.7219184766117,15680094
2024-11-01,258.41790771484375,260.08181672195786,257.7851737312912,258.58196998971823,1962810
2024-11-04,253.47312927246094,258.9334994850865,250.3797185796895,258.25387829445106,9855560
2024-11-05,254.83236694335938,255.60570529865896,253.28566162556328,254.5042710014761,6862260
2024-11-06,264.3001403808594,265.2140831830394,253.5668908591009,256.59001385603284,19554884
2024-11-07,264.0657653808594,267.01857160441347,259.8708918962945,265.2843747406764,11997142
2024-11-08,266.69049072265625,271.2837482860708,264.81568938189946,264.81568938189946,20852658
2024-11-11,268.79962158203125,273.34602020555536,265.3077986316712,266.6904702357032,16139444
2024-11-12,267.4638366699219,271.70556864813176,266.7138990283183,269.5026715246649,11260890
2024-11-13,266.69049072265625,268.84650082164734,265.0734688448139,267.1591910578455,11391200
2024-11-14,265.61248779296875,269.29177401068847,264.4407369456442,266.66706355556084,9783520
2024-11-18,259.1209411621094,265.6124572747471,253.23875830582824,265.6124572747471,15289764
2024-11-19,263.4095764160156,267.06543314305475,259.9880698459302,260.5973745325706,12919778
2024-11-21,261.1363830566406,266.0342782959199,260.26927033908703,263.40956806413783,11672608
2024-11-22,267.93255615234375,268.8464989137181,261.487926589228,263.3861572118334,14733232
2024-11-25,272.9945068359375,275.3848670226988,268.98712482533307,269.7370338937139,23297474
2024-11-26,276.0644836425781,276.6972176206119,271.5180848968043,274.1896823954299,15771340
2024-11-27,273.2054138183594,279.34537624941964,272.73671352263887,277.2362249186774,13659676
2024-11-28,268.1903381347656,274.6583970538431,267.41697113704186,274.54122196977573,11896556
2024-11-29,270.8384704589844,272.1977128398497,267.9090934374621,269.5026859800492,8540112
2024-12-02,273.9787902832031,274.4474906441725,271.00255443392757,272.99453096804734,11194000
2024-12-03,273.39288330078125,277.65807325800534,271.1899861368519,276.86127701481433,15445286
2024-12-04,275.59576416015625,278.40796583525986,273.533471488869,276.2050688016564,14036431
2024-12-05,280.5639953613281,282.0638420813867,275.50203771242764,276.53318412041773,13487264
2024-12-06,278.7360534667969,280.42336297882645,277.65804857815607,280.42336297882645,7894350
2024-12-09,284.7354431152344,286.56338579786535,275.3614367575312,276.5331875522441,9285213
2024-12-10,288.8131408691406,291.5315969845345,284.4542336453129,286.8445938175806,17028502
2024-12-11,289.6568298339844,290.5004847819637,286.4227858249966,288.8600334803149,8608406
2024-12-12,289.7505187988281,294.1562842662282,288.20381359636644,288.7193724614554,12958440
2024-12-13,290.5473327636719,291.5784505569044,285.1572792144073,289.75053651755866,7382211
2024-12-16,289.84429931640625,291.90656363113567,287.8757521831477,290.59420841136273,7221189
2024-12-17,289.51617431640625,292.7033305610442,288.0631862557892,291.5315798382218,10568517
2024-12-18,293.0314636230469,293.6407683546974,289.23497363562603,289.65681539218355,10965226
2024-12-19,293.17205810546875,293.7813628165425,282.2982046653291,287.17269956831524,12405595
2024-12-20,286.0946960449219,299.96821452376685,285.34475834429355,295.74991150702635,22214824
2024-12-23,288.6256408691406,291.203492535669,285.9071848331499,287.4070315242057,6693583
2024-12-24,286.1883850097656,289.84427014958453,283.8448835648537,288.2506777241663,8837902
2024-12-26,285.95404052734375,287.73512454649966,284.96978134386995,286.282136457567,6516148
2024-12-27,289.7505187988281,291.4378283638418,285.625962056532,286.0946623365019,8063921
2024-12-30,284.6885681152344,290.031734266796,283.7042803400973,289.7505255351542,13709891
2024-12-31,282.95440673828125,284.0324118207817,276.7675564029234,282.11075183055044,9337030
2025-01-01,281.5013732910156,284.3604621284538,280.23590543620924,281.2201645693241,7878201
2025-01-02,284.78228759765625,285.3916208664818,278.54857940000534,279.3453756223808,8800435
2025-01-03,276.01763916015625,284.7823125527354,275.59579741511095,284.3136122169954,12535720
2025-01-06,275.87701416015625,279.15791660531636,272.36176154034183,276.5332060920679,9173687
2025-01-07,275.64263916015625,278.8766827219958,273.06478747112936,275.87698931370414,7381943
2025-01-08,278.9235534667969,279.7672369420987,271.1899980626469,274.6583919292054,7937785
2025-01-09,274.002197265625,279.34539238841666,273.1116838166247,278.40799174281796,7964702
2025-01-10,281.7357482910156,284.2667414383746,275.8769943454597,275.8769943454597,19505556
2025-01-13,273.5803527832031,280.51711104414244,272.0805062007096,280.23590232557234,9541248
2025-01-14,274.51776123046875,276.11132502693494,268.6121205056024,273.5334734727269,7670070
2025-01-15,274.33026123046875,276.2519494942262,271.5649468126628,274.658357139617,4662694
2025-01-16,270.0182189941406,277.9392651434681,268.7527511279784,277.3768190878434,10345666
2025-01-17,264.3001403808594,269.7839116227367,262.94089791489023,269.7839116227367,9358955
2025-01-20,281.45452880859375,286.28213615414626,278.3611182862153,283.0949798507754,39380165
2025-01-21,279.6734924316406,286.7039973765929,279.1579049046921,283.4699536590357,15619474
2025-01-22,289.7505187988281,290.594173581335,280.6108633394152,280.6108633394152,30859317
2025-01-23,297.81219482421875,304.28025351993773,291.20350314671674,291.6253448776712,39904371
2025-01-24,300.0619201660156,302.3116757525023,296.7810182586241,299.03077384511084,17479586
2025-01-27,288.6725158691406,299.17138504862663,287.54762374656946,297.9058885625328,12372895
2025-01-28,290.2499694824219,294.0740796754033,288.2900955031316,290.6323746665909,12077491
2025-01-29,298.7108154296875,300.86187738666854,291.63618831954506,291.63618831954506,16338112
2025-01-30,295.41253662109375,299.9058781363986,292.49666403020615,297.3245918743047,9984186
2025-01-31,298.18499755859375,301.81791988250086,295.9383269014854,297.99380954721744,15597644
2025-02-01,291.3971862792969,299.4756307667261,290.01096383380866,298.80639980983835,6046117
2025-02-03,299.81024169921875,300.19264687922254,287.0950579406672,289.6763439630714,14877076
2025-02-04,302.3437194824219,304.8293970034145,299.57124536024196,304.0167677325222,15366864
2025-02-05,303.1563415527344,307.3150672250492,301.0530692751639,303.825543331492,9628027
2025-02-06,303.9689636230469,309.3705133109035,300.71844669347786,305.92880838148284,15062390
2025-02-07,304.0167541503906,304.97278167916545,300.1926440352914,304.97278167916545,8589587
2025-02-10,305.02056884765625,306.88483418351484,301.961298286416,304.781561967451,12304840
2025-02-11,299.23663330078125,306.3112315756385,297.89820052050766,305.45081258658024,10627890
2025-02-12,296.5597839355469,301.86572563753896,295.7471546109734,299.6668737481264,9668342
2025-02-13,294.9822998046875,299.8580463253531,293.4526790085659,296.6553480791362,8832731
2025-02-14,294.5521240234375,298.6630312373382,291.1582083694977,296.41636043063266,7371341
2025-02-17,291.92303466796875,296.65535380159326,288.72033635997207,294.5521105785314,7507772
2025-02-18,298.4718322753906,298.99763579197605,291.92303729501725,291.92303729501725,10368789
2025-02-19,300.28826904296875,302.58272940235975,294.7432915674903,297.5635846018467,7835672
2025-02-20,299.5234069824219,300.47943449168673,296.60753474942175,297.51577255348104,7697134
2025-02-21,292.8790588378906,299.0454193049779,291.6362054620812,299.0454193049779,8722925
2025-02-24,282.075927734375,289.96315532321836,280.450698342668,289.62856900845134,12600963
2025-02-25,278.4908447265625,283.2709830100644,277.3436290439112,281.40674658488786,10810040
2025-02-27,281.5501403808594,282.7929646443696,278.5386591457014,281.0721265601788,15555649
2025-02-28,265.4410705566406,281.07212843212847,264.8196584207469,281.07212843212847,17458839
2025-03-03,271.08160400390625,273.7584986875257,267.0184868583757,267.1619143334405,11471554
2025-03-04,267.6877136230469,270.6514048590025,264.1504000227699,266.7316860743931,9331785
2025-03-05,272.5634765625,274.3321334703956,266.39708682773204,269.0261627467088,10285712
2025-03-06,273.3282775878906,279.16005162477023,271.033817245282,275.7661654071248,9782051
2025-03-07,272.2766418457031,275.0491451553082,270.4601952872919,274.7623193772562,8097300
2025-03-10,268.54815673828125,273.0892880028726,265.7278927214502,271.94207234668045,8165123
2025-03-11,265.5366516113281,267.01848264133116,261.18673793565813,264.81963094991136,8602609
2025-03-12,256.7412109375,265.48888718012614,250.67045876671983,265.48888718012614,18584311
2025-03-13,252.3912811279297,259.17908278127226,251.76986903603944,256.7411949468078,8683943
2025-03-17,248.42376708984375,253.53852036662278,247.5155292383579,252.3912756253402,12697926
2025-03-18,248.42376708984375,248.42376708984375,248.42376708984375,248.42376708984375,0
2025-03-19,254.01654052734375,254.78135092364772,244.98206819581512,250.4792267992334,14044300
2025-03-20,256.21539306640625,261.9037688737735,255.7373792733719,257.3626378399473,17038774
2025-03-21,252.67808532714844,257.69723027318094,248.75839547171705,252.39128871477692,22659168
2025-03-24,257.5538330078125,259.7048951362335,253.72972255728627,255.30716228299886,9269617
2025-03-25,259.0834655761719,262.62077917496083,257.5060259566859,260.0394931244234,12563930
2025-03-26,255.6417694091797,260.278509013699,255.02035731645256,260.0395021183696,7308412
2025-03-27,260.230712890625,261.521326753075,257.74503540533806,258.1274405933101,14783522
2025-03-28,250.71823120117188,259.8961017437606,250.09681911340022,259.08347247099175,14283389
2025-04-01,251.05284118652344,251.4352463724932,247.13312238513114,248.9017791928424,8388635
2025-04-02,252.00888061523438,253.87311692555642,249.61881162073414,251.24404103160617,7136992
2025-04-03,245.0776824951172,249.04519122265188,244.07385059181817,248.4715688242457,12262561
2025-04-04,235.46958923339844,242.78319417909,234.08335219904274,241.87497092125852,14639785
2025-04-07,232.21908569335938,233.12732353468408,217.97428105597103,220.89016799643343,13011904
2025-04-08,236.37782287597656,238.52888496483783,233.1273348879378,233.98775388835296,13806651
2025-04-09,226.24392700195312,231.64549172561502,223.71045968255785,230.11584172171595,19063559
2025-04-11,229.20761108398438,234.2267558522468,227.86917831424364,234.2267558522468,11205821
2025-04-15,233.27073669433594,234.27456860177384,230.7372693645474,234.27456860177384,10694621
2025-04-16,236.76022338867188,237.52504836712504,230.59384844032286,233.27072857099728,16203319
2025-04-17,226.48292541503906,227.3433589804182,221.94179445919988,224.6664788678326,54875421
2025-04-21,227.9647674560547,230.2114380442893,226.9609356062515,226.9609356062515,16298364
2025-04-22,223.85385131835938,228.49059090191665,223.2324392284416,227.9647728170045,18367713
2025-04-23,232.88832092285156,234.56136916342427,225.71811417753992,226.76973574749184,31898042
2025-04-24,232.07568359375,234.37014383740578,230.88064917771626,234.03554295360982,23000820
2025-04-25,230.30703735351562,235.32618213035408,227.58236751306862,233.22292437952927,16620430
2025-04-28,229.9246368408203,231.31087393747262,228.25158854779977,229.9246368408203,14218414
2025-04-29,230.78504943847656,232.88832176160133,229.3032183760337,230.97626662263193,16647246
2025-04-30,230.8806610107422,232.69710758108045,228.68179465498002,230.92846530739808,14206640
2025-05-02,231.052734375,234.99157785344963,230.16363574375234,231.3969048811204,10822257
2025-05-05,232.85964965820312,236.01452906962498,232.02789572604007,233.27073452426686,12170446
2025-05-06,230.5843048095703,235.08718674636222,230.0298070374891,233.7487539088033,8869045
2025-05-07,233.3089599609375,233.70093476268548,225.63205980019728,225.63205980019728,9130056
2025-05-08,230.9475860595703,235.02025823803473,228.7869544247762,232.41986209217805,11434833
2025-05-09,231.36822509765625,232.26689334025846,226.10051848106667,226.19612707242462,10582438
2025-05-12,245.96678161621094,246.59776333804783,234.1120451219244,234.3128027502575,19791711
2025-05-13,240.50787353515625,245.65130675971545,239.59963563280942,245.65130675971545,11714159
2025-05-14,241.81761169433594,242.5346323593957,239.72390901830983,240.5078586142634,8839105
2025-05-15,245.2880096435547,245.79470310723363,239.59963372293012,242.06618669463595,12083645
2025-05-16,243.1273651123047,245.69908156861143,242.381664786632,245.69908156861143,6640387
2025-05-19,240.67994689941406,243.5384746583959,240.23061276300297,243.12737520712,6788784
2025-05-20,238.7296600341797,243.4046344463817,238.34724023889126,241.87498444087518,9366429
2025-05-21,239.88644409179688,241.02411927198438,237.19045384040393,238.7296588628064,5313593
2025-05-22,235.12542724609375,238.90173329983332,234.22675897963038,238.05086933031822,11469037
2025-05-23,236.4829864501953,239.47535749023734,234.8003831348431,235.27839693227736,7437642
2025-05-26,239.23635864257812,239.81953607858665,237.28605411423132,237.56331029525484,3690751
2025-05-27,237.33384704589844,239.95336787014628,237.08528512638918,239.95336787014628,6861143
2025-05-28,236.54989624023438,239.140737391071,236.10057670009755,238.61491930645585,6205160
2025-05-29,239.14073181152344,240.6703817332923,237.19044201969984,238.67227305837383,11785042
2025-05-30,238.69140625,240.0680883113749,237.59198035844764,239.00689710471704,13858429
2025-06-02,236.78890991210938,237.49637559055304,235.37399314304562,236.71244054108845,5846259
2025-06-03,235.3931121826172,238.52888148156134,234.9246534162675,237.09484010992873,8573438
2025-06-04,236.0049591064453,238.82523743186326,235.67034363231838,235.67034363231838,6698150
2025-06-05,237.0374755859375,238.5193212216614,236.0240887062802,236.04319875424977,6468060
2025-06-06,237.6588897705078,238.98776750731147,236.23441802954062,236.23441802954062,4445411
2025-06-09,240.24017333984375,242.25739219424057,238.26120375928954,238.62449892167552,9193904
2025-06-10,243.66275024414062,244.5518634996342,240.75643275281624,241.77937470124814,10739851
2025-06-11,247.53468322753906,250.09683023683849,242.92662311522986,244.7621797999991,17268454
2025-06-12,248.19430541992188,251.43525291234172,245.0489956960389,248.56717017950135,14528657
2025-06-13,248.76792907714844,250.71823351466082,242.83100595890886,243.78703354142425,8692116
2025-06-16,251.33009338378906,253.64366368660225,246.65510472024687,248.5671597955976,10935361
2025-06-17,251.34921264648438,253.77753085038947,250.1541781805768,251.33010259826244,7528454
2025-06-18,250.08724975585938,253.92092966647772,249.551876648098,251.33964354462043,5016660
2025-06-19,253.90179443359375,254.72399333206667,250.29758092368093,251.29185778614354,14184486
2025-06-20,254.81959533691406,255.45057703087332,251.3109613361813,254.30333228264814,12904674
2025-06-23,251.66470336914062,253.53853852582162,250.29759086374162,252.39129370236992,6214062
2025-06-24,253.31863403320312,256.83680859480046,253.0700575212962,253.82532749356554,6319428
2025-06-25,257.5633850097656,258.0891884905033,254.15992927555354,254.20771898265866,5331739
2025-06-26,256.7124938964844,259.370249180491,255.4409901582738,257.2670061850603,8564099
2025-06-27,253.3950958251953,258.12744396820415,252.86929233181482,257.17141639795153,8906108
2025-06-30,254.2842254638672,255.01078658303396,251.33964418799587,254.39894410501742,7119563
2025-07-01,252.9170684814453,256.5499905590356,252.1044684308101,253.825306294754,3886095
2025-07-02,255.25936889648438,256.88462748481066,252.8215101896419,253.34731369875792,8750887
2025-07-03,255.30715942382812,258.9400818165316,254.73356620319072,256.5978025215564,9357962
2025-07-04,258.1752624511719,259.4659056499897,255.73740354557657,256.50221401676157,7141779
2025-07-07,255.97637939453125,258.65324489441184,255.54615532192918,258.1752311140299,4849218
2025-07-08,257.7928161621094,258.41422821794356,255.59396452588237,256.02415940654697,5519016
2025-07-09,256.024169921875,257.553819859123,253.203906113981,256.2153871048982,11564433
2025-07-10,253.3950958251953,255.78516475082685,251.57864927684457,255.78516475082685,6911031
2025-07-11,246.94190979003906,250.5270131794162,246.41610629652217,249.52319590064903,13109857
2025-07-14,243.07000732421875,248.13694172600904,240.58432983110347,246.94190727505418,10388421
2025-07-15,246.0814971923828,248.42377647110078,241.68377900674525,242.83100920352794,8750149
2025-07-16,251.24404907226562,252.39129389660022,244.79086258059118,246.08150571405562,12179338
2025-07-17,249.1407928466797,252.72589626683822,246.65511530690716,252.24788247748376,7484171
2025-07-18,255.21157836914062,259.94389746296383,253.9209352796809,256.7890180670817,30319126
2025-07-21,248.9017791748047,255.40275486275578,247.80235332435427,255.21156685760755,12190000
2025-07-22,248.28036499023438,250.62261496899794,247.37212715265252,250.192420079337,6724044
2025-07-23,249.9055938720703,250.24020934720517,246.79850435773062,248.80616803289453,6510321
2025-07-24,250.33583068847656,251.8176617851558,248.80618070683067,250.47922899208316,8139900
2025-07-25,247.8023681640625,250.52702351184462,244.79085785226582,250.28801660936216,8427780
2025-07-28,243.75680541992188,247.60738980612828,242.7332285894722,247.60738980612828,8998911
2025-07-29,245.46275329589844,246.34009633443347,241.02726376828457,242.9281836016165,12923128
2025-07-30,243.90301513671875,246.14513218703763,242.92818293003742,245.12155539507043,6057152
2025-07-31,242.05084228515625,243.85427296047746,239.85746979845484,241.85587881684572,7338764
2025-08-01,236.64051818847656,240.68606589658398,236.10435749981247,240.29613896378774,7436999
2025-08-04,239.8574676513672,240.21815080825093,235.0320511987707,236.64051839138318,5234393
2025-08-05,239.7209930419922,240.7348119985049,238.37571982827956,239.85746895680657,7383968
2025-08-06,233.92074584960938,239.80872590831794,233.2870959823132,239.80872590831794,7700190
2025-08-07,236.2213592529297,237.05970071274936,232.60472504073846,233.0921411684065,6190830
2025-08-08,233.0336456298828,237.12793798708202,232.3999957607658,236.2993246485287,8922847
2025-08-11,235.53895568847656,238.5901852899006,232.61445903528065,233.0336446237802,3047287
2025-08-12,235.63644409179688,240.09141957743057,235.03205287869676,236.59177549712652,8101435
2025-08-13,235.56820678710938,236.77700412958293,234.07671463760067,236.77700412958293,5820844
2025-08-14,240.5983428955078,242.17756636517944,236.30908698725327,236.98172361315326,12857225
2025-08-18,239.0386199951172,242.7429706054472,238.59993358753013,242.3822874367516,5789317
2025-08-19,240.7445831298828,241.27098600900808,238.61944105359495,239.28233472982822,4090961
2025-08-20,244.52691650390625,246.52532557896734,239.12635241728586,239.12635241728586,10099384
2025-08-21,243.62033081054688,246.3791078589765,243.32787816102336,246.3791078589765,7607486
2025-08-22,242.38229370117188,246.6325629702745,241.37821765850688,245.65773070556986,13572686
2025-08-25,247.451416015625,250.81459919486161,244.2929690295729,244.2929690295729,16391069
2025-08-26,245.6869659423828,248.40675619622257,244.9850855462151,246.63255439625433,15797327
2025-08-28,244.34169006347656,245.99891673776128,242.81121121251053,245.67722032009752,5851451
2025-08-29,243.13291931152344,246.73005275714573,242.4017951111859,244.19548291273827,10117017
2025-09-01,244.0590057373047,246.62281934658193,243.123160220783,243.142661030958,3198345
2025-09-02,244.61463928222656,246.77876797811365,243.31812553289043,244.05899265747667,5046939
2025-09-03,243.2791290283203,246.04764899259635,242.85020046700103,245.56023287741706,3862765
2025-09-04,238.80465698242188,244.03950139425618,238.2879970809629,243.2206458758789,5021036
2025-09-05,237.53736877441406,241.09551535487674,235.19777736172693,239.90621883891225,6233782
2025-09-08,236.41632080078125,240.77382213657367,236.1043673417334,238.21000856602762,6596932
2025-09-09,242.8794403076172,243.5618347576162,238.83389256709856,238.83389256709856,12836972
2025-09-10,249.31333923339844,250.69761406985873,242.97692982961703,243.02567441536718,15261331
2025-09-11,247.5196533203125,249.26459645464794,245.82343989732132,249.26459645464794,5865301
2025-09-12,245.5992431640625,249.45957060265388,244.5074357874524,248.4652524024239,5345794
2025-09-15,244.95584106445312,245.45300014582503,243.31813006128027,245.17030534459616,3700703
2025-09-16,247.61712646484375,248.0947996068193,243.90301809234163,245.65771906058336,7316998
2025-09-17,247.75360107421875,249.06963051215138,246.4863310966648,246.92500261772264,7339871
2025-09-18,250.46363830566406,253.26140205244997,249.557051469507,250.53188370180976,10498239
2025-09-19,249.44007873535156,251.17527893538278,248.28976895541248,250.53188608599783,10741757
2025-09-22,244.02975463867188,245.44325840137773,240.98828283204853,242.29455445414862,15784007
2025-09-23,243.34738159179688,245.6577292858718,242.48952444389133,243.92252905470636,8674114
2025-09-24,238.43421936035156,242.8502083166328,238.10277996125882,242.08009737465142,7888797
2025-09-25,235.90940856933594,239.45779742555374,235.20752814724804,239.27257691489723,7957740
2025-09-26,229.8166961669922,235.47072602537375,229.09531496833094,235.37323685334195,16999628
2025-09-29,233.60879516601562,234.72984628139795,230.34310124332197,230.9182635642424,8894412
2025-09-30,233.3455810546875,235.42197841930238,232.98489789736342,233.89148471164037,5590909
2025-10-01,235.0028076171875,237.43988813817003,231.85408887425157,233.95973001432264,9479378
2025-10-03,234.91506958007812,235.32449733686522,232.0685612175871,234.91506958007812,10968346
2025-10-06,236.0361328125,236.8452453490659,233.29685662380936,233.95973540089406,6064946
2025-10-07,237.40089416503906,238.83389874750486,236.04587794672727,236.786745094051,6587728
2025-10-08,238.1222686767578,240.14992146342618,236.46505689070705,237.1279356552237,7360563
2025-10-09,240.1986541748047,240.5885959894731,237.04020728716665,237.8493198184994,4629760
2025-10-10,242.44078063964844,244.9266058832664,240.05244457215662,241.75840103104505,7070200
2025-10-13,238.96063232421875,241.46594345215223,238.35622621913274,239.86721916970842,6717589
2025-10-14,242.16781616210938,243.85427172283678,238.94112392245552,239.6137605282582,7888607
2025-10-15,243.91278076171875,245.78445687329972,242.28479783482518,243.7080594468892,13278925
2025-10-16,247.4221649169922,247.67563081561443,242.5382608193318,244.0979834561764,10661302
2025-10-17,234.8370819091797,243.70806129004103,233.09213873523723,243.70806129004103,43802251
2025-10-20,235.1685333251953,235.8509129135795,233.24811263554014,234.83707906104348,9871824
2025-10-21,235.28550720214844,236.0653759596895,234.31067497391194,234.93456700499294,2082336
2025-10-23,238.15151977539062,241.56343262353442,237.24491805515171,238.63893589655402,18964626
2025-10-24,236.86473083496094,239.69175322388642,236.06537614206434,238.83389610245257,6803979
2025-10-27,237.77133178710938,239.54551870335686,236.94271844519798,237.1669256922204,9550336
2025-10-28,236.27984619140625,238.5414492830063,235.32449987384408,237.52763028499794,8780789
2025-10-29,236.18235778808594,237.46914350586005,235.55846573925115,237.46914350586005,8776917
2025-10-30,235.83140563964844,238.60968337840853,234.44714569122434,236.77699407004698,8344622
2025-10-31,234.6128692626953,237.06945062894138,234.44714956980002,236.01663004340736,5659566
2025-11-03,234.44715881347656,235.2172697549134,233.47232655229786,234.61287851290575,4902693
2025-11-04,231.9320831298828,234.7785914657564,231.5421561865202,234.4471520764222,6848284
2025-11-06,234.00848388671875,234.56413053267985,232.37075797674785,233.95973929941277,7141517
2025-11-07,230.5380859375,233.2286176133613,230.0604127763982,232.69245689676944,5520619
2025-11-10,233.8037567138672,235.47072635951724,231.05473758082863,231.46416532937656,8566758
2025-11-11,235.60720825195312,235.95814845600435,232.79968661954322,235.0320607959346,8831094
2025-11-12,239.04835510253906,240.1011756715635,236.0068833751967,236.64051836014002,13152546
2025-11-13,239.1555938720703,239.80872968420658,237.8590652152293,239.80872968420658,6211124
2025-11-14,238.21974182128906,239.71123390899896,236.0556131303455,237.78107030280245,6841554
2025-11-17,237.90780639648438,238.61942975254223,236.58203398156658,237.82981803387048,6559062
2025-11-18,234.8370819091797,237.85906781908002,234.25219148693935,236.81599017687407,4730012
2025-11-19,239.87696838378906,240.63733631548203,234.48613259278574,235.12952541952873,13298452
2025-11-20,240.0621795654297,241.56342952924817,239.5260337388253,241.27097688534437,6705862
2025-11-21,238.3367462158203,241.02727791672132,237.4788890612896,238.8339053168725,5516450
2025-11-24,241.04676818847656,243.10366477606482,238.85339568452147,238.85339568452147,19711070
2025-11-25,239.45779418945312,241.75839890303692,237.85906988847182,241.75839890303692,8188793
2025-11-26,243.89328002929688,244.24422023000196,239.43828956131182,239.8087305717115,8202096
2025-11-27,243.2791290283203,245.57973368695687,241.4561975174728,244.09798453187923,5268129
2025-11-28,243.24989318847656,245.647987098301,242.34330632454626,244.68289780384242,7049965
2025-12-01,243.98101806640625,244.4391904208848,242.59675803523524,243.805555398611,3865446
2025-12-02,243.873779296875,245.121563372053,242.60649441199627,243.70805960131725,8535708
2025-12-03,248.280029296875,250.65862237799195,244.24422435793778,244.29296894561833,17215454
2025-12-04,250.46363830566406,252.2865698201472,249.0696353533556,249.557051469507,10687381
2025-12-05,253.36865234375,254.528705095151,251.21428141237067,251.7016975348242,7886562
2025-12-08,254.80165100097656,256.44911983647165,253.17366810009898,253.46613561647285,9684253
2025-12-09,250.9315643310547,255.23057797425164,250.58060926348844,254.80164941918085,8560580
2025-12-10,251.4872283935547,253.81706194413258,250.77559015869068,251.51647217035628,7944200
2025-12-11,252.72525024414062,253.4368884667086,251.233758153992,251.8089055874984,6473376
2025-12-12,254.04129028320312,254.25575456816978,250.88281356373759,252.96896885836975,4008271
2025-12-15,255.15257263183594,255.89345462984815,252.03312741558292,253.44661626763695,4023911
2025-12-16,252.69601440429688,255.1623387811405,252.28657177377085,255.1525809388959,2982041
2025-12-17,254.5677032470703,255.53277763653588,251.80891137183292,252.48154799161765,4923276
2025-12-18,257.2095031738281,258.32079650390807,254.43122522434786,254.60668789496253,9008412
2025-12-19,257.7944030761719,260.2802134395507,256.67332217747196,260.2802134395507,12750745
2025-12-22,265.8075256347656,266.2266963670133,260.0852352744315,260.77738759923454,14651313
2025-12-23,264.5694580078125,265.622293462953,263.40940528846386,265.15436328849967,7572420
2025-12-24,261.31353759765625,264.1600609341609,260.47519611983154,264.1210593132444,4694861
2025-12-26,259.5978088378906,262.112892630566,259.05190517349195,260.47518163736993,2899112
2025-12-29,257.58966064453125,260.66040598902146,256.9657834829414,259.29561705835073,3755074
2025-12-30,257.0145263671875,258.05760405355176,256.40037726681373,257.3557236173418,5117699
2025-12-31,256.6538391113281,257.94062484889497,254.6846886337934,257.35571953640823,5705044
2026-01-01,260.62139892578125,261.30376362734427,257.1119969978968,257.84312115997614,3639755
2026-01-02,262.2298583984375,265.5442818855403,259.45158071457286,260.6213912392056,8286204
2026-01-05,256.6733093261719,262.86349981760594,255.113601587763,262.66855122506394,7006599
2026-01-06,258.9154357910156,259.402851886349,256.332136435652,256.67330390277135,4083654
2026-01-07,263.98455810546875,265.64178480959305,257.8431269069261,258.3305430258428,10242615
2026-01-08,255.6010284423828,264.08205118733326,254.77241507805792,264.08205118733326,9269522
2026-01-09,255.35731506347656,257.3069795274099,253.89506671552655,254.7724097743928,4735387
2026-01-12,256.4783630371094,257.8431221952334,252.53027469631817,254.13877165896557,3802164
2026-01-13,257.5506896972656,258.1843247033359,254.72365240176612,256.8195655172956,6931244
2026-01-14,253.6513671875,257.3557178937383,253.06646187874662,257.3557178937383,5625861
2026-01-15,253.6513671875,253.6513671875,253.6513671875,253.6513671875,0
2026-01-16,260.7189025878906,263.00973462344757,256.3808870853084,256.62459515288,12028289
2026-01-19,239.75997924804688,245.6577170977665,235.47072347084665,245.6577170977665,65833247
2026-01-20,233.86224365234375,239.80872614486398,233.37482754229322,239.75998155890707,16796201
2026-01-21,233.5210723876953,236.4943137751243,231.6201524431948,233.86225475607444,14397792
2026-01-22,234.59336853027344,236.78674103216582,233.17986478178355,235.90939798131257,8537915
2026-01-23,232.39999389648438,237.42038872406175,231.86384807852525,236.2018484564108,13546802
2026-01-27,234.8000030517578,236.39999389648438,231.75,235.1999969482422,15677537
2026-01-28,237.35000610351562,238.10000610351562,234.9499969482422,235.5,10155128
2026-01-29,239.8000030517578,240.89999389648438,235.4499969482422,236.1999969482422,12201949
2026-01-30,236.89999389648438,238.0,235.3000030517578,238.0,11362317
2026-02-02,242.3000030517578,244.0800018310547,239.2899932861328,244.0,12335721
2026-02-03,242.69000244140625,259.8900146484375,242.27999877929688,259.2099914550781,25915412
2026-02-04,233.33999633789062,235.9199981689453,226.25999450683594,235.91000366210938,25995324
2026-02-05,233.38999938964844,235.57000732421875,231.6999969482422,233.33999633789062,10102736
2026-02-06,230.72000122070312,232.92999267578125,228.60000610351562,232.92999267578125,12279085
2026-02-09,230.0800018310547,232.92999267578125,229.61000061035156,231.85000610351562,9112474
2026-02-10,231.47000122070312,232.86000061035156,227.1999969482422,229.97999572753906,12435622
2026-02-11,229.80999755859375,233.0,229.5,231.47000122070312,7874912
2026-02-12,219.0800018310547,226.25999450683594,218.5,226.1999969482422,40899346
2026-02-13,214.08999633789062,216.47999572753906,209.00999450683594,210.64999389648438,23721186
2026-02-16,213.25999450683594,216.91000366210938,210.11000061035156,214.6199951171875,20754327
2026-02-17,215.69000244140625,219.38999938964844,212.25999450683594,213.25999450683594,26941553
2026-02-18,211.9499969482422,216.39999389648438,210.25999450683594,216.1999969482422,22679760
2026-02-19,211.2100067138672,215.44000244140625,210.39999389648438,214.0,14151588
2026-02-20,209.86000061035156,211.9600067138672,208.25,209.6999969482422,17690420
2026-02-23,205.88999938964844,211.74000549316406,204.27999877929688,210.36000061035156,20946229
2026-02-24,200.13999938964844,203.2899932861328,199.36000061035156,203.0,25036686
2026-02-25,201.9199981689453,205.47999572753906,201.30999755859375,201.30999755859375,13979068
2026-02-26,201.0800018310547,204.6300048828125,199.1199951171875,203.7100067138672,14378069
2026-02-27,200.9600067138672,204.0,200.0500030517578,204.0,13288519
2026-03-02,198.57000732421875,200.36000061035156,194.6999969482422,195.0,10486866
2026-03-04,195.5500030517578,197.1199951171875,194.50999450683594,196.00999450683594,19562075
2026-03-05,195.67999267578125,196.97000122070312,193.22000122070312,196.39999389648438,13149281
2026-03-06,195.39999389648438,198.92999267578125,195.0,195.60000610351562,9022914
2026-03-09,198.75,199.5,193.02999877929688,194.0,25862728
2026-03-10,200.92999267578125,201.30999755859375,197.4199981689453,200.5,12982340
2026-03-11,202.22999572753906,205.9499969482422,201.5800018310547,202.69000244140625,29199002
2026-03-12,202.50999450683594,203.8000030517578,199.6999969482422,201.05999755859375,19042475
2026-03-13,197.5800018310547,202.07000732421875,196.0399932861328,200.60000610351562,12629652
2026-03-16,195.11000061035156,198.2899932861328,192.77000427246094,196.24000549316406,12631649
2026-03-17,191.32000732421875,195.11000061035156,188.25,195.0,21778468
2026-03-18,194.3000030517578,198.0,192.69000244140625,193.0,24529164
2026-03-19,188.41000366210938,192.7899932861328,187.67999267578125,191.97999572753906,13685195
2026-03-20,190.89999389648438,192.3000030517578,188.41000366210938,191.19000244140625,24395304
2026-03-23,187.5399932861328,190.6199951171875,187.0,189.41000366210938,12014988
2026-03-24,188.74000549316406,191.5,187.8000030517578,191.5,11843191
2026-03-25,189.0500030517578,190.6199951171875,187.89999389648438,189.0,13862888
2026-03-27,191.60000610351562,192.2899932861328,187.89999389648438,189.0500030517578,26269256
2026-03-30,187.63999938964844,191.6300048828125,186.5,189.99000549316406,27946986
2026-04-01,191.17999267578125,194.49000549316406,190.41000366210938,191.50999450683594,11769673
2026-04-02,194.91000366210938,195.33999633789062,188.5800018310547,190.5,16623045
2026-04-06,197.2899932861328,201.17999267578125,196.11000061035156,197.0,23282287
2026-04-07,204.72000122070312,205.27000427246094,197.00999450683594,197.00999450683594,24771466
2026-04-08,203.4199981689453,209.0,202.8000030517578,207.6999969482422,22084158
2026-04-09,202.8699951171875,204.16000366210938,201.6300048828125,203.7100067138672,14540807
2026-04-10,204.8800048828125,208.6999969482422,200.6199951171875,208.6999969482422,51219565
2026-04-13,202.97000122070312,203.39999389648438,200.30999755859375,203.00999450683594,21930624
2026-04-15,209.75,210.49000549316406,205.10000610351562,206.5,27890080
2026-04-16,210.25999450683594,212.97999572753906,208.2100067138672,212.97999572753906,36305074
2026-04-17,204.32000732421875,206.4499969482422,202.5,205.0,80542603
2026-04-20,202.47999572753906,205.1999969482422,202.0,204.5,27927164
2026-04-21,205.00999450683594,205.6999969482422,202.47999572753906,203.0,21530723
2026-04-22,204.0,205.3800048828125,202.1999969482422,203.5,21790433
2026-04-23,202.75999450683594,204.89999389648438,202.3000030517578,204.0,20307250
2026-04-24,199.36000061035156,202.75,197.8800048828125,202.75,39363394
2026-04-27,205.0500030517578,205.25,199.36000061035156,199.36000061035156,42632215
2026-04-28,201.5800018310547,205.67999267578125,201.02000427246094,204.55999755859375,23455983
2026-04-29,200.67999267578125,203.60000610351562,200.3000030517578,201.5800018310547,15667662
2026-04-30,200.64999389648438,202.14999389648438,200.0,200.88999938964844,15300274
2026-05-01,200.64999389648438,200.64999389648438,200.64999389648438,200.64999389648438,0
2026-05-04,200.75,203.3699951171875,200.05999755859375,202.39999389648438,8446995
2026-05-05,199.77999877929688,202.3000030517578,199.60000610351562,200.0,8899200
2026-05-06,199.1199951171875,201.1300048828125,198.25,200.50999450683594,13166683
2026-05-07,197.36000061035156,200.27999877929688,197.19000244140625,199.5,19303572
2026-05-08,197.91000366210938,198.94000244140625,196.6999969482422,198.0,15970687
2026-05-11,196.67999267578125,198.24000549316406,196.14999389648438,197.8800048828125,9199527
2026-05-12,189.57000732421875,196.13999938964844,189.10000610351562,196.10000610351562,27435195
2026-05-13,187.8000030517578,191.3000030517578,187.30999755859375,190.6699981689453,17242394
2026-05-14,188.3000030517578,190.17999267578125,187.0,188.25,18280387
2026-05-15,190.0,191.89999389648438,188.8000030517578,189.89999389648438,17902610
2026-05-18,192.1699981689453,192.75,189.1999969482422,190.99000549316406,16327369
2026-05-19,195.1699981689453,198.0,192.39999389648438,192.39999389648438,20534622
2026-05-20,197.1199951171875,197.94000244140625,194.00999450683594,194.61000061035156,16201692
2026-05-21,199.74000549316406,200.0399932861328,197.5,198.5,18980608
2026-05-22,203.11000061035156,205.39999389648438,198.8300018310547,200.0,39966310
